Model: , Areal mixture of reflectance
Timestamp: ,2022-09-20 11:14:33
,Compound,Molecular Formula,Concentration (%),Measurement Temperature,Wavelength,"Author,Year",DOI
0,Dihydrouracil,C4H6N2O2,100,85K,0.35-2.5 micron,"Kokaly, R.F.",https://crustal.usgs.gov/speclab/data/HTMLmetadata/Dihydrouracil_SA-D7628_85K_ASDHRa_AREF.html

wave,Dihydrouracil
0.4,0.5580255764798703
0.401,0.5616160280607391
0.402,0.5644221019392612
0.40299999999999997,0.5676029900000003
0.40399999999999997,0.5711514545153549
0.405,0.57459688
0.406,0.5781669977158459
0.407,0.5819385822841543
0.408,0.586372374556209
0.409,0.5918279954437912
0.41,0.5968681000000002
0.411,0.6016242024389756
0.412,0.6064356
0.413,0.611269935622744
0.414,0.6158322100000002
0.415,0.6199822777319456
0.416,0.6237554722680548
0.417,0.62745684
0.418,0.6311075334930653
0.419,0.6345313800000001
0.42,0.6375010274959252
0.421,0.64025062
0.422,0.6427412203211936
0.423,0.6447733396788065
0.424,0.6463459918881624
0.425,0.6485348081118381
0.4260000000000001,0.6509211700000002
0.4270000000000001,0.6528080876523236
0.4280000000000001,0.6545733200000001
0.4290000000000001,0.6564306189456212
0.4300000000000001,0.6583251810543791
0.4310000000000001,0.6600467184675307
0.4320000000000001,0.6618934715324695
0.4330000000000001,0.6637795000000001
0.4340000000000001,0.6656607593546066
0.4350000000000001,0.6675962200000001
0.4360000000000001,0.6695528783108339
0.4370000000000001,0.6713839616891664
0.4380000000000001,0.6731133703640929
0.4390000000000001,0.6751497796359074
0.4400000000000001,0.6772524100000001
0.4410000000000001,0.6792424100999991
0.4420000000000001,0.6810889200000001
0.4430000000000001,0.6830217383877324
0.4440000000000001,0.6848605116122679
0.4450000000000001,0.6865750778291435
0.4460000000000001,0.6883579921708567
0.4470000000000001,0.6900462500000001
0.4480000000000001,0.6917486629758703
0.4490000000000001,0.6934900300000001
0.4500000000000001,0.6950490669195616
0.4510000000000001,0.6967410230804385
0.4520000000000001,0.6984684045593089
0.4530000000000001,0.6999243354406912
0.4540000000000001,0.7013356100000001
0.4550000000000001,0.7027293260628394
0.4560000000000001,0.7041579500000001
0.4570000000000001,0.7056579746160542
0.4580000000000001,0.7071195800000001
0.4590000000000001,0.7084455018282635
0.4600000000000001,0.7096283281717366
0.4610000000000001,0.7108418300000001
0.4620000000000001,0.7120343280750193
0.4630000000000001,0.7131746400000001
0.4640000000000001,0.7142575507227928
0.4650000000000001,0.7153298300000002
0.4660000000000001,0.7164513609264817
0.4670000000000001,0.7175440090735186
0.4680000000000001,0.7184240889977201
0.4690000000000001,0.71932386100228
0.4700000000000001,0.7202019700000001
0.4710000000000001,0.7210238092869072
0.4720000000000001,0.7219525
0.4730000000000001,0.7228678588630228
0.4740000000000001,0.7237541611369773
0.4750000000000001,0.7246933097887044
0.4760000000000001,0.725672180211296
0.4770000000000001,0.72652531
0.4780000000000001,0.7271255947337527
0.4790000000000001,0.7275989700000001
0.4800000000000001,0.7282761382163357
0.4810000000000001,0.7290977717836644
0.4820000000000001,0.7298367663167737
0.4830000000000001,0.7304684436832265
0.4840000000000001,0.7310491800000001
0.4850000000000001,0.7316356241355587
0.4860000000000001,0.7322753100000001
0.4870000000000001,0.7330119062649748
0.4880000000000001,0.7336384037350253
0.4890000000000001,0.7341466069419612
0.4900000000000001,0.7348408030580389
0.4910000000000001,0.73534495
0.4920000000000001,0.7357631858176419
0.4930000000000001,0.7363714000000001
0.4940000000000001,0.7370637751461486
0.4950000000000001,0.73757839
0.4960000000000001,0.7379945567512651
0.4970000000000001,0.7386696832487352
0.4980000000000001,0.7392083400000001
0.4990000000000001,0.739727434809052
0.5000000000000001,0.74030012
0.5010000000000001,0.7407734450444008
0.5020000000000001,0.7412778861853908
0.5030000000000001,0.7418173992097395
0.5040000000000001,0.7423318548554485
0.5050000000000001,0.74282032
0.5060000000000001,0.743238459139343
0.5070000000000001,0.7436954262909855
0.5080000000000001,0.7443626366556666
0.5090000000000001,0.74487042
0.5100000000000001,0.7452420039333394
0.5110000000000001,0.7456353403851846
0.5120000000000001,0.7461545996148156
0.5130000000000001,0.7467113044329444
0.5140000000000001,0.7472223000000001
0.5150000000000001,0.7476292334755696
0.5160000000000001,0.7479767911090446
0.5170000000000001,0.7483470925939703
0.5180000000000001,0.7487934755361555
0.5190000000000001,0.7492656742015421
0.5200000000000001,0.7496858273668316
0.5210000000000001,0.7500541689497526
0.5220000000000001,0.7504227163145264
0.5230000000000001,0.75082088
0.5240000000000001,0.7511963234583346
0.5250000000000001,0.7515421571261149
0.5260000000000001,0.7518984628738851
0.5270000000000001,0.7522306366782668
0.5280000000000001,0.75249916
0.5290000000000001,0.7527598183484836
0.5300000000000001,0.7531772412593372
0.5310000000000001,0.7535525524937754
0.5320000000000001,0.7538278672468725
0.5330000000000001,0.7540671830786307
0.5340000000000001,0.7543750459959002
0.5350000000000001,0.7546748410061498
0.5360000000000001,0.75492488749955
0.5370000000000001,0.75516975
0.5380000000000001,0.7554277226834537
0.5390000000000001,0.7556960681535924
0.5400000000000001,0.7559678545642718
0.5410000000000001,0.7562630770477705
0.5420000000000001,0.75659484
0.5430000000000001,0.7568915535688215
0.5440000000000002,0.7570699946467677
0.5450000000000002,0.7572941755163553
0.5460000000000002,0.75755686
0.5470000000000002,0.7577886612851129
0.5480000000000002,0.7579171737084517
0.5490000000000002,0.7581025962915483
0.5500000000000002,0.7583780272456725
0.5510000000000002,0.75865573
0.5520000000000002,0.758770880597912
0.5530000000000002,0.758830672681866
0.5540000000000002,0.7589200682120893
0.5550000000000002,0.7590324888757888
0.5560000000000002,0.7591032408994091
0.5570000000000002,0.7591931829538524
0.5580000000000002,0.7593408755692216
0.5590000000000002,0.7594616975835757
0.5600000000000002,0.75959831
0.5610000000000002,0.7597277813160132
0.5620000000000002,0.7598593863297468
0.5630000000000002,0.7601758736702533
0.5640000000000002,0.7604913668450685
0.5650000000000002,0.76070082
0.5660000000000002,0.7608869709596097
0.5670000000000002,0.7609349507562622
0.5680000000000002,0.7609601594958252
0.5690000000000002,0.7610860487410874
0.5700000000000002,0.7611794511199111
0.5710000000000002,0.7612914423292836
0.5720000000000002,0.7614079065060747
0.5730000000000002,0.7614921891571832
0.5740000000000002,0.7617115400000001
0.5750000000000002,0.7621724064755648
0.5760000000000002,0.7628199605935764
0.5770000000000002,0.7633496394064239
0.5780000000000002,0.7638031754646547
0.5790000000000002,0.76415312
0.5800000000000002,0.7643533306808069
0.5810000000000002,0.7643873651222439
0.5820000000000002,0.7642247732518374
0.5830000000000002,0.76399213
0.5840000000000002,0.7639547605430054
0.5850000000000002,0.7640090632184391
0.5860000000000002,0.7641699851723414
0.5870000000000002,0.7643928477713555
0.5880000000000002,0.76451713
0.5890000000000002,0.7646269213006259
0.5900000000000002,0.7647569845684716
0.5910000000000002,0.7649092669543522
0.5920000000000002,0.7651429176634766
0.5930000000000002,0.7654585233093332
0.5940000000000002,0.7657894545701716
0.5950000000000002,0.7660179631447428
0.5960000000000002,0.7662110261387615
0.5970000000000002,0.76636702
0.5980000000000002,0.7664852713179132
0.5990000000000002,0.7666170609441622
0.6000000000000002,0.7666642690558378
0.6010000000000002,0.7666736799058991
0.6020000000000002,0.76682281
0.6030000000000002,0.7669701016945342
0.6040000000000002,0.7671395567481626
0.6050000000000002,0.767364495501225
0.6060000000000002,0.7675850377945781
0.6070000000000002,0.7676733099302994
0.6080000000000002,0.7676663414173291
0.6090000000000002,0.7677372078740062
0.6100000000000002,0.7679108982630654
0.6110000000000002,0.76809663
0.6120000000000002,0.7681919301896019
0.6130000000000002,0.768210892075317
0.6140000000000002,0.7683146579246831
0.6150000000000002,0.7684704684418845
0.6160000000000002,0.76858282
0.6170000000000002,0.7686782511086111
0.6180000000000002,0.7687336810871457
0.6190000000000002,0.7687699192752362
0.6200000000000002,0.76885164
0.6210000000000002,0.7689895009799098
0.6220000000000002,0.7690874906293685
0.6230000000000002,0.7691189590559472
0.6240000000000002,0.7692173090164804
0.6250000000000002,0.76923996
0.6260000000000002,0.7692930722507451
0.6270000000000002,0.7695181441982901
0.6280000000000002,0.7696580872011399
0.6290000000000002,0.7697847487333874
0.6300000000000002,0.76989859
0.6310000000000002,0.769925001500725
0.6320000000000002,0.7700000377489126
0.6330000000000002,0.7701079178423784
0.6340000000000002,0.77017117
0.6350000000000002,0.7701486905591056
0.6360000000000002,0.7702046012647493
0.6370000000000002,0.7702678387352506
0.6380000000000002,0.7701920307581076
0.6390000000000002,0.77031088
0.6400000000000002,0.7704692506991141
0.6410000000000002,0.7705391616577171
0.6420000000000002,0.7705944188948552
0.6430000000000002,0.7706329796143961
0.6440000000000002,0.7706825109197092
0.6450000000000002,0.7707744824770763
0.6460000000000002,0.7708983362843859
0.6470000000000002,0.7710193987893759
0.6480000000000002,0.7711066
0.6490000000000002,0.7711806913596136
0.6500000000000002,0.7713166508021679
0.6510000000000002,0.7713567591978321
0.6520000000000002,0.7712593109745097
0.6530000000000002,0.77130145
0.6540000000000002,0.7713859123520236
0.6550000000000002,0.7715035141856907
0.6560000000000002,0.7716430372095395
0.6570000000000003,0.7717015094152941
0.6580000000000003,0.7717144500232003
0.6590000000000003,0.7717167702157892
0.6600000000000003,0.7717275596763161
0.6610000000000003,0.7718024792507849
0.6620000000000003,0.77187657
0.6630000000000003,0.7718977904417089
0.6640000000000003,0.771941960100195
0.6650000000000003,0.7719452999332034
0.6660000000000003,0.7719656197967979
0.6670000000000003,0.77208793
0.6680000000000003,0.7721293593360332
0.6690000000000003,0.7720961609959502
0.6700000000000003,0.7720878101670017
0.6710000000000003,0.7722314
0.6720000000000003,0.7723260502647027
0.6730000000000003,0.7723525196900124
0.6740000000000003,0.7723370203099876
0.6750000000000003,0.7722779505907059
0.6760000000000003,0.7723241999999999
0.6770000000000003,0.7724419800918018
0.6780000000000003,0.7724511595674216
0.6790000000000003,0.7724367402883855
0.6800000000000003,0.772456529802098
0.6810000000000003,0.7725255503528036
0.6820000000000003,0.7725608305877706
0.6830000000000003,0.7725902191183441
0.6840000000000003,0.7725990398235982
0.6850000000000003,0.772605
0.6860000000000003,0.7726993608368083
0.6870000000000003,0.7727830403599856
0.6880000000000003,0.7728010396400145
0.6890000000000003,0.7727984200262003
0.6900000000000003,0.77285868
0.6910000000000003,0.7728967092679927
0.6920000000000003,0.772860110418479
0.6930000000000003,0.7728740597210141
0.6940000000000003,0.7729480892596926
0.6950000000000003,0.7730160399504995
0.6960000000000003,0.7730110906901655
0.6970000000000003,0.7730455989647518
0.6980000000000003,0.7730710497454949
0.6990000000000003,0.7730639
0.7000000000000003,0.7730549603373034
0.7010000000000003,0.7730886901407944
0.7020000000000003,0.7730957298592056
0.7030000000000003,0.7730448205091051
0.7040000000000003,0.77305532
0.7050000000000003,0.7731165916772168
0.7060000000000003,0.7732004515770212
0.7070000000000003,0.7732530189486525
0.7080000000000003,0.77326101
0.7090000000000003,0.7733082807975079
0.7100000000000003,0.7733880298856057
0.7110000000000003,0.7733823101715914
0.7120000000000003,0.7733460103630073
0.7130000000000003,0.77328908
0.7140000000000003,0.7732402100656013
0.7150000000000003,0.7732467714660267
0.7160000000000003,0.7732956390226489
0.7170000000000003,0.7733519094372944
0.7180000000000003,0.7733632895135951
0.7190000000000003,0.7733146485076746
0.7200000000000003,0.7732400322384879
0.7210000000000003,0.7731690414198141
0.7220000000000003,0.7731173000000001
0.7230000000000003,0.7731004993245932
0.7240000000000003,0.7730329559935601
0.7250000000000003,0.7728326340064396
0.7260000000000003,0.7725645926804268
0.7270000000000003,0.77238411
0.7280000000000003,0.7722843886838737
0.7290000000000003,0.7721527747430628
0.7300000000000003,0.7719775435046247
0.7310000000000003,0.7717817419580195
0.7320000000000003,0.7716503103177031
0.7330000000000003,0.7716820819073047
0.7340000000000003,0.7717774471390431
0.7350000000000003,0.7718913588608772
0.7360000000000003,0.7720255900000002
0.7370000000000003,0.7722288414943149
0.7380000000000003,0.7723782715675374
0.7390000000000003,0.7724566484324626
0.7400000000000003,0.7725070694957951
0.7410000000000003,0.77255017
0.7420000000000003,0.7725773501490015
0.7430000000000003,0.7725847984943753
0.7440000000000003,0.7725346110037498
0.7450000000000003,0.77232742
0.7460000000000003,0.7721788900280002
0.7470000000000003,0.7721816882226888
0.7480000000000003,0.7720928226659667
0.7490000000000003,0.7719815411128222
0.7500000000000003,0.77187508
0.7510000000000003,0.7718238804256086
0.7520000000000003,0.7718664412980352
0.7530000000000003,0.7719097091346433
0.7540000000000003,0.7719447596494965
0.7550000000000003,0.77202928
0.7560000000000003,0.7721191030422478
0.7570000000000003,0.7722712154366282
0.7580000000000003,0.7724315467933679
0.7590000000000003,0.77243221
0.7600000000000003,0.772419689808098
0.7610000000000003,0.7724004998570058
0.7620000000000003,0.7723933501429943
0.7630000000000003,0.7724578393550935
0.7640000000000003,0.7724635
0.7650000000000003,0.7724136098694974
0.7660000000000003,0.7724005604844758
0.7670000000000003,0.7724167096770161
0.7680000000000003,0.7723844603225033
0.7690000000000003,0.772295299598796
0.7700000000000004,0.7722551808237589
0.7710000000000004,0.7722963687643618
0.7720000000000004,0.7723258697049941
0.7730000000000004,0.7722225799999999
0.7740000000000004,0.7719988187321872
0.7750000000000004,0.7718720393420263
0.7760000000000004,0.7718391406579737
0.7770000000000004,0.7717905604858049
0.7780000000000004,0.77170998
0.7790000000000004,0.7716606288149881
0.7800000000000004,0.7716013752653367
0.7810000000000004,0.7714435531564421
0.7820000000000004,0.771313011305413
0.7830000000000004,0.7712515001532015
0.7840000000000004,0.7712668202299885
0.7850000000000004,0.7712783196550173
0.7860000000000004,0.7711683510997219
0.7870000000000004,0.77102304
0.7880000000000004,0.7709789905930119
0.7890000000000004,0.7710382894459277
0.7900000000000004,0.7710198203693815
0.7910000000000004,0.7709744604536045
0.7920000000000004,0.77097976
0.7930000000000004,0.7708725882024898
0.7940000000000004,0.7707827126962651
0.7950000000000004,0.7707540405734058
0.7960000000000004,0.77074879
0.7970000000000004,0.7707424202646027
0.7980000000000004,0.7707688807593697
0.7990000000000004,0.7708068492406305
0.8000000000000004,0.7707852702158021
0.8010000000000004,0.77080137
0.8020000000000004,0.7708913110872218
0.8030000000000004,0.7710000296907155
0.8040000000000004,0.7709897202061897
0.8050000000000004,0.7710034298628987
0.8060000000000004,0.7710775110050101
0.8070000000000004,0.7711780116091196
0.8080000000000004,0.7712584675863208
0.8090000000000004,0.7714137368945689
0.8100000000000004,0.77160728
0.8110000000000004,0.7717006199063992
0.8120000000000004,0.771691261201552
0.8130000000000004,0.771751338798448
0.8140000000000004,0.7718895686176862
0.8150000000000004,0.7719545400000001
0.8160000000000004,0.7720844123414236
0.8170000000000004,0.7722014828714565
0.8180000000000004,0.7722971980856957
0.8190000000000004,0.7724713682582827
0.8200000000000004,0.7726332519050192
0.8210000000000004,0.7728237551985402
0.8220000000000004,0.77308368220219
0.8230000000000004,0.7733355174816497
0.8240000000000004,0.77348006
0.8250000000000004,0.7736228128104282
0.8260000000000004,0.7739038553319868
0.8270000000000004,0.7741704546680134
0.8280000000000004,0.7743403283012831
0.8290000000000004,0.7745209300000001
0.8300000000000004,0.7748457836478366
0.8310000000000004,0.7750281744862758
0.8320000000000004,0.7751777170091496
0.8330000000000004,0.7754151200000001
0.8340000000000004,0.7757633326763268
0.8350000000000004,0.7760309650577473
0.8360000000000004,0.7762838524133795
0.8370000000000004,0.7765515973225465
0.8380000000000004,0.7767655300000001
0.8390000000000004,0.7769945327012541
0.8400000000000004,0.7772646587151644
0.8410000000000004,0.7775551641898906
0.8420000000000004,0.7777830377212773
0.8430000000000004,0.7779705519402195
0.8440000000000004,0.7781645747871608
0.8450000000000004,0.7784039328192591
0.8460000000000004,0.7786501550755508
0.8470000000000004,0.7788822700000001
0.8480000000000004,0.7791044122799229
0.8490000000000004,0.7793324044618216
0.8500000000000004,0.7795554955381786
0.8510000000000004,0.7797794277606778
0.8520000000000004,0.7799820900000001
0.8530000000000004,0.7801566121696435
0.8540000000000004,0.7803735760902956
0.8550000000000004,0.7805765859398032
0.8560000000000004,0.7807158186076861
0.8570000000000004,0.7808218619819198
0.8580000000000004,0.7810200526270686
0.8590000000000004,0.781151406059397
0.8600000000000004,0.7811824096899938
0.8610000000000004,0.7813127600000002
0.8620000000000004,0.7815448616004158
0.8630000000000004,0.781704900426783
0.8640000000000004,0.7817262395732171
0.8650000000000004,0.7817873993883939
0.8660000000000004,0.78183669
0.8670000000000004,0.7819126829792299
0.8680000000000004,0.7820616457843109
0.8690000000000004,0.7822544561437929
0.8700000000000004,0.78231615
0.8710000000000004,0.7823245506396065
0.8720000000000004,0.782388510960752
0.8730000000000004,0.7824365485588721
0.8740000000000004,0.7824705796596932
0.8750000000000004,0.7824380999999999
0.8760000000000004,0.7823558399767996
0.8770000000000004,0.7823535167349632
0.8780000000000004,0.7822446821766912
0.8790000000000004,0.7820006024408243
0.8800000000000004,0.7816892899999999
0.8810000000000004,0.7813373113756309
0.8820000000000005,0.7809060929365529
0.8830000000000005,0.7804051100196999
0.8840000000000005,0.7798474399999996
0.8850000000000005,0.7791855832354321
0.8860000000000005,0.7785091252651891
0.8870000000000005,0.7777723847348103
0.8880000000000005,0.7768730589932894
0.8890000000000005,0.7759356499999995
0.8900000000000005,0.775059691913838
0.8910000000000005,0.7742510754216285
0.8920000000000005,0.7734317963855804
0.8930000000000005,0.7726657476604762
0.8940000000000005,0.7721134981081809
0.8950000000000005,0.7719243238358083
0.8960000000000005,0.7721161142462878
0.8970000000000005,0.7724999761613234
0.8980000000000005,0.7731059200000003
0.8990000000000005,0.7739648304321048
0.9000000000000005,0.7750080393206276
0.9010000000000004,0.7759740706793732
0.9020000000000004,0.7768283414573149
0.9030000000000004,0.7775791300000003
0.9040000000000004,0.7782316896274964
0.9050000000000004,0.7787130573364334
0.9060000000000004,0.7789576051090447
0.9070000000000004,0.7790224593514935
0.9080000000000004,0.7790391384794847
0.9090000000000004,0.7788870841482924
0.9100000000000004,0.7785944987775609
0.9110000000000004,0.7782868130768614
0.9120000000000004,0.7780591199999998
0.9130000000000004,0.7776839071610431
0.9140000000000004,0.7774000177933102
0.9150000000000004,0.7773264614711265
0.9160000000000004,0.7773650896136961
0.9170000000000004,0.7775802600000002
0.9180000000000004,0.7780875141672919
0.9190000000000004,0.7787958787490629
0.9200000000000004,0.7795213954896552
0.9210000000000004,0.7805824900000007
0.9220000000000004,0.7816990703427039
0.9230000000000004,0.7827333404375829
0.9240000000000004,0.7837552195624179
0.9250000000000004,0.7846222413298137
0.9260000000000004,0.7853499100000004
0.9270000000000004,0.7860841285527715
0.9280000000000004,0.7869394002960854
0.9290000000000004,0.7876159364692767
0.9300000000000004,0.7882326738326386
0.9310000000000004,0.7889636881974823
0.9320000000000004,0.7897834292501378
0.9330000000000004,0.790245936124794
0.9340000000000004,0.7906266423859241
0.9350000000000004,0.7910645600000002
0.9360000000000004,0.7914661830815309
0.9370000000000004,0.7917743357409704
0.9380000000000004,0.7920613842590297
0.9390000000000004,0.7923644169696699
0.9400000000000004,0.7927035100000002
0.9410000000000004,0.7930782429922301
0.9420000000000004,0.7932278507724614
0.9430000000000004,0.7932535994850257
0.9440000000000004,0.7934699078368784
0.9450000000000004,0.7937990428932291
0.9460000000000004,0.79408836240208
0.9470000000000004,0.7942084663968803
0.9480000000000004,0.7942852392322847
0.9490000000000004,0.7946521600000002
0.9500000000000004,0.7948445698664987
0.9510000000000004,0.7948312210787568
0.9520000000000004,0.7948851589212431
0.9530000000000004,0.7951884269672698
0.9540000000000004,0.79544169
0.9550000000000004,0.7955554712566126
0.9560000000000004,0.79561830420369
0.9570000000000004,0.7957584271975402
0.9580000000000004,0.7958245300000001
0.9590000000000004,0.7960212231710319
0.9600000000000004,0.7963383198044098
0.9610000000000004,0.7963285402933853
0.9620000000000004,0.7961852014334286
0.9630000000000004,0.7961227900000001
0.9640000000000004,0.7962524919854398
0.9650000000000004,0.7964510362636869
0.9660000000000004,0.7966598258242089
0.9670000000000004,0.7967067995302953
0.9680000000000004,0.7966406904054041
0.9690000000000004,0.7966812309463527
0.9700000000000004,0.7967285485804709
0.9710000000000004,0.7968271980269803
0.9720000000000004,0.79685122
0.9730000000000004,0.796766702097521
0.9740000000000004,0.7969764545226191
0.9750000000000004,0.7972025854773811
0.9760000000000004,0.7972702993228934
0.9770000000000004,0.79721379
0.9780000000000004,0.7972119484007679
0.9790000000000004,0.7970520230193491
0.9800000000000004,0.7968193346537672
0.9810000000000004,0.7967196709966099
0.9820000000000004,0.7968263608190082
0.9830000000000004,0.7969082563451827
0.9840000000000004,0.7967255154822258
0.9850000000000004,0.7963705135500708
0.9860000000000004,0.79631436
0.9870000000000004,0.7963468375561754
0.9880000000000004,0.7961024500131991
0.9890000000000004,0.7956031099868003
0.9900000000000004,0.7953696823342232
0.9910000000000004,0.7954694
0.9920000000000004,0.7954791191523914
0.9930000000000004,0.7954367443341833
0.9940000000000004,0.7955812171105445
0.9950000000000006,0.7955760999999998
0.9960000000000006,0.7953584176616765
0.9970000000000006,0.7951245915413231
0.9980000000000006,0.7952016576880157
0.9990000000000006,0.7955449765667315
1.0000000000000004,0.79575002
1.0010000000000006,0.7956836199999999
1.002000000000001,0.79556465
1.0030000000000006,0.7955764500000002
1.0040000000000004,0.7958576738856115
1.0050000000000006,0.7958965300000002
1.006000000000001,0.79598266
1.0070000000000006,0.7959455799999999
1.0080000000000005,0.79573154
1.0090000000000006,0.7956495266263374
1.010000000000001,0.7956157899999999
1.0110000000000006,0.7955208399999999
1.0120000000000005,0.79540867
1.0130000000000006,0.7953273699999999
1.014000000000001,0.7952159111458854
1.0150000000000006,0.79511869
1.0160000000000005,0.79512125
1.0170000000000006,0.7950409099999999
1.018000000000001,0.7948957699999998
1.0190000000000006,0.7946261469623036
1.0200000000000005,0.79453856
1.0210000000000006,0.79447085
1.022000000000001,0.79441434
1.0230000000000006,0.79448277
1.0240000000000005,0.7944796699999999
1.0250000000000006,0.7942597300000002
1.0260000000000007,0.7943601000000002
1.0270000000000006,0.7946956200000002
1.0280000000000005,0.7949270000000003
1.0290000000000006,0.7954500300000001
1.0300000000000007,0.79568684
1.0310000000000006,0.79564178
1.0320000000000005,0.7956291537796221
1.0330000000000006,0.7957669500000001
1.0340000000000007,0.79590696
1.0350000000000006,0.7959750300000001
1.0360000000000005,0.79615802
1.0370000000000006,0.7962688792550744
1.0380000000000007,0.79626143
1.0390000000000006,0.79624647
1.0400000000000005,0.79619586
1.0410000000000006,0.79626799
1.0420000000000007,0.7962583309659034
1.0430000000000006,0.7963758100000004
1.0440000000000005,0.7968971700000002
1.0450000000000006,0.7970578699999998
1.0460000000000007,0.7968819700000002
1.0470000000000006,0.7970107671202881
1.0480000000000005,0.7969910499999999
1.0490000000000006,0.79668254
1.0500000000000007,0.7967714100000002
1.0510000000000006,0.7970488100000002
1.0520000000000005,0.7972633200000002
1.0530000000000006,0.7976628500000003
1.0540000000000007,0.7979537200000002
1.0550000000000006,0.798218095031497
1.0560000000000005,0.7984684100000001
1.0570000000000006,0.7987107000000001
1.0580000000000007,0.7988898200000001
1.0590000000000006,0.7990034800000001
1.0600000000000005,0.7991442234806521
1.0610000000000006,0.7992790300000001
1.0620000000000007,0.7994383000000002
1.0630000000000006,0.7995916000000002
1.0640000000000005,0.7996937
1.0650000000000006,0.7997552138486151
1.0660000000000007,0.7996921500000002
1.0670000000000006,0.7997710700000001
1.0680000000000005,0.79991835
1.0690000000000006,0.8000078800000001
1.0700000000000007,0.8001913816498353
1.0710000000000006,0.8002263299999999
1.0720000000000005,0.80003619
1.0730000000000006,0.80004323
1.0740000000000007,0.8000894800000001
1.0750000000000006,0.80020148
1.0760000000000003,0.8002609600000001
1.0770000000000006,0.80035841
1.0780000000000007,0.8003709816448354
1.0790000000000006,0.80028743
1.0800000000000003,0.8002196
1.0810000000000006,0.8002486799999999
1.0820000000000007,0.8000574699999998
1.0830000000000006,0.7996726299150083
1.0840000000000003,0.7993717799999998
1.0850000000000006,0.7989330899999998
1.0860000000000007,0.7986676099999999
1.0870000000000006,0.7985531699999999
1.0880000000000003,0.7983756877482251
1.0890000000000006,0.7981986999999998
1.0900000000000007,0.7980815799999998
1.0910000000000006,0.7979789399999999
1.0920000000000003,0.7978194399999999
1.0930000000000006,0.7976898729567042
1.0940000000000007,0.7974840999999998
1.0950000000000006,0.7972853199999999
1.0960000000000003,0.7971253399999999
1.0970000000000006,0.7968984799999997
1.0980000000000008,0.7965993299999999
1.0990000000000006,0.79647946
1.1000000000000003,0.7964607499999999
1.1010000000000006,0.79627615
1.1020000000000008,0.7961958599999999
1.1030000000000006,0.7960331399999998
1.1040000000000003,0.7957246299999998
1.1050000000000006,0.7953060299999999
1.1060000000000008,0.7950611643915608
1.1070000000000009,0.7950050799999999
1.1080000000000003,0.7947941399999999
1.1090000000000009,0.79463059
1.1100000000000008,0.7945984599999999
1.1110000000000009,0.7943546727707228
1.1120000000000003,0.79428238
1.1130000000000009,0.7942805299999999
1.1140000000000008,0.79416806
1.1150000000000009,0.7940946199999999
1.1160000000000003,0.7938988995720426
1.1170000000000009,0.7935360099999997
1.1180000000000008,0.7932724399999997
1.1190000000000009,0.7930244199999997
1.1200000000000006,0.7927101299999999
1.1210000000000009,0.7924607049425056
1.1220000000000008,0.7920562599999996
1.1230000000000009,0.7914885299999996
1.1240000000000006,0.7909213899999996
1.1250000000000009,0.7902910699999995
1.1260000000000008,0.7896581299999994
1.127000000000001,0.7890520699999994
1.1280000000000006,0.7882451399999992
1.129000000000001,0.7871233632206769
1.1300000000000008,0.7857555699999986
1.131000000000001,0.7842331499999988
1.1320000000000006,0.7824132399999991
1.133000000000001,0.7805133499999986
1.1340000000000008,0.7783653524547529
1.135000000000001,0.7763898999999986
1.1360000000000006,0.7742484199999988
1.137000000000001,0.7723334999999989
1.1380000000000008,0.7706857299999986
1.139000000000001,0.7692461239606031
1.1400000000000006,0.7682464099999995
1.141000000000001,0.7674537899999996
1.1420000000000008,0.7667322799999996
1.143000000000001,0.7660191099999993
1.1440000000000006,0.7650470472062788
1.145000000000001,0.7636744399999988
1.1460000000000008,0.7620600499999984
1.147000000000001,0.7603573799999988
1.1480000000000006,0.7585514799999986
1.149000000000001,0.7565184199999987
1.1500000000000008,0.7545675599999984
1.1510000000000007,0.7526388199999986
1.1520000000000006,0.7505428799999989
1.1530000000000007,0.7484077199999986
1.1540000000000008,0.7462705399999986
1.1550000000000007,0.7440265399999985
1.1560000000000006,0.7417666299999984
1.1570000000000007,0.7393859860903891
1.1580000000000008,0.7366468899999974
1.1590000000000007,0.7335858899999977
1.1600000000000006,0.7302001099999976
1.1610000000000007,0.7266718699999977
1.1620000000000008,0.7231172918778096
1.1630000000000007,0.7195360699999978
1.1640000000000006,0.7162285999999989
1.1650000000000007,0.7137027999999984
1.1660000000000008,0.7113597399999989
1.1670000000000007,0.7100931466593332
1.1680000000000006,0.7096405000000002
1.1690000000000007,0.7099841800000005
1.1700000000000008,0.7108057100000014
1.1710000000000007,0.7122522000000012
1.1720000000000006,0.7141581694030609
1.1730000000000007,0.7161922500000014
1.1740000000000008,0.7183283000000014
1.1750000000000007,0.7203642700000011
1.1760000000000006,0.7220027400000009
1.1770000000000007,0.7233334200000007
1.1780000000000008,0.7244116100000004
1.1790000000000007,0.72491425
1.1800000000000006,0.724880944967503
1.1810000000000007,0.7244306199999995
1.1820000000000008,0.723572079999999
1.1830000000000007,0.7224494799999992
1.1840000000000006,0.7212662099999995
1.1850000000000007,0.7199198999610029
1.1860000000000008,0.7185195099999988
1.1870000000000007,0.7170938299999989
1.1880000000000006,0.7156483499999992
1.1890000000000007,0.7142371499999991
1.1900000000000008,0.7129399897160273
1.1910000000000007,0.7117386499999989
1.1920000000000006,0.7105558499999992
1.1930000000000007,0.7094354599999994
1.1940000000000008,0.7084602099999994
1.1950000000000007,0.7077037256484345
1.1960000000000006,0.70724052
1.1970000000000007,0.7072002900000003
1.1980000000000008,0.7076940500000007
1.1990000000000007,0.708604930000001
1.2000000000000006,0.7101393900000015
1.2010000000000007,0.7122719300000021
1.2020000000000008,0.7146136800000025
1.2030000000000007,0.7173994775522471
1.2040000000000006,0.7203750000000021
1.2050000000000007,0.7233492100000021
1.2060000000000008,0.7262852200000025
1.2070000000000007,0.7291813500000017
1.2080000000000006,0.7319252098920127
1.2090000000000007,0.7345241300000016
1.2100000000000009,0.7369271500000019
1.2110000000000007,0.7390560500000017
1.2120000000000006,0.7410842800000014
1.2130000000000007,0.743010627365265
1.2140000000000009,0.7448319200000015
1.2150000000000007,0.746546510000001
1.2160000000000006,0.748088780000001
1.2170000000000007,0.749588490000001
1.2180000000000009,0.7510922796210392
1.2190000000000007,0.7525171600000009
1.2200000000000006,0.7538816900000009
1.2210000000000008,0.7551544900000011
1.2220000000000009,0.7563493300000009
1.2230000000000008,0.7574029600000008
1.2240000000000006,0.7583833900000005
1.2250000000000008,0.7592940900000006
1.2260000000000009,0.7601041200000006
1.2270000000000008,0.7606836600000002
1.2280000000000006,0.7610755000000002
1.2290000000000008,0.7614812900000002
1.2300000000000009,0.7617602900000001
1.2310000000000008,0.7618642503409659
1.2320000000000009,0.76196766
1.2330000000000008,0.7620195200000001
1.2340000000000009,0.7620828200000003
1.2350000000000008,0.7623457300000003
1.2360000000000009,0.7626707879512051
1.2370000000000008,0.7629503000000003
1.2380000000000009,0.7632943400000002
1.2390000000000008,0.7635327000000001
1.2400000000000009,0.7637588400000002
1.2410000000000008,0.7640002158624141
1.2420000000000009,0.7642371100000002
1.2430000000000008,0.7644132400000002
1.2440000000000009,0.7646148800000002
1.2450000000000008,0.7648730300000001
1.2460000000000009,0.7650295343495651
1.2470000000000008,0.7652304800000002
1.2480000000000009,0.7654093500000001
1.2490000000000008,0.7655135999999999
1.2500000000000009,0.7655468599999999
1.2510000000000008,0.7654805799999999
1.252000000000001,0.7653443799999998
1.2530000000000008,0.7650807499999998
1.2540000000000011,0.7648325223507646
1.2550000000000008,0.7644560299999994
1.256000000000001,0.7638865699999997
1.2570000000000008,0.7633143099999996
1.2580000000000011,0.7625896899999994
1.2590000000000008,0.7619024944945499
1.260000000000001,0.7611474399999996
1.2610000000000008,0.7605116999999993
1.2620000000000011,0.7599146999999995
1.2630000000000008,0.7593815899999996
1.264000000000001,0.7589193462243774
1.2650000000000008,0.7584336399999997
1.2660000000000011,0.7580668299999996
1.2670000000000008,0.7577107499999998
1.268000000000001,0.7574166699999998
1.2690000000000008,0.7571626554014596
1.2700000000000011,0.7568185899999996
1.2710000000000008,0.7564849299999997
1.272000000000001,0.7561681299999998
1.2730000000000008,0.7558555599999998
1.2740000000000011,0.7556331199999999
1.2750000000000008,0.7554768299999998
1.2760000000000007,0.7551773199999998
1.2770000000000008,0.7548620699999998
1.2780000000000011,0.7545996899999997
1.2790000000000008,0.7542107699999997
1.2800000000000007,0.7537935999999997
1.2810000000000008,0.7534469399999996
1.2820000000000011,0.7528929517648227
1.2830000000000008,0.7521105999999995
1.2840000000000007,0.7514462499999995
1.2850000000000008,0.7506981499999994
1.2860000000000011,0.7500138899999995
1.2870000000000008,0.7494965262303765
1.2880000000000007,0.7489588299999996
1.2890000000000008,0.7483874599999996
1.2900000000000011,0.7477322199999993
1.2910000000000008,0.7469469899999992
1.2920000000000007,0.7460590287961198
1.2930000000000008,0.7451110499999994
1.2940000000000011,0.7442097099999991
1.2950000000000008,0.7432719499999992
1.2960000000000007,0.7423543299999994
1.2970000000000008,0.7415070747255267
1.2980000000000012,0.7407051899999993
1.2990000000000008,0.7399917199999996
1.3000000000000007,0.7393187899999996
1.3010000000000008,0.7386484099999995
1.302000000000001,0.7379895399999994
1.3030000000000008,0.7373544599999996
1.3040000000000007,0.7367269399999997
1.3050000000000008,0.7361921231316865
1.306000000000001,0.7357234399999997
1.3070000000000008,0.7352862999999997
1.3080000000000007,0.7349197299999998
1.3090000000000008,0.7345390899999997
1.310000000000001,0.7342166091050893
1.3110000000000008,0.7340076599999998
1.3120000000000007,0.7338282499999997
1.3130000000000008,0.7335784999999999
1.314000000000001,0.7333425899999998
1.3150000000000008,0.7330683774212576
1.3160000000000007,0.7327514299999998
1.3170000000000008,0.7324991799999997
1.318000000000001,0.7321776699999997
1.3190000000000008,0.7318301199999997
1.3200000000000007,0.7314584671652832
1.3210000000000008,0.7309502999999996
1.322000000000001,0.7303956699999994
1.3230000000000008,0.7297577299999995
1.3240000000000007,0.7291076199999995
1.3250000000000008,0.7283847899999994
1.326000000000001,0.7277015999999992
1.3270000000000008,0.7270083399999994
1.3280000000000007,0.7263032679512044
1.3290000000000008,0.7255827799999994
1.330000000000001,0.7249038199999994
1.3310000000000008,0.7242549099999994
1.3320000000000007,0.7235773199999994
1.3330000000000009,0.7229181912048788
1.334000000000001,0.7221302399999993
1.3350000000000009,0.7212183499999992
1.3360000000000007,0.7203369699999992
1.3370000000000009,0.7194786099999992
1.338000000000001,0.7186314747135277
1.3390000000000009,0.7177423199999993
1.3400000000000007,0.7168798999999995
1.3410000000000009,0.7160530699999992
1.342000000000001,0.7152130599999992
1.3430000000000009,0.7145221290930901
1.3440000000000007,0.7139067099999996
1.3450000000000009,0.7132709599999995
1.346000000000001,0.712617929999999
1.3470000000000009,0.7117660599999992
1.3480000000000008,0.7108544099999993
1.3490000000000009,0.7096934899999988
1.350000000000001,0.7083508399999987
1.3510000000000009,0.7068622699999986
1.3520000000000008,0.7052228999999984
1.3530000000000009,0.7034109199999986
1.354000000000001,0.7013007399999982
1.3550000000000009,0.6992821099999981
1.3560000000000008,0.6971071588421143
1.3570000000000009,0.6949955799999983
1.358000000000001,0.6931298399999986
1.3590000000000009,0.6914951799999989
1.3600000000000008,0.6902159999999993
1.3610000000000009,0.6892820574812513
1.362000000000001,0.6886568699999995
1.3630000000000009,0.6882413599999998
1.3640000000000008,0.6878825999999998
1.3650000000000009,0.6874795599999994
1.366000000000001,0.6868742705289466
1.3670000000000009,0.6860299099999991
1.3680000000000008,0.6850424399999994
1.3690000000000009,0.6840246299999992
1.370000000000001,0.6831245399999994
1.3710000000000009,0.6824762848255169
1.3720000000000008,0.6820447399999998
1.3730000000000009,0.6818510899999999
1.374000000000001,0.6817652600000002
1.3750000000000009,0.6819371000000001
1.3760000000000008,0.6820251300000002
1.377000000000001,0.6822575300000001
1.378000000000001,0.6823165399999999
1.379000000000001,0.682194783290671
1.3800000000000008,0.68232769
1.381000000000001,0.6823318000000004
1.3820000000000008,0.6827396200000008
1.383000000000001,0.6834778200000007
1.3840000000000008,0.6842769191300877
1.385000000000001,0.6852682200000011
1.3860000000000008,0.6864109600000012
1.387000000000001,0.6875241400000012
1.3880000000000008,0.6885778300000006
1.389000000000001,0.6896051972632746
1.3900000000000008,0.6904402400000008
1.391000000000001,0.6911271200000004
1.3920000000000008,0.6916858600000002
1.393000000000001,0.69193608
1.3940000000000008,0.6919391796900309
1.395000000000001,0.6916386499999996
1.3960000000000008,0.6911890499999995
1.397000000000001,0.6906828899999996
1.3980000000000008,0.6902407399999998
1.399000000000001,0.69004375
1.4000000000000008,0.6900363600000003
1.4010000000000007,0.6903658500000004
1.4020000000000008,0.6910358700000009
1.403000000000001,0.6918270000000012
1.4040000000000008,0.6930639100000007
1.4050000000000007,0.6940189600000007
1.4060000000000008,0.6951795800000008
1.407000000000001,0.6959108093600646
1.4080000000000008,0.6965044100000001
1.4090000000000007,0.6967468899999999
1.4100000000000008,0.6966028799999998
1.411000000000001,0.6964210299999996
1.4120000000000008,0.6958936571312865
1.4130000000000007,0.6954649699999996
1.4140000000000008,0.6949441999999995
1.415000000000001,0.6944919199999997
1.4160000000000008,0.6941010999999998
1.4170000000000007,0.6939333267773222
1.4180000000000008,0.6940784500000003
1.419000000000001,0.6944574100000007
1.4200000000000008,0.6952119500000009
1.4210000000000007,0.6961552500000008
1.4220000000000008,0.6972943560893923
1.423000000000001,0.698592720000001
1.4240000000000008,0.6998257600000007
1.4250000000000007,0.7010061100000007
1.4260000000000008,0.7020798300000008
1.427000000000001,0.7028787100000007
1.4280000000000008,0.7034550300000002
1.4290000000000007,0.70384616
1.4300000000000008,0.7038649777052294
1.431000000000001,0.7037420299999999
1.4320000000000008,0.7035670299999995
1.4330000000000007,0.7031177299999998
1.4340000000000008,0.7028552299999998
1.435000000000001,0.7025678046645334
1.4360000000000008,0.7024144499999999
1.4370000000000007,0.7022721200000002
1.4380000000000008,0.7023453700000002
1.439000000000001,0.7025902900000002
1.4400000000000008,0.7028966793610641
1.4410000000000007,0.7033742700000004
1.4420000000000008,0.7038631400000007
1.443000000000001,0.7044358800000005
1.4440000000000008,0.7049920000000005
1.4450000000000007,0.7056553336666339
1.4460000000000008,0.7062168700000006
1.447000000000001,0.7067309000000006
1.4480000000000008,0.7072308700000003
1.4490000000000007,0.7076876200000003
1.4500000000000008,0.7081221900000004
1.451000000000001,0.7085204700000004
1.4520000000000008,0.7089396700000005
1.4530000000000007,0.7093834128037199
1.4540000000000008,0.7098114500000006
1.455000000000001,0.7102887000000004
1.4560000000000008,0.7107887900000004
1.4570000000000007,0.7113058600000004
1.4580000000000009,0.7118384121787827
1.459000000000001,0.7123602000000004
1.4600000000000009,0.7128764400000003
1.4610000000000007,0.7132784700000003
1.4620000000000009,0.7136201900000003
1.463000000000001,0.7139531667023301
1.4640000000000009,0.7142419800000003
1.4650000000000007,0.7145456100000003
1.4660000000000009,0.7148339700000004
1.467000000000001,0.7151224000000004
1.4680000000000009,0.7154049617438258
1.4690000000000007,0.7156286800000001
1.4700000000000009,0.7158579200000001
1.471000000000001,0.71595252
1.4720000000000009,0.7159813599999999
1.4730000000000008,0.7159147899999999
1.4740000000000009,0.7156953799999998
1.475000000000001,0.7155169799999997
1.4760000000000009,0.7152546599999998
1.4770000000000008,0.7150410999999998
1.4780000000000009,0.7148479199999997
1.479000000000001,0.7146556999999998
1.4800000000000009,0.7144522099999999
1.4810000000000008,0.7143014538666133
1.4820000000000009,0.7141401199999999
1.483000000000001,0.71405673
1.4840000000000009,0.71404839
1.4850000000000008,0.7140594700000001
1.4860000000000009,0.7141629548035197
1.487000000000001,0.7142109900000001
1.4880000000000009,0.71427387
1.4890000000000008,0.7142998
1.4900000000000009,0.7143001
1.491000000000001,0.7142929407159284
1.4920000000000009,0.7142044899999999
1.4930000000000008,0.7141002399999999
1.4940000000000009,0.7139028299999998
1.495000000000001,0.7137088199999999
1.4960000000000009,0.7135778230996899
1.4970000000000008,0.7133941699999999
1.4980000000000009,0.7132734699999997
1.499000000000001,0.7130767099999996
1.5000000000000009,0.7127622399999998
1.5010000000000008,0.7124533099999997
1.5020000000000011,0.7120454899999993
1.503000000000001,0.7115326499999995
1.504000000000001,0.7110001962233771
1.5050000000000008,0.7103624299999993
1.5060000000000011,0.7095769599999991
1.5070000000000008,0.7087867299999989
1.508000000000001,0.7079019499999992
1.5090000000000008,0.7069763860733921
1.5100000000000011,0.706137119999999
1.5110000000000008,0.705242339999999
1.512000000000001,0.7043756799999991
1.5130000000000008,0.7036211499999995
1.5140000000000011,0.70286823529147
1.5150000000000008,0.7022066699999994
1.516000000000001,0.7016311899999995
1.5170000000000008,0.7011498799999996
1.5180000000000011,0.7006885999999996
1.5190000000000008,0.7002969791620833
1.520000000000001,0.6999407999999998
1.5210000000000008,0.6996583299999998
1.5220000000000011,0.6993863599999998
1.5230000000000008,0.6992102899999998
1.524000000000001,0.6989267499999998
1.5250000000000008,0.6986556099999996
1.5260000000000011,0.6982377799999995
1.5270000000000008,0.6977420999999993
1.528000000000001,0.6971449299999994
1.5290000000000008,0.6964803299999994
1.5300000000000011,0.695651649999999
1.5310000000000008,0.6947202699999988
1.532000000000001,0.6936195435556433
1.5330000000000008,0.6923550999999991
1.5340000000000011,0.6909673199999983
1.5350000000000008,0.6893994199999982
1.536000000000001,0.6877830599999984
1.5370000000000008,0.6860127991600827
1.5380000000000011,0.6842043999999979
1.5390000000000008,0.6823625599999982
1.540000000000001,0.6804048399999981
1.5410000000000008,0.6783144499999981
1.5420000000000011,0.6761568557594217
1.5430000000000008,0.6737789499999978
1.544000000000001,0.6712625599999976
1.5450000000000008,0.6686055699999974
1.5460000000000012,0.6656834499999965
1.5470000000000008,0.6626198363613606
1.548000000000001,0.6593763199999971
1.5490000000000008,0.6559449999999977
1.5500000000000012,0.6524491299999959
1.5510000000000008,0.6488693999999959
1.552000000000001,0.6452631999999958
1.5530000000000008,0.6415426699999975
1.5540000000000012,0.637854639999996
1.5550000000000008,0.6342459875502415
1.556000000000001,0.6306214899999971
1.5570000000000008,0.6271949999999971
1.5580000000000012,0.6239688999999966
1.5590000000000008,0.6208447799999974
1.560000000000001,0.6179247819907984
1.5610000000000008,0.6152446899999978
1.5620000000000012,0.6126972999999971
1.5630000000000008,0.6103702799999982
1.564000000000001,0.6082324399999982
1.5650000000000008,0.6062658566583325
1.5660000000000012,0.6044773499999979
1.5670000000000008,0.6028616999999984
1.568000000000001,0.6014518099999988
1.5690000000000008,0.6001378299999989
1.5700000000000012,0.5988861351694814
1.5710000000000008,0.5977060799999986
1.572000000000001,0.5964393599999985
1.5730000000000008,0.5950983199999991
1.5740000000000012,0.5937038099999984
1.5750000000000008,0.5922052899999983
1.576000000000001,0.5906615899999982
1.5770000000000008,0.5890433799999985
1.5780000000000012,0.5873419542075771
1.5790000000000008,0.5854840299999978
1.580000000000001,0.5834426899999979
1.5810000000000008,0.5812163899999979
1.5820000000000012,0.5788239199999967
1.5830000000000009,0.5763556800609909
1.584000000000001,0.5738562899999978
1.5850000000000009,0.5713083699999978
1.5860000000000012,0.5688056299999966
1.5870000000000009,0.5662963999999973
1.588000000000001,0.5637838412558718
1.5890000000000009,0.5613813999999979
1.5900000000000012,0.5590091899999976
1.5910000000000009,0.5567737199999977
1.592000000000001,0.5546930999999977
1.5930000000000009,0.552716157694229
1.5940000000000012,0.5508427599999979
1.5950000000000009,0.549044729999998
1.596000000000001,0.547258619999998
1.5970000000000009,0.5454848999999985
1.5980000000000012,0.543726439999998
1.5990000000000009,0.541909639999998
1.600000000000001,0.5401135699999984
1.6010000000000009,0.5382950299999983
1.6020000000000012,0.5363939399999975
1.6030000000000009,0.5345364199999983
1.604000000000001,0.5326496999999981
1.6050000000000009,0.5307120699999983
1.6060000000000012,0.5288904293150665
1.6070000000000009,0.5270835799999981
1.608000000000001,0.5253897899999986
1.6090000000000009,0.5239456899999988
1.6100000000000012,0.5225811599999987
1.6110000000000009,0.5213707243075679
1.612000000000001,0.5203137999999988
1.6130000000000009,0.5193410499999994
1.6140000000000012,0.5185287599999994
1.6150000000000009,0.5179220999999994
1.616000000000001,0.5174003721727822
1.6170000000000009,0.5169450599999996
1.6180000000000012,0.5165702699999996
1.6190000000000009,0.5161613199999996
1.620000000000001,0.5157593499999996
1.6210000000000009,0.5153791680181978
1.6220000000000012,0.5149933699999995
1.6230000000000009,0.5145719099999997
1.624000000000001,0.5141674299999996
1.6250000000000009,0.5137800599999996
1.6260000000000012,0.5133795699999996
1.6270000000000011,0.5130520499999996
1.628000000000001,0.5127747099999997
1.629000000000001,0.5125239871142884
1.6300000000000012,0.5122951299999997
1.6310000000000011,0.5120497299999998
1.6320000000000008,0.5118035699999997
1.633000000000001,0.5115333199999997
1.6340000000000012,0.5112409332696727
1.6350000000000011,0.5109736299999996
1.6360000000000008,0.5106447299999995
1.637000000000001,0.5102701799999996
1.6380000000000012,0.5098413199999994
1.6390000000000011,0.5092393201999793
1.6400000000000008,0.5085928399999993
1.641000000000001,0.5078905199999993
1.6420000000000012,0.5071715099999992
1.6430000000000011,0.5065306399999994
1.6440000000000008,0.5059168913748618
1.645000000000001,0.5054067399999996
1.6460000000000012,0.5049806199999997
1.6470000000000011,0.5047172899999999
1.6480000000000008,0.5046610200000001
1.649000000000001,0.5047547800000003
1.6500000000000012,0.5050813600000007
1.6510000000000011,0.5055829900000006
1.6520000000000008,0.5061987000000009
1.653000000000001,0.5070111800000008
1.6540000000000012,0.5079140100000011
1.6550000000000011,0.5088659500000012
1.6560000000000008,0.5099275100000012
1.657000000000001,0.5110759686081403
1.6580000000000013,0.5122620500000012
1.6590000000000011,0.5133925100000012
1.6600000000000008,0.5144756400000011
1.661000000000001,0.5154424300000007
1.6620000000000013,0.5161908968333174
1.6630000000000011,0.5168592300000006
1.6640000000000008,0.5174045000000003
1.665000000000001,0.5176743900000002
1.6660000000000013,0.5177871000000001
1.6670000000000011,0.5177577129387061
1.6680000000000008,0.5175948699999998
1.669000000000001,0.5173875099999998
1.6700000000000013,0.5170862099999995
1.6710000000000012,0.5167120099999994
1.6720000000000008,0.5161942117798214
1.673000000000001,0.5154846899999993
1.6740000000000013,0.514709769999999
1.6750000000000012,0.5137936499999988
1.6760000000000008,0.5126810699999985
1.677000000000001,0.5114167899999982
1.6780000000000013,0.5098515199999979
1.6790000000000012,0.5079051299999976
1.6800000000000008,0.5056882294050571
1.681000000000001,0.5030822799999972
1.6820000000000013,0.4999970499999954
1.6830000000000012,0.4964839799999956
1.6840000000000008,0.4924612599999959
1.685000000000001,0.4878028210738877
1.6860000000000013,0.4826135599999925
1.6870000000000012,0.4769990099999923
1.6880000000000008,0.4712419799999951
1.689000000000001,0.4657655699999957
1.6900000000000013,0.4609114354134525
1.6910000000000012,0.4571043299999967
1.6920000000000008,0.45461770999999895
1.693000000000001,0.4536949700000008
1.6940000000000013,0.4545863000000035
1.6950000000000012,0.4571518434456587
1.6960000000000008,0.4610491400000055
1.697000000000001,0.4660129200000063
1.6980000000000013,0.4716451800000064
1.6990000000000012,0.4774508800000062
1.7000000000000008,0.4830194100000058
1.701000000000001,0.488289360000005
1.7020000000000013,0.492860620000005
1.7030000000000012,0.4965597361903845
1.7040000000000008,0.4995216400000021
1.705000000000001,0.5013644100000006
1.7060000000000013,0.5020766299999998
1.7070000000000012,0.5019468099999986
1.7080000000000009,0.5009576772822698
1.709000000000001,0.4992304999999981
1.7100000000000013,0.4971004099999968
1.7110000000000012,0.4947101499999968
1.7120000000000009,0.4922912999999975
1.713000000000001,0.4900921099190058
1.7140000000000013,0.4883194899999985
1.7150000000000012,0.4871327299999996
1.7160000000000009,0.4867137400000006
1.717000000000001,0.4872855500000016
1.7180000000000013,0.4887038581691849
1.7190000000000012,0.4909336900000032
1.7200000000000009,0.4938410800000037
1.721000000000001,0.497127030000004
1.7220000000000013,0.5007004700000046
1.7230000000000012,0.5041891300000034
1.7240000000000009,0.5073210000000029
1.725000000000001,0.5098851900000017
1.7260000000000013,0.5117048600000015
1.7270000000000012,0.5128268000000005
1.7280000000000009,0.51312923
1.729000000000001,0.5130825599999993
1.730000000000001,0.5122775999999989
1.7310000000000012,0.5114175525477437
1.7320000000000009,0.5100430299999985
1.733000000000001,0.5087839399999988
1.734000000000001,0.5074068899999983
1.7350000000000012,0.5060339599999985
1.7360000000000009,0.5046832335176465
1.737000000000001,0.5032184099999981
1.738000000000001,0.5015141399999985
1.7390000000000012,0.5001210599999983
1.7400000000000009,0.4986601199999988
1.741000000000001,0.4976226537466242
1.742000000000001,0.4968221199999995
1.7430000000000012,0.4964721500000001
1.7440000000000009,0.4965274000000002
1.745000000000001,0.4967262400000008
1.746000000000001,0.4975746051634847
1.7470000000000012,0.4979931100000002
1.7480000000000009,0.4981366399999997
1.749000000000001,0.4978297399999992
1.750000000000001,0.4969034799999982
1.7510000000000012,0.495544279999998
1.7520000000000011,0.4940014199999978
1.753000000000001,0.4923024799999989
1.7540000000000011,0.4910374219528038
1.7550000000000012,0.4903569500000002
1.7560000000000011,0.4904965500000018
1.7570000000000008,0.4921006600000031
1.7580000000000011,0.4949003500000054
1.7590000000000012,0.498943533948611
1.7600000000000011,0.5039830200000064
1.7610000000000008,0.5097705100000066
1.7620000000000011,0.5157885600000092
1.7630000000000012,0.5217341200000063
1.7640000000000011,0.5274672766843376
1.7650000000000008,0.5325380600000049
1.7660000000000011,0.5369296100000049
1.7670000000000012,0.5407018100000043
1.7680000000000011,0.5439907300000028
1.7690000000000008,0.5464897001029924
1.7700000000000014,0.5488356400000024
1.7710000000000012,0.5506380200000023
1.7720000000000011,0.5524109600000021
1.7730000000000008,0.5539804100000013
1.7740000000000014,0.5554226000000018
1.7750000000000012,0.5567378400000016
1.7760000000000011,0.557885650000001
1.7770000000000008,0.5588095800000009
1.7780000000000014,0.5596627600000009
1.7790000000000012,0.5603318800000008
1.7800000000000011,0.5610488100000006
1.7810000000000008,0.5616929500000006
1.7820000000000014,0.5623093855054504
1.7830000000000013,0.5629644400000006
1.7840000000000011,0.5634496200000004
1.7850000000000008,0.5638541000000004
1.7860000000000014,0.5641334700000002
1.7870000000000013,0.5643034600119988
1.7880000000000011,0.5643035799999999
1.7890000000000008,0.5641879399999998
1.7900000000000014,0.5638804999999995
1.7910000000000013,0.5634331099999991
1.7920000000000011,0.5626826450464946
1.7930000000000008,0.5616167199999988
1.7940000000000014,0.5603860599999986
1.7950000000000013,0.559302389999999
1.7960000000000012,0.5585572099999997
1.7970000000000008,0.5582869370272969
1.7980000000000014,0.5588423000000019
1.7990000000000013,0.5602456900000031
1.8000000000000012,0.5630216000000031
1.8010000000000008,0.5659250600000045
1.8020000000000012,0.5700470200000054
1.8030000000000013,0.5735290600000041
1.8040000000000007,0.5771873000000034
1.8050000000000008,0.5801775063993625
1.8060000000000012,0.5827415000000027
1.8070000000000013,0.5847663300000018
1.8080000000000007,0.5861061800000014
1.8090000000000008,0.5872800900000006
1.8100000000000012,0.5878920572682739
1.8110000000000013,0.5884647400000004
1.8120000000000007,0.5886943900000006
1.8130000000000008,0.5890938000000002
1.8140000000000012,0.5893619700000006
1.8150000000000013,0.5897571004869518
1.8160000000000007,0.5904029600000005
1.8170000000000008,0.5906989000000001
1.8180000000000012,0.5908158400000002
1.8190000000000013,0.59099698
1.8200000000000007,0.590998769821018
1.8210000000000008,0.5911442600000003
1.8220000000000012,0.5914570100000001
1.8230000000000013,0.59152699
1.8240000000000007,0.5915082699999998
1.8250000000000008,0.5914313799999996
1.8260000000000012,0.5911467700000004
1.8270000000000013,0.5913555000000003
1.8280000000000007,0.5915343768213185
1.8290000000000008,0.5921025900000003
1.8300000000000012,0.5923644300000004
1.8310000000000013,0.5925907499999996
1.8320000000000007,0.5922322299999997
1.8330000000000009,0.5919460231426852
1.8340000000000012,0.5914774499999991
1.8350000000000013,0.5907382999999988
1.8360000000000007,0.5898352299999988
1.8370000000000009,0.5889115299999991
1.8380000000000012,0.5880130198510135
1.8390000000000013,0.5874338700000001
1.8400000000000007,0.5875182200000006
1.8410000000000009,0.5880974500000014
1.8420000000000012,0.5893330000000022
1.8430000000000013,0.5907525780421976
1.8440000000000007,0.5925284600000025
1.8450000000000009,0.5947018900000021
1.8460000000000012,0.5965321100000026
1.8470000000000013,0.5982802500000024
1.8480000000000008,0.6000906200000014
1.8490000000000009,0.6013138900000006
1.8500000000000012,0.6018301800000001
1.8510000000000013,0.6019431899999999
1.8520000000000008,0.6018887799999988
1.8530000000000009,0.6009323599999993
1.8540000000000012,0.6000509299999991
1.855000000000001,0.5993970599999991
1.8560000000000008,0.5987094447395251
1.8570000000000009,0.5979568399999994
1.8580000000000012,0.5973566799999996
1.859000000000001,0.5970917299999999
1.8600000000000008,0.5969740200000001
1.8610000000000009,0.5970710374462559
1.8620000000000012,0.5975455000000011
1.863000000000001,0.5982266100000013
1.8640000000000008,0.5994445700000011
1.8650000000000009,0.6004638700000011
1.8660000000000012,0.6015094654404576
1.867000000000001,0.6024078700000008
1.8680000000000008,0.6030869500000006
1.8690000000000009,0.6036363800000006
1.8700000000000012,0.6042496600000008
1.871000000000001,0.6048448104849522
1.8720000000000008,0.6052708000000002
1.8730000000000009,0.6053825600000001
1.8740000000000012,0.6055241800000004
1.875000000000001,0.6058414000000003
1.8760000000000008,0.6059764
1.877000000000001,0.6059452899999997
1.8780000000000012,0.6058075999999999
1.8790000000000011,0.60569315259774
1.8800000000000008,0.60561913
1.881000000000001,0.6056578799999999
1.8820000000000012,0.6055148799999996
1.8830000000000011,0.6052930399999991
1.8840000000000008,0.6045478771182877
1.885000000000001,0.6041190599999998
1.8860000000000012,0.60389078
1.8870000000000011,0.6039018600000007
1.8880000000000008,0.6043443100000008
1.889000000000001,0.6050143729937014
1.8900000000000012,0.6058477200000019
1.8910000000000011,0.6070703300000017
1.8920000000000008,0.6082992000000014
1.893000000000001,0.609398720000001
1.8940000000000012,0.6102986000120002
1.8950000000000011,0.6107422100000005
1.8960000000000008,0.6111484200000007
1.897000000000001,0.6116852200000005
1.8980000000000012,0.6120314000000001
1.8990000000000011,0.6121511500000002
1.9000000000000008,0.6123375299999999
1.9010000000000007,0.6122899099999992
1.9020000000000012,0.6115767999999988
1.9030000000000011,0.6107906099999995
1.9040000000000008,0.6103914399999996
1.9050000000000007,0.6099822499999997
1.9060000000000012,0.6097803099999994
1.9070000000000011,0.6094337911298864
1.9080000000000013,0.6090450899999993
1.9090000000000007,0.6084420699999988
1.9100000000000013,0.6074222299999983
1.9110000000000011,0.606333139999999
1.9120000000000013,0.605568904497549
1.9130000000000007,0.6045138799999983
1.9140000000000013,0.6030238899999981
1.9150000000000011,0.6016135199999981
1.9160000000000013,0.6001822899999972
1.9170000000000007,0.5980654716818297
1.9180000000000013,0.5962057699999979
1.9190000000000011,0.5946320299999981
1.9200000000000013,0.5932305499999986
1.9210000000000007,0.5921826999999988
1.9220000000000013,0.5911978284871497
1.9230000000000012,0.5903821599999991
1.9240000000000013,0.5897036199999992
1.9250000000000007,0.589036639999999
1.9260000000000013,0.5880954299999991
1.9270000000000012,0.5875520099999996
1.9280000000000013,0.5872484999999994
1.9290000000000007,0.5867397199999997
1.9300000000000013,0.5865802389960998
1.9310000000000012,0.5861701999999983
1.9320000000000013,0.5849037199999986
1.9330000000000007,0.5838366699999991
1.9340000000000013,0.5830199699999985
1.9350000000000012,0.5818496837026289
1.9360000000000013,0.5811867100000001
1.9370000000000007,0.58126897
1.9380000000000013,0.5812574000000003
1.9390000000000012,0.5814652400000004
1.9400000000000013,0.5817607304509552
1.9410000000000007,0.5821187500000004
1.9420000000000013,0.5823991900000006
1.9430000000000012,0.5828111200000003
1.9440000000000013,0.5830529900000004
1.9450000000000007,0.5833691683821621
1.9460000000000013,0.5833321199999991
1.9470000000000012,0.582790909999999
1.9480000000000013,0.5821722699999992
1.9490000000000007,0.5813850199999986
1.9500000000000013,0.5800564299999976
1.9510000000000012,0.5785346599999972
1.9520000000000013,0.5767357299999978
1.9530000000000007,0.5750350600759899
1.9540000000000013,0.5729358199999971
1.9550000000000012,0.5710341899999986
1.9560000000000013,0.5699488499999981
1.9570000000000007,0.5685635199999979
1.9580000000000013,0.5669656599540019
1.9590000000000012,0.5653651999999975
1.9600000000000013,0.5635351499999974
1.9610000000000007,0.5615847699999973
1.9620000000000013,0.5595606599999967
1.9630000000000012,0.5574266633996569
1.9640000000000013,0.5552291299999969
1.9650000000000007,0.5528576999999971
1.9660000000000013,0.5503998399999963
1.9670000000000012,0.5480359799999961
1.9680000000000013,0.5455348001179849
1.9690000000000007,0.5426048599999969
1.9700000000000013,0.5398155999999954
1.9710000000000012,0.5369217999999958
1.9720000000000013,0.5341607899999967
1.9730000000000008,0.5316954899999975
1.9740000000000013,0.5293794299999962
1.9750000000000012,0.5269821899999969
1.9760000000000013,0.5246366299999975
1.9770000000000008,0.5226814699999974
1.978000000000001,0.520749209999998
1.9790000000000012,0.5192572499999991
1.980000000000001,0.5186042199999992
1.9810000000000008,0.5179901386031394
1.982000000000001,0.5176761699999997
1.9830000000000012,0.5174291099999992
1.984000000000001,0.5168259699999996
1.9850000000000008,0.5165582300000002
1.986000000000001,0.5167402934886516
1.9870000000000012,0.5170751800000004
1.988000000000001,0.5173531200000003
1.9890000000000008,0.5176135300000003
1.990000000000001,0.5179610300000004
1.9910000000000012,0.5181992461783825
1.992000000000001,0.5183141800000005
1.9930000000000008,0.5187310600000004
1.994000000000001,0.5189818099999999
1.9950000000000012,0.5189260199999997
1.996000000000001,0.5186839942025794
1.9970000000000008,0.5186791399999995
1.9980000000000016,0.5182245399999985
1.9990000000000012,0.5171167299999982
2.0000000000000013,0.5157951099999977
2.001000000000001,0.5140674457758424
2.0020000000000016,0.5120252042241521
2.003000000000001,0.5099604099999973
2.0040000000000013,0.5079172852469479
2.005000000000001,0.5055697547530469
2.0060000000000016,0.502847429999995
2.007000000000001,0.5000503699999947
2.0080000000000013,0.497105762316533
2.009000000000001,0.49392892768346003
2.0100000000000016,0.4908005599999941
2.011000000000001,0.4874697738712197
2.0120000000000013,0.4837084861287687
2.013000000000001,0.4797713499999946
2.0140000000000016,0.47567483260047294
2.015000000000001,0.4714008373995137
2.0160000000000013,0.4668956999999938
2.017000000000001,0.4622111599999938
2.0180000000000016,0.4575238452849352
2.019000000000001,0.4526766947150498
2.0200000000000014,0.44788428999999386
2.021000000000001,0.44327820122275
2.0220000000000016,0.4385904287772375
2.023000000000001,0.4335879099999937
2.0240000000000014,0.4288261335762792
2.025000000000001,0.4241618964237104
2.0260000000000016,0.41954194999999217
2.027000000000001,0.4151267699999925
2.0280000000000014,0.4109300096760261
2.029000000000001,0.4067229899999947
2.0300000000000016,0.4027198899999934
2.031000000000001,0.3989873460847772
2.0320000000000014,0.3953481939152115
2.0330000000000013,0.3923008099999962
2.0340000000000016,0.3894523028824201
2.035000000000001,0.3872811271175732
2.0360000000000014,0.3861902699999989
2.0370000000000013,0.3853657922785437
2.0380000000000016,0.384888577721455
2.039000000000001,0.38487336000000055
2.0400000000000014,0.3852970300000009
2.0410000000000013,0.3859622286842646
2.0420000000000016,0.3872490713157388
2.043000000000001,0.3886817400000025
2.0440000000000014,0.3905656065906839
2.0450000000000013,0.39233151340932004
2.0460000000000016,0.3939182200000028
2.047000000000001,0.3955200533293364
2.0480000000000014,0.39695334667066795
2.0490000000000013,0.3981162600000013
2.0500000000000016,0.3990924400000021
2.051000000000001,0.4002346457794238
2.0520000000000014,0.4010068800000002
2.0530000000000013,0.4011820600000002
2.0540000000000016,0.4012905663537287
2.055000000000001,0.4009541036462703
2.0560000000000014,0.4006256799999997
2.0570000000000013,0.4003627027214554
2.0580000000000016,0.4000899172785439
2.059000000000001,0.3999587899999998
2.0600000000000014,0.3997753479504098
2.0610000000000013,0.3996548520495899
2.0620000000000016,0.39940171999999935
2.063000000000001,0.3990414399999996
2.0640000000000014,0.3986945160277938
2.0650000000000013,0.3981547939722048
2.0660000000000016,0.3974662099999985
2.067000000000001,0.3966352787102563
2.0680000000000014,0.3956223812897405
2.0690000000000013,0.39446341999999823
2.0700000000000016,0.3931272374455087
2.071000000000001,0.39170169255448706
2.0720000000000014,0.39015045999999776
2.0730000000000013,0.3884741999999977
2.0740000000000016,0.38677998618037895
2.075000000000001,0.3849417899999972
2.0760000000000014,0.3828290999999971
2.0770000000000013,0.3806510072125548
2.0780000000000016,0.3783231327874391
2.079000000000001,0.3759657699999968
2.0800000000000014,0.3735439300859785
2.0810000000000013,0.3709447899140133
2.0820000000000016,0.3684194399999953
2.083000000000001,0.3658087965826794
2.0840000000000014,0.3632746234173128
2.0850000000000013,0.3610667899999969
2.0860000000000016,0.3587081099999959
2.087000000000001,0.35640304325034594
2.0880000000000014,0.3539355467496464
2.0890000000000013,0.3509191299999962
2.0900000000000016,0.34805013533692797
2.091000000000001,0.3452035046630631
2.0920000000000014,0.3423628199999966
2.0930000000000013,0.3398243361767617
2.0940000000000016,0.33728610382323154
2.095000000000001,0.3347026699999965
2.0960000000000014,0.3320797999999965
2.0970000000000013,0.3294704839576011
2.0980000000000016,0.3268100599999966
2.099000000000001,0.32427215999999665
2.1000000000000014,0.3217711446270708
2.1010000000000013,0.3194174153729219
2.1020000000000016,0.31714650999999633
2.103000000000001,0.31508495737552195
2.104000000000001,0.3132587126244724
2.1050000000000013,0.3115377699999982
2.1060000000000016,0.3102016262447489
2.107000000000001,0.3088640737552469
2.108000000000001,0.30733471999999823
2.1090000000000013,0.30599143999999834
2.1100000000000017,0.304756105525893
2.111000000000001,0.3036113644741035
2.112000000000001,0.30277695999999893
2.1130000000000013,0.3020245248180355
2.1140000000000017,0.3012727051819625
2.115000000000001,0.30062821999999895
2.116000000000001,0.2998903955028984
2.1170000000000013,0.2992454244970996
2.1180000000000017,0.2984150399999987
2.119000000000001,0.2973975199999985
2.120000000000001,0.2962637476624655
2.1210000000000013,0.2950403723375307
2.1220000000000017,0.2935989499999969
2.1230000000000016,0.2918155519696032
2.124000000000001,0.2900352480303913
2.1250000000000013,0.2882099399999974
2.1260000000000017,0.2862431339142137
2.1270000000000016,0.28408227608577963
2.128000000000001,0.2820892599999966
2.1290000000000013,0.27955448001099537
2.1300000000000017,0.2774545899889991
2.1310000000000016,0.27573096999999785
2.132000000000001,0.2745180999999988
2.1330000000000013,0.2738699537932413
2.1340000000000017,0.27380788620675856
2.1350000000000016,0.2744641600000027
2.136000000000001,0.27596827921415995
2.1370000000000013,0.2777604207858455
2.1380000000000017,0.2803694600000046
2.1390000000000016,0.2829619339822083
2.140000000000001,0.2859017560178009
2.1410000000000013,0.2885359500000033
2.1420000000000017,0.2910451300000039
2.1430000000000016,0.2932680676064817
2.144000000000001,0.2951441323935241
2.1450000000000014,0.2966017100000013
2.1460000000000017,0.2975426460937825
2.1470000000000016,0.2983035839062199
2.148000000000001,0.2983141200000001
2.1490000000000014,0.29835748457008626
2.1500000000000017,0.2986031854299144
2.1510000000000016,0.29871476000000025
2.152000000000001,0.2988380500000002
2.1530000000000014,0.2989214016648337
2.1540000000000017,0.29890965999999985
2.1550000000000016,0.2988141199999997
2.156000000000001,0.29864258888322304
2.1570000000000014,0.29843142111677634
2.1580000000000017,0.29816615999999896
2.1590000000000016,0.2975898656208753
2.160000000000001,0.29724607437912365
2.1610000000000014,0.2971877799999999
2.1620000000000017,0.2970865481293737
2.1630000000000016,0.29686784187062554
2.164000000000001,0.2969908700000002
2.1650000000000014,0.2971258200000005
2.1660000000000017,0.29751561280644034
2.1670000000000016,0.2985436771935628
2.168000000000001,0.2997281600000016
2.1690000000000014,0.3008960733023412
2.1700000000000017,0.3023290966976626
2.1710000000000016,0.3043203100000034
2.172000000000001,0.30625418342531835
2.1730000000000014,0.30838843657468823
2.1740000000000017,0.3104669200000036
2.1750000000000016,0.3125056600000033
2.176000000000001,0.3143598345825445
2.1770000000000014,0.315911470000002
2.1780000000000017,0.3174016500000025
2.1790000000000016,0.31882047295441096
2.180000000000001,0.31995001704559256
2.1810000000000014,0.3210349400000015
2.1820000000000017,0.32217167701659843
2.1830000000000016,0.3232418429834049
2.184000000000001,0.3240024700000013
2.1850000000000014,0.32494321682463645
2.1860000000000017,0.3261114631753672
2.1870000000000016,0.3272789100000021
2.188000000000001,0.3284972300000017
2.1890000000000014,0.32982703398820395
2.1900000000000017,0.3312669160118004
2.1910000000000016,0.3326557900000027
2.192000000000001,0.3341497802449534
2.1930000000000014,0.3356522297550512
2.1940000000000017,0.3369543000000024
2.1950000000000016,0.33830637353729504
2.196000000000001,0.33984174646270976
2.1970000000000014,0.3413494200000019
2.1980000000000017,0.3427486400000026
2.1990000000000016,0.344207279597043
2.200000000000001,0.34590325000000205
2.2010000000000014,0.3474561600000019
2.2020000000000017,0.3488787003409341
2.2030000000000016,0.3502821096590703
2.204000000000001,0.35164258000000137
2.2050000000000014,0.3526896809828054
2.2060000000000017,0.3538995090171989
2.2070000000000016,0.35551539000000243
2.208000000000001,0.3568843851269765
2.2090000000000014,0.3580356548730271
2.2100000000000017,0.35923517000000194
2.2110000000000016,0.3603190800000017
2.212000000000001,0.3612727138252368
2.2130000000000014,0.3624109661747668
2.2140000000000017,0.3633553700000007
2.2150000000000016,0.3637623427724464
2.216000000000001,0.3642900672275553
2.2170000000000014,0.3649762900000008
2.2180000000000017,0.36556783380024105
2.2190000000000016,0.36620583619976105
2.220000000000001,0.3668308300000005
2.2210000000000014,0.36716914000000056
2.2220000000000018,0.3676060889091104
2.2230000000000016,0.3683951800000009
2.224000000000001,0.3690420700000008
2.2250000000000014,0.36963405548390416
2.2260000000000018,0.3701888945160979
2.2270000000000016,0.3706711800000005
2.228000000000001,0.3709438753899226
2.229000000000001,0.3712977746100785
2.2300000000000018,0.371403429999999
2.2310000000000016,0.37083917613177264
2.232000000000001,0.3702004938682254
2.233000000000001,0.3697061499999989
2.2340000000000018,0.368887129999998
2.2350000000000017,0.3677468243871206
2.236000000000001,0.3664906956128756
2.237000000000001,0.3650933499999977
2.2380000000000018,0.3633404203609246
2.2390000000000017,0.3613440296390692
2.240000000000001,0.3593343499999971
2.241000000000001,0.35710569316536245
2.2420000000000018,0.3543373468346277
2.2430000000000017,0.3515092999999965
2.244000000000001,0.34889643999999603
2.245000000000001,0.3458935551539638
2.2460000000000018,0.3425450948460243
2.2470000000000017,0.3389832999999929
2.2480000000000016,0.3350030222335465
2.249000000000001,0.33082535776644045
2.2500000000000018,0.32631030999999194
2.2510000000000017,0.3217730247810361
2.2520000000000016,0.3170208352189491
2.253000000000001,0.3123672899999935
2.2540000000000022,0.3074322971695589
2.2550000000000017,0.3030039928304273
2.2560000000000016,0.29849132999999345
2.257000000000001,0.2947973599999948
2.2580000000000022,0.2918657660797807
2.2590000000000017,0.2898265639202129
2.2600000000000016,0.2892115099999999
2.261000000000001,0.2891505352129593
2.2620000000000022,0.2903026647870448
2.2630000000000017,0.2917772200000035
2.2640000000000016,0.2937316211587715
2.265000000000001,0.29574320884123473
2.2660000000000022,0.29843429000000393
2.2670000000000017,0.30068195000000364
2.2680000000000016,0.30274217832033834
2.269000000000001,0.3042253816796663
2.2700000000000022,0.3049932699999999
2.2710000000000017,0.30497636157668306
2.2720000000000016,0.3039921284233139
2.273000000000001,0.3019292399999968
2.2740000000000022,0.2995397950159909
2.2750000000000017,0.2958899549839977
2.2760000000000016,0.2926171999999938
2.277000000000001,0.28912320999999536
2.2780000000000022,0.28650414190680423
2.2790000000000017,0.284493059999998
2.2800000000000016,0.2833315100000004
2.281000000000001,0.28354455043891336
2.2820000000000022,0.28424893956108915
2.2830000000000017,0.28605664000000314
2.2840000000000016,0.28783998507498904
2.285000000000001,0.2902907349250186
2.2860000000000023,0.2922743900000029
2.2870000000000017,0.2938876504689082
2.2880000000000016,0.2950923395310956
2.289000000000001,0.29561943000000035
2.2900000000000023,0.29585396999999936
2.2910000000000017,0.29548297086582603
2.2920000000000016,0.29499162913417243
2.293000000000001,0.2942766199999988
2.2940000000000023,0.29338082644071084
2.2950000000000017,0.2927452335592872
2.2960000000000016,0.2916108399999969
2.297000000000001,0.28986869881523386
2.2980000000000023,0.2879568511847593
2.2990000000000017,0.28563913999999524
2.3000000000000016,0.28295993999999525
2.301000000000001,0.2802571102829677
2.3020000000000023,0.2771208599999937
2.3030000000000017,0.27355360999999284
2.3040000000000016,0.2695247018346251
2.305000000000001,0.26454304816535945
2.3060000000000023,0.2596418599999893
2.3070000000000017,0.25363371178363475
2.3080000000000016,0.24835154821634886
2.309000000000001,0.2435855699999948
2.3100000000000023,0.2396918759068139
2.3110000000000017,0.23675094409317565
2.3120000000000016,0.2349407499999989
2.313000000000001,0.23432630000000065
2.3140000000000023,0.23483095337632806
2.3150000000000017,0.2368647166236792
2.3160000000000016,0.23983584000000846
2.317000000000001,0.2445891370725937
2.3180000000000023,0.24965986292742434
2.3190000000000017,0.2559279500000109
2.3200000000000016,0.26205749534194184
2.321000000000001,0.2684109146580779
2.3220000000000023,0.2741220900000088
2.3230000000000017,0.2791037000000076
2.3240000000000016,0.2833547299250123
2.325000000000001,0.2863539800000031
2.3260000000000023,0.2886684500000026
2.3270000000000017,0.2901141907308553
2.3280000000000016,0.2910214992691475
2.329000000000001,0.2916290800000005
2.3300000000000023,0.29200783956508897
2.3310000000000017,0.2930034904349149
2.3320000000000016,0.29432499000000256
2.333000000000001,0.2957734625744877
2.3340000000000023,0.2973992074255181
2.3350000000000017,0.2988407000000015
2.3360000000000016,0.2996958500000022
2.337000000000001,0.30094381902919703
2.3380000000000023,0.3027341109708093
2.3390000000000017,0.30424652000000285
2.3400000000000016,0.305833582882426
2.341000000000001,0.3073624071175788
2.3420000000000023,0.30833954000000224
2.3430000000000017,0.3095878223915248
2.3440000000000016,0.3115117376084812
2.345000000000001,0.3130205300000021
2.3460000000000023,0.3145749300000017
2.3470000000000018,0.3155415935086495
2.3480000000000016,0.3157766799999997
2.349000000000001,0.31556549999999883
2.350000000000002,0.31470635325834595
2.3510000000000018,0.3135389367416494
2.3520000000000016,0.3115715999999969
2.353000000000001,0.30981838145070684
2.354000000000002,0.3079328885492865
2.3550000000000018,0.3063460299999981
2.3560000000000016,0.3052927378314321
2.357000000000001,0.3042710521685648
2.358000000000002,0.3037822499999984
2.3590000000000018,0.30291300999999776
2.3600000000000017,0.3016764543071367
2.361000000000001,0.3005195256928597
2.362000000000002,0.2988933599999973
2.3630000000000018,0.29740140648270114
2.3640000000000017,0.2959662335172944
2.365000000000001,0.29484468999999897
2.366000000000002,0.2940590068196348
2.3670000000000018,0.2934272031803627
2.3680000000000017,0.29287162000000017
2.369000000000001,0.29298466000000106
2.370000000000002,0.2937784435872843
2.3710000000000018,0.2946143164127191
2.3720000000000017,0.29604694000000314
2.3730000000000016,0.2978342073555311
2.374000000000002,0.2992077626444738
2.3750000000000018,0.30108494000000563
2.3760000000000017,0.30425157523495777
2.3770000000000016,0.3072039247650514
2.378000000000002,0.31026465000000497
2.3790000000000022,0.3131115179984041
2.3800000000000017,0.31549150200160325
2.3810000000000016,0.3178599500000043
2.382000000000002,0.3202620700000048
2.3830000000000022,0.3224085632623505
2.3840000000000017,0.3242411867376552
2.3850000000000016,0.32606179000000285
2.386000000000002,0.3276605624475136
2.3870000000000022,0.32918503755249245
2.3880000000000017,0.3307319300000029
2.3890000000000016,0.3323429202289561
2.390000000000002,0.3335452097710481
2.3910000000000022,0.3351564100000036
2.3920000000000017,0.33716965000000426
2.3930000000000016,0.3395656088122424
2.394000000000002,0.3425537311877683
2.3950000000000022,0.34560424000000783
2.3960000000000017,0.3499979841731704
2.3970000000000016,0.3531397158268393
2.398000000000002,0.35496756000000296
2.3990000000000022,0.3566342731063794
2.4000000000000017,0.3570653368936219
2.4010000000000016,0.3570483900000005
2.402000000000001,0.3573503199999997
2.4030000000000022,0.3571518898430153
2.4040000000000017,0.35554664999999724
2.4050000000000016,0.3539856399999966
2.406000000000002,0.3520680615356902
2.4070000000000022,0.35078341846430466
2.4080000000000017,0.3495520399999995
2.4090000000000016,0.34925726647670674
2.410000000000001,0.35052203352329725
2.4110000000000023,0.3520315300000044
2.4120000000000017,0.3544871760257986
2.4130000000000016,0.3568474339742087
2.414000000000002,0.35946056000000404
2.4150000000000023,0.3617366600000034
2.4160000000000017,0.3636824222595505
2.4170000000000016,0.3652050177404542
2.418000000000001,0.3658563200000011
2.4190000000000023,0.3666915989872037
2.4200000000000017,0.3673814710127985
2.4210000000000016,0.3687152300000031
2.422000000000002,0.3704380459348138
2.4230000000000023,0.3707973940651877
2.4240000000000017,0.3709934899999994
2.4250000000000016,0.3706817899999976
2.426000000000001,0.3693031278662113
2.4270000000000023,0.36837642999999815
2.4280000000000017,0.3673578499999976
2.4290000000000016,0.3660017963637251
2.430000000000002,0.3646654336362701
2.4310000000000023,0.3634735899999991
2.4320000000000017,0.3629701640841826
2.4330000000000016,0.3626110059158163
2.434000000000001,0.3626158800000017
2.4350000000000023,0.36386671054789177
2.4360000000000017,0.3646721894521112
2.4370000000000016,0.3648324300000018
2.438000000000002,0.3658701500000017
2.4390000000000023,0.36684970970506026
2.4400000000000017,0.3676467602949425
2.4410000000000016,0.36947075000000296
2.442000000000001,0.371149001122776
2.4430000000000023,0.3714602288772251
2.4440000000000017,0.3715131600000005
2.4450000000000016,0.3717657165476903
2.446000000000002,0.3716311934523093
2.4470000000000023,0.3704851299999964
2.4480000000000017,0.3684495099999936
2.4490000000000016,0.3648604305669384
2.450000000000001,0.3617660999999983
2.4510000000000023,0.3605288599999967
2.4520000000000017,0.358671290078982
2.4530000000000016,0.3572720799210137
2.454000000000002,0.3549372299999924
2.4550000000000023,0.35066230184462205
2.4560000000000017,0.3462807481553604
2.4570000000000016,0.3395602999999893
2.458000000000001,0.3335276553059321
2.4590000000000023,0.3293807146940532
2.4600000000000017,0.3244476299999932
2.4610000000000016,0.32059624999999226
2.462000000000002,0.3162119912407389
2.4630000000000023,0.30992439875923594
2.4640000000000017,0.30334400999998623
2.4650000000000016,0.29558422171764426
2.466000000000001,0.2880013982823322
2.4670000000000023,0.279803869999987
2.4680000000000017,0.2724903897890317
2.4690000000000016,0.2659882802109481
2.470000000000002,0.2603062099999941
2.4710000000000023,0.25698577999999395
2.4720000000000018,0.2535649183741543
2.4730000000000016,0.2484486599999975
2.474000000000001,0.2465753300000034
2.475000000000002,0.24911612339332384
2.4760000000000018,0.250350056606681
2.4770000000000016,0.2544453700000066
2.478000000000002,0.25816131433413386
2.479000000000002,0.2585046556658675
2.4800000000000018,0.26199186000000785
2.4810000000000016,0.2663904468726295
2.482000000000001,0.2688591731273782
2.483000000000002,0.2702014399999962
2.4840000000000018,0.2680554999999973
2.4850000000000017,0.2665288744961013
2.486000000000002,0.2668738355038999
2.487000000000002,0.2681050000000037
2.4880000000000018,0.270172439694062
2.4890000000000017,0.2706693803059396
2.490000000000001,0.2671583299999894
2.491000000000002,0.2592024830073832
2.4920000000000018,0.251732556992587
2.4930000000000017,0.2445151799999916
2.494000000000002,0.23819780000000024
2.495000000000002,0.23832853659968475
2.4960000000000018,0.24059453340032436
2.4970000000000017,0.2410140300000119
2.4980000000000016,0.24771894592081806
2.499000000000002,0.2490781540791868
2.5000000000000018,0.24907815
2.5010000000000017,0.24907815
2.502000000000002,0.24907815
2.503000000000002,0.24907815
2.5040000000000022,0.24907815
2.5050000000000017,0.24907815
2.5060000000000016,0.24907815
2.507000000000002,0.24907815
2.5080000000000022,0.24907815
2.5090000000000017,0.24907815
2.510000000000002,0.24907815
2.511000000000002,0.24907815
2.5120000000000022,0.24907815
2.5130000000000017,0.24907815
2.5140000000000016,0.24907815
2.515000000000002,0.24907815
2.5160000000000022,0.24907815
2.5170000000000017,0.24907815
2.518000000000002,0.24907815
2.519000000000002,0.24907815
2.5200000000000022,0.24907815
2.5210000000000017,0.24907815
2.5220000000000016,0.24907815
2.523000000000002,0.24907815
2.5240000000000022,0.24907815
2.5250000000000017,0.24907815
2.526000000000002,0.24907815
2.527000000000002,0.24907815
2.5280000000000022,0.24907815
2.5290000000000017,0.24907815
2.5300000000000016,0.24907815
2.531000000000002,0.24907815
2.5320000000000022,0.24907815
2.5330000000000017,0.24907815
2.534000000000002,0.24907815
2.535000000000002,0.24907815
2.5360000000000023,0.24907815
2.5370000000000017,0.24907815
2.5380000000000016,0.24907815
2.539000000000002,0.24907815
2.5400000000000023,0.24907815
2.5410000000000017,0.24907815
2.542000000000002,0.24907815
2.543000000000002,0.24907815
2.5440000000000023,0.24907815
2.5450000000000017,0.24907815
2.5460000000000016,0.24907815
2.547000000000002,0.24907815
2.5480000000000023,0.24907815
2.5490000000000017,0.24907815
2.550000000000002,0.24907815
2.551000000000002,0.24907815
2.5520000000000023,0.24907815
2.5530000000000017,0.24907815
2.5540000000000016,0.24907815
2.555000000000002,0.24907815
2.5560000000000023,0.24907815
2.5570000000000017,0.24907815
2.558000000000002,0.24907815
2.559000000000002,0.24907815
2.5600000000000023,0.24907815
2.5610000000000017,0.24907815
2.5620000000000016,0.24907815
2.563000000000002,0.24907815
2.5640000000000023,0.24907815
2.5650000000000017,0.24907815
2.566000000000002,0.24907815
2.567000000000002,0.24907815
2.5680000000000023,0.24907815
2.5690000000000017,0.24907815
2.5700000000000016,0.24907815
2.571000000000002,0.24907815
2.5720000000000023,0.24907815
2.5730000000000017,0.24907815
2.574000000000002,0.24907815
2.575000000000002,0.24907815
2.5760000000000023,0.24907815
2.5770000000000017,0.24907815
2.5780000000000016,0.24907815
2.579000000000002,0.24907815
2.5800000000000023,0.24907815
2.5810000000000017,0.24907815
2.582000000000002,0.24907815
2.583000000000002,0.24907815
2.5840000000000023,0.24907815
2.5850000000000017,0.24907815
2.5860000000000016,0.24907815
2.587000000000002,0.24907815
2.5880000000000023,0.24907815
2.5890000000000017,0.24907815
2.590000000000002,0.24907815
2.591000000000002,0.24907815
2.5920000000000023,0.24907815
2.5930000000000017,0.24907815
2.5940000000000016,0.24907815
2.595000000000002,0.24907815
2.5960000000000023,0.24907815
2.5970000000000018,0.24907815
2.598000000000002,0.24907815
2.599000000000002,0.24907815
