Model: , Shkurtov mixing model of optical constants
Timestamp: ,2022-09-20 10:28:47
,Compound,Molecular Formula,Grainsize (micron),Concentration (%),Measurement Temperature,Wavelength,"Author,Year",DOI
0,Tholin He 21,N2-CH4,100,100.0,100K,0.4 to 3.5 micron ,"He, 2021",

wave,Tholin He 21
0.4,0.02770748737001938
0.401,0.027795287891649423
0.402,0.02748773532467652
0.40299999999999997,0.02712089726256295
0.40399999999999997,0.026726142104561035
0.405,0.02638643635052773
0.406,0.02596516856495157
0.407,0.02558478576997203
0.408,0.02526315465356177
0.409,0.02485962457210178
0.41,0.024568711280004152
0.411,0.024295349376767916
0.412,0.024045949978539483
0.413,0.023815836461746898
0.414,0.02361636175552917
0.415,0.023436340191562266
0.416,0.02324371095520661
0.417,0.0230965218936241
0.418,0.022916775430413594
0.419,0.02280751749709964
0.42,0.022681273082028497
0.421,0.022556271506346093
0.422,0.022418797712859373
0.423,0.02233172548861262
0.424,0.022209758986765138
0.425,0.022099508168906823
0.4260000000000001,0.02198958270701823
0.4270000000000001,0.021899198026961386
0.4280000000000001,0.021807965182247813
0.4290000000000001,0.021717680601284428
0.4300000000000001,0.021658827909828204
0.4310000000000001,0.021571853129898955
0.4320000000000001,0.021502007507262277
0.4330000000000001,0.021430822473529787
0.4340000000000001,0.02138315861304463
0.4350000000000001,0.021329804910841688
0.4360000000000001,0.021234369269386377
0.4370000000000001,0.021163530661876706
0.4380000000000001,0.021102594310377754
0.4390000000000001,0.021042220625108854
0.4400000000000001,0.020978569726555207
0.4410000000000001,0.0209203095459074
0.4420000000000001,0.020858921363501537
0.4430000000000001,0.020803624331239945
0.4440000000000001,0.020755752541244732
0.4450000000000001,0.02071117982152515
0.4460000000000001,0.02065959849341681
0.4470000000000001,0.02060954855419439
0.4480000000000001,0.020562049161057416
0.4490000000000001,0.020528035912597886
0.4500000000000001,0.0204748759419644
0.4510000000000001,0.020435223425259608
0.4520000000000001,0.02039383644754622
0.4530000000000001,0.020350373351917028
0.4540000000000001,0.02031389214745616
0.4550000000000001,0.02027266763986546
0.4560000000000001,0.020235684035050383
0.4570000000000001,0.020197675196904186
0.4580000000000001,0.020163089038145898
0.4590000000000001,0.020127860579052026
0.4600000000000001,0.02009576241815836
0.4610000000000001,0.020054648144963494
0.4620000000000001,0.020028478235747826
0.4630000000000001,0.019988918002002976
0.4640000000000001,0.019956597544826593
0.4650000000000001,0.01992523151523784
0.4660000000000001,0.019897372167083205
0.4670000000000001,0.019870492675448048
0.4680000000000001,0.01983387512536794
0.4690000000000001,0.019804755032016175
0.4700000000000001,0.019772729610416206
0.4710000000000001,0.019742148442738028
0.4720000000000001,0.01971953965873041
0.4730000000000001,0.019690750534003598
0.4740000000000001,0.019667630366132727
0.4750000000000001,0.01964233451021613
0.4760000000000001,0.019611345615356157
0.4770000000000001,0.01958721376169592
0.4780000000000001,0.01956046995168137
0.4790000000000001,0.019537039429462055
0.4800000000000001,0.019515140350858218
0.4810000000000001,0.019489052216144387
0.4820000000000001,0.01946478304061472
0.4830000000000001,0.019440445697291864
0.4840000000000001,0.01941780914500768
0.4850000000000001,0.01939901689615553
0.4860000000000001,0.01937513588635298
0.4870000000000001,0.019352120098119485
0.4880000000000001,0.019327641965045217
0.4890000000000001,0.019308509880769265
0.4900000000000001,0.019284962546205264
0.4910000000000001,0.019265895886732665
0.4920000000000001,0.01924562689704956
0.4930000000000001,0.019225931596732693
0.4940000000000001,0.019208642352552374
0.4950000000000001,0.019186304329341652
0.4960000000000001,0.0191634794974469
0.4970000000000001,0.019145119175085767
0.4980000000000001,0.019126079309163657
0.4990000000000001,0.019106483307957944
0.5000000000000001,0.019086513717933684
0.5010000000000001,0.01906749459334023
0.5020000000000001,0.019050232841664183
0.5030000000000001,0.019031337990227826
0.5040000000000001,0.01901529935668833
0.5050000000000001,0.01899622020738434
0.5060000000000001,0.018978413238130543
0.5070000000000001,0.018958047644662912
0.5080000000000001,0.018941822529402685
0.5090000000000001,0.018924518902554865
0.5100000000000001,0.018907438707401525
0.5110000000000001,0.018888875629393453
0.5120000000000001,0.018872228261173518
0.5130000000000001,0.018856926826611442
0.5140000000000001,0.018838174773044614
0.5150000000000001,0.01882184404146514
0.5160000000000001,0.018804857847154466
0.5170000000000001,0.01878901259564003
0.5180000000000001,0.018772395602173475
0.5190000000000001,0.018755650375076982
0.5200000000000001,0.018739866130008664
0.5210000000000001,0.018723598798068508
0.5220000000000001,0.018706742658942233
0.5230000000000001,0.018691753254156396
0.5240000000000001,0.018676765990566224
0.5250000000000001,0.01865946064264179
0.5260000000000001,0.018644090535843816
0.5270000000000001,0.01862928446943002
0.5280000000000001,0.018613752238394454
0.5290000000000001,0.01859956382970651
0.5300000000000001,0.01858403428521882
0.5310000000000001,0.01856926068847642
0.5320000000000001,0.018553857216435432
0.5330000000000001,0.018539229801927348
0.5340000000000001,0.01852457026650356
0.5350000000000001,0.018509929170573258
0.5360000000000001,0.018495921654810843
0.5370000000000001,0.018481461108795116
0.5380000000000001,0.018467193009708893
0.5390000000000001,0.0184539115294875
0.5400000000000001,0.018439634637253732
0.5410000000000001,0.018425559616627396
0.5420000000000001,0.018412176687952808
0.5430000000000001,0.01839860378044733
0.5440000000000002,0.018385015449684516
0.5450000000000002,0.018372212231827945
0.5460000000000002,0.018358768072971543
0.5470000000000002,0.018345592143756306
0.5480000000000002,0.018332032330160786
0.5490000000000002,0.018319547263342173
0.5500000000000002,0.01830662564358221
0.5510000000000002,0.018293991979792423
0.5520000000000002,0.01828151884658169
0.5530000000000002,0.018268847337239436
0.5540000000000002,0.018256112312027284
0.5550000000000002,0.01824408697812885
0.5560000000000002,0.018232005331601187
0.5570000000000002,0.018219837057163346
0.5580000000000002,0.018207399917336886
0.5590000000000002,0.018195401535262334
0.5600000000000002,0.01818394163305115
0.5610000000000002,0.01817234536419221
0.5620000000000002,0.018159868591844486
0.5630000000000002,0.018148659217143148
0.5640000000000002,0.01813683164596469
0.5650000000000002,0.018124789647252726
0.5660000000000002,0.01811408656795166
0.5670000000000002,0.018103133627374035
0.5680000000000002,0.018091694340434117
0.5690000000000002,0.018080056833628788
0.5700000000000002,0.018069715075910153
0.5710000000000002,0.018058442785410023
0.5720000000000002,0.018047267891660113
0.5730000000000002,0.018037063365952122
0.5740000000000002,0.01802588856271825
0.5750000000000002,0.018015306321167657
0.5760000000000002,0.018004348474558896
0.5770000000000002,0.017994195152851944
0.5780000000000002,0.017984003314044372
0.5790000000000002,0.017973731260617853
0.5800000000000002,0.017963493308510436
0.5810000000000002,0.017952973091315272
0.5820000000000002,0.01794330748102979
0.5830000000000002,0.01793343039602746
0.5840000000000002,0.01792459230657073
0.5850000000000002,0.017914194075054013
0.5860000000000002,0.017904975187992278
0.5870000000000002,0.01789476922161981
0.5880000000000002,0.017885601390126737
0.5890000000000002,0.01787580053395743
0.5900000000000002,0.017866067595818436
0.5910000000000002,0.01785696227928213
0.5920000000000002,0.017847498413171792
0.5930000000000002,0.01783870895865647
0.5940000000000002,0.017829253354634034
0.5950000000000002,0.017820228377875225
0.5960000000000002,0.01781136572419939
0.5970000000000002,0.01780272029426655
0.5980000000000002,0.017793775539821866
0.5990000000000002,0.017784821637725656
0.6000000000000002,0.017776322294697167
0.6010000000000002,0.017767576927745665
0.6020000000000002,0.01775889017175558
0.6030000000000002,0.017750946610490814
0.6040000000000002,0.017741952670572658
0.6050000000000002,0.017733935634542064
0.6060000000000002,0.017725552762517083
0.6070000000000002,0.017717918828946466
0.6080000000000002,0.01770942933886488
0.6090000000000002,0.01770149127674614
0.6100000000000002,0.01769350989680163
0.6110000000000002,0.017685369596488698
0.6120000000000002,0.017677568160834767
0.6130000000000002,0.01766976742059967
0.6140000000000002,0.017662186433067717
0.6150000000000002,0.017654110298302328
0.6160000000000002,0.017646731226179213
0.6170000000000002,0.017639032024057144
0.6180000000000002,0.017631476803622093
0.6190000000000002,0.01762402620888892
0.6200000000000002,0.017616369489292794
0.6210000000000002,0.017609514648562197
0.6220000000000002,0.017602010002896407
0.6230000000000002,0.01759483572223175
0.6240000000000002,0.017587387293193757
0.6250000000000002,0.017580437216743405
0.6260000000000002,0.017573434623201933
0.6270000000000002,0.017566483993725512
0.6280000000000002,0.01755972198995437
0.6290000000000002,0.01755236730566878
0.6300000000000002,0.01754568388824751
0.6310000000000002,0.017539175065383716
0.6320000000000002,0.017533799428200325
0.6330000000000002,0.017525159858841732
0.6340000000000002,0.0175176427557453
0.6350000000000002,0.017511585201184232
0.6360000000000002,0.017505305472980126
0.6370000000000002,0.01749892023558175
0.6380000000000002,0.017492158677995917
0.6390000000000002,0.017485914799717506
0.6400000000000002,0.017479574431646938
0.6410000000000002,0.017473078452248103
0.6420000000000002,0.017466781959019073
0.6430000000000002,0.017460572389936146
0.6440000000000002,0.017454677880294867
0.6450000000000002,0.01744853230200505
0.6460000000000002,0.017442166359671774
0.6470000000000002,0.017436193281003654
0.6480000000000002,0.017430245520380083
0.6490000000000002,0.017424345667947705
0.6500000000000002,0.017418167007413388
0.6510000000000002,0.017411962730818686
0.6520000000000002,0.017406138432949803
0.6530000000000002,0.01740054480868025
0.6540000000000002,0.01739465821681563
0.6550000000000002,0.017388699900550364
0.6560000000000002,0.01738311137843951
0.6570000000000003,0.017377417327182343
0.6580000000000003,0.017371680071200046
0.6590000000000003,0.01736625364643629
0.6600000000000003,0.01736033693055461
0.6610000000000003,0.017355079323053246
0.6620000000000003,0.01734935470252097
0.6630000000000003,0.017343914098017166
0.6640000000000003,0.01733847238445918
0.6650000000000003,0.0173330495192765
0.6660000000000003,0.017327580304694834
0.6670000000000003,0.017322130876546993
0.6680000000000003,0.01731690762501259
0.6690000000000003,0.01731164615500802
0.6700000000000003,0.017306415980346657
0.6710000000000003,0.01730090879642887
0.6720000000000003,0.017295947096148012
0.6730000000000003,0.01729072795894737
0.6740000000000003,0.0172856641662662
0.6750000000000003,0.017280327711272747
0.6760000000000003,0.017275456177976878
0.6770000000000003,0.01727031275568791
0.6780000000000003,0.017265467191041495
0.6790000000000003,0.01726029400705187
0.6800000000000003,0.01725558560284668
0.6810000000000003,0.01725057183907097
0.6820000000000003,0.017245712323894935
0.6830000000000003,0.017240675914820258
0.6840000000000003,0.017235924440498707
0.6850000000000003,0.01723124908463447
0.6860000000000003,0.017226357960378635
0.6870000000000003,0.01722155029924366
0.6880000000000003,0.017217023240363005
0.6890000000000003,0.01721246389874409
0.6900000000000003,0.01720784708408374
0.6910000000000003,0.01720417679427655
0.6920000000000003,0.017198477398224554
0.6930000000000003,0.017192842132807584
0.6940000000000003,0.017188943213046315
0.6950000000000003,0.017184377729968503
0.6960000000000003,0.017180232507403304
0.6970000000000003,0.017175688072683215
0.6980000000000003,0.017171277753693204
0.6990000000000003,0.0171669669801382
0.7000000000000003,0.017162449117027023
0.7010000000000003,0.017158330581864334
0.7020000000000003,0.017153803106992882
0.7030000000000003,0.01714941270160608
0.7040000000000003,0.017145156958481067
0.7050000000000003,0.017141011782292992
0.7060000000000003,0.01713669555584474
0.7070000000000003,0.01713252780245611
0.7080000000000003,0.017128383546850756
0.7090000000000003,0.017124096684156598
0.7100000000000003,0.017119971758312147
0.7110000000000003,0.01711591089790332
0.7120000000000003,0.017111939104715645
0.7130000000000003,0.01710768364517179
0.7140000000000003,0.017103488371628117
0.7150000000000003,0.017099325966817958
0.7160000000000003,0.017095434023751466
0.7170000000000003,0.01709140661887787
0.7180000000000003,0.017087311515268766
0.7190000000000003,0.017083311115843713
0.7200000000000003,0.01707941916876976
0.7210000000000003,0.01707550503829225
0.7220000000000003,0.01707163530423017
0.7230000000000003,0.017067738041461666
0.7240000000000003,0.017063713194644947
0.7250000000000003,0.017059942304793907
0.7260000000000003,0.01705614037896197
0.7270000000000003,0.017052258277772125
0.7280000000000003,0.01704842691997399
0.7290000000000003,0.017044717376833773
0.7300000000000003,0.0170408998711693
0.7310000000000003,0.017037183638592523
0.7320000000000003,0.017033384644314253
0.7330000000000003,0.017029768138527857
0.7340000000000003,0.017025845237480297
0.7350000000000003,0.01702240501459329
0.7360000000000003,0.01701883678659044
0.7370000000000003,0.017015206936349614
0.7380000000000003,0.017011549522937486
0.7390000000000003,0.01700792326871081
0.7400000000000003,0.01700432632313209
0.7410000000000003,0.017000784199787233
0.7420000000000003,0.01699731529235393
0.7430000000000003,0.016993897530184654
0.7440000000000003,0.01699029315273748
0.7450000000000003,0.016986997821827998
0.7460000000000003,0.016983341246707084
0.7470000000000003,0.01697999492381186
0.7480000000000003,0.016976583221421038
0.7490000000000003,0.016973181041070262
0.7500000000000003,0.01696989089148815
0.7510000000000003,0.01696641176106084
0.7520000000000003,0.016963031423976815
0.7530000000000003,0.01695974903081776
0.7540000000000003,0.016956526907481617
0.7550000000000003,0.016953169348845165
0.7560000000000003,0.016949964486457247
0.7570000000000003,0.016946633769382657
0.7580000000000003,0.016943567141645133
0.7590000000000003,0.016940313988012434
0.7600000000000003,0.01693714507977262
0.7610000000000003,0.016933844364906747
0.7620000000000003,0.016930874630457282
0.7630000000000003,0.016927637550224972
0.7640000000000003,0.016924586071745296
0.7650000000000003,0.016921396800086086
0.7660000000000003,0.016918394235009515
0.7670000000000003,0.016915222974059674
0.7680000000000003,0.016912354312761835
0.7690000000000003,0.016909350041544258
0.7700000000000004,0.016906220947422668
0.7710000000000004,0.016903304442880795
0.7720000000000004,0.016900307069384723
0.7730000000000004,0.016897214100509927
0.7740000000000004,0.016894452573001928
0.7750000000000004,0.0168914830665301
0.7760000000000004,0.016888591209855974
0.7770000000000004,0.016885611686582536
0.7780000000000004,0.016882683005007948
0.7790000000000004,0.016880061731757934
0.7800000000000004,0.016876942296701003
0.7810000000000004,0.016874140635252388
0.7820000000000004,0.016871298427098225
0.7830000000000004,0.016868556643917287
0.7840000000000004,0.016865786207503675
0.7850000000000004,0.016862979711614656
0.7860000000000004,0.01686026816243924
0.7870000000000004,0.016857529885299982
0.7880000000000004,0.016854698274315183
0.7890000000000004,0.016851971102656904
0.7900000000000004,0.016849156734934922
0.7910000000000004,0.016846289439069295
0.7920000000000004,0.01684363179236925
0.7930000000000004,0.016840983741154503
0.7940000000000004,0.016838307658485263
0.7950000000000004,0.01683558283512454
0.7960000000000004,0.016833049826860957
0.7970000000000004,0.016830225569943735
0.7980000000000004,0.016827505252440034
0.7990000000000004,0.01682499938210924
0.8000000000000004,0.01682240172266347
0.8010000000000004,0.016819630738169167
0.8020000000000004,0.01681713328259704
0.8030000000000004,0.01681454562852025
0.8040000000000004,0.016811920234342637
0.8050000000000004,0.01680933466550627
0.8060000000000004,0.01680678173279304
0.8070000000000004,0.016804168239580974
0.8080000000000004,0.016801545088807046
0.8090000000000004,0.01679913898605534
0.8100000000000004,0.0167967105269895
0.8110000000000004,0.016794185597575506
0.8120000000000004,0.016791568794467082
0.8130000000000004,0.016789042431817336
0.8140000000000004,0.016786595841256968
0.8150000000000004,0.016784114352454083
0.8160000000000004,0.01678179513758593
0.8170000000000004,0.016779346603200906
0.8180000000000004,0.016776935204738663
0.8190000000000004,0.01677455569891606
0.8200000000000004,0.01677204302770008
0.8210000000000004,0.016769648134392412
0.8220000000000004,0.016767366056420485
0.8230000000000004,0.01676500547229054
0.8240000000000004,0.016762549685218175
0.8250000000000004,0.016760155533731336
0.8260000000000004,0.016757907558837104
0.8270000000000004,0.016755587261187088
0.8280000000000004,0.016753231197476737
0.8290000000000004,0.0167509497137317
0.8300000000000004,0.016748527593787088
0.8310000000000004,0.016746454945767653
0.8320000000000004,0.0167440937008827
0.8330000000000004,0.01674194297117282
0.8340000000000004,0.016739736114288917
0.8350000000000004,0.016737419408428877
0.8360000000000004,0.016734996937543656
0.8370000000000004,0.016732900112312876
0.8380000000000004,0.016730821062083123
0.8390000000000004,0.01672863384323975
0.8400000000000004,0.016726289921770388
0.8410000000000004,0.01672410133063451
0.8420000000000004,0.01672202342447804
0.8430000000000004,0.01671997134517511
0.8440000000000004,0.01671771708419456
0.8450000000000004,0.016715537723367646
0.8460000000000004,0.0167135247536514
0.8470000000000004,0.016711430119642046
0.8480000000000004,0.016709179596439583
0.8490000000000004,0.016707161931176273
0.8500000000000004,0.0167048640526275
0.8510000000000004,0.016702961140747874
0.8520000000000004,0.01670089308770173
0.8530000000000004,0.016698815683707124
0.8540000000000004,0.01669680023664455
0.8550000000000004,0.016694753392389572
0.8560000000000004,0.016692792874870577
0.8570000000000004,0.016690760864292997
0.8580000000000004,0.016688911200667178
0.8590000000000004,0.016686949588525124
0.8600000000000004,0.01668475611768727
0.8610000000000004,0.016682966604307126
0.8620000000000004,0.0166810170943279
0.8630000000000004,0.016678910790563606
0.8640000000000004,0.016677053581666712
0.8650000000000004,0.01667512142461547
0.8660000000000004,0.016673234848621377
0.8670000000000004,0.01667120985229431
0.8680000000000004,0.01666920301698127
0.8690000000000004,0.016667395947816743
0.8700000000000004,0.016665557593544378
0.8710000000000004,0.016663789634637993
0.8720000000000004,0.016661844055594344
0.8730000000000004,0.016659892131304588
0.8740000000000004,0.016658172155370465
0.8750000000000004,0.016656184323913692
0.8760000000000004,0.01665456703943846
0.8770000000000004,0.016652461230357574
0.8780000000000004,0.01665057133237724
0.8790000000000004,0.01664882588048755
0.8800000000000004,0.016647092009598907
0.8810000000000004,0.016645172283620724
0.8820000000000005,0.016643335787666302
0.8830000000000005,0.016641505606781237
0.8840000000000005,0.01663959251382252
0.8850000000000005,0.01663799223290141
0.8860000000000005,0.01663609702080393
0.8870000000000005,0.01663433002673642
0.8880000000000005,0.016632539332405827
0.8890000000000005,0.016630860224768895
0.8900000000000005,0.016629313752215324
0.8910000000000005,0.016627410040978674
0.8920000000000005,0.016625531793085457
0.8930000000000005,0.01662398723951597
0.8940000000000005,0.01662213665485268
0.8950000000000005,0.01662059787955883
0.8960000000000005,0.01661854621755765
0.8970000000000005,0.016617029039014852
0.8980000000000005,0.0166152165539053
0.8990000000000005,0.016613676983766368
0.9000000000000005,0.0166119171971566
0.9010000000000004,0.016610334643910818
0.9020000000000004,0.016608533157508987
0.9030000000000004,0.016606884438896685
0.9040000000000004,0.01660525758306619
0.9050000000000004,0.01660344457787133
0.9060000000000004,0.01660170133840211
0.9070000000000004,0.01660014455635661
0.9080000000000004,0.016598596264365995
0.9090000000000004,0.016596936792034
0.9100000000000004,0.016595282661210575
0.9110000000000004,0.016593622989415024
0.9120000000000004,0.016592093901429905
0.9130000000000004,0.01659021645181369
0.9140000000000004,0.01658876365830153
0.9150000000000004,0.016587091569615353
0.9160000000000004,0.016585502048020118
0.9170000000000004,0.01658374251040584
0.9180000000000004,0.016582242582320106
0.9190000000000004,0.016580652014965835
0.9200000000000004,0.016578879346042186
0.9210000000000004,0.016577337923013857
0.9220000000000004,0.016575676555387275
0.9230000000000004,0.0165738553940038
0.9240000000000004,0.016572363706977455
0.9250000000000004,0.01657058199022643
0.9260000000000004,0.016567439833316655
0.9270000000000004,0.016566205061252504
0.9280000000000004,0.016564743523925785
0.9290000000000004,0.016563420256108685
0.9300000000000004,0.016561718506366674
0.9310000000000004,0.016559353488933226
0.9320000000000004,0.01655510402699889
0.9330000000000004,0.01655411704991394
0.9340000000000004,0.016552714622541487
0.9350000000000004,0.01655120625666484
0.9360000000000004,0.01654974042720525
0.9370000000000004,0.016546222378902797
0.9380000000000004,0.01654371084169526
0.9390000000000004,0.016542637137522576
0.9400000000000004,0.016541357203255558
0.9410000000000004,0.016539825341762793
0.9420000000000004,0.016538089338904882
0.9430000000000004,0.016533434170835193
0.9440000000000004,0.016532537605492337
0.9450000000000004,0.016531589450842432
0.9460000000000004,0.016529994438148066
0.9470000000000004,0.016528742032566157
0.9480000000000004,0.016524876808063027
0.9490000000000004,0.016522901582689542
0.9500000000000004,0.01652201939627318
0.9510000000000004,0.016520758281849623
0.9520000000000004,0.016519459156572935
0.9530000000000004,0.016518146366021114
0.9540000000000004,0.016517894773411257
0.9550000000000004,0.016511180133388592
0.9560000000000004,0.01651029084829503
0.9570000000000004,0.016508993453744125
0.9580000000000004,0.016505513130930183
0.9590000000000004,0.01650503435946149
0.9600000000000004,0.016503950391609123
0.9610000000000004,0.016502717960531044
0.9620000000000004,0.016501364536530616
0.9630000000000004,0.016499853380203433
0.9640000000000004,0.01649572544067368
0.9650000000000004,0.016494479397533013
0.9660000000000004,0.0164908877895229
0.9670000000000004,0.016493610742319476
0.9680000000000004,0.01648999577213317
0.9690000000000004,0.01648690874395342
0.9700000000000004,0.016483846996575124
0.9710000000000004,0.016482709381463678
0.9720000000000004,0.016481684278144115
0.9730000000000004,0.016480392095800767
0.9740000000000004,0.016479091810531088
0.9750000000000004,0.01647773448711476
0.9760000000000004,0.016476094445742717
0.9770000000000004,0.016472499405409735
0.9780000000000004,0.01647121971739196
0.9790000000000004,0.016470230199889357
0.9800000000000004,0.01646907705932321
0.9810000000000004,0.016467843137959903
0.9820000000000004,0.016466536932032483
0.9830000000000004,0.01646522921865312
0.9840000000000004,0.016463548764129143
0.9850000000000004,0.016459156516905438
0.9860000000000004,0.016458888618466005
0.9870000000000004,0.01645791380232353
0.9880000000000004,0.016456769844751307
0.9890000000000004,0.01645548884844672
0.9900000000000004,0.016454219242007184
0.9910000000000004,0.01645290263275001
0.9920000000000004,0.016451160027457945
0.9930000000000004,0.016446870033764327
0.9940000000000004,0.01644652985152817
0.9950000000000006,0.01644556333161873
0.9960000000000006,0.016444536421282407
0.9970000000000006,0.01644342518618913
0.9980000000000006,0.016442400302707938
0.9990000000000006,0.01644127885803215
1.0000000000000004,0.016440086223742156
1.0010000000000006,0.016439010685463273
1.002000000000001,0.01643771976451447
1.0030000000000006,0.016436468718925568
1.0040000000000004,0.016435403417787597
1.0050000000000006,0.01643408288614623
1.006000000000001,0.01643295864088401
1.0070000000000006,0.016431655804339584
1.0080000000000005,0.0164305492045429
1.0090000000000006,0.016429213929406217
1.010000000000001,0.016428080090431507
1.0110000000000006,0.016426898343187446
1.0120000000000005,0.016425736987176975
1.0130000000000006,0.01642439781137739
1.014000000000001,0.016423151005000136
1.0150000000000006,0.016421916013459992
1.0160000000000005,0.0164206599616179
1.0170000000000006,0.016419447583658098
1.018000000000001,0.016418373398163766
1.0190000000000006,0.016417030434304536
1.0200000000000005,0.016415844077055652
1.0210000000000006,0.016414690166897117
1.022000000000001,0.016413369405317013
1.0230000000000006,0.016412280341477015
1.0240000000000005,0.0164111391670545
1.0250000000000006,0.016409951833480818
1.0260000000000007,0.016408858812592797
1.0270000000000006,0.016407883902097353
1.0280000000000005,0.016406647933873586
1.0290000000000006,0.016405362415824243
1.0300000000000007,0.016404161921087734
1.0310000000000006,0.016403052130076645
1.0320000000000005,0.016402015237297007
1.0330000000000006,0.01640083168800288
1.0340000000000007,0.016399693817668037
1.0350000000000006,0.01639872995984959
1.0360000000000005,0.016397694175122268
1.0370000000000006,0.01639653389907636
1.0380000000000007,0.01639548187556983
1.0390000000000006,0.016394389075852445
1.0400000000000005,0.016393304829620092
1.0410000000000006,0.01639212715094729
1.0420000000000007,0.01639092750490434
1.0430000000000006,0.016389830560818552
1.0440000000000005,0.01638886622404101
1.0450000000000006,0.016387746745721188
1.0460000000000007,0.01638654910776438
1.0470000000000006,0.0163853529435265
1.0480000000000005,0.01638405246994523
1.0490000000000006,0.016382918185691153
1.0500000000000007,0.016381801345861646
1.0510000000000006,0.01638069282083876
1.0520000000000005,0.016379529048727193
1.0530000000000006,0.016378393963250915
1.0540000000000007,0.01637734496135934
1.0550000000000006,0.016376218573235235
1.0560000000000005,0.01637513005048774
1.0570000000000006,0.016374242968559827
1.0580000000000007,0.01637326654061866
1.0590000000000006,0.016372429631907437
1.0600000000000005,0.016371783232283832
1.0610000000000006,0.01637099205068182
1.0620000000000007,0.016369793075067918
1.0630000000000006,0.016367476740885678
1.0640000000000005,0.016364556274677255
1.0650000000000006,0.016362101417421115
1.0660000000000007,0.01636016430137488
1.0670000000000006,0.01635867352093001
1.0680000000000005,0.016357260507035676
1.0690000000000006,0.016355716300921586
1.0700000000000007,0.016354615195240285
1.0710000000000006,0.016353290351265315
1.0720000000000005,0.01635219706139779
1.0730000000000006,0.016350809437252423
1.0740000000000007,0.016349479711710302
1.0750000000000006,0.016348156461631902
1.0760000000000003,0.01634694191043451
1.0770000000000006,0.016345512282523345
1.0780000000000007,0.016343983389397465
1.0790000000000006,0.016342405596176945
1.0800000000000003,0.016340949940151006
1.0810000000000006,0.016339332526328576
1.0820000000000007,0.01633791857961242
1.0830000000000006,0.016336469564272704
1.0840000000000003,0.016334919970496742
1.0850000000000006,0.016333452768776624
1.0860000000000007,0.016332049206830845
1.0870000000000006,0.01633049626341787
1.0880000000000003,0.016328925213880296
1.0890000000000006,0.01632739104037384
1.0900000000000007,0.01632601498306485
1.0910000000000006,0.01632459538617681
1.0920000000000003,0.016322880447745547
1.0930000000000006,0.016321452746201004
1.0940000000000007,0.016319887625375173
1.0950000000000006,0.016318172783964968
1.0960000000000003,0.01631676438518781
1.0970000000000006,0.01631532778935707
1.0980000000000008,0.01631362811129833
1.0990000000000006,0.01631197359778014
1.1000000000000003,0.016310123029420254
1.1010000000000006,0.01630829786107668
1.1020000000000008,0.016306576864504763
1.1030000000000006,0.016304640962527372
1.1040000000000003,0.016302876945882616
1.1050000000000006,0.016301125264838845
1.1060000000000008,0.016299433390493334
1.1070000000000009,0.016297601018287367
1.1080000000000003,0.016295630658916593
1.1090000000000009,0.016293740728361428
1.1100000000000008,0.016291984432506013
1.1110000000000009,0.016289960616997945
1.1120000000000003,0.016286970339564277
1.1130000000000009,0.016282903090772294
1.1140000000000008,0.01627887832979269
1.1150000000000009,0.016275617588917157
1.1160000000000003,0.016271579441763606
1.1170000000000009,0.016267180530707748
1.1180000000000008,0.016262427857604678
1.1190000000000009,0.016257731191803515
1.1200000000000006,0.016252767889536557
1.1210000000000009,0.016248570588427214
1.1220000000000008,0.016243543852958453
1.1230000000000009,0.016237820852346374
1.1240000000000006,0.016239726784093023
1.1250000000000009,0.016236076537889943
1.1260000000000008,0.016233778039882907
1.127000000000001,0.01623125062308972
1.1280000000000006,0.016232352380136206
1.129000000000001,0.016231865278498958
1.1300000000000008,0.016230666602307764
1.131000000000001,0.01622845873135148
1.1320000000000006,0.016230289415329224
1.133000000000001,0.01622943784649067
1.1340000000000008,0.016227065895073167
1.135000000000001,0.016227607636789543
1.1360000000000006,0.01623260625697398
1.137000000000001,0.016229438349700587
1.1380000000000008,0.01622721904242752
1.139000000000001,0.016226432801452972
1.1400000000000006,0.01622370606915169
1.141000000000001,0.016220995094410995
1.1420000000000008,0.016214890094602197
1.143000000000001,0.016214660782058132
1.1440000000000006,0.016221112029121798
1.145000000000001,0.016216738355865346
1.1460000000000008,0.016214311920279556
1.147000000000001,0.01621208395164686
1.1480000000000006,0.01621575619351745
1.149000000000001,0.016213035542335774
1.1500000000000008,0.01621067615087668
1.1510000000000007,0.0162101031776416
1.1520000000000006,0.01620742509184936
1.1530000000000007,0.016206312799564415
1.1540000000000008,0.016205105025669297
1.1550000000000007,0.01620350869146847
1.1560000000000006,0.016202381827362444
1.1570000000000007,0.0161990127941678
1.1580000000000008,0.016201032466724996
1.1590000000000007,0.016200869438861787
1.1600000000000006,0.01619745842623388
1.1610000000000007,0.016195784054634288
1.1620000000000008,0.016192891152520872
1.1630000000000007,0.01619350259807817
1.1640000000000006,0.01619358189383746
1.1650000000000007,0.016192251073569253
1.1660000000000008,0.016188454459328483
1.1670000000000007,0.016189214436963084
1.1680000000000006,0.016190012901638795
1.1690000000000007,0.016187804751250923
1.1700000000000008,0.016186333378801265
1.1710000000000007,0.016185593746815385
1.1720000000000006,0.016184837146386855
1.1730000000000007,0.016185321854937484
1.1740000000000008,0.01618455972540289
1.1750000000000007,0.016185328444421998
1.1760000000000006,0.01618183042254273
1.1770000000000007,0.016178035579098804
1.1780000000000008,0.01617606110415082
1.1790000000000007,0.01617839440240232
1.1800000000000006,0.01617649749346839
1.1810000000000007,0.016171759970141864
1.1820000000000008,0.016171856045712474
1.1830000000000007,0.016170319596465532
1.1840000000000006,0.016170096747529783
1.1850000000000007,0.016167798222998186
1.1860000000000008,0.01616503979291295
1.1870000000000007,0.016168098502895134
1.1880000000000006,0.01616638201641507
1.1890000000000007,0.01616376519588769
1.1900000000000008,0.016162935284384616
1.1910000000000007,0.01616308186075699
1.1920000000000006,0.016161767674219618
1.1930000000000007,0.016159157476828057
1.1940000000000008,0.016160255327609008
1.1950000000000007,0.01615796624991006
1.1960000000000006,0.01615513317923245
1.1970000000000007,0.01615393156727407
1.1980000000000008,0.0161547736518024
1.1990000000000007,0.016155086786813655
1.2000000000000006,0.01615245615315075
1.2010000000000007,0.016152195926345314
1.2020000000000008,0.016150502490361873
1.2030000000000007,0.016146868644739243
1.2040000000000006,0.016146470148374448
1.2050000000000007,0.01614881151786207
1.2060000000000008,0.016147275316342302
1.2070000000000007,0.016143445360775388
1.2080000000000006,0.01614513142929752
1.2090000000000007,0.016144300127479028
1.2100000000000009,0.01614404706051431
1.2110000000000007,0.01614488141791881
1.2120000000000006,0.016141969852252913
1.2130000000000007,0.016138896076284936
1.2140000000000009,0.016136402833183183
1.2150000000000007,0.01613596945584561
1.2160000000000006,0.01613469636103204
1.2170000000000007,0.016128941422078213
1.2180000000000009,0.016129757140443957
1.2190000000000007,0.016131813516786053
1.2200000000000006,0.016128976248001692
1.2210000000000008,0.016126394003542543
1.2220000000000009,0.016126571391581024
1.2230000000000008,0.016124959790587923
1.2240000000000006,0.016121914498079093
1.2250000000000008,0.016120737491142734
1.2260000000000009,0.016120655310452037
1.2270000000000008,0.016117671032692016
1.2280000000000006,0.016116180536272395
1.2290000000000008,0.016117363538871388
1.2300000000000009,0.016115642007910935
1.2310000000000008,0.01611352691182688
1.2320000000000009,0.016113202378623015
1.2330000000000008,0.0161113118567755
1.2340000000000009,0.01610820994957507
1.2350000000000008,0.016104743958067047
1.2360000000000009,0.01609915520364069
1.2370000000000008,0.016095722647659017
1.2380000000000009,0.016099406051107934
1.2390000000000008,0.01610145174196731
1.2400000000000009,0.016100571122407814
1.2410000000000008,0.0160967459411836
1.2420000000000009,0.01609543972018912
1.2430000000000008,0.01609472278456181
1.2440000000000009,0.016093298646016052
1.2450000000000008,0.016087004179709652
1.2460000000000009,0.016086248010424242
1.2470000000000008,0.016085751249736546
1.2480000000000009,0.01608777798193728
1.2490000000000008,0.01608719765497213
1.2500000000000009,0.016083857076555574
1.2510000000000008,0.016082292424172806
1.252000000000001,0.016082217539747035
1.2530000000000008,0.016082212115762218
1.2540000000000011,0.0160814793477293
1.2550000000000008,0.016078252676432925
1.256000000000001,0.016075657914125685
1.2570000000000008,0.016074024325238412
1.2580000000000011,0.016077200376177103
1.2590000000000008,0.016079521181996626
1.260000000000001,0.01607213804449259
1.2610000000000008,0.016070141797456472
1.2620000000000011,0.016072292968310364
1.2630000000000008,0.016070809425585253
1.264000000000001,0.016067522689521496
1.2650000000000008,0.016065934729390108
1.2660000000000011,0.01606625761396785
1.2670000000000008,0.01607002411542524
1.268000000000001,0.016070250373037
1.2690000000000008,0.016067100309491877
1.2700000000000011,0.01606737895075483
1.2710000000000008,0.016065860830583034
1.272000000000001,0.01606367107973128
1.2730000000000008,0.016062353158169174
1.2740000000000011,0.016059242717140876
1.2750000000000008,0.01605548974328741
1.2760000000000007,0.016056595772763416
1.2770000000000008,0.016061193236350135
1.2780000000000011,0.016059226604845378
1.2790000000000008,0.016056945070424433
1.2800000000000007,0.016055838373262077
1.2810000000000008,0.016055412502712585
1.2820000000000011,0.01605867327137034
1.2830000000000008,0.01605880664290993
1.2840000000000007,0.01605614698840796
1.2850000000000008,0.016056339748889314
1.2860000000000011,0.016055817041518594
1.2870000000000008,0.016054324603050674
1.2880000000000007,0.016054035604742722
1.2890000000000008,0.016053595757568928
1.2900000000000011,0.01605221135611501
1.2910000000000008,0.01605133782875967
1.2920000000000007,0.016050360690950782
1.2930000000000008,0.016047223177348968
1.2940000000000011,0.016046982130784926
1.2950000000000008,0.01604852800322476
1.2960000000000007,0.01604713165187377
1.2970000000000008,0.016044867001415497
1.2980000000000012,0.016044278915728682
1.2990000000000008,0.016042340771271313
1.3000000000000007,0.016042039176966227
1.3010000000000008,0.016042833707977877
1.302000000000001,0.016043136137703584
1.3030000000000008,0.016042411898666842
1.3040000000000007,0.01604025498916073
1.3050000000000008,0.016038440476769722
1.306000000000001,0.01604006042313344
1.3070000000000008,0.016040778265590916
1.3080000000000007,0.016039981026978012
1.3090000000000008,0.016038686047963324
1.310000000000001,0.016038623437861332
1.3110000000000008,0.016037364149219968
1.3120000000000007,0.01603643204182248
1.3130000000000008,0.01603700095859395
1.314000000000001,0.01603654051650949
1.3150000000000008,0.016035865726976795
1.3160000000000007,0.01603475108928265
1.3170000000000008,0.016033716283939015
1.318000000000001,0.016032244494574854
1.3190000000000008,0.01603078868166463
1.3200000000000007,0.01602976084778973
1.3210000000000008,0.016028240446356534
1.322000000000001,0.01602760405138781
1.3230000000000008,0.016026922917436792
1.3240000000000007,0.016025742795584108
1.3250000000000008,0.01602420137682259
1.326000000000001,0.016024524374778082
1.3270000000000008,0.016023391418752198
1.3280000000000007,0.016020452311618527
1.3290000000000008,0.016018500538610425
1.330000000000001,0.016016447310462922
1.3310000000000008,0.01601635559341119
1.3320000000000007,0.016020971920070792
1.3330000000000009,0.015950889893431963
1.334000000000001,0.016019395497242073
1.3350000000000009,0.016018356662691247
1.3360000000000007,0.016014245293938245
1.3370000000000009,0.01601292732364712
1.338000000000001,0.016012891652440686
1.3390000000000009,0.01600994783467158
1.3400000000000007,0.016010895480985
1.3410000000000009,0.016001375207096658
1.342000000000001,0.01600475847889271
1.3430000000000009,0.01600493151591209
1.3440000000000007,0.01600632574335137
1.3450000000000009,0.01600657300784647
1.346000000000001,0.016003797709739587
1.3470000000000009,0.016007895303062014
1.3480000000000008,0.016001578648246806
1.3490000000000009,0.016000692479245515
1.350000000000001,0.01599692283912546
1.3510000000000009,0.015995880005284846
1.3520000000000008,0.01599658816759586
1.3530000000000009,0.015993559682232927
1.354000000000001,0.015993897890563602
1.3550000000000009,0.0159909054931191
1.3560000000000008,0.015991325191244243
1.3570000000000009,0.015990375588025074
1.358000000000001,0.015984732045485117
1.3590000000000009,0.015983322956419244
1.3600000000000008,0.015985355499356757
1.3610000000000009,0.015986532313057467
1.362000000000001,0.01598822330191041
1.3630000000000009,0.015983923383746657
1.3640000000000008,0.01598479063619962
1.3650000000000009,0.015988955596476728
1.366000000000001,0.015982691580724406
1.3670000000000009,0.015974651304635046
1.3680000000000008,0.01587677237476015
1.3690000000000009,0.015985613291451983
1.370000000000001,0.01598170036443136
1.3710000000000009,0.01598437219115212
1.3720000000000008,0.015981296860086758
1.3730000000000009,0.01598182596298159
1.374000000000001,0.015978314654535808
1.3750000000000009,0.015984229987971332
1.3760000000000008,0.015981040872368624
1.377000000000001,0.015973917657543524
1.378000000000001,0.01596843162191064
1.379000000000001,0.015974072111571758
1.3800000000000008,0.015974517227846263
1.381000000000001,0.015974906982361148
1.3820000000000008,0.015969803990984133
1.383000000000001,0.01596839809577233
1.3840000000000008,0.015963977002765972
1.385000000000001,0.015961599564448647
1.3860000000000008,0.015963169809559474
1.387000000000001,0.015962439966131114
1.3880000000000008,0.01595955018809292
1.389000000000001,0.015960060388657382
1.3900000000000008,0.015959296957074542
1.391000000000001,0.015955264006990433
1.3920000000000008,0.015955131657474197
1.393000000000001,0.01595948287569371
1.3940000000000008,0.015951489283423825
1.395000000000001,0.015954413394666744
1.3960000000000008,0.015950599877562865
1.397000000000001,0.015950033236865835
1.3980000000000008,0.015955445303639237
1.399000000000001,0.015952416907978773
1.4000000000000008,0.015952627797751973
1.4010000000000007,0.015949952557242852
1.4020000000000008,0.015947084361926045
1.403000000000001,0.015944015652440413
1.4040000000000008,0.015950672192918347
1.4050000000000007,0.015947231546036278
1.4060000000000008,0.01594627387276759
1.407000000000001,0.01595086955443037
1.4080000000000008,0.015948861797369318
1.4090000000000007,0.015949178087961258
1.4100000000000008,0.015947764475978232
1.411000000000001,0.01594799266042557
1.4120000000000008,0.015946446928097657
1.4130000000000007,0.015945602219524346
1.4140000000000008,0.015943326851822093
1.415000000000001,0.015945557603949112
1.4160000000000008,0.015942793705033154
1.4170000000000007,0.015941444565520158
1.4180000000000008,0.01594230820922249
1.419000000000001,0.01594352328684323
1.4200000000000008,0.015941664678212675
1.4210000000000007,0.01594117213109314
1.4220000000000008,0.015943365596406522
1.423000000000001,0.01594199169334587
1.4240000000000008,0.015941965788844215
1.4250000000000007,0.015941239602973667
1.4260000000000008,0.01594027012921373
1.427000000000001,0.015942000517444654
1.4280000000000008,0.015939152028487058
1.4290000000000007,0.015936076542839572
1.4300000000000008,0.01593848062809755
1.431000000000001,0.015936386591921092
1.4320000000000008,0.015934722230834808
1.4330000000000007,0.01593294540850465
1.4340000000000008,0.015932754356157375
1.435000000000001,0.015929341790055673
1.4360000000000008,0.015932863701802802
1.4370000000000007,0.015930901022365163
1.4380000000000008,0.01593017279220632
1.439000000000001,0.015931482677803643
1.4400000000000008,0.015930196300359967
1.4410000000000007,0.015931530128678872
1.4420000000000008,0.015929682401509382
1.443000000000001,0.01592936542501988
1.4440000000000008,0.01593035607444193
1.4450000000000007,0.015928925364278257
1.4460000000000008,0.01592849030643606
1.447000000000001,0.015926880375005226
1.4480000000000008,0.015925075504064523
1.4490000000000007,0.015927993177012212
1.4500000000000008,0.015924992861453546
1.451000000000001,0.01592543248885292
1.4520000000000008,0.015926084417369424
1.4530000000000007,0.015928479082514713
1.4540000000000008,0.015928147783405677
1.455000000000001,0.015926027402475285
1.4560000000000008,0.015925392631675805
1.4570000000000007,0.015924356297297493
1.4580000000000009,0.01592138191880821
1.459000000000001,0.01592507132635035
1.4600000000000009,0.015923333391391736
1.4610000000000007,0.015924506231783653
1.4620000000000009,0.01592511534003549
1.463000000000001,0.015923553855671457
1.4640000000000009,0.015925188210346164
1.4650000000000007,0.015923595894623332
1.4660000000000009,0.01592513840656906
1.467000000000001,0.01592448574884031
1.4680000000000009,0.015924542650548545
1.4690000000000007,0.01592444557399375
1.4700000000000009,0.015923740238633854
1.471000000000001,0.01592218940970369
1.4720000000000009,0.015922180065057745
1.4730000000000008,0.01592262453320359
1.4740000000000009,0.015923885107781643
1.475000000000001,0.015921026072401645
1.4760000000000009,0.01591872843007991
1.4770000000000008,0.01592077781883461
1.4780000000000009,0.015919856977824054
1.479000000000001,0.015916956160882734
1.4800000000000009,0.015917854518637142
1.4810000000000008,0.01592099438808603
1.4820000000000009,0.01591557991450898
1.483000000000001,0.015917327000533277
1.4840000000000009,0.015921358443350186
1.4850000000000008,0.015918526915132958
1.4860000000000009,0.015917142734064527
1.487000000000001,0.01591907171606266
1.4880000000000009,0.015916085696680682
1.4890000000000008,0.015917475207888998
1.4900000000000009,0.015918154669964935
1.491000000000001,0.01591731968812482
1.4920000000000009,0.01591449337668749
1.4930000000000008,0.0159148214408269
1.4940000000000009,0.015914542386759933
1.495000000000001,0.015914202891739393
1.4960000000000009,0.015912150006236914
1.4970000000000008,0.015913950915873443
1.4980000000000009,0.015913213906255663
1.499000000000001,0.015915293241189232
1.5000000000000009,0.01591719589289653
1.5010000000000008,0.01591629490730284
1.5020000000000011,0.015912634038375728
1.503000000000001,0.015914066856520748
1.504000000000001,0.015913755881825864
1.5050000000000008,0.015913955943208435
1.5060000000000011,0.015912210780481217
1.5070000000000008,0.015909354210414506
1.508000000000001,0.015910743230737268
1.5090000000000008,0.015912789951119777
1.5100000000000011,0.015911735075324174
1.5110000000000008,0.015910980957315246
1.512000000000001,0.015910356335087528
1.5130000000000008,0.01591442293539913
1.5140000000000011,0.015910538929695406
1.5150000000000008,0.01591246213879316
1.516000000000001,0.015916261389211428
1.5170000000000008,0.015909019849740247
1.5180000000000011,0.015907181859688535
1.5190000000000008,0.015908315676320228
1.520000000000001,0.015907357735343908
1.5210000000000008,0.015908371265272336
1.5220000000000011,0.01590816527676253
1.5230000000000008,0.015908600434219267
1.524000000000001,0.015910771053334827
1.5250000000000008,0.015908512888564985
1.5260000000000011,0.01590878656510597
1.5270000000000008,0.015910052642801986
1.528000000000001,0.015906674914777597
1.5290000000000008,0.015905718176473016
1.5300000000000011,0.015904847641117215
1.5310000000000008,0.015905798545514216
1.532000000000001,0.01590513249441372
1.5330000000000008,0.01590479171390413
1.5340000000000011,0.015904999138250275
1.5350000000000008,0.01590275604582203
1.536000000000001,0.015900224617229952
1.5370000000000008,0.015899622649897083
1.5380000000000011,0.015901278794871132
1.5390000000000008,0.015898870076942018
1.540000000000001,0.015896093932276756
1.5410000000000008,0.01589431580775269
1.5420000000000011,0.015897778364220017
1.5430000000000008,0.015898980371044757
1.544000000000001,0.015894535805522025
1.5450000000000008,0.01589345082944149
1.5460000000000012,0.015893414074199086
1.5470000000000008,0.015892792248589416
1.548000000000001,0.01589296858233169
1.5490000000000008,0.015893714395193825
1.5500000000000012,0.015891360874750404
1.5510000000000008,0.015889649223957747
1.552000000000001,0.015889809834259694
1.5530000000000008,0.015887792116718202
1.5540000000000012,0.015889390470071874
1.5550000000000008,0.015888842658487334
1.556000000000001,0.01588638396114561
1.5570000000000008,0.015883617405471284
1.5580000000000012,0.015879751168210277
1.5590000000000008,0.015879222123377446
1.560000000000001,0.015879446067096126
1.5610000000000008,0.015879724800615946
1.5620000000000012,0.01587866815382455
1.5630000000000008,0.01587793829434503
1.564000000000001,0.015874883765487624
1.5650000000000008,0.015874069056160067
1.5660000000000012,0.01587233153932388
1.5670000000000008,0.015874357279109574
1.568000000000001,0.015873254283555127
1.5690000000000008,0.01586747770088337
1.5700000000000012,0.015867670724944105
1.5710000000000008,0.01586624104012202
1.572000000000001,0.015864212458531313
1.5730000000000008,0.0158622567631177
1.5740000000000012,0.01586031091670037
1.5750000000000008,0.01585736098574131
1.576000000000001,0.01585639624248003
1.5770000000000008,0.01585607305187864
1.5780000000000012,0.015854295980847866
1.5790000000000008,0.01585520652508876
1.580000000000001,0.01585266981394895
1.5810000000000008,0.015851535986911358
1.5820000000000012,0.01585123877044836
1.5830000000000009,0.0158518003660717
1.584000000000001,0.01585163339169071
1.5850000000000009,0.015852995489822774
1.5860000000000012,0.01585112618331408
1.5870000000000009,0.015849319571376697
1.588000000000001,0.015848183770646784
1.5890000000000009,0.015848577897358496
1.5900000000000012,0.015850508554340337
1.5910000000000009,0.015851511596682855
1.592000000000001,0.015854720237562958
1.5930000000000009,0.015851899848335904
1.5940000000000012,0.01585103179497338
1.5950000000000009,0.015853845476527795
1.596000000000001,0.01585326106678764
1.5970000000000009,0.01584903637730406
1.5980000000000012,0.01584729325525913
1.5990000000000009,0.015848964854569658
1.600000000000001,0.015844629455688874
1.6010000000000009,0.01584452807875536
1.6020000000000012,0.01584676603976476
1.6030000000000009,0.015846290125466567
1.604000000000001,0.01584494853135965
1.6050000000000009,0.015845816085192865
1.6060000000000012,0.015847498663106308
1.6070000000000009,0.015843994738592215
1.608000000000001,0.01584247535992489
1.6090000000000009,0.01584643465403701
1.6100000000000012,0.015840227710658183
1.6110000000000009,0.01583706265750706
1.612000000000001,0.015838584440437842
1.6130000000000009,0.01583720305991676
1.6140000000000012,0.015840235742430764
1.6150000000000009,0.015840765185291872
1.616000000000001,0.01584370208676944
1.6170000000000009,0.01584058811023681
1.6180000000000012,0.0158360897249743
1.6190000000000009,0.015837317011751395
1.620000000000001,0.01583862744000797
1.6210000000000009,0.015842935236342726
1.6220000000000012,0.01583828214013039
1.6230000000000009,0.01583606871400889
1.624000000000001,0.01583681939362691
1.6250000000000009,0.015844595237251013
1.6260000000000012,0.015840149420743188
1.6270000000000011,0.01583475054445671
1.628000000000001,0.0158368521592962
1.629000000000001,0.015839961714643636
1.6300000000000012,0.01583907671944118
1.6310000000000011,0.015836314985232747
1.6320000000000008,0.01583917042265881
1.633000000000001,0.01583239779189327
1.6340000000000012,0.01583487640115777
1.6350000000000011,0.01583965881256333
1.6360000000000008,0.015836414129026366
1.637000000000001,0.015834900542589736
1.6380000000000012,0.01582787744995784
1.6390000000000011,0.015823738253391895
1.6400000000000008,0.01582458947241605
1.641000000000001,0.01582985447565477
1.6420000000000012,0.015829876308085744
1.6430000000000011,0.015831684577136684
1.6440000000000008,0.015831433165640618
1.645000000000001,0.015827935605045695
1.6460000000000012,0.015826689418190654
1.6470000000000011,0.015826210506943994
1.6480000000000008,0.015821131785482834
1.649000000000001,0.015819573515489793
1.6500000000000012,0.01582002865191967
1.6510000000000011,0.015823063745095567
1.6520000000000008,0.01582239910045402
1.653000000000001,0.015819528188874443
1.6540000000000012,0.015820123970602396
1.6550000000000011,0.01582098170060675
1.6560000000000008,0.015820653323494582
1.657000000000001,0.015816868164186815
1.6580000000000013,0.01581406811442676
1.6590000000000011,0.01581350545089677
1.6600000000000008,0.015818841470888856
1.661000000000001,0.015815117073302076
1.6620000000000013,0.01580889507906491
1.6630000000000011,0.015812250192077215
1.6640000000000008,0.0158122282512565
1.665000000000001,0.015808867755602307
1.6660000000000013,0.015808068457708657
1.6670000000000011,0.015810618806266774
1.6680000000000008,0.015814283737991985
1.669000000000001,0.01581068350393977
1.6700000000000013,0.015810281348734634
1.6710000000000012,0.01580970798042003
1.6720000000000008,0.015807940891587435
1.673000000000001,0.015806211876395082
1.6740000000000013,0.015801329720869006
1.6750000000000012,0.015800242665410025
1.6760000000000008,0.0158067397650683
1.677000000000001,0.01580633871024517
1.6780000000000013,0.01580354677505369
1.6790000000000012,0.015801674315827796
1.6800000000000008,0.015803191571837516
1.681000000000001,0.015806163984173338
1.6820000000000013,0.01580276644497758
1.6830000000000012,0.0158026380086298
1.6840000000000008,0.015802305251114035
1.685000000000001,0.015800445994329948
1.6860000000000013,0.015800354879203837
1.6870000000000012,0.015799892483798317
1.6880000000000008,0.015799052211185938
1.689000000000001,0.01579910175871646
1.6900000000000013,0.01579609258748249
1.6910000000000012,0.015797944168770783
1.6920000000000008,0.015799891961151502
1.693000000000001,0.015797472190225648
1.6940000000000013,0.01579641365806239
1.6950000000000012,0.015794174429537122
1.6960000000000008,0.015794151876129092
1.697000000000001,0.015795168778147683
1.6980000000000013,0.01579558531045322
1.6990000000000012,0.015794280444904274
1.7000000000000008,0.01579146702902179
1.701000000000001,0.015793752753129553
1.7020000000000013,0.015794570124668894
1.7030000000000012,0.015793005762507306
1.7040000000000008,0.015792239200695946
1.705000000000001,0.015792267011629946
1.7060000000000013,0.0157917670685066
1.7070000000000012,0.01579321516750909
1.7080000000000009,0.01579259200786609
1.709000000000001,0.015794553789859833
1.7100000000000013,0.015792898123528687
1.7110000000000012,0.015789871835192315
1.7120000000000009,0.015787296837867615
1.713000000000001,0.015788424425004166
1.7140000000000013,0.01579079338489109
1.7150000000000012,0.015786865857709387
1.7160000000000009,0.015785096750231986
1.717000000000001,0.01578549663485518
1.7180000000000013,0.015784514836042263
1.7190000000000012,0.015785312178710598
1.7200000000000009,0.015782982182617644
1.721000000000001,0.015781850424993138
1.7220000000000013,0.015785269913255462
1.7230000000000012,0.01578440429790362
1.7240000000000009,0.015782550040569276
1.725000000000001,0.015782153300275326
1.7260000000000013,0.015783041917863727
1.7270000000000012,0.01578286117757699
1.7280000000000009,0.015781064430452574
1.729000000000001,0.01578160593287592
1.730000000000001,0.015782361001193124
1.7310000000000012,0.015778818372123027
1.7320000000000009,0.0157782629857941
1.733000000000001,0.015778100774475945
1.734000000000001,0.015780663937309924
1.7350000000000012,0.015779405646981104
1.7360000000000009,0.015778525439088753
1.737000000000001,0.015778994270174707
1.738000000000001,0.015776734230477985
1.7390000000000012,0.015774500061436214
1.7400000000000009,0.015775710084948713
1.741000000000001,0.015778775015256485
1.742000000000001,0.015776787337173914
1.7430000000000012,0.015774639378285826
1.7440000000000009,0.015776556152289345
1.745000000000001,0.015776717566190257
1.746000000000001,0.01577696714187482
1.7470000000000012,0.01577903327255825
1.7480000000000009,0.015777604524707556
1.749000000000001,0.015775223579346687
1.750000000000001,0.01577389949939345
1.7510000000000012,0.015773720335641173
1.7520000000000011,0.015774222851579367
1.753000000000001,0.01577015303072926
1.7540000000000011,0.01576902866351304
1.7550000000000012,0.015772765213899476
1.7560000000000011,0.01577286948879575
1.7570000000000008,0.015770300348229682
1.7580000000000011,0.015770786373042966
1.7590000000000012,0.01577148825423791
1.7600000000000011,0.01576996943804687
1.7610000000000008,0.015768314283331364
1.7620000000000011,0.015769178503024506
1.7630000000000012,0.015769157538553458
1.7640000000000011,0.015767406282694907
1.7650000000000008,0.01576813370313701
1.7660000000000011,0.015770212270027173
1.7670000000000012,0.015769031808044787
1.7680000000000011,0.015769113060770223
1.7690000000000008,0.015770272402203744
1.7700000000000014,0.015769653570966824
1.7710000000000012,0.015768726573810454
1.7720000000000011,0.015767488234786242
1.7730000000000008,0.015766651246913455
1.7740000000000014,0.015767034175684813
1.7750000000000012,0.015767000090928462
1.7760000000000011,0.01576756377596311
1.7770000000000008,0.015768606772706306
1.7780000000000014,0.015765474763508536
1.7790000000000012,0.015764022511685738
1.7800000000000011,0.0157617760695139
1.7810000000000008,0.01576279544314474
1.7820000000000014,0.01576507024265439
1.7830000000000013,0.015762771077959314
1.7840000000000011,0.015759984614060585
1.7850000000000008,0.015758846263551618
1.7860000000000014,0.015760915613793003
1.7870000000000013,0.015763780923759185
1.7880000000000011,0.015760126219770854
1.7890000000000008,0.01575642812355227
1.7900000000000014,0.015758262771768727
1.7910000000000013,0.015761031039208007
1.7920000000000011,0.015763451200776046
1.7930000000000008,0.015760005618030704
1.7940000000000014,0.015756202593014024
1.7950000000000013,0.015757719631807277
1.7960000000000012,0.015758440777069893
1.7970000000000008,0.015755367648509377
1.7980000000000014,0.01575431107784553
1.7990000000000013,0.01575600445008618
1.8000000000000012,0.01575699676513409
1.8010000000000008,0.015755907921853662
1.8020000000000012,0.01575553301113075
1.8030000000000013,0.015752817331836866
1.8040000000000007,0.015751890101196153
1.8050000000000008,0.015752355833750897
1.8060000000000012,0.015752291975847044
1.8070000000000013,0.01575222921252717
1.8080000000000007,0.015751151849670464
1.8090000000000008,0.015748683817722764
1.8100000000000012,0.015748596027407302
1.8110000000000013,0.0157502588434717
1.8120000000000007,0.015748264490714092
1.8130000000000008,0.015747990722434935
1.8140000000000012,0.015749665284992886
1.8150000000000013,0.01575134267531908
1.8160000000000007,0.015751888455827867
1.8170000000000008,0.01574777251315851
1.8180000000000012,0.015744961291318305
1.8190000000000013,0.015746127231420104
1.8200000000000007,0.015745625930520646
1.8210000000000008,0.01574540806524638
1.8220000000000012,0.015745771954048138
1.8230000000000013,0.015744537164909644
1.8240000000000007,0.01574186620898388
1.8250000000000008,0.015738041045615603
1.8260000000000012,0.01573793440064719
1.8270000000000013,0.015738708000352375
1.8280000000000007,0.01573956899676432
1.8290000000000008,0.015739002335585894
1.8300000000000012,0.015737342176432634
1.8310000000000013,0.015736573890372085
1.8320000000000007,0.015734393476716235
1.8330000000000009,0.01573595662781102
1.8340000000000012,0.015738677987652494
1.8350000000000013,0.015735653707860564
1.8360000000000007,0.01573231555524046
1.8370000000000009,0.015734595693295717
1.8380000000000012,0.01573854069556546
1.8390000000000013,0.01573696132437874
1.8400000000000007,0.015730838778981848
1.8410000000000009,0.015728581952824783
1.8420000000000012,0.015729483080246354
1.8430000000000013,0.015729506266598747
1.8440000000000007,0.01572799301663963
1.8450000000000009,0.015727143217691975
1.8460000000000012,0.015727873169534945
1.8470000000000013,0.015727702301472135
1.8480000000000008,0.015726734678374044
1.8490000000000009,0.015726821309744565
1.8500000000000012,0.01572779971357008
1.8510000000000013,0.015726423926572863
1.8520000000000008,0.015724151586887558
1.8530000000000009,0.01572361691017221
1.8540000000000012,0.015724957805936413
1.855000000000001,0.015724977437422183
1.8560000000000008,0.01572175930962416
1.8570000000000009,0.015719507311391823
1.8580000000000012,0.01571895661183831
1.859000000000001,0.01571809698938864
1.8600000000000008,0.01571900526736769
1.8610000000000009,0.015718757316324883
1.8620000000000012,0.015717723521287752
1.863000000000001,0.01571695948155849
1.8640000000000008,0.01571660790779461
1.8650000000000009,0.01571647780562202
1.8660000000000012,0.015714748115918553
1.867000000000001,0.015711737730821795
1.8680000000000008,0.015710127123092832
1.8690000000000009,0.01570983361478895
1.8700000000000012,0.015710133301517715
1.871000000000001,0.015711655483791276
1.8720000000000008,0.01571012246250092
1.8730000000000009,0.015706640964548768
1.8740000000000012,0.015704698840352194
1.875000000000001,0.01570242086622997
1.8760000000000008,0.015703478887672873
1.877000000000001,0.0157064500744859
1.8780000000000012,0.015707806231400667
1.8790000000000011,0.015706274381905416
1.8800000000000008,0.01570209495127628
1.881000000000001,0.015700833464205033
1.8820000000000012,0.01570131710007061
1.8830000000000011,0.015700503079170147
1.8840000000000008,0.015699826118328986
1.885000000000001,0.015698468100765695
1.8860000000000012,0.015699136089963872
1.8870000000000011,0.01569962585156759
1.8880000000000008,0.0156973719307949
1.889000000000001,0.015695045242853922
1.8900000000000012,0.015693772606731216
1.8910000000000011,0.015694091137497423
1.8920000000000008,0.015693538441951205
1.893000000000001,0.015691666417485095
1.8940000000000012,0.015693006010472743
1.8950000000000011,0.015694174598344546
1.8960000000000008,0.01569354599032735
1.897000000000001,0.015692210156579733
1.8980000000000012,0.015690607652686595
1.8990000000000011,0.015688732809135075
1.9000000000000008,0.015685794107614726
1.9010000000000007,0.0156840566606391
1.9020000000000012,0.01568389683681204
1.9030000000000011,0.0156835300681486
1.9040000000000008,0.015684080364199104
1.9050000000000007,0.015683931513297722
1.9060000000000012,0.015683141104108955
1.9070000000000011,0.01568245942705815
1.9080000000000013,0.015681952808439092
1.9090000000000007,0.01567985996731025
1.9100000000000013,0.015677887830037207
1.9110000000000011,0.01567791292180587
1.9120000000000013,0.015677305931575347
1.9130000000000007,0.01567694632732497
1.9140000000000013,0.01567967309800622
1.9150000000000011,0.015681010254880334
1.9160000000000013,0.015676858712343034
1.9170000000000007,0.01567341673392164
1.9180000000000013,0.01567470862952547
1.9190000000000011,0.015677749152985143
1.9200000000000013,0.01567783695247016
1.9210000000000007,0.01567466396439343
1.9220000000000013,0.01567402999669909
1.9230000000000012,0.01567359085070663
1.9240000000000013,0.01567144939047793
1.9250000000000007,0.01567036431763924
1.9260000000000013,0.015668327686288563
1.9270000000000012,0.015668306933960707
1.9280000000000013,0.01566816331840215
1.9290000000000007,0.01566635162946639
1.9300000000000013,0.01566529866532207
1.9310000000000012,0.015665433367502146
1.9320000000000013,0.01566631985741651
1.9330000000000007,0.01566456245043213
1.9340000000000013,0.015663126989963416
1.9350000000000012,0.01566437595140968
1.9360000000000013,0.015664195718485985
1.9370000000000007,0.015662739079782995
1.9380000000000013,0.015661481231134644
1.9390000000000012,0.015661122358071822
1.9400000000000013,0.01566017419214205
1.9410000000000007,0.015660233797660794
1.9420000000000013,0.015660828845177832
1.9430000000000012,0.01565771885509548
1.9440000000000013,0.01565480636881844
1.9450000000000007,0.015655964987701054
1.9460000000000013,0.015655271103327095
1.9470000000000012,0.015652908472304716
1.9480000000000013,0.01565277873759996
1.9490000000000007,0.015653032620321028
1.9500000000000013,0.01565259897040505
1.9510000000000012,0.01565346455260297
1.9520000000000013,0.015652530248946306
1.9530000000000007,0.01564926493253438
1.9540000000000013,0.015647999174895233
1.9550000000000012,0.015648612468208256
1.9560000000000013,0.015647841051826816
1.9570000000000007,0.01564502165356174
1.9580000000000013,0.015642443007166662
1.9590000000000012,0.015642905904975635
1.9600000000000013,0.015643717882060315
1.9610000000000007,0.01564588144068324
1.9620000000000013,0.015647804029555346
1.9630000000000012,0.0156455061098697
1.9640000000000013,0.015641038013558983
1.9650000000000007,0.015639846592691242
1.9660000000000013,0.01564164821386882
1.9670000000000012,0.015641611150591928
1.9680000000000013,0.01563883300256208
1.9690000000000007,0.015635514379788162
1.9700000000000013,0.01563443465965264
1.9710000000000012,0.015636029102836346
1.9720000000000013,0.015636369212835177
1.9730000000000008,0.015635575237375576
1.9740000000000013,0.015633682194341247
1.9750000000000012,0.015630983726790504
1.9760000000000013,0.015629454399054055
1.9770000000000008,0.015629705978184916
1.978000000000001,0.015628781371233913
1.9790000000000012,0.01562602226351828
1.980000000000001,0.015623974650917916
1.9810000000000008,0.015623156234649827
1.982000000000001,0.015623548015035738
1.9830000000000012,0.015623205649806238
1.984000000000001,0.01562166076773508
1.9850000000000008,0.015620767644833222
1.986000000000001,0.015621648206806782
1.9870000000000012,0.015622809934821902
1.988000000000001,0.015621852835124628
1.9890000000000008,0.015617782534278035
1.990000000000001,0.015614045525680353
1.9910000000000012,0.01561323362007272
1.992000000000001,0.015614938760087682
1.9930000000000008,0.015615305160849857
1.994000000000001,0.015613506074309669
1.9950000000000012,0.015610473024949556
1.996000000000001,0.015608038467490815
1.9970000000000008,0.015606812150849692
1.9980000000000016,0.015605960242659478
1.9990000000000012,0.015605967525331721
2.0000000000000013,0.015607908396908954
2.001000000000001,0.015610684383794649
2.0020000000000016,0.015610748194902158
2.003000000000001,0.015608089558291738
2.0040000000000013,0.015606621198848813
2.005000000000001,0.015607112542895152
2.0060000000000016,0.015606286938769642
2.007000000000001,0.015602603678537719
2.0080000000000013,0.015597871912049754
2.009000000000001,0.01559729425027001
2.0100000000000016,0.015598317788622751
2.011000000000001,0.015598768717886458
2.0120000000000013,0.015597898207744265
2.013000000000001,0.015593333843298751
2.0140000000000016,0.015590254646916435
2.015000000000001,0.015590716872218024
2.0160000000000013,0.015591883119320471
2.017000000000001,0.015591773176005574
2.0180000000000016,0.015591425524867475
2.019000000000001,0.015591816538851333
2.0200000000000014,0.01559025444232276
2.021000000000001,0.015587801081039743
2.0220000000000016,0.01558609557415025
2.023000000000001,0.015583292460412679
2.0240000000000014,0.015580904391001127
2.025000000000001,0.015581453200404383
2.0260000000000016,0.015582865827617809
2.027000000000001,0.015581910523884801
2.0280000000000014,0.015580490232167676
2.029000000000001,0.015579541003042152
2.0300000000000016,0.015579120979445804
2.031000000000001,0.01557869278809676
2.0320000000000014,0.015577814050281802
2.0330000000000013,0.015576796242719126
2.0340000000000016,0.015575794837353385
2.035000000000001,0.015573613100912098
2.0360000000000014,0.015569382919700558
2.0370000000000013,0.015567246043431737
2.0380000000000016,0.015567836085445208
2.039000000000001,0.01556718335523044
2.0400000000000014,0.015566117462498141
2.0410000000000013,0.015565451203023883
2.0420000000000016,0.015564902575931683
2.043000000000001,0.01556440786286828
2.0440000000000014,0.01556510994892335
2.0450000000000013,0.015566255744779767
2.0460000000000016,0.015564872555493992
2.047000000000001,0.015561058677960204
2.0480000000000014,0.01555809764224847
2.0490000000000013,0.015556136604821802
2.0500000000000016,0.015553338093369007
2.051000000000001,0.01554998698947685
2.0520000000000014,0.015548330100351393
2.0530000000000013,0.01554892670307595
2.0540000000000016,0.015550343740258654
2.055000000000001,0.015550512068955413
2.0560000000000014,0.015549709939648437
2.0570000000000013,0.015548687466392153
2.0580000000000016,0.015545940919238888
2.059000000000001,0.015541834412971411
2.0600000000000014,0.015538797692052242
2.0610000000000013,0.015538210430236177
2.0620000000000016,0.015538866019156217
2.063000000000001,0.01553864030447727
2.0640000000000014,0.015537704882653713
2.0650000000000013,0.015537735398943653
2.0660000000000016,0.015538322604307098
2.067000000000001,0.015537764123514819
2.0680000000000014,0.01553620181350368
2.0690000000000013,0.015535472911388126
2.0700000000000016,0.015534678224184972
2.071000000000001,0.015532458655272308
2.0720000000000014,0.015530591227545187
2.0730000000000013,0.015529915107798331
2.0740000000000016,0.015528287717714306
2.075000000000001,0.015526528819286511
2.0760000000000014,0.015526069738861281
2.0770000000000013,0.015525311653782126
2.0780000000000016,0.015523915586946657
2.079000000000001,0.015523397208312417
2.0800000000000014,0.015523225205512858
2.0810000000000013,0.015523389484144445
2.0820000000000016,0.015523926984030822
2.083000000000001,0.015522842712186957
2.0840000000000014,0.01552043125530389
2.0850000000000013,0.0155186013110864
2.0860000000000016,0.015517925698311785
2.087000000000001,0.015517491137757133
2.0880000000000014,0.015515489395447446
2.0890000000000013,0.01551335543921084
2.0900000000000016,0.015512252594632514
2.091000000000001,0.015510901369687247
2.0920000000000014,0.015510142695021045
2.0930000000000013,0.015510368883070669
2.0940000000000016,0.015510080522744829
2.095000000000001,0.015508496310381759
2.0960000000000014,0.01550632591753498
2.0970000000000013,0.015503892642904304
2.0980000000000016,0.015502451231768077
2.099000000000001,0.015502397621297348
2.1000000000000014,0.015502035819324078
2.1010000000000013,0.015501132680014962
2.1020000000000016,0.015500175629384216
2.103000000000001,0.015498641882992104
2.104000000000001,0.015497144093771453
2.1050000000000013,0.015496223719772217
2.1060000000000016,0.015495739588757829
2.107000000000001,0.015495378100112589
2.108000000000001,0.015494273165067796
2.1090000000000013,0.01549256834166357
2.1100000000000017,0.01549155057957563
2.111000000000001,0.015490742851703487
2.112000000000001,0.015489274689507226
2.1130000000000013,0.015487772204437533
2.1140000000000017,0.015486563821909272
2.115000000000001,0.015485733938355395
2.116000000000001,0.015484302022869656
2.1170000000000013,0.015482242903402721
2.1180000000000017,0.015481224274530803
2.119000000000001,0.015480730745089488
2.120000000000001,0.015479472443757913
2.1210000000000013,0.015477871739356885
2.1220000000000017,0.015476607926409258
2.1230000000000016,0.015476090619060301
2.124000000000001,0.015476013263509003
2.1250000000000013,0.015475232129176675
2.1260000000000017,0.015474113328181716
2.1270000000000016,0.01547301734843387
2.128000000000001,0.015471003883511969
2.1290000000000013,0.015469239260994527
2.1300000000000017,0.015469307263494159
2.1310000000000016,0.015468999863522015
2.132000000000001,0.015466452653015494
2.1330000000000013,0.015464728195020427
2.1340000000000017,0.015464567605761204
2.1350000000000016,0.015464107046398112
2.136000000000001,0.015463486668025439
2.1370000000000013,0.015463636899440303
2.1380000000000017,0.01546359262623298
2.1390000000000016,0.01546205579401061
2.140000000000001,0.01545955797752896
2.1410000000000013,0.015457431568592028
2.1420000000000017,0.015456314090670276
2.1430000000000016,0.015456121478393925
2.144000000000001,0.015456638508148046
2.1450000000000014,0.015456494200037696
2.1460000000000017,0.015454402914471643
2.1470000000000016,0.015451657551764697
2.148000000000001,0.015449735895394667
2.1490000000000014,0.015448683451346312
2.1500000000000017,0.015448498519099019
2.1510000000000016,0.015448728665063527
2.152000000000001,0.015448721887416639
2.1530000000000014,0.015448546374194905
2.1540000000000017,0.015447654490216678
2.1550000000000016,0.015445066784394612
2.156000000000001,0.015442002824137546
2.1570000000000014,0.015440290586106187
2.1580000000000017,0.01544055272123046
2.1590000000000016,0.015441162643568873
2.160000000000001,0.0154400551125633
2.1610000000000014,0.015437955595992037
2.1620000000000017,0.015436578831589998
2.1630000000000016,0.01543627767195943
2.164000000000001,0.015436433702284091
2.1650000000000014,0.015435984333272756
2.1660000000000017,0.015434106189530894
2.1670000000000016,0.015431700294172401
2.168000000000001,0.015430546835979442
2.1690000000000014,0.01543042079229906
2.1700000000000017,0.015429998647988441
2.1710000000000016,0.015428957800253329
2.172000000000001,0.015427172753653906
2.1730000000000014,0.015424904807986195
2.1740000000000017,0.015423222896146171
2.1750000000000016,0.015421984526724941
2.176000000000001,0.015420820634410859
2.1770000000000014,0.015420456519677828
2.1780000000000017,0.015420696182637528
2.1790000000000016,0.015420323004441627
2.180000000000001,0.015419012204375804
2.1810000000000014,0.015417391321548735
2.1820000000000017,0.015415997714946172
2.1830000000000016,0.015415155776913991
2.184000000000001,0.01541486886089416
2.1850000000000014,0.01541398998138277
2.1860000000000017,0.015412226476136937
2.1870000000000016,0.015410605024882784
2.188000000000001,0.015409626994006942
2.1890000000000014,0.01540915935952114
2.1900000000000017,0.015408698930201581
2.1910000000000016,0.01540768125396852
2.192000000000001,0.01540621829621358
2.1930000000000014,0.01540454375341227
2.1940000000000017,0.015402896554164158
2.1950000000000016,0.01540202999012763
2.196000000000001,0.01540215095123898
2.1970000000000014,0.015402103041004978
2.1980000000000017,0.015401014551983394
2.1990000000000016,0.01539924255445868
2.200000000000001,0.015397303247510763
2.2010000000000014,0.015395488918692024
2.2020000000000017,0.015394106563121568
2.2030000000000016,0.015393221444703897
2.204000000000001,0.01539255541060669
2.2050000000000014,0.015392137203782852
2.2060000000000017,0.015391908511865893
2.2070000000000016,0.015391277191348252
2.208000000000001,0.015390120298889087
2.2090000000000014,0.015388679630696345
2.2100000000000017,0.015387047663587339
2.2110000000000016,0.015385582193594871
2.212000000000001,0.01538477256477222
2.2130000000000014,0.015384751338729075
2.2140000000000017,0.015384845994468321
2.2150000000000016,0.01538422762494207
2.216000000000001,0.015383281350864308
2.2170000000000014,0.01538248530560793
2.2180000000000017,0.015381643837272918
2.2190000000000016,0.015380947690985636
2.220000000000001,0.015380293554066782
2.2210000000000014,0.015379074553948158
2.2220000000000018,0.01537760345781436
2.2230000000000016,0.015376523569109679
2.224000000000001,0.01537569760169788
2.2250000000000014,0.015374841380783266
2.2260000000000018,0.015373422266002024
2.2270000000000016,0.015371158081265435
2.228000000000001,0.015368843412680633
2.229000000000001,0.015367314042528335
2.2300000000000018,0.015366667074111717
2.2310000000000016,0.015366218163393341
2.232000000000001,0.015365168644514426
2.233000000000001,0.015363800526614568
2.2340000000000018,0.015362477855326517
2.2350000000000017,0.015360905592125107
2.236000000000001,0.015359390351811442
2.237000000000001,0.015358631699299963
2.2380000000000018,0.015358118245202945
2.2390000000000017,0.015357333886946378
2.240000000000001,0.015356592198408237
2.241000000000001,0.015355589186029306
2.2420000000000018,0.01535397604918387
2.2430000000000017,0.015352708223971945
2.244000000000001,0.015352078277096837
2.245000000000001,0.015350999263596066
2.2460000000000018,0.015349542040070219
2.2470000000000017,0.015348822247432281
2.2480000000000016,0.01534884609552023
2.249000000000001,0.015348687752968715
2.2500000000000018,0.015347875093873142
2.2510000000000017,0.015346731327468888
2.2520000000000016,0.015345628483430573
2.253000000000001,0.015344592506032484
2.2540000000000022,0.015343575587202452
2.2550000000000017,0.015342823512185078
2.2560000000000016,0.015342528760335483
2.257000000000001,0.015342120309441043
2.2580000000000022,0.015341014058442681
2.2590000000000017,0.01533974623578871
2.2600000000000016,0.015338614857682842
2.261000000000001,0.01533688475635131
2.2620000000000022,0.015334950505767608
2.2630000000000017,0.015334080966880492
2.2640000000000016,0.0153336646487503
2.265000000000001,0.015332366707127676
2.2660000000000022,0.015330653117644033
2.2670000000000017,0.015329475057178854
2.2680000000000016,0.015328518225004473
2.269000000000001,0.015327293580639889
2.2700000000000022,0.015325992632647
2.2710000000000017,0.015324932482378983
2.2720000000000016,0.01532398704532767
2.273000000000001,0.015323025806189605
2.2740000000000022,0.015322065674808982
2.2750000000000017,0.015321042495337167
2.2760000000000016,0.015319819655452704
2.277000000000001,0.015318161601385327
2.2780000000000022,0.015316330472906259
2.2790000000000017,0.015315391802040779
2.2800000000000016,0.01531545073699192
2.281000000000001,0.0153154139845455
2.2820000000000022,0.015314941038063523
2.2830000000000017,0.015314486706849095
2.2840000000000016,0.015313796358718434
2.285000000000001,0.015312142759889014
2.2860000000000023,0.01530982702335848
2.2870000000000017,0.015307851240258685
2.2880000000000016,0.015306500600061668
2.289000000000001,0.015305578655876673
2.2900000000000023,0.015305107262157946
2.2910000000000017,0.015304873913699168
2.2920000000000016,0.015304503009510029
2.293000000000001,0.015303633911742054
2.2940000000000023,0.015302157821160733
2.2950000000000017,0.01530079428334119
2.2960000000000016,0.01530024336496183
2.297000000000001,0.015299911262168564
2.2980000000000023,0.0152989806760786
2.2990000000000017,0.015297278269642334
2.3000000000000016,0.015294902672302157
2.301000000000001,0.015292652016142938
2.3020000000000023,0.015291604533651082
2.3030000000000017,0.015291573032222061
2.3040000000000016,0.015291540163396178
2.305000000000001,0.015290838549852026
2.3060000000000023,0.015289312747711392
2.3070000000000017,0.015287396076168136
2.3080000000000016,0.015285776676769558
2.309000000000001,0.01528468120589821
2.3100000000000023,0.01528397889648403
2.3110000000000017,0.015283474448054335
2.3120000000000016,0.01528274611870728
2.313000000000001,0.01528147063863372
2.3140000000000023,0.015279859019294406
2.3150000000000017,0.01527821126057205
2.3160000000000016,0.01527657874937205
2.317000000000001,0.01527518486649626
2.3180000000000023,0.015274395964382848
2.3190000000000017,0.015273911581331845
2.3200000000000016,0.015272886356747506
2.321000000000001,0.015271141796162624
2.3220000000000023,0.01526940098845131
2.3230000000000017,0.015267980266671088
2.3240000000000016,0.015266414602500333
2.325000000000001,0.015264525206092117
2.3260000000000023,0.015262969541922189
2.3270000000000017,0.01526208922376071
2.3280000000000016,0.015261551480207913
2.329000000000001,0.015260907524286438
2.3300000000000023,0.015259900653177283
2.3310000000000017,0.015258374556232468
2.3320000000000016,0.015256442832715322
2.333000000000001,0.015254741413144757
2.3340000000000023,0.015253903674953051
2.3350000000000017,0.015253602322111703
2.3360000000000016,0.015252823714774877
2.337000000000001,0.015251070790171184
2.3380000000000023,0.015248776933908914
2.3390000000000017,0.015246680307662075
2.3400000000000016,0.015245208855439785
2.341000000000001,0.015244274581363015
2.3420000000000023,0.0152433535263512
2.3430000000000017,0.015241989924419386
2.3440000000000016,0.01524046522931144
2.345000000000001,0.015239158073981685
2.3460000000000023,0.015237711605898596
2.3470000000000018,0.015236174429134053
2.3480000000000016,0.015235061850759735
2.349000000000001,0.01523451528277775
2.350000000000002,0.01523427087779794
2.3510000000000018,0.015233626638412545
2.3520000000000016,0.015232014718499443
2.353000000000001,0.015229727669442639
2.354000000000002,0.015227590666654578
2.3550000000000018,0.015225949191894017
2.3560000000000016,0.01522447153740103
2.357000000000001,0.015222869755028512
2.358000000000002,0.015221265737359602
2.3590000000000018,0.015220034109383107
2.3600000000000017,0.015219403639726181
2.361000000000001,0.015218615611750863
2.362000000000002,0.01521669601299891
2.3630000000000018,0.015214262666617628
2.3640000000000017,0.015212273893837391
2.365000000000001,0.015211061562929729
2.366000000000002,0.015210185998192571
2.3670000000000018,0.015209008010721448
2.3680000000000017,0.015207422655947767
2.369000000000001,0.015205892663729514
2.370000000000002,0.015204812403062817
2.3710000000000018,0.015203951578264707
2.3720000000000017,0.015202673319478777
2.3730000000000016,0.015200829438207109
2.374000000000002,0.015199145043141016
2.3750000000000018,0.015198069298868688
2.3760000000000017,0.01519672126218552
2.3770000000000016,0.01519485581616209
2.378000000000002,0.015193085933226769
2.3790000000000022,0.015191759139682404
2.3800000000000017,0.015190766271075518
2.3810000000000016,0.015189878093750053
2.382000000000002,0.015188871997018794
2.3830000000000022,0.01518754418877677
2.3840000000000017,0.015185879860347029
2.3850000000000016,0.015184151439676441
2.386000000000002,0.015182596585091801
2.3870000000000022,0.015181006399636487
2.3880000000000017,0.015179200569072293
2.3890000000000016,0.015177287655198768
2.390000000000002,0.01517558079891046
2.3910000000000022,0.015174319621429788
2.3920000000000017,0.015173329862001594
2.3930000000000016,0.015172130523140481
2.394000000000002,0.01517045984132892
2.3950000000000022,0.015168680979414262
2.3960000000000017,0.015167403875338437
2.3970000000000016,0.015166577249459579
2.398000000000002,0.015165600717160999
2.3990000000000022,0.0151644191995004
2.4000000000000017,0.015163094734766958
2.4010000000000016,0.01516148438523146
2.402000000000001,0.015159526245170696
2.4030000000000022,0.015157434113781676
2.4040000000000017,0.01515552956456645
2.4050000000000016,0.015153897983928744
2.406000000000002,0.015152320162819422
2.4070000000000022,0.015150772731907125
2.4080000000000017,0.015149463298214982
2.4090000000000016,0.015148185407852566
2.410000000000001,0.015146696651463287
2.4110000000000023,0.015144996892168194
2.4120000000000017,0.015143298342778166
2.4130000000000016,0.015141835266852866
2.414000000000002,0.01514063052435688
2.4150000000000023,0.015139392012109454
2.4160000000000017,0.015137867501707092
2.4170000000000016,0.01513612538296627
2.418000000000001,0.015134283562296957
2.4190000000000023,0.015132256648364262
2.4200000000000017,0.015129975878366508
2.4210000000000016,0.015127633935961171
2.422000000000002,0.015125686487728274
2.4230000000000023,0.015124509259131003
2.4240000000000017,0.015123841145125994
2.4250000000000016,0.015122816129164107
2.426000000000001,0.015121239589653612
2.4270000000000023,0.015119383359689209
2.4280000000000017,0.015117458487168278
2.4290000000000016,0.015115718822734436
2.430000000000002,0.015114241756563729
2.4310000000000023,0.01511288729425786
2.4320000000000017,0.015111481853921305
2.4330000000000016,0.015110177742862163
2.434000000000001,0.015108843738488531
2.4350000000000023,0.015107059454102512
2.4360000000000017,0.015104837819890804
2.4370000000000016,0.015102472376682385
2.438000000000002,0.015100306952156473
2.4390000000000023,0.0150985739734395
2.4400000000000017,0.01509730238726803
2.4410000000000016,0.015096190805600429
2.442000000000001,0.015094724871950405
2.4430000000000023,0.015092925519979872
2.4440000000000017,0.015091225369459949
2.4450000000000016,0.015089907208420072
2.446000000000002,0.015088888480612184
2.4470000000000023,0.01508777564941255
2.4480000000000017,0.01508616931761253
2.4490000000000016,0.015084123785157999
2.450000000000001,0.015082341235959973
2.4510000000000023,0.015080900116558382
2.4520000000000017,0.015079381863145613
2.4530000000000016,0.015077513161003253
2.454000000000002,0.015075385298423782
2.4550000000000023,0.01507340004602753
2.4560000000000017,0.015071838807273252
2.4570000000000016,0.015070536539113277
2.458000000000001,0.015069315100966207
2.4590000000000023,0.01506799060971531
2.4600000000000017,0.015066364964603451
2.4610000000000016,0.01506441511561718
2.462000000000002,0.01506244083096675
2.4630000000000023,0.015061001733258195
2.4640000000000017,0.015059892694253563
2.4650000000000016,0.015058663044349885
2.466000000000001,0.015057320591623125
2.4670000000000023,0.015055897388201345
2.4680000000000017,0.015054297147187867
2.4690000000000016,0.015052251522853055
2.470000000000002,0.015049910093118513
2.4710000000000023,0.015047956196703183
2.4720000000000018,0.015046275597711656
2.4730000000000016,0.01504468961237393
2.474000000000001,0.015043181450387522
2.475000000000002,0.015041832910256403
2.4760000000000018,0.015040491898183461
2.4770000000000016,0.015038671819496585
2.478000000000002,0.015036556347403973
2.479000000000002,0.015034405890496316
2.4800000000000018,0.015032398306225048
2.4810000000000016,0.015030572048580382
2.482000000000001,0.015028807694285717
2.483000000000002,0.015026961924640148
2.4840000000000018,0.01502517095121192
2.4850000000000017,0.015023368772020262
2.486000000000002,0.015021473933153118
2.487000000000002,0.01501950147445541
2.4880000000000018,0.01501757439679352
2.4890000000000017,0.015015758161936787
2.490000000000001,0.015014031621248591
2.491000000000002,0.015012399922945008
2.4920000000000018,0.015010808421287436
2.4930000000000017,0.015009193143050936
2.494000000000002,0.015007515555772954
2.495000000000002,0.015005844917190814
2.4960000000000018,0.015004181177992848
2.4970000000000017,0.015002524102797565
2.4980000000000016,0.015000865093163895
2.499000000000002,0.014999141726200094
2.5000000000000018,0.01499725935201468
2.5010000000000017,0.014995202989354084
2.502000000000002,0.014993292885506548
2.503000000000002,0.014991521563871402
2.5040000000000022,0.01498967014246233
2.5050000000000017,0.014987602343921935
2.5060000000000016,0.014985367775523173
2.507000000000002,0.01498335387562122
2.5080000000000022,0.01498176757699099
2.5090000000000017,0.014980385677411334
2.510000000000002,0.0149789769972557
2.511000000000002,0.014977365836074341
2.5120000000000022,0.014975508565612472
2.5130000000000017,0.014973375953225343
2.5140000000000016,0.01497102984174603
2.515000000000002,0.014968622825314526
2.5160000000000022,0.014966316756925835
2.5170000000000017,0.014964251899819203
2.518000000000002,0.014962511680913337
2.519000000000002,0.01496096608397579
2.5200000000000022,0.01495940308267052
2.5210000000000017,0.01495761368949644
2.5220000000000016,0.014955462390574326
2.523000000000002,0.014952946100152076
2.5240000000000022,0.014950429671671372
2.5250000000000017,0.014947991786193882
2.526000000000002,0.014945676779724693
2.527000000000002,0.014943591771498177
2.5280000000000022,0.014941855336516596
2.5290000000000017,0.014940200631052392
2.5300000000000016,0.014938171658108956
2.531000000000002,0.014935900317958328
2.5320000000000022,0.01493359584243592
2.5330000000000017,0.014931470471729824
2.534000000000002,0.01492960314286762
2.535000000000002,0.014927756491253774
2.5360000000000023,0.014925881448604628
2.5370000000000017,0.014924020259400095
2.5380000000000016,0.014922191372164662
2.539000000000002,0.014920288914005653
2.5400000000000023,0.014917802091090948
2.5410000000000017,0.014914946171344923
2.542000000000002,0.014912089290639585
2.543000000000002,0.014909550313973341
2.5440000000000023,0.014907524667975736
2.5450000000000017,0.014905614077484586
2.5460000000000016,0.014903519870372861
2.547000000000002,0.01490120325666311
2.5480000000000023,0.014898667353364203
2.5490000000000017,0.014895932148341728
2.550000000000002,0.014893166360408827
2.551000000000002,0.014890606891988512
2.5520000000000023,0.014888282541718922
2.5530000000000017,0.014886168312344239
2.5540000000000016,0.014884177097265194
2.555000000000002,0.014882117523853822
2.5560000000000023,0.014879840096085672
2.5570000000000017,0.014877324730605324
2.558000000000002,0.014874636087945703
2.559000000000002,0.014872091839428947
2.5600000000000023,0.01487001186939807
2.5610000000000017,0.0148681631711014
2.5620000000000016,0.014866388217917859
2.563000000000002,0.014864555454025208
2.5640000000000023,0.01486277549146564
2.5650000000000017,0.014861053798043145
2.566000000000002,0.014859161437946966
2.567000000000002,0.014856954188076088
2.5680000000000023,0.01485431888817601
2.5690000000000017,0.014851587277213696
2.5700000000000016,0.014849053810870316
2.571000000000002,0.01484669601727262
2.5720000000000023,0.014844543187514603
2.5730000000000017,0.01484279049901005
2.574000000000002,0.014841284249989428
2.575000000000002,0.014839565067596538
2.5760000000000023,0.014837566424134252
2.5770000000000017,0.014835316323491554
2.5780000000000016,0.014833097465434264
2.579000000000002,0.014830955097536958
2.5800000000000023,0.014828835334910195
2.5810000000000017,0.014826717964815828
2.582000000000002,0.014824606981051147
2.583000000000002,0.014822663525507096
2.5840000000000023,0.014820791479763784
2.5850000000000017,0.01481883740869705
2.5860000000000016,0.014816647769059443
2.587000000000002,0.014814103002429135
2.5880000000000023,0.014811450109306179
2.5890000000000017,0.014808768529789518
2.590000000000002,0.01480610243492464
2.591000000000002,0.01480348784718899
2.5920000000000023,0.014800990716558715
2.5930000000000017,0.01479872762599399
2.5940000000000016,0.014796676934139441
2.595000000000002,0.014794774711511138
2.5960000000000023,0.014792601696910879
2.5970000000000018,0.014790111840120801
2.598000000000002,0.014787412526558796
2.599000000000002,0.014784621435531164
