wave,Carbon Dioxide
0.4,0.8454040369423035
0.401,0.8455672414326464
0.402,0.845699698745062
0.40299999999999997,0.8458316386900198
0.40399999999999997,0.8459630644270654
0.405,0.846093979088951
0.406,0.8462243857819716
0.407,0.846354287586212
0.408,0.8464836875558557
0.409,0.846612588719451
0.41,0.8467409940802106
0.411,0.8468689066162374
0.412,0.8469963292808284
0.413,0.8471232650027279
0.414,0.8472497166863994
0.415,0.8473756872122578
0.416,0.8475011794369367
0.417,0.8476261961935603
0.418,0.8477507402919673
0.419,0.8478748145189449
0.42,0.8479984216384892
0.421,0.8481215643920571
0.422,0.8482442454987856
0.423,0.8483664676556844
0.424,0.8484882335379591
0.425,0.8486095457991394
0.4260000000000001,0.8487304070713751
0.4270000000000001,0.8488508199656014
0.4280000000000001,0.8489730843792076
0.4290000000000001,0.8490948992376733
0.4300000000000001,0.8492162671183264
0.4310000000000001,0.8493371905779824
0.4320000000000001,0.8494576721531076
0.4330000000000001,0.8495777143600826
0.4340000000000001,0.8496973196953611
0.4350000000000001,0.8498164906356689
0.4360000000000001,0.8499352296382614
0.4370000000000001,0.8500535391410413
0.4380000000000001,0.8501714215628138
0.4390000000000001,0.8502888793034397
0.4400000000000001,0.8504059147440515
0.4410000000000001,0.8505225302472361
0.4420000000000001,0.8506387281571921
0.4430000000000001,0.8507545107999446
0.4440000000000001,0.8508698804835162
0.4450000000000001,0.8509848394981026
0.4460000000000001,0.8510993901162471
0.4470000000000001,0.8512135345930036
0.4480000000000001,0.8513272751661469
0.4490000000000001,0.8514406140562949
0.4500000000000001,0.8515535534671159
0.4510000000000001,0.8516660955854535
0.4520000000000001,0.8517782425815352
0.4530000000000001,0.8518447341308827
0.4540000000000001,0.8519109678879545
0.4550000000000001,0.8519769453512485
0.4560000000000001,0.852042668007424
0.4570000000000001,0.8521081373314757
0.4580000000000001,0.8521733547867922
0.4590000000000001,0.8522383218253371
0.4600000000000001,0.8523030398876795
0.4610000000000001,0.8523675104031824
0.4620000000000001,0.852431734790066
0.4630000000000001,0.8524957144555393
0.4640000000000001,0.8525594507958972
0.4650000000000001,0.8526229451966304
0.4660000000000001,0.8526861990325267
0.4670000000000001,0.8527492136677912
0.4680000000000001,0.8528119904561344
0.4690000000000001,0.85287453074087
0.4700000000000001,0.8529368358550187
0.4710000000000001,0.8529989071214297
0.4720000000000001,0.8530607458528405
0.4730000000000001,0.8531223533520105
0.4740000000000001,0.8531837309117976
0.4750000000000001,0.8532448798152301
0.4760000000000001,0.8533058013356766
0.4770000000000001,0.8533664967368422
0.4780000000000001,0.853426967272925
0.4790000000000001,0.8534872141886839
0.4800000000000001,0.853547238719537
0.4810000000000001,0.8536070420916406
0.4820000000000001,0.8536666255219731
0.4830000000000001,0.853725990218454
0.4840000000000001,0.8537851373799688
0.4850000000000001,0.8538440681965238
0.4860000000000001,0.8539027838492776
0.4870000000000001,0.8539612855106352
0.4880000000000001,0.8540195743443477
0.4890000000000001,0.854077651505574
0.4900000000000001,0.8541355181409771
0.4910000000000001,0.8541519772954564
0.4920000000000001,0.854168369112773
0.4930000000000001,0.8541846939791508
0.4940000000000001,0.8542009522778066
0.4950000000000001,0.8542171443889408
0.4960000000000001,0.8542332706897713
0.4970000000000001,0.8542493315545988
0.4980000000000001,0.8542653273548053
0.4990000000000001,0.8542812584588586
0.5000000000000001,0.8542971252324276
0.5010000000000001,0.8543129280382993
0.5020000000000001,0.854328667236478
0.5030000000000001,0.8543443431842024
0.5040000000000001,0.8543599562359413
0.5050000000000001,0.8543755067434586
0.5060000000000001,0.8543909950558157
0.5070000000000001,0.8544064215194056
0.5080000000000001,0.8544217864779808
0.5090000000000001,0.8544370902726587
0.5100000000000001,0.854452333241986
0.5110000000000001,0.8544675157219124
0.5120000000000001,0.8544826380458687
0.5130000000000001,0.8544977005447311
0.5140000000000001,0.8545127035469242
0.5150000000000001,0.8545276473783447
0.5160000000000001,0.8545269831066455
0.5170000000000001,0.8545263197841174
0.5180000000000001,0.8545256574010848
0.5190000000000001,0.8545249959479027
0.5200000000000001,0.8545243354150078
0.5210000000000001,0.8545236757929201
0.5220000000000001,0.8545230170722325
0.5230000000000001,0.8545223592435924
0.5240000000000001,0.8545217022977133
0.5250000000000001,0.8545210462254034
0.5260000000000001,0.854520391017518
0.5270000000000001,0.8545197366650025
0.5280000000000001,0.8545190831588311
0.5290000000000001,0.8545184304900815
0.5300000000000001,0.8545177786498772
0.5310000000000001,0.8545171276294103
0.5320000000000001,0.854516477419945
0.5330000000000001,0.8545158280127889
0.5340000000000001,0.854515179399358
0.5350000000000001,0.8545145315710723
0.5360000000000001,0.8545138845194524
0.5370000000000001,0.854513238236072
0.5380000000000001,0.854512592712571
0.5390000000000001,0.8545119479406199
0.5400000000000001,0.8545113039119926
0.5410000000000001,0.8545106606185001
0.5420000000000001,0.8545100180520145
0.5430000000000001,0.8545093762044558
0.5440000000000002,0.8545087350678257
0.5450000000000002,0.8545080946341558
0.5460000000000002,0.8545074548955489
0.5470000000000002,0.8545068158441774
0.5480000000000002,0.8545061774722343
0.5490000000000002,0.8545055397719976
0.5500000000000002,0.8545049027357855
0.5510000000000002,0.8545042663559882
0.5520000000000002,0.8545036306250151
0.5530000000000002,0.8545029955353629
0.5540000000000002,0.8544164913772547
0.5550000000000002,0.8543303612748474
0.5560000000000002,0.8542446027422583
0.5570000000000002,0.8541592133160534
0.5580000000000002,0.854074190554974
0.5590000000000002,0.8539895320396822
0.5600000000000002,0.8539052353725176
0.5610000000000002,0.8538212981772579
0.5620000000000002,0.8537377180988504
0.5630000000000002,0.8536544928031972
0.5640000000000002,0.8535716199768912
0.5650000000000002,0.8534890973270001
0.5660000000000002,0.853406922580839
0.5670000000000002,0.8533250934857377
0.5680000000000002,0.8532436078087915
0.5690000000000002,0.8531624633366925
0.5700000000000002,0.853081657875453
0.5710000000000002,0.8530011892502242
0.5720000000000002,0.8529210553050981
0.5730000000000002,0.8528412539028545
0.5740000000000002,0.8527617829247641
0.5750000000000002,0.8526826402704293
0.5760000000000002,0.8526038238575298
0.5770000000000002,0.8525253316216521
0.5780000000000002,0.8524471615160719
0.5790000000000002,0.8523619262535187
0.5800000000000002,0.8522770453588401
0.5810000000000002,0.8521925165710921
0.5820000000000002,0.852108337648938
0.5830000000000002,0.8520245063704752
0.5840000000000002,0.8519410205329606
0.5850000000000002,0.8518578779526612
0.5860000000000002,0.8517750764645909
0.5870000000000002,0.8516926139223324
0.5880000000000002,0.8516104881978384
0.5890000000000002,0.8515286971812004
0.5900000000000002,0.851447238780521
0.5910000000000002,0.8513661109216148
0.5920000000000002,0.8512853115479114
0.5930000000000002,0.8512048386202062
0.5940000000000002,0.8511246901165052
0.5950000000000002,0.8510448640318073
0.5960000000000002,0.8509653583779764
0.5970000000000002,0.8508861711834869
0.5980000000000002,0.8508073004933178
0.5990000000000002,0.8507287443687352
0.6000000000000002,0.8506505008871219
0.6010000000000002,0.8505725681418199
0.6020000000000002,0.8504949442419665
0.6030000000000002,0.8504176273122954
0.6040000000000002,0.8503406154930099
0.6050000000000002,0.8502639069395996
0.6060000000000002,0.850187499822688
0.6070000000000002,0.8501113923278629
0.6080000000000002,0.8500355826555465
0.6090000000000002,0.849960069020809
0.6100000000000002,0.8498848496532343
0.6110000000000002,0.849809922796771
0.6120000000000002,0.8497352867095826
0.6130000000000002,0.8496609396638763
0.6140000000000002,0.8495868799458204
0.6150000000000002,0.8495131058553285
0.6160000000000002,0.8494396157059684
0.6170000000000002,0.8493546985234722
0.6180000000000002,0.8492701149592049
0.6190000000000002,0.849185862995884
0.6200000000000002,0.849101940632892
0.6210000000000002,0.8490183458859965
0.6220000000000002,0.8489350767872892
0.6230000000000002,0.8488521313848996
0.6240000000000002,0.8487695077429247
0.6250000000000002,0.848687203941202
0.6260000000000002,0.8486052180751571
0.6270000000000002,0.8485235482556913
0.6280000000000002,0.848442192608929
0.6290000000000002,0.8483611492761509
0.6300000000000002,0.8482804164135684
0.6310000000000002,0.8481999921922355
0.6320000000000002,0.848119874797814
0.6330000000000002,0.8480400624305199
0.6340000000000002,0.8479605533048902
0.6350000000000002,0.8478813456497019
0.6360000000000002,0.847802437707767
0.6370000000000002,0.8477238277358514
0.6380000000000002,0.8476455140044854
0.6390000000000002,0.8475674947978451
0.6400000000000002,0.8474897684136204
0.6410000000000002,0.8474123331628807
0.6420000000000002,0.8473351873698991
0.6430000000000002,0.8472583293720855
0.6440000000000002,0.8471817575198135
0.6450000000000002,0.8471054701762879
0.6460000000000002,0.8470294657174539
0.6470000000000002,0.8469537425318325
0.6480000000000002,0.8468782990204101
0.6490000000000002,0.8468031335965283
0.6500000000000002,0.846728244685734
0.6510000000000002,0.8466536307256912
0.6520000000000002,0.8465792901660394
0.6530000000000002,0.8465052214682814
0.6540000000000002,0.8464314231056831
0.6550000000000002,0.8463578935631295
0.6560000000000002,0.8462846313370416
0.6570000000000003,0.8462116349352377
0.6580000000000003,0.8461389028768527
0.6590000000000003,0.8460664336922098
0.6600000000000003,0.8459942259226971
0.6610000000000003,0.8459222781207066
0.6620000000000003,0.8458505888494913
0.6630000000000003,0.8457791566830695
0.6640000000000003,0.8457079802061219
0.6650000000000003,0.8456370580139029
0.6660000000000003,0.8455663887121259
0.6670000000000003,0.8454959709168705
0.6680000000000003,0.8454258032544666
0.6690000000000003,0.8453558843614517
0.6700000000000003,0.845286212884379
0.6710000000000003,0.8452167874798424
0.6720000000000003,0.8451476068142634
0.6730000000000003,0.8450786695639012
0.6740000000000003,0.8450099744146811
0.6750000000000003,0.8449415200621636
0.6760000000000003,0.8448733052114276
0.6770000000000003,0.8448053285769644
0.6780000000000003,0.8447375888826278
0.6790000000000003,0.8446700848615254
0.6800000000000003,0.8445912301460141
0.6810000000000003,0.8445126563404176
0.6820000000000003,0.8444343619031658
0.6830000000000003,0.8443563453041822
0.6840000000000003,0.8442786050248063
0.6850000000000003,0.8442011395576654
0.6860000000000003,0.8441239474065988
0.6870000000000003,0.8440470270865177
0.6880000000000003,0.8439703771233069
0.6890000000000003,0.8438939960537526
0.6900000000000003,0.8438178824254093
0.6910000000000003,0.8437420347964938
0.6920000000000003,0.8436664517357898
0.6930000000000003,0.8435911318225928
0.6940000000000003,0.8435160736465219
0.6950000000000003,0.8434412758075175
0.6960000000000003,0.8433667369156869
0.6970000000000003,0.8432924555912398
0.6980000000000003,0.8432184304643512
0.6990000000000003,0.8431446601751266
0.7000000000000003,0.8430711433734792
0.7010000000000003,0.8429978787190329
0.7020000000000003,0.8429248648810594
0.7030000000000003,0.8428521005383544
0.7040000000000003,0.842779584379185
0.7050000000000003,0.8427073151011892
0.7060000000000003,0.8426352914112765
0.7070000000000003,0.8425635120255611
0.7080000000000003,0.8424919756692865
0.7090000000000003,0.8424206810767155
0.7100000000000003,0.8423496269910673
0.7110000000000003,0.8422788121644235
0.7120000000000003,0.8422082353576823
0.7130000000000003,0.8421378953404176
0.7140000000000003,0.8420677908908765
0.7150000000000003,0.8419979207958422
0.7160000000000003,0.8419282838505697
0.7170000000000003,0.8418588788587427
0.7180000000000003,0.8417897046323602
0.7190000000000003,0.8417207599916785
0.7200000000000003,0.8416520437651399
0.7210000000000003,0.8415835547892936
0.7220000000000003,0.8415152919087354
0.7230000000000003,0.8414472539760285
0.7240000000000003,0.8413794398516243
0.7250000000000003,0.8413118484038056
0.7260000000000003,0.8412444785086383
0.7270000000000003,0.8411773290498461
0.7280000000000003,0.8411103989188082
0.7290000000000003,0.8410436870144412
0.7300000000000003,0.8409771922431648
0.7310000000000003,0.8409109135188332
0.7320000000000003,0.8408448497626537
0.7330000000000003,0.8407789999031399
0.7340000000000003,0.8407133628760513
0.7350000000000003,0.8406479376243029
0.7360000000000003,0.8405827230979476
0.7370000000000003,0.8405177182540625
0.7380000000000003,0.8404529220567549
0.7390000000000003,0.8403883334770269
0.7400000000000003,0.84032395149279
0.7410000000000003,0.8402597750887308
0.7420000000000003,0.840195803256337
0.7430000000000003,0.8401321495244807
0.7440000000000003,0.8400686986640316
0.7450000000000003,0.8400054496862673
0.7460000000000003,0.8399424016089836
0.7470000000000003,0.839879553456462
0.7480000000000003,0.8398169042593977
0.7490000000000003,0.8397544530548716
0.7500000000000003,0.8396921988862838
0.7510000000000003,0.839630140803283
0.7520000000000003,0.8395682778617376
0.7530000000000003,0.8395066091236726
0.7540000000000003,0.8394451336572412
0.7550000000000003,0.8393838505366176
0.7560000000000003,0.8393227588420334
0.7570000000000003,0.8392618576596391
0.7580000000000003,0.8392011460815176
0.7590000000000003,0.8391406232055969
0.7600000000000003,0.8390802881356338
0.7610000000000003,0.8390201399811369
0.7620000000000003,0.838960177857358
0.7630000000000003,0.8389004008851917
0.7640000000000003,0.8388408081911649
0.7650000000000003,0.8387813989074034
0.7660000000000003,0.838722172171546
0.7670000000000003,0.838663127126739
0.7680000000000003,0.8386042629215443
0.7690000000000003,0.8385455787099653
0.7700000000000004,0.8384870736513386
0.7710000000000004,0.8384287469103229
0.7720000000000004,0.8383705976568342
0.7730000000000004,0.8383126250660509
0.7740000000000004,0.8382548283183109
0.7750000000000004,0.8381972065991016
0.7760000000000004,0.8381397590990254
0.7770000000000004,0.8380824850137497
0.7780000000000004,0.8380253835439629
0.7790000000000004,0.8379684538953274
0.7800000000000004,0.8379116952784754
0.7810000000000004,0.8378551069089175
0.7820000000000004,0.8377986880070649
0.7830000000000004,0.837742437798116
0.7840000000000004,0.8376863555120966
0.7850000000000004,0.8376304403837773
0.7860000000000004,0.8375746916526282
0.7870000000000004,0.8375191085628169
0.7880000000000004,0.8374636903631414
0.7890000000000004,0.8374084363070321
0.7900000000000004,0.8373533456524417
0.7910000000000004,0.837298417661913
0.7920000000000004,0.8372436516024506
0.7930000000000004,0.83718904674554
0.7940000000000004,0.837134602367094
0.7950000000000004,0.8370803177474265
0.7960000000000004,0.8370261921712079
0.7970000000000004,0.8369722249274409
0.7980000000000004,0.8369184153094209
0.7990000000000004,0.8368647626147112
0.8000000000000004,0.8368112661451101
0.8010000000000004,0.8367579252065909
0.8020000000000004,0.8367047391093224
0.8030000000000004,0.8366517071675873
0.8040000000000004,0.836598828699787
0.8050000000000004,0.8365461030283837
0.8060000000000004,0.8365012849891608
0.8070000000000004,0.8364565937978973
0.8080000000000004,0.8364120289109108
0.8090000000000004,0.836367589787661
0.8100000000000004,0.8363232758907266
0.8110000000000004,0.8362790866857774
0.8120000000000004,0.8362350216415553
0.8130000000000004,0.8361910802298512
0.8140000000000004,0.8361472619254728
0.8150000000000004,0.8361035662062415
0.8160000000000004,0.8360599925529575
0.8170000000000004,0.8360165404493842
0.8180000000000004,0.8359732093822205
0.8190000000000004,0.8359299988410953
0.8200000000000004,0.8358869083185104
0.8210000000000004,0.835843937309869
0.8220000000000004,0.835801085313418
0.8230000000000004,0.8357583518302485
0.8240000000000004,0.8357157363642498
0.8250000000000004,0.8356732384221294
0.8260000000000004,0.835630857513359
0.8270000000000004,0.8355885931501523
0.8280000000000004,0.8355464448474905
0.8290000000000004,0.8355044121230413
0.8300000000000004,0.8354624944971835
0.8310000000000004,0.8354206914929858
0.8320000000000004,0.8353790026361595
0.8330000000000004,0.8353374274550549
0.8340000000000004,0.8352959654806554
0.8350000000000004,0.8352546162465492
0.8360000000000004,0.8352133792889069
0.8370000000000004,0.8351722541464579
0.8380000000000004,0.8351312403604991
0.8390000000000004,0.8350903374748447
0.8400000000000004,0.8350495450358255
0.8410000000000004,0.8350088625922827
0.8420000000000004,0.8349682896955153
0.8430000000000004,0.8349278258993005
0.8440000000000004,0.8348874707598576
0.8450000000000004,0.8348472238358289
0.8460000000000004,0.8348070846882713
0.8470000000000004,0.8347670528806455
0.8480000000000004,0.8347271279787731
0.8490000000000004,0.8346873095508499
0.8500000000000004,0.8346475971674204
0.8510000000000004,0.8346079904013478
0.8520000000000004,0.8345684888278156
0.8530000000000004,0.8345290920243102
0.8540000000000004,0.8344897995705862
0.8550000000000004,0.8344506110486838
0.8560000000000004,0.8344115260428799
0.8570000000000004,0.8343725441396899
0.8580000000000004,0.8343336649278584
0.8590000000000004,0.8342948879983283
0.8600000000000004,0.83425621294423
0.8610000000000004,0.8342176393608872
0.8620000000000004,0.8341791668457592
0.8630000000000004,0.8341407949984825
0.8640000000000004,0.834102523420803
0.8650000000000004,0.8340643517165841
0.8660000000000004,0.8340262794918105
0.8670000000000004,0.8339883063545515
0.8680000000000004,0.8339504319149392
0.8690000000000004,0.8339055942122084
0.8700000000000004,0.8338608746932858
0.8710000000000004,0.8338162728836369
0.8720000000000004,0.8337717883113127
0.8730000000000004,0.8337274205069007
0.8740000000000004,0.8336831690035166
0.8750000000000004,0.8336390333368101
0.8760000000000004,0.8335950130449215
0.8770000000000004,0.833551107668454
0.8780000000000004,0.8335073167505054
0.8790000000000004,0.8334636398365953
0.8800000000000004,0.8334200764746872
0.8810000000000004,0.8333766262151644
0.8820000000000005,0.8333332886107896
0.8830000000000005,0.8332900632167262
0.8840000000000005,0.833246949590489
0.8850000000000005,0.8332039472919603
0.8860000000000005,0.8331610558833413
0.8870000000000005,0.8331182749291441
0.8880000000000005,0.8330756039962188
0.8890000000000005,0.8330330426536667
0.8900000000000005,0.8329905904728792
0.8910000000000005,0.8329482470274912
0.8920000000000005,0.8329060118934093
0.8930000000000005,0.8328638846487342
0.8940000000000005,0.8328218648737993
0.8950000000000005,0.8327799521511291
0.8960000000000005,0.832738146065429
0.8970000000000005,0.8326964462035759
0.8980000000000005,0.8326548521546021
0.8990000000000005,0.8326133635096907
0.9000000000000005,0.832571979862125
0.9010000000000004,0.8325307008073293
0.9020000000000004,0.8324895259428038
0.9030000000000004,0.8324484548681383
0.9040000000000004,0.832407487185012
0.9050000000000004,0.832366622497144
0.9060000000000004,0.8323258604102955
0.9070000000000004,0.8322852005322636
0.9080000000000004,0.8322446424728761
0.9090000000000004,0.8322041858439415
0.9100000000000004,0.8321638302592732
0.9110000000000004,0.8321235753346629
0.9120000000000004,0.8320834206878643
0.9130000000000004,0.8320433659385836
0.9140000000000004,0.8320034107084772
0.9150000000000004,0.8319635546211178
0.9160000000000004,0.8319237973020002
0.9170000000000004,0.831884138378516
0.9180000000000004,0.8318445774799521
0.9190000000000004,0.8318051142374809
0.9200000000000004,0.8317657482841347
0.9210000000000004,0.8317264792547916
0.9220000000000004,0.8316873067861864
0.9230000000000004,0.831648230516881
0.9240000000000004,0.8316092500872678
0.9250000000000004,0.8315703651395161
0.9260000000000004,0.8315315753176278
0.9270000000000004,0.8314928802673716
0.9280000000000004,0.8314542796362858
0.9290000000000004,0.8314157730736824
0.9300000000000004,0.8313773602306272
0.9310000000000004,0.8313390407599119
0.9320000000000004,0.8312997228880235
0.9330000000000004,0.8312605007332957
0.9340000000000004,0.8312213739411486
0.9350000000000004,0.83118234215877
0.9360000000000004,0.8311434050350903
0.9370000000000004,0.8311045622208096
0.9380000000000004,0.8310658133683333
0.9390000000000004,0.8310271581318078
0.9400000000000004,0.830988596167101
0.9410000000000004,0.8309501271317608
0.9420000000000004,0.8309117506850303
0.9430000000000004,0.8308734664878492
0.9440000000000004,0.8308352742028212
0.9450000000000004,0.8307971734941909
0.9460000000000004,0.8307591640278859
0.9470000000000004,0.8307212454714328
0.9480000000000004,0.8306834174940372
0.9490000000000004,0.830645679766467
0.9500000000000004,0.8306080319611568
0.9510000000000004,0.8305704737520918
0.9520000000000004,0.8305330048148736
0.9530000000000004,0.8304956248266848
0.9540000000000004,0.8304583334662567
0.9550000000000004,0.8304211304138944
0.9560000000000004,0.8303840153514658
0.9570000000000004,0.8303469879623467
0.9580000000000004,0.830310047931486
0.9590000000000004,0.8302731949453219
0.9600000000000004,0.8302364286918179
0.9610000000000004,0.8301997488604466
0.9620000000000004,0.8301631551421648
0.9630000000000004,0.8301266472294194
0.9640000000000004,0.830090224816145
0.9650000000000004,0.8300538875977194
0.9660000000000004,0.8300176352709988
0.9670000000000004,0.8299814675342808
0.9680000000000004,0.829945384087316
0.9690000000000004,0.8299093846312786
0.9700000000000004,0.8298734688687559
0.9710000000000004,0.8298376365037646
0.9720000000000004,0.8298018872417243
0.9730000000000004,0.8297662207894658
0.9740000000000004,0.8297306368551896
0.9750000000000004,0.8296951351484843
0.9760000000000004,0.8296597153803191
0.9770000000000004,0.8296243772630129
0.9780000000000004,0.8295891205102699
0.9790000000000004,0.8295539448371141
0.9800000000000004,0.8295188499599218
0.9810000000000004,0.8294838355964078
0.9820000000000004,0.8294489014655949
0.9830000000000004,0.8294140472878568
0.9840000000000004,0.829379272784841
0.9850000000000004,0.8293445776795145
0.9860000000000004,0.8293099616961295
0.9870000000000004,0.8292754245602376
0.9880000000000004,0.829240965998669
0.9890000000000004,0.8292065857395042
0.9900000000000004,0.8291722835121013
0.9910000000000004,0.8291380590470931
0.9920000000000004,0.8291039120763275
0.9930000000000004,0.829069842332918
0.9940000000000004,0.8290358495511958
0.9950000000000006,0.8290019334667477
0.9960000000000006,0.8289680938163488
0.9970000000000006,0.8289343303380023
0.9980000000000006,0.8289006427709206
0.9990000000000006,0.8288670308555107
1.0000000000000004,0.8288334943333671
1.0010000000000006,0.8287761172637755
1.002000000000001,0.828718879406267
1.0030000000000006,0.8286617802422338
1.0040000000000004,0.828604819255694
1.0050000000000006,0.8285479959333062
1.006000000000001,0.8284913097643014
1.0070000000000006,0.8284347602405171
1.0080000000000005,0.8283783468563313
1.0090000000000006,0.8283220691086932
1.010000000000001,0.8282659264970655
1.0110000000000006,0.8282099185234368
1.0120000000000005,0.8281540446922973
1.0130000000000006,0.8280983045106061
1.014000000000001,0.8280426974878154
1.0150000000000006,0.8279872231358063
1.0160000000000005,0.827931880968902
1.0170000000000006,0.8278766705038575
1.018000000000001,0.8278215912598162
1.0190000000000006,0.827766642758329
1.0200000000000005,0.8277118245233034
1.0210000000000006,0.8276571360810194
1.022000000000001,0.827602576960099
1.0230000000000006,0.827548146691501
1.0240000000000005,0.8274938448084779
1.0250000000000006,0.8274396708466066
1.0260000000000007,0.8273856243437377
1.0270000000000006,0.8273317048400024
1.0280000000000005,0.8272779118777779
1.0290000000000006,0.8272242450016893
1.0300000000000007,0.8271707037586082
1.0310000000000006,0.8271172876975947
1.0320000000000005,0.8270639963699129
1.0330000000000006,0.8270108293290472
1.0340000000000007,0.8269577861306154
1.0350000000000006,0.8269048663324268
1.0360000000000005,0.8268520694944069
1.0370000000000006,0.8267993951786616
1.0380000000000007,0.8267468429493665
1.0390000000000006,0.8266944123728406
1.0400000000000005,0.8266421030174831
1.0410000000000006,0.8265899144537827
1.0420000000000007,0.8265378462542778
1.0430000000000006,0.8264858979935921
1.0440000000000005,0.826434069248376
1.0450000000000006,0.8263823595973048
1.0460000000000007,0.8263307686210943
1.0470000000000006,0.8262792959024505
1.0480000000000005,0.8262279410260769
1.0490000000000006,0.8261767035786578
1.0500000000000007,0.826125583148844
1.0510000000000006,0.8260745793272588
1.0520000000000005,0.8260236917064551
1.0530000000000006,0.8259729198809285
1.0540000000000007,0.8259222634471042
1.0550000000000006,0.825871722003301
1.0560000000000005,0.8258212951497532
1.0570000000000006,0.8257709824885702
1.0580000000000007,0.8257207836237453
1.0590000000000006,0.8256706981611406
1.0600000000000005,0.8256207257084653
1.0610000000000006,0.8255708658752671
1.0620000000000007,0.8255211182729439
1.0630000000000006,0.8254714825147023
1.0640000000000005,0.8254219582155581
1.0650000000000006,0.825372544992327
1.0660000000000007,0.8253232424636239
1.0670000000000006,0.8252740502498181
1.0680000000000005,0.8252249679730733
1.0690000000000006,0.8251759952572997
1.0700000000000007,0.825127131728143
1.0710000000000006,0.8250783770130017
1.0720000000000005,0.8250297307409944
1.0730000000000006,0.8249811925429553
1.0740000000000007,0.824932762051414
1.0750000000000006,0.8248844389006206
1.0760000000000003,0.8248362227264863
1.0770000000000006,0.8247881131666129
1.0780000000000007,0.8247401098602541
1.0790000000000006,0.824692212448341
1.0800000000000003,0.8246444205734293
1.0810000000000006,0.824596733879724
1.0820000000000007,0.8245491520130627
1.0830000000000006,0.8245016746208802
1.0840000000000003,0.8244543013522424
1.0850000000000006,0.8244070318577984
1.0860000000000007,0.8243598657898021
1.0870000000000006,0.8243128028020679
1.0880000000000003,0.82426584255001
1.0890000000000006,0.8242189846905704
1.0900000000000007,0.8241722288822698
1.0910000000000006,0.8241255747851801
1.0920000000000003,0.8240790220608679
1.0930000000000006,0.8240325703724733
1.0940000000000007,0.8239862193846348
1.0950000000000006,0.823939968763492
1.0960000000000003,0.8238938181766895
1.0970000000000006,0.8238477672933863
1.0980000000000008,0.8238018157841931
1.0990000000000006,0.8237559633212114
1.1000000000000003,0.8237102095780032
1.1010000000000006,0.8236678374027779
1.1020000000000008,0.823625555491333
1.1030000000000006,0.8235833635511842
1.1040000000000003,0.8235412612911249
1.1050000000000006,0.8234992484212166
1.1060000000000008,0.8234573246527885
1.1070000000000009,0.8234154896984414
1.1080000000000003,0.8233737432720332
1.1090000000000009,0.8233320850886444
1.1100000000000008,0.8232905148646258
1.1110000000000009,0.8232490323175429
1.1120000000000003,0.8232076371661968
1.1130000000000009,0.8231663291306002
1.1140000000000008,0.8231251079319895
1.1150000000000009,0.8230839732927955
1.1160000000000003,0.8230429249366616
1.1170000000000009,0.8230019625884144
1.1180000000000008,0.8229610859740808
1.1190000000000009,0.822920294820847
1.1200000000000006,0.8228795888571001
1.1210000000000009,0.8228389678123602
1.1220000000000008,0.822798431417346
1.1230000000000009,0.822757979403903
1.1240000000000006,0.822717611505033
1.1250000000000009,0.822677327454891
1.1260000000000008,0.8226371269887534
1.127000000000001,0.8225970098430335
1.1280000000000006,0.8225569757552653
1.129000000000001,0.8225170244641115
1.1300000000000008,0.8224771557093308
1.131000000000001,0.822437369231797
1.1320000000000006,0.8223976647734687
1.133000000000001,0.822358042077431
1.1340000000000008,0.8223185008878239
1.135000000000001,0.8222790409498902
1.1360000000000006,0.8222396620099285
1.137000000000001,0.8222003638153369
1.1380000000000008,0.8221611461145485
1.139000000000001,0.8221220086570769
1.1400000000000006,0.8220829511934818
1.141000000000001,0.822043973475359
1.1420000000000008,0.8220050752553751
1.143000000000001,0.8219662562872025
1.1440000000000006,0.8219275163255637
1.145000000000001,0.8218888551262002
1.1460000000000008,0.8218502724458794
1.147000000000001,0.8218117680423774
1.1480000000000006,0.8217733416744744
1.149000000000001,0.8217349931019756
1.1500000000000008,0.8216967220856701
1.1510000000000007,0.8216585283873292
1.1520000000000006,0.8216204117697401
1.1530000000000007,0.8215823719966573
1.1540000000000008,0.8215444088328068
1.1550000000000007,0.8215065220439084
1.1560000000000006,0.8214687113966196
1.1570000000000007,0.8214309766585994
1.1580000000000008,0.8213933175984282
1.1590000000000007,0.8213557339856628
1.1600000000000006,0.8213182255907938
1.1610000000000007,0.8212807921852684
1.1620000000000008,0.8212434335414467
1.1630000000000007,0.8212061494326588
1.1640000000000006,0.8211689396331354
1.1650000000000007,0.8211318039180361
1.1660000000000008,0.8210947420634374
1.1670000000000007,0.8210577538463439
1.1680000000000006,0.8210208390446524
1.1690000000000007,0.8209839974371655
1.1700000000000008,0.8209472288036017
1.1710000000000007,0.8209105329245583
1.1720000000000006,0.8208739095815274
1.1730000000000007,0.820837358556894
1.1740000000000008,0.8208008796339117
1.1750000000000007,0.8207644725967216
1.1760000000000006,0.8207281372303327
1.1770000000000007,0.8206918733206229
1.1780000000000008,0.8206556806543354
1.1790000000000007,0.8206195590190619
1.1800000000000006,0.820583508203272
1.1810000000000007,0.8205475279962585
1.1820000000000008,0.8205116181881796
1.1830000000000007,0.820475778570027
1.1840000000000006,0.8204400089336334
1.1850000000000007,0.8204043090716593
1.1860000000000008,0.8203686787775949
1.1870000000000007,0.820333117845768
1.1880000000000006,0.8202976260713061
1.1890000000000007,0.8202622032501719
1.1900000000000008,0.8202268491791281
1.1910000000000007,0.820191563655752
1.1920000000000006,0.8201563464784155
1.1930000000000007,0.8201211974463142
1.1940000000000008,0.8200861163594161
1.1950000000000007,0.8200511030184817
1.1960000000000006,0.8200161572250775
1.1970000000000007,0.8199812787815395
1.1980000000000008,0.8199464674909864
1.1990000000000007,0.8199117231573234
1.2000000000000006,0.8198770455852084
1.2010000000000007,0.8198366528730804
1.2020000000000008,0.8197963390539764
1.2030000000000007,0.8197561038925392
1.2040000000000006,0.8197159471543352
1.2050000000000007,0.819675868605885
1.2060000000000008,0.8196358680146321
1.2070000000000007,0.8195959451489867
1.2080000000000006,0.8195560997782678
1.2090000000000007,0.8195163316727252
1.2100000000000009,0.8194766406035299
1.2110000000000007,0.8194370263427743
1.2120000000000006,0.819397488663467
1.2130000000000007,0.8193580273395015
1.2140000000000009,0.8193186421456957
1.2150000000000007,0.8192793328577666
1.2160000000000006,0.819240099252307
1.2170000000000007,0.8192009411068222
1.2180000000000009,0.8191618581996803
1.2190000000000007,0.8191228503101385
1.2200000000000006,0.81908391721834
1.2210000000000008,0.8190450587052829
1.2220000000000009,0.8190062745528466
1.2230000000000008,0.8189675645437655
1.2240000000000006,0.8189289284616277
1.2250000000000008,0.8188903660908816
1.2260000000000009,0.8188518772168281
1.2270000000000008,0.8188134616256092
1.2280000000000006,0.8187751191042091
1.2290000000000008,0.8187368494404561
1.2300000000000009,0.8186986524229869
1.2310000000000008,0.8186605278413087
1.2320000000000009,0.8186224754857121
1.2330000000000008,0.8185844951473331
1.2340000000000009,0.8185465866181092
1.2350000000000008,0.8185087496908097
1.2360000000000009,0.8184709841589937
1.2370000000000008,0.8184332898170311
1.2380000000000009,0.8183956664600931
1.2390000000000008,0.8183581138841497
1.2400000000000009,0.8183206318859636
1.2410000000000008,0.8182832202630717
1.2420000000000009,0.8182458788138192
1.2430000000000008,0.8182086073373167
1.2440000000000009,0.8181714056334515
1.2450000000000008,0.8181342735028945
1.2460000000000009,0.8180972107470789
1.2470000000000008,0.8180602171681984
1.2480000000000009,0.8180232925692286
1.2490000000000008,0.8179864367538795
1.2500000000000009,0.8179496495266236
1.2510000000000008,0.8179129306926901
1.252000000000001,0.817876280058052
1.2530000000000008,0.8178396974294255
1.2540000000000011,0.8178031826142722
1.2550000000000008,0.8177667354207748
1.256000000000001,0.8177303556578692
1.2570000000000008,0.8176940431352049
1.2580000000000011,0.8176577976631569
1.2590000000000008,0.8176216190528385
1.260000000000001,0.8175855071160701
1.2610000000000008,0.8175494616653854
1.2620000000000011,0.817513482514031
1.2630000000000008,0.8174775694759643
1.264000000000001,0.8174417223658532
1.2650000000000008,0.817405940999054
1.2660000000000011,0.8173702251916384
1.2670000000000008,0.8173345747603543
1.268000000000001,0.8172989895226529
1.2690000000000008,0.8172634692966727
1.2700000000000011,0.8172280139012389
1.2710000000000008,0.8171926231558407
1.272000000000001,0.8171572968806733
1.2730000000000008,0.8171220348965935
1.2740000000000011,0.8170868370251192
1.2750000000000008,0.8170517030884596
1.2760000000000007,0.8170166329094761
1.2770000000000008,0.8169816263116986
1.2780000000000011,0.8169466831193017
1.2790000000000008,0.8169118031571284
1.2800000000000007,0.8168769862506876
1.2810000000000008,0.8168422322261079
1.2820000000000011,0.8168075409101899
1.2830000000000008,0.8167729121303692
1.2840000000000007,0.8167383457147122
1.2850000000000008,0.8167038414919442
1.2860000000000011,0.8166693992914184
1.2870000000000008,0.8166350189431031
1.2880000000000007,0.8166007002776204
1.2890000000000008,0.8165664431261999
1.2900000000000011,0.8165322473206953
1.2910000000000008,0.8164981126935986
1.2920000000000007,0.8164640390780002
1.2930000000000008,0.8164300263076051
1.2940000000000011,0.8163960742167481
1.2950000000000008,0.816362182640355
1.2960000000000007,0.8163283514139594
1.2970000000000008,0.8162945803737061
1.2980000000000012,0.8162608693563321
1.2990000000000008,0.8162272181991733
1.3000000000000007,0.8161936267401725
1.3010000000000008,0.8161652077105135
1.302000000000001,0.8161368379247967
1.3030000000000008,0.8161085172532356
1.3040000000000007,0.8160802455664943
1.3050000000000008,0.8160520227356858
1.306000000000001,0.8160238486324082
1.3070000000000008,0.8159957231286817
1.3080000000000007,0.815967646096991
1.3090000000000008,0.8159396174102731
1.310000000000001,0.8159116369419135
1.3110000000000008,0.8158837045657303
1.3120000000000007,0.8158558201560138
1.3130000000000008,0.8158279835874671
1.314000000000001,0.8158001947352382
1.3150000000000008,0.8157724534749281
1.3160000000000007,0.8157447596825573
1.3170000000000008,0.8157171132345922
1.318000000000001,0.815689514007929
1.3190000000000008,0.8156619618798783
1.3200000000000007,0.8156344567282034
1.3210000000000008,0.8156069984310772
1.322000000000001,0.8155795868671041
1.3230000000000008,0.8155522219153097
1.3240000000000007,0.815524903455138
1.3250000000000008,0.8154976313664601
1.326000000000001,0.815470405529554
1.3270000000000008,0.815443225825118
1.3280000000000007,0.815416092134257
1.3290000000000008,0.815389004338503
1.330000000000001,0.8153619623197828
1.3310000000000008,0.815334965960435
1.3320000000000007,0.8153080151432163
1.3330000000000009,0.8152811097512662
1.334000000000001,0.815254249668145
1.3350000000000009,0.8152274347778078
1.3360000000000007,0.8152006649646079
1.3370000000000009,0.8151739401132913
1.338000000000001,0.8151472601090273
1.3390000000000009,0.8151206248373271
1.3400000000000007,0.8150940341841517
1.3410000000000009,0.8150674880358041
1.342000000000001,0.815040986279015
1.3430000000000009,0.8150145288008757
1.3440000000000007,0.8149881154888845
1.3450000000000009,0.8149617462308946
1.346000000000001,0.8149354209151776
1.3470000000000009,0.8149091394303497
1.3480000000000008,0.8148829016654386
1.3490000000000009,0.8148567075098303
1.350000000000001,0.8148305568532939
1.3510000000000009,0.8148044495859613
1.3520000000000008,0.8147783855983508
1.3530000000000009,0.8147523647813548
1.354000000000001,0.8147263870262101
1.3550000000000009,0.8147004522245478
1.3560000000000008,0.8146745602683604
1.3570000000000009,0.8146487110499916
1.358000000000001,0.8146229044621592
1.3590000000000009,0.8145971403979491
1.3600000000000008,0.8145714187507846
1.3610000000000009,0.8145457394144677
1.362000000000001,0.8145201022831616
1.3630000000000009,0.8144945072513585
1.3640000000000008,0.8144689542139314
1.3650000000000009,0.8144434430660926
1.366000000000001,0.8144179737034045
1.3670000000000009,0.8143925460217908
1.3680000000000008,0.8143671599175069
1.3690000000000009,0.8143418152871729
1.370000000000001,0.8143165120277404
1.3710000000000009,0.8142912500365052
1.3720000000000008,0.8142660292111108
1.3730000000000009,0.8142408494495423
1.374000000000001,0.8142157106501122
1.3750000000000009,0.8141906127115026
1.3760000000000008,0.8141655555326817
1.377000000000001,0.8141405390130007
1.378000000000001,0.8141155630521164
1.379000000000001,0.8140906275500273
1.3800000000000008,0.8140657324070646
1.381000000000001,0.8140408775238857
1.3820000000000008,0.8140160628014783
1.383000000000001,0.8139912881411467
1.3840000000000008,0.8139665534445438
1.385000000000001,0.8139418586136243
1.3860000000000008,0.8139172035506718
1.387000000000001,0.813892588158301
1.3880000000000008,0.8138680123394333
1.389000000000001,0.8138434759973159
1.3900000000000008,0.8138189790355114
1.391000000000001,0.8137945213578999
1.3920000000000008,0.8137701028686832
1.393000000000001,0.8137457234723524
1.3940000000000008,0.813721383073747
1.395000000000001,0.813697081577988
1.3960000000000008,0.8136728188905091
1.397000000000001,0.8136485949170785
1.3980000000000008,0.8136244095637459
1.399000000000001,0.8136002627368637
1.4000000000000008,0.8135761543431062
1.4010000000000007,0.8135643749711395
1.4020000000000008,0.8135526133967319
1.403000000000001,0.8135408695794972
1.4040000000000008,0.8135291434791656
1.4050000000000007,0.8135174350555847
1.4060000000000008,0.8135057442687388
1.407000000000001,0.8134940710787221
1.4080000000000008,0.8134824154457483
1.4090000000000007,0.8134707773301573
1.4100000000000008,0.8134591566924005
1.411000000000001,0.8134475534930607
1.4120000000000008,0.8134359676928334
1.4130000000000007,0.8134243992525201
1.4140000000000008,0.8134128481330605
1.415000000000001,0.8134013142954991
1.4160000000000008,0.8133897977010061
1.4170000000000007,0.8133782983108598
1.4180000000000008,0.8133668160864546
1.419000000000001,0.813355350989311
1.4200000000000008,0.8133439029810489
1.4210000000000007,0.8133324720234165
1.4220000000000008,0.8133210580782715
1.423000000000001,0.813309661107583
1.4240000000000008,0.8132982810734396
1.4250000000000007,0.8132869179380378
1.4260000000000008,0.8132755716636828
1.427000000000001,0.8132642422128074
1.4280000000000008,0.8132529295479394
1.4290000000000007,0.8132416336317289
1.4300000000000008,0.8132303544269293
1.431000000000001,0.8132190918964068
1.4320000000000008,0.8132078460031468
1.4330000000000007,0.8012532991420707
1.4340000000000008,0.6025277747452169
1.435000000000001,0.6061070646533395
1.4360000000000008,0.7975251036867406
1.4370000000000007,0.8134144535045472
1.4380000000000008,0.8133873063730874
1.439000000000001,0.8133602022473138
1.4400000000000008,0.8133331410240567
1.4410000000000007,0.8133061226005156
1.4420000000000008,0.8132791468741911
1.443000000000001,0.8132522137429332
1.4440000000000008,0.8132253231049114
1.4450000000000007,0.8131984748586222
1.4460000000000008,0.8131716689029006
1.447000000000001,0.8131449051368886
1.4480000000000008,0.8131181834600734
1.4490000000000007,0.81309150377224
1.4500000000000008,0.8130648659735201
1.451000000000001,0.813038269964341
1.4520000000000008,0.813011715645464
1.4530000000000007,0.8129852029179692
1.4540000000000008,0.8129587316832408
1.455000000000001,0.8129323018429879
1.4560000000000008,0.8129059132992255
1.4570000000000007,0.8128795659542881
1.4580000000000009,0.81285325971082
1.459000000000001,0.8128269944717688
1.4600000000000009,0.8128007701403933
1.4610000000000007,0.8127745866202657
1.4620000000000009,0.812748443815256
1.463000000000001,0.8127223416295423
1.4640000000000009,0.8126962799676088
1.4650000000000007,0.8126702587342367
1.4660000000000009,0.8126442778345172
1.467000000000001,0.8126183371738256
1.4680000000000009,0.812592436657849
1.4690000000000007,0.8125665761925728
1.4700000000000009,0.8125407556842754
1.471000000000001,0.8125149750395193
1.4720000000000009,0.8124892341651808
1.4730000000000008,0.8124635329684157
1.4740000000000009,0.8124378713566747
1.475000000000001,0.8124122492377059
1.4760000000000009,0.8123866665195272
1.4770000000000008,0.8123611231104697
1.4780000000000009,0.8123356189191377
1.479000000000001,0.8123101538544187
1.4800000000000009,0.8122847278254894
1.4810000000000008,0.8122593407418208
1.4820000000000009,0.8122339925131384
1.483000000000001,0.8122086830494827
1.4840000000000009,0.8121834122611538
1.4850000000000008,0.8121581800587336
1.4860000000000009,0.8121329863530883
1.487000000000001,0.8121078310553529
1.4880000000000009,0.8120827140769512
1.4890000000000008,0.8120576353295574
1.4900000000000009,0.8120325947251502
1.491000000000001,0.8120075921759629
1.4920000000000009,0.8119826275945008
1.4930000000000008,0.8119577008935468
1.4940000000000009,0.8119328119861491
1.495000000000001,0.8119079607856199
1.4960000000000009,0.8118831472055446
1.4970000000000008,0.8118583711597817
1.4980000000000009,0.8118336325624459
1.499000000000001,0.8118089313279133
1.5000000000000009,0.8117842673708191
1.5010000000000008,0.8117569264707734
1.5020000000000011,0.8117296272957778
1.503000000000001,0.8117023697493534
1.504000000000001,0.8116751537353044
1.5050000000000008,0.8116479791577497
1.5060000000000011,0.8116208459210905
1.5070000000000008,0.8115937539300384
1.508000000000001,0.8115667030895938
1.5090000000000008,0.8115396933050538
1.5100000000000011,0.8115127244820185
1.5110000000000008,0.8114857965263532
1.512000000000001,0.8114589093442508
1.5130000000000008,0.8114320628421698
1.5140000000000011,0.8114052569268629
1.5150000000000008,0.8113784915053731
1.516000000000001,0.8113517664850292
1.5170000000000008,0.8113250817734441
1.5180000000000011,0.8112984372785281
1.5190000000000008,0.811271832908452
1.520000000000001,0.8112452685716832
1.5210000000000008,0.8112187441769754
1.5220000000000011,0.811192259633351
1.5230000000000008,0.8111658148501151
1.524000000000001,0.8111394097368542
1.5250000000000008,0.8111130442034332
1.5260000000000011,0.8110867181599778
1.5270000000000008,0.8110604315169104
1.528000000000001,0.81103418418491
1.5290000000000008,0.8110079760749412
1.5300000000000011,0.8109818070982318
1.5310000000000008,0.8109556771662759
1.532000000000001,0.810929586190854
1.5330000000000008,0.8109035340839993
1.5340000000000011,0.8108775207580218
1.5350000000000008,0.8108515461254875
1.536000000000001,0.8108256100992388
1.5370000000000008,0.8107997125923823
1.5380000000000011,0.8107738535182772
1.5390000000000008,0.8107480327905585
1.540000000000001,0.8107222503231069
1.5410000000000008,0.8106965060300828
1.5420000000000011,0.8106707998258866
1.5430000000000008,0.8106451316251975
1.544000000000001,0.8106195013429287
1.5450000000000008,0.8105939088942787
1.5460000000000012,0.8105683541946664
1.5470000000000008,0.8105428371597938
1.548000000000001,0.8105173577056071
1.5490000000000008,0.8104919157483035
1.5500000000000012,0.810466511204331
1.5510000000000008,0.8104411439903918
1.552000000000001,0.8104158140234368
1.5530000000000008,0.8103905212206608
1.5540000000000012,0.8103652654995177
1.5550000000000008,0.8103400467776922
1.556000000000001,0.8103148649731319
1.5570000000000008,0.8102897200040157
1.5580000000000012,0.8102646117887768
1.5590000000000008,0.8102395402460844
1.560000000000001,0.8102145052948545
1.5610000000000008,0.8101895068542451
1.5620000000000012,0.810164544843647
1.5630000000000008,0.810139619182701
1.564000000000001,0.8101147297912734
1.5650000000000008,0.8100898765894905
1.5660000000000012,0.8100650594976874
1.5670000000000008,0.8100402784364519
1.568000000000001,0.8100155333266097
1.5690000000000008,0.8099908240892153
1.5700000000000012,0.8099661506455453
1.5710000000000008,0.8099415129171331
1.572000000000001,0.8099169108257229
1.5730000000000008,0.8098923442933008
1.5740000000000012,0.8098678132420758
1.5750000000000008,0.8098433175944896
1.576000000000001,0.8098188572732165
1.5770000000000008,0.8097944322011474
1.5780000000000012,0.8097700423014108
1.5790000000000008,0.8097456874973559
1.580000000000001,0.8097213677125455
1.5810000000000008,0.8096970828707936
1.5820000000000012,0.8096728328961108
1.5830000000000009,0.8096486177127427
1.584000000000001,0.8096244372451585
1.5850000000000009,0.8096002914180381
1.5860000000000012,0.809576180156288
1.5870000000000009,0.8095521033850344
1.588000000000001,0.8095280610296168
1.5890000000000009,0.8095040530156027
1.5900000000000012,0.8094800792687598
1.5910000000000009,0.8094561397150897
1.592000000000001,0.8094322342807913
1.5930000000000009,0.8094083628922931
1.5940000000000012,0.80938452547623
1.5950000000000009,0.8093607219594476
1.596000000000001,0.80933695226901
1.5970000000000009,0.809313216332185
1.5980000000000012,0.8092895140764553
1.5990000000000009,0.8092658454295133
1.600000000000001,0.8092422103192575
1.6010000000000009,0.8092026892982321
1.6020000000000012,0.8091632283667987
1.6030000000000009,0.8091238273843346
1.604000000000001,0.8090844862106592
1.6050000000000009,0.8090452047060357
1.6060000000000012,0.8090059827311784
1.6070000000000009,0.8089668201472445
1.608000000000001,0.8089277168158333
1.6090000000000009,0.8088886725989779
1.6100000000000012,0.808849687359145
1.6110000000000009,0.808810760959253
1.612000000000001,0.8087718932626392
1.6130000000000009,0.8087330841330842
1.6140000000000012,0.8086943334347868
1.6150000000000009,0.8086556410323873
1.616000000000001,0.8086170067909441
1.6170000000000009,0.8085784305759431
1.6180000000000012,0.8085399122532932
1.6190000000000009,0.8085014516893375
1.620000000000001,0.8084630487508158
1.6210000000000009,0.8084247033049037
1.6220000000000012,0.8083864152191883
1.6230000000000009,0.8083481843616778
1.624000000000001,0.8083100106007826
1.6250000000000009,0.808271893805336
1.6260000000000012,0.8082338338445635
1.6270000000000011,0.8081958305881316
1.628000000000001,0.8081578839060817
1.629000000000001,0.8081199936688774
1.6300000000000012,0.8080821597473786
1.6310000000000011,0.8080443820128541
1.6320000000000008,0.8080066603369588
1.633000000000001,0.80796899459177
1.6340000000000012,0.8079313846497499
1.6350000000000011,0.8078938303837478
1.6360000000000008,0.8078563316670162
1.637000000000001,0.8078188883732065
1.6380000000000012,0.8077815003763444
1.6390000000000011,0.8077441675508578
1.6400000000000008,0.807706889771564
1.641000000000001,0.8076696669136586
1.6420000000000012,0.8076324988527256
1.6430000000000011,0.8075953854647293
1.6440000000000008,0.8075583266260238
1.645000000000001,0.8075213222133364
1.6460000000000012,0.8074843721037801
1.6470000000000011,0.807447476174827
1.6480000000000008,0.8074106343043548
1.649000000000001,0.8073738463705988
1.6500000000000012,0.807337112252156
1.6510000000000011,0.8073004318280166
1.6520000000000008,0.8072638049775275
1.653000000000001,0.8072272315804114
1.6540000000000012,0.8071907115167585
1.6550000000000011,0.8071542446670088
1.6560000000000008,0.8071178309119829
1.657000000000001,0.8070814701328723
1.6580000000000013,0.8070451622112056
1.6590000000000011,0.8070089070288897
1.6600000000000008,0.8069727044681836
1.661000000000001,0.8069365544116994
1.6620000000000013,0.8069004567424204
1.6630000000000011,0.8068644113436625
1.6640000000000008,0.806828418099121
1.665000000000001,0.806792476892815
1.6660000000000013,0.8067565876091333
1.6670000000000011,0.8067207501328102
1.6680000000000008,0.8066849643489231
1.669000000000001,0.8066492301429012
1.6700000000000013,0.8066135474005136
1.6710000000000012,0.806577916007877
1.6720000000000008,0.8065423358514472
1.673000000000001,0.8065068068180243
1.6740000000000013,0.8064713287947518
1.6750000000000012,0.806435901669097
1.6760000000000008,0.8064005253288793
1.677000000000001,0.8063651996622551
1.6780000000000013,0.8063299245576974
1.6790000000000012,0.8062946999040361
1.6800000000000008,0.8062595255904198
1.681000000000001,0.8062244015063238
1.6820000000000013,0.8061893275415607
1.6830000000000012,0.8061543035862754
1.6840000000000008,0.8061193295309301
1.685000000000001,0.8060844052663203
1.6860000000000013,0.8060495306835564
1.6870000000000012,0.8060147056740814
1.6880000000000008,0.8059799301296668
1.689000000000001,0.8059452039423816
1.6900000000000013,0.8059105270046416
1.6910000000000012,0.805875899209159
1.6920000000000008,0.8058413204489776
1.693000000000001,0.8058067906174505
1.6940000000000013,0.8057723096082503
1.6950000000000012,0.8057378773153581
1.6960000000000008,0.8057034936330718
1.697000000000001,0.8056691584559923
1.6980000000000013,0.8056348716790463
1.6990000000000012,0.8056006331974617
1.7000000000000008,0.8055664429067724
1.701000000000001,0.8055541733290938
1.7020000000000013,0.8055419192172966
1.7030000000000012,0.8055296805420662
1.7040000000000008,0.8055174572741621
1.705000000000001,0.8055052493844187
1.7060000000000013,0.8054930568437463
1.7070000000000012,0.8054808796231253
1.7080000000000009,0.8054687176936141
1.709000000000001,0.8054565710263357
1.7100000000000013,0.8054444395925012
1.7110000000000012,0.8054323233633801
1.7120000000000009,0.8054202223103158
1.713000000000001,0.8054081364047345
1.7140000000000013,0.8053960656181165
1.7150000000000012,0.8053840099220398
1.7160000000000009,0.8053719692881243
1.717000000000001,0.8053599436880801
1.7180000000000013,0.8053479330936893
1.7190000000000012,0.8053359374767877
1.7200000000000009,0.8053239568093056
1.721000000000001,0.8053119910632212
1.7220000000000013,0.8053000402105972
1.7230000000000012,0.8052881042235605
1.7240000000000009,0.8052761830743129
1.725000000000001,0.8052642767351168
1.7260000000000013,0.8052523851783151
1.7270000000000012,0.8052405083763059
1.7280000000000009,0.8052286463015697
1.729000000000001,0.8052167989266488
1.730000000000001,0.8052049662241489
1.7310000000000012,0.8051931481667627
1.7320000000000009,0.8051813447272278
1.733000000000001,0.8051695558783611
1.734000000000001,0.8051577815930491
1.7350000000000012,0.8051460218442406
1.7360000000000009,0.8051342766049564
1.737000000000001,0.8051225458482738
1.738000000000001,0.805110829547352
1.7390000000000012,0.8050991276754036
1.7400000000000009,0.8050874402057168
1.741000000000001,0.805075767111639
1.742000000000001,0.8050641083665927
1.7430000000000012,0.8050524639440493
1.7440000000000009,0.8050408338175652
1.745000000000001,0.8050292179607499
1.746000000000001,0.8050176163472844
1.7470000000000012,0.8050060289509078
1.7480000000000009,0.8049944557454277
1.749000000000001,0.8049828967047161
1.750000000000001,0.8049713518027095
1.7510000000000012,0.804959821013411
1.7520000000000011,0.8049483043108789
1.753000000000001,0.8049368016692515
1.7540000000000011,0.8049253130627062
1.7550000000000012,0.8049138384655146
1.7560000000000011,0.8049023778519757
1.7570000000000008,0.8048909311964885
1.7580000000000011,0.8048794984734846
1.7590000000000012,0.8048680796574751
1.7600000000000011,0.8048566747230261
1.7610000000000008,0.8048452836447679
1.7620000000000011,0.8048339063973923
1.7630000000000012,0.8048225429556632
1.7640000000000011,0.8048111932943794
1.7650000000000008,0.804799857388431
1.7660000000000011,0.804788535212752
1.7670000000000012,0.8047772267423465
1.7680000000000011,0.8047659319522695
1.7690000000000008,0.8047546508176431
1.7700000000000014,0.8047433833136488
1.7710000000000012,0.8047321294155279
1.7720000000000011,0.8047208890985889
1.7730000000000008,0.8047096623381831
1.7740000000000014,0.8046984491097424
1.7750000000000012,0.8046872493887371
1.7760000000000011,0.8046760631507166
1.7770000000000008,0.8046648903712722
1.7780000000000014,0.8046537310260696
1.7790000000000012,0.8046425850908243
1.7800000000000011,0.8046314525413129
1.7810000000000008,0.8046203333533656
1.7820000000000014,0.8046092275028787
1.7830000000000013,0.8045981349658039
1.7840000000000011,0.8045870557181516
1.7850000000000008,0.8045759897359823
1.7860000000000014,0.8045649369954289
1.7870000000000013,0.8045538974726618
1.7880000000000011,0.8045428711439314
1.7890000000000008,0.8045318579855294
1.7900000000000014,0.8045208579738068
1.7910000000000013,0.8045098710851705
1.7920000000000011,0.8044988972961004
1.7930000000000008,0.8044879365831034
1.7940000000000014,0.8044769889227681
1.7950000000000013,0.8044660542917217
1.7960000000000012,0.8044551326666646
1.7970000000000008,0.8044442240243346
1.7980000000000014,0.8044333283415409
1.7990000000000013,0.8044224455951338
1.8000000000000012,0.8044115757620333
1.8010000000000008,0.8043989089332937
1.8020000000000012,0.8043862570859209
1.8030000000000013,0.804373620192872
1.8040000000000007,0.8043609982271454
1.8050000000000008,0.8043483911618483
1.8060000000000012,0.8043357989701162
1.8070000000000013,0.8043232216251608
1.8080000000000007,0.8043106591002558
1.8090000000000008,0.8042981113687445
1.8100000000000012,0.804285578404031
1.8110000000000013,0.804273060179585
1.8120000000000007,0.8042605566689369
1.8130000000000008,0.80424806784568
1.8140000000000012,0.8042355936834749
1.8150000000000013,0.8042231341560397
1.8160000000000007,0.8042106892371556
1.8170000000000008,0.8041982589006802
1.8180000000000012,0.8041858431205151
1.8190000000000013,0.8041734418706306
1.8200000000000007,0.8041610551250669
1.8210000000000008,0.8041486828579076
1.8220000000000012,0.8041363250433142
1.8230000000000013,0.8041239816555107
1.8240000000000007,0.8041116526687804
1.8250000000000008,0.8040993380574473
1.8260000000000012,0.8040870377959275
1.8270000000000013,0.8040747518586787
1.8280000000000007,0.804062480220221
1.8290000000000008,0.8040502228551515
1.8300000000000012,0.8040379797380923
1.8310000000000013,0.8040257508437683
1.8320000000000007,0.804013536146931
1.8330000000000009,0.804001335622411
1.8340000000000012,0.8039891492450848
1.8350000000000013,0.8039769769898952
1.8360000000000007,0.8039648188318518
1.8370000000000009,0.8039526747460065
1.8380000000000012,0.8039405447074822
1.8390000000000013,0.8039284286914641
1.8400000000000007,0.8039163266731756
1.8410000000000009,0.8039042386279152
1.8420000000000012,0.8038921645310417
1.8430000000000013,0.8038801043579613
1.8440000000000007,0.8038680580841489
1.8450000000000009,0.8038560256851237
1.8460000000000012,0.8038440071364614
1.8470000000000013,0.80383200241383
1.8480000000000008,0.8038200114929072
1.8490000000000009,0.8038080343494518
1.8500000000000012,0.803796070959273
1.8510000000000013,0.803784121298246
1.8520000000000008,0.8037721853422872
1.8530000000000009,0.8037602630673855
1.8540000000000012,0.8037483544495797
1.855000000000001,0.8037364594649616
1.8560000000000008,0.8037245780896769
1.8570000000000009,0.8037127102999312
1.8580000000000012,0.803700856071979
1.859000000000001,0.8036890153821514
1.8600000000000008,0.803677188206806
1.8610000000000009,0.8036653745223716
1.8620000000000012,0.8036535743053289
1.863000000000001,0.8036417875322114
1.8640000000000008,0.8036300141796153
1.8650000000000009,0.803618254224179
1.8660000000000012,0.8036065076425987
1.867000000000001,0.8035947744116373
1.8680000000000008,0.803583054508089
1.8690000000000009,0.8035713479088138
1.8700000000000012,0.8035596545907369
1.871000000000001,0.8035479745308076
1.8720000000000008,0.8035363077060613
1.8730000000000009,0.8035246540935608
1.8740000000000012,0.8035130136704394
1.875000000000001,0.8035013864138728
1.8760000000000008,0.8034897723010906
1.877000000000001,0.8034781713093777
1.8780000000000012,0.8034665834160704
1.8790000000000011,0.8034550085985568
1.8800000000000008,0.8034434468342813
1.881000000000001,0.80343189810073
1.8820000000000012,0.803420362375448
1.8830000000000011,0.8034088396360329
1.8840000000000008,0.8033973298601329
1.885000000000001,0.803385833025446
1.8860000000000012,0.8033743491097141
1.8870000000000011,0.8033628780907521
1.8880000000000008,0.8033514199463923
1.889000000000001,0.8033399746545518
1.8900000000000012,0.8033285421931788
1.8910000000000011,0.8033171225402767
1.8920000000000008,0.8033057156738982
1.893000000000001,0.8032943215721368
1.8940000000000012,0.8032829402131618
1.8950000000000011,0.8032715715751672
1.8960000000000008,0.8032602156364055
1.897000000000001,0.8032488723751801
1.8980000000000012,0.803237541769848
1.8990000000000011,0.8032262237988053
1.9000000000000008,0.8032149184404963
1.9010000000000007,0.8031816613284279
1.9020000000000012,0.803148446824383
1.9030000000000011,0.8031152748447987
1.9040000000000008,0.8030821453063193
1.9050000000000007,0.8030490581258218
1.9060000000000012,0.8030160132204067
1.9070000000000011,0.8029830105073824
1.9080000000000013,0.8029500499042918
1.9090000000000007,0.8029171313288959
1.9100000000000013,0.8028842546991646
1.9110000000000011,0.8028514199332897
1.9120000000000013,0.8028186269496835
1.9130000000000007,0.8027858756669826
1.9140000000000013,0.8027531660040192
1.9150000000000011,0.8027204978798563
1.9160000000000013,0.8026878712137677
1.9170000000000007,0.8026552859252399
1.9180000000000013,0.8026227419339658
1.9190000000000011,0.8025902391598636
1.9200000000000013,0.8025577775230579
1.9210000000000007,0.802525356943875
1.9220000000000013,0.8024929773428653
1.9230000000000012,0.8024606386407827
1.9240000000000013,0.8024283407585779
1.9250000000000007,0.8023960836174397
1.9260000000000013,0.8023638671387243
1.9270000000000012,0.8023316912440261
1.9280000000000013,0.8022995558551389
1.9290000000000007,0.8022674608940441
1.9300000000000013,0.8022354062829558
1.9310000000000012,0.8022033919442632
1.9320000000000013,0.802171417800577
1.9330000000000007,0.8021394837747098
1.9340000000000013,0.8021075897896676
1.9350000000000012,0.8020757357686574
1.9360000000000013,0.8020439216351019
1.9370000000000007,0.8020121473126027
1.9380000000000013,0.8019804127249753
1.9390000000000012,0.8019487177962231
1.9400000000000013,0.8019170624505573
1.9410000000000007,0.801885446612379
1.9420000000000013,0.8018538702062907
1.9430000000000012,0.8018223331570847
1.9440000000000013,0.8017908353897543
1.9450000000000007,0.8017593768294832
1.9460000000000013,0.8017279574016554
1.9470000000000012,0.8016965770318358
1.9480000000000013,0.801665235645797
1.9490000000000007,0.8016339331694914
1.9500000000000013,0.8016026695290701
1.9510000000000012,0.8015714446508705
1.9520000000000013,0.8015402584614172
1.9530000000000007,0.801509110887433
1.9540000000000013,0.8014780018558308
1.9550000000000012,0.801446931293698
1.9560000000000013,0.8014158991283191
1.9570000000000007,0.8013849052871629
1.9580000000000013,0.80135394969789
1.9590000000000012,0.7909733076014595
1.9600000000000013,0.7505945353174646
1.9610000000000007,0.6939389208891202
1.9620000000000013,0.6292191131802998
1.9630000000000012,0.5510590099954369
1.9640000000000013,0.38919129724290613
1.9650000000000007,0.08882265388415433
1.9660000000000013,0.01612602194950341
1.9670000000000012,0.37759531412009584
1.9680000000000013,0.601322029037801
1.9690000000000007,0.7060398319955898
1.9700000000000013,0.7636359599619437
1.9710000000000012,0.7992031697284849
1.9720000000000013,0.8019378524658902
1.9730000000000008,0.8019364399255844
1.9740000000000013,0.8019350281430379
1.9750000000000012,0.8019336171165286
1.9760000000000013,0.8019322068443379
1.9770000000000008,0.8019307973247475
1.978000000000001,0.8019293885560576
1.9790000000000012,0.8019279805365439
1.980000000000001,0.8019265732645054
1.9810000000000008,0.8019251667382427
1.982000000000001,0.8019237609560569
1.9830000000000012,0.801922355916256
1.984000000000001,0.8019209516171345
1.9850000000000008,0.801919548057017
1.986000000000001,0.8019181452342121
1.9870000000000012,0.80191674314704
1.988000000000001,0.8019153417938144
1.9890000000000008,0.8019139411728657
1.990000000000001,0.8019125412825286
1.9910000000000012,0.8019111421211189
1.992000000000001,0.8019097436869775
1.9930000000000008,0.80190834597844
1.994000000000001,0.801906948993849
1.9950000000000012,0.8019055527315502
1.996000000000001,0.8019041571898788
1.9970000000000008,0.8019027623671997
1.9980000000000016,0.8019013682618586
1.9990000000000012,0.8018999748722137
2.0000000000000013,0.8018985821966207
2.001000000000001,0.8018971902334463
2.0020000000000016,0.8018957989810508
2.003000000000001,0.8018944084378143
2.0040000000000013,0.8018930186020982
2.005000000000001,0.7974802104328894
2.0060000000000016,0.7619706531464931
2.007000000000001,0.6976525185148799
2.0080000000000013,0.6078825779963811
2.009000000000001,0.459666061767087
2.0100000000000016,0.24887004471597285
2.011000000000001,0.06948632931741994
2.0120000000000013,0.016271318736354345
2.013000000000001,0.2491863946395405
2.0140000000000016,0.5592274457225853
2.015000000000001,0.7038530818155557
2.0160000000000013,0.7789113687821227
2.017000000000001,0.7980301590657003
2.0180000000000016,0.8024657282815251
2.019000000000001,0.8024457169922401
2.0200000000000014,0.8024257277612561
2.021000000000001,0.8024057605506246
2.0220000000000016,0.8023858153224899
2.023000000000001,0.8023658920390957
2.0240000000000014,0.802345990662747
2.025000000000001,0.8023261111558562
2.0260000000000016,0.802306253480916
2.027000000000001,0.8022864176005
2.0280000000000014,0.8022666034772765
2.029000000000001,0.8022468110739828
2.0300000000000016,0.8022270403534619
2.031000000000001,0.8022072912786248
2.0320000000000014,0.8021875638124708
2.0330000000000013,0.8021678579180962
2.0340000000000016,0.8021481735586685
2.035000000000001,0.8021285106974358
2.0360000000000014,0.8021088692977387
2.0370000000000013,0.802089249323007
2.0380000000000016,0.80206965073673
2.039000000000001,0.8020500735025009
2.0400000000000014,0.8020305175839962
2.0410000000000013,0.8020109829449595
2.0420000000000016,0.8019914695492223
2.043000000000001,0.801971977360713
2.0440000000000014,0.8019525063434177
2.0450000000000013,0.8019330564614193
2.0460000000000016,0.8019136276788764
2.047000000000001,0.8018942199600361
2.0480000000000014,0.8018748332692123
2.0490000000000013,0.8018554675708124
2.0500000000000016,0.8018361228293267
2.051000000000001,0.8018167990092953
2.0520000000000014,0.8017974960753829
2.0530000000000013,0.8017782139923035
2.0540000000000016,0.8017589527248542
2.055000000000001,0.8017397122379244
2.0560000000000014,0.801720492496465
2.0570000000000013,0.8017012934655243
2.0580000000000016,0.8016821151102078
2.059000000000001,0.8016629573957195
2.0600000000000014,0.8016438202873272
2.0610000000000013,0.801624703750382
2.0620000000000016,0.8016056077503178
2.063000000000001,0.801586532252631
2.0640000000000014,0.8015674772229098
2.0650000000000013,0.7994087930938258
2.0660000000000016,0.7844789267957771
2.067000000000001,0.7534548899535738
2.0680000000000014,0.6734627045000654
2.0690000000000013,0.212762829320698
2.0700000000000016,0.19696540643189486
2.071000000000001,0.6475183421817049
2.0720000000000014,0.743376010215399
2.0730000000000013,0.776609095229275
2.0740000000000016,0.7976684657163694
2.075000000000001,0.8019740217052275
2.0760000000000014,0.8019713487945195
2.0770000000000013,0.8019686785067823
2.0780000000000016,0.801966010838149
2.079000000000001,0.8019633457847682
2.0800000000000014,0.801960683342791
2.0810000000000013,0.8019580235083958
2.0820000000000016,0.8019553662777386
2.083000000000001,0.8019527116469971
2.0840000000000014,0.8019500596123648
2.0850000000000013,0.8019474101700251
2.0860000000000016,0.801944763316187
2.087000000000001,0.8019421190470546
2.0880000000000014,0.801939477358839
2.0890000000000013,0.8019368382477668
2.0900000000000016,0.8019342017100687
2.091000000000001,0.8019315677419783
2.0920000000000014,0.8019289363397393
2.0930000000000013,0.8019263074996084
2.0940000000000016,0.8019236812178431
2.095000000000001,0.8019210574907056
2.0960000000000014,0.801918436314474
2.0970000000000013,0.8019158176854271
2.0980000000000016,0.8019132015998507
2.099000000000001,0.8019105880540436
2.1000000000000014,0.8019079770443116
2.1010000000000013,0.8018871105375304
2.1020000000000016,0.8018662668787527
2.103000000000001,0.8018454460300458
2.104000000000001,0.8018246479535655
2.1050000000000013,0.8018038726115483
2.1060000000000016,0.8017831199663163
2.107000000000001,0.8017623899802728
2.108000000000001,0.8017416826159109
2.1090000000000013,0.8017209978358106
2.1100000000000017,0.8017003356026225
2.111000000000001,0.8016796958790907
2.112000000000001,0.8016590786280382
2.1130000000000013,0.8016384838123732
2.1140000000000017,0.8016179113950873
2.115000000000001,0.8015973613392405
2.116000000000001,0.801576833608004
2.1170000000000013,0.8015563281646021
2.1180000000000017,0.8015358449723606
2.119000000000001,0.8015153839946636
2.120000000000001,0.8014949451950089
2.1210000000000013,0.801474528536945
2.1220000000000017,0.8014541339841154
2.1230000000000016,0.8014337615002485
2.124000000000001,0.8014134110491364
2.1250000000000013,0.8013930825946716
2.1260000000000017,0.8013727761008089
2.1270000000000016,0.8013524915315977
2.128000000000001,0.801332228851151
2.1290000000000013,0.8013119880236729
2.1300000000000017,0.801291769013443
2.1310000000000016,0.8012715717848145
2.132000000000001,0.8012513963022309
2.1330000000000013,0.8012312425302023
2.1340000000000017,0.801211110433323
2.1350000000000016,0.801190999976265
2.136000000000001,0.8011709111237661
2.1370000000000013,0.8011508438406715
2.1380000000000017,0.8011307980918667
2.1390000000000016,0.8011107738423383
2.140000000000001,0.8010907710571443
2.1410000000000013,0.8010707897014128
2.1420000000000017,0.8010508297403539
2.1430000000000016,0.8010308911392561
2.144000000000001,0.8010109738634833
2.1450000000000014,0.8009910778784608
2.1460000000000017,0.8009712031497171
2.1470000000000016,0.8009513496428318
2.148000000000001,0.8009315173234615
2.1490000000000014,0.8009117061573592
2.1500000000000017,0.8008919161103225
2.1510000000000016,0.8008721471482476
2.152000000000001,0.8008523992370905
2.1530000000000014,0.8008326723428896
2.1540000000000017,0.8008129664317521
2.1550000000000016,0.8007932814698642
2.156000000000001,0.8007736174234752
2.1570000000000014,0.8007539742589211
2.1580000000000017,0.8007343519425989
2.1590000000000016,0.8007147504409948
2.160000000000001,0.800695169720639
2.1610000000000014,0.8006756097481671
2.1620000000000017,0.8006560704902688
2.1630000000000016,0.8006365519137
2.164000000000001,0.8006170539853061
2.1650000000000014,0.8005975766719962
2.1660000000000017,0.8005781199407459
2.1670000000000016,0.8005586837586003
2.168000000000001,0.8005392680926898
2.1690000000000014,0.8005198729102088
2.1700000000000017,0.8005004981784125
2.1710000000000016,0.800481143864636
2.172000000000001,0.8004618099362897
2.1730000000000014,0.8004424963608476
2.1740000000000017,0.8004232031058461
2.1750000000000016,0.8004039301389128
2.176000000000001,0.8003846774277112
2.1770000000000014,0.8003654449400134
2.1780000000000017,0.8003462326436339
2.1790000000000016,0.8003270405064598
2.180000000000001,0.8003078684964577
2.1810000000000014,0.8002887165816535
2.1820000000000017,0.8002695847301347
2.1830000000000016,0.8002504729100833
2.184000000000001,0.8002313810897214
2.1850000000000014,0.800212309237354
2.1860000000000017,0.8001932573213453
2.1870000000000016,0.8001742253101375
2.188000000000001,0.8001552131722258
2.1890000000000014,0.8001362208761887
2.1900000000000017,0.8001172483906588
2.1910000000000016,0.8000982956843428
2.192000000000001,0.8000793627260127
2.1930000000000014,0.8000604494845021
2.1940000000000017,0.800041555928714
2.1950000000000016,0.8000226820276222
2.196000000000001,0.80000382775026
2.1970000000000014,0.7999849930657323
2.1980000000000017,0.7999661779431979
2.1990000000000016,0.7999473823518916
2.200000000000001,0.7999286062611144
2.2010000000000014,0.7999070327353386
2.2020000000000017,0.7998854817800061
2.2030000000000016,0.7998639533588978
2.204000000000001,0.7998424474358756
2.2050000000000014,0.7998209639748872
2.2060000000000017,0.7997995029399433
2.2070000000000016,0.799778064295146
2.208000000000001,0.799756648004661
2.2090000000000014,0.7997352540327471
2.2100000000000017,0.7997138823437295
2.2110000000000016,0.7996925329020093
2.212000000000001,0.7996712056720718
2.2130000000000014,0.7996499006184754
2.2140000000000017,0.7996286177058491
2.2150000000000016,0.7996073568989047
2.216000000000001,0.7995861181624302
2.2170000000000014,0.7995649014612836
2.2180000000000017,0.7995437067604001
2.2190000000000016,0.7995225340248048
2.220000000000001,0.7995013832195653
2.2210000000000014,0.7994802543098558
2.2220000000000018,0.799459147260907
2.2230000000000016,0.7994380620380306
2.224000000000001,0.799416998606615
2.2250000000000014,0.7993959569321094
2.2260000000000018,0.7993749369800541
2.2270000000000016,0.7993539387160535
2.228000000000001,0.799332962105785
2.229000000000001,0.7993120071149988
2.2300000000000018,0.7992910737095309
2.2310000000000016,0.7992701618552659
2.232000000000001,0.7992492715181804
2.233000000000001,0.7992284026643196
2.2340000000000018,0.7992075552597915
2.2350000000000017,0.7991867292707954
2.236000000000001,0.7991659246635756
2.237000000000001,0.7991451414044746
2.2380000000000018,0.7991243794598946
2.2390000000000017,0.7991036387962951
2.240000000000001,0.7990829193802321
2.241000000000001,0.7990622211783194
2.2420000000000018,0.7990415441572382
2.2430000000000017,0.7990208882837495
2.244000000000001,0.7990002535246783
2.245000000000001,0.7989796398469153
2.2460000000000018,0.7989590472174402
2.2470000000000017,0.7989384756032744
2.2480000000000016,0.7989179249715347
2.249000000000001,0.7988973952893874
2.2500000000000018,0.7988768865240812
2.2510000000000017,0.7988563986429268
2.2520000000000016,0.7988359316133113
2.253000000000001,0.7988154854026851
2.2540000000000022,0.7987950599785565
2.2550000000000017,0.7987746553085217
2.2560000000000016,0.7987542713602316
2.257000000000001,0.7987339081014154
2.2580000000000022,0.798713565499855
2.2590000000000017,0.7986932435234152
2.2600000000000016,0.7986729421400167
2.261000000000001,0.7986526613176576
2.2620000000000022,0.7986324010243941
2.2630000000000017,0.798612161228349
2.2640000000000016,0.7985919418977236
2.265000000000001,0.7985717430007719
2.2660000000000022,0.7985515645058183
2.2670000000000017,0.7985314063812579
2.2680000000000016,0.7985112685955489
2.269000000000001,0.7984911511172126
2.2700000000000022,0.7984710539148443
2.2710000000000017,0.7984509769570852
2.2720000000000016,0.7984309202126672
2.273000000000001,0.7984108836503648
2.2740000000000022,0.7983908672390417
2.2750000000000017,0.7983708709476013
2.2760000000000016,0.7983508947450196
2.277000000000001,0.7983309386003509
2.2780000000000022,0.7983110024827003
2.2790000000000017,0.7982910863612283
2.2800000000000016,0.7982711902051811
2.281000000000001,0.7982513139838574
2.2820000000000022,0.7982314576666135
2.2830000000000017,0.7982116212228756
2.2840000000000016,0.798191804622142
2.285000000000001,0.7981720078339498
2.2860000000000023,0.7981522308279336
2.2870000000000017,0.7981324735737548
2.2880000000000016,0.7981127360411585
2.289000000000001,0.7980930181999489
2.2900000000000023,0.7980733200199929
2.2910000000000017,0.7980536414712136
2.2920000000000016,0.798033982523602
2.293000000000001,0.7980143431472042
2.2940000000000023,0.7979947233121374
2.2950000000000017,0.7979751229885714
2.2960000000000016,0.7979555421467425
2.297000000000001,0.7979359807569487
2.2980000000000023,0.7979164387895435
2.2990000000000017,0.797896916214946
2.3000000000000016,0.7978774130036344
2.301000000000001,0.797850296825161
2.3020000000000023,0.7978232089738845
2.3030000000000017,0.7977961494041675
2.3040000000000016,0.797769118070485
2.305000000000001,0.7977421149273973
2.3060000000000023,0.7977151399295668
2.3070000000000017,0.7976881930317503
2.3080000000000016,0.7976612741888306
2.309000000000001,0.7976343833557489
2.3100000000000023,0.7976075204875653
2.3110000000000017,0.7975806855394474
2.3120000000000016,0.797553878466639
2.313000000000001,0.7975270992244929
2.3140000000000023,0.797500347768464
2.3150000000000017,0.7974736240540894
2.3160000000000016,0.7974469280370153
2.317000000000001,0.7974202596729814
2.3180000000000023,0.7973936189178105
2.3190000000000017,0.7973670057274488
2.3200000000000016,0.7973404200579147
2.321000000000001,0.7973138618653272
2.3220000000000023,0.797287331105906
2.3230000000000017,0.7972608277359512
2.3240000000000016,0.7972343517118861
2.325000000000001,0.7972079029901894
2.3260000000000023,0.7971814815274673
2.3270000000000017,0.7971550872804016
2.3280000000000016,0.7971287202057791
2.329000000000001,0.7971023802604622
2.3300000000000023,0.7970760674014161
2.3310000000000017,0.797049781585708
2.3320000000000016,0.7970235227704908
2.333000000000001,0.7969972909130006
2.3340000000000023,0.7969710859705702
2.3350000000000017,0.7969449079006348
2.3360000000000016,0.796918756660703
2.337000000000001,0.7968926322083976
2.3380000000000023,0.7968665345014001
2.3390000000000017,0.7968404634975185
2.3400000000000016,0.7968144191546288
2.341000000000001,0.7967884014306927
2.3420000000000023,0.7967624102837849
2.3430000000000017,0.7967364456720445
2.3440000000000016,0.7967105075537219
2.345000000000001,0.7966845958871396
2.3460000000000023,0.7966587106307139
2.3470000000000018,0.7966328517429582
2.3480000000000016,0.7966070191824675
2.349000000000001,0.7965812129079148
2.350000000000002,0.7965554328780882
2.3510000000000018,0.7965296790518342
2.3520000000000016,0.7965039513880998
2.353000000000001,0.7964782498459269
2.354000000000002,0.796452574384432
2.3550000000000018,0.7964269249628155
2.3560000000000016,0.7964013015403877
2.357000000000001,0.7963757040765136
2.358000000000002,0.7963501325306669
2.3590000000000018,0.7963245868623954
2.3600000000000017,0.7962990670313465
2.361000000000001,0.7962735729972362
2.362000000000002,0.7962481047198751
2.3630000000000018,0.796222662159151
2.3640000000000017,0.7961972452750492
2.365000000000001,0.796171854027631
2.366000000000002,0.7961464883770404
2.3670000000000018,0.7961211482835088
2.3680000000000017,0.7960958337073512
2.369000000000001,0.796070544608963
2.370000000000002,0.796045280948831
2.3710000000000018,0.7960200426875187
2.3720000000000017,0.7959948297856683
2.3730000000000016,0.7959696422040137
2.374000000000002,0.7959444799033675
2.3750000000000018,0.7959193428446174
2.3760000000000017,0.7958942309887531
2.3770000000000016,0.795869144296822
2.378000000000002,0.7958440827299698
2.3790000000000022,0.7958190462494161
2.3800000000000017,0.7957940348164598
2.3810000000000016,0.7957690483924924
2.382000000000002,0.7957440869389698
2.3830000000000022,0.7957191504174359
2.3840000000000017,0.7956942387895263
2.3850000000000016,0.7956693520169356
2.386000000000002,0.7956444900614531
2.3870000000000022,0.7956196528849413
2.3880000000000017,0.7955948404493386
2.3890000000000016,0.7955700527166791
2.390000000000002,0.7955452896490585
2.3910000000000022,0.7955205512086545
2.3920000000000017,0.7954958373577319
2.3930000000000016,0.795471148058627
2.394000000000002,0.795446483273751
2.3950000000000022,0.7954218429656073
2.3960000000000017,0.795397227096758
2.3970000000000016,0.7953726356298579
2.398000000000002,0.7953480685276251
2.3990000000000022,0.7953235257528736
2.4000000000000017,0.7952990072684796
2.4010000000000016,0.795254789364418
2.402000000000001,0.7952106214315141
2.4030000000000022,0.7951665033812947
2.4040000000000017,0.7951224351254856
2.4050000000000016,0.7950784165760555
2.406000000000002,0.795034447645173
2.4070000000000022,0.7949905282452234
2.4080000000000017,0.7949466582888185
2.4090000000000016,0.7949028376887705
2.410000000000001,0.7948590663581215
2.4110000000000023,0.7948153442101156
2.4120000000000017,0.794771671158217
2.4130000000000016,0.7947280471160927
2.414000000000002,0.7946844719976334
2.4150000000000023,0.7946409457169269
2.4160000000000017,0.7945974681882879
2.4170000000000016,0.7945540393262263
2.418000000000001,0.7945106590454637
2.4190000000000023,0.7944673272609395
2.4200000000000017,0.794424043887783
2.4210000000000016,0.7943808088413545
2.422000000000002,0.794337622037192
2.4230000000000023,0.7942944833910593
2.4240000000000017,0.794251392818925
2.4250000000000016,0.7942083502369501
2.426000000000001,0.7941653555615005
2.4270000000000023,0.7941224087091648
2.4280000000000017,0.7940795095967043
2.4290000000000016,0.7940366581411039
2.430000000000002,0.7939938542595444
2.4310000000000023,0.7939510978693968
2.4320000000000017,0.793908388888248
2.4330000000000016,0.7938657272338698
2.434000000000001,0.7938231128242463
2.4350000000000023,0.7937805455775423
2.4360000000000017,0.7937380254121384
2.4370000000000016,0.7936955522465944
2.438000000000002,0.7936531259996807
2.4390000000000023,0.7936107465903532
2.4400000000000017,0.7935684139377726
2.4410000000000016,0.7935261279612782
2.442000000000001,0.7934838885804186
2.4430000000000023,0.7934416957149262
2.4440000000000017,0.7933995492847303
2.4450000000000016,0.7933574492099496
2.446000000000002,0.7933153954108925
2.4470000000000023,0.7932733878080611
2.4480000000000017,0.7932314263221503
2.4490000000000016,0.7931895108740309
2.450000000000001,0.7931476413847811
2.4510000000000023,0.7931058177756534
2.4520000000000017,0.793064039968093
2.4530000000000016,0.7930223078837351
2.454000000000002,0.7929806214443965
2.4550000000000023,0.7929389805720789
2.4560000000000017,0.7928973851889753
2.4570000000000016,0.7928558352174524
2.458000000000001,0.7928143305800809
2.4590000000000023,0.7927728711995954
2.4600000000000017,0.7927314569989166
2.4610000000000016,0.7926900879011627
2.462000000000002,0.7926487638296182
2.4630000000000023,0.7926074847077536
2.4640000000000017,0.7925662504592177
2.4650000000000016,0.7925250610078445
2.466000000000001,0.7924839162776456
2.4670000000000023,0.7924428161928118
2.4680000000000017,0.7924017606777107
2.4690000000000016,0.7923607496568954
2.470000000000002,0.7923197830550782
2.4710000000000023,0.7921967208710438
2.4720000000000018,0.7920738558611087
2.4730000000000016,0.7919511874627507
2.474000000000001,0.7918287151158456
2.475000000000002,0.7917064382626994
2.4760000000000018,0.7915843563479782
2.4770000000000016,0.7914624688187335
2.478000000000002,0.7913407751243516
2.479000000000002,0.791219274716589
2.4800000000000018,0.7910979670495053
2.4810000000000016,0.7909768515794893
2.482000000000001,0.7908559277652331
2.483000000000002,0.7907351950677144
2.4840000000000018,0.7906146529501685
2.4850000000000017,0.7904943008781198
2.486000000000002,0.7903741383193221
2.487000000000002,0.7902541647437717
2.4880000000000018,0.7901343796236889
2.4890000000000017,0.7900147824334937
2.490000000000001,0.7898953726498139
2.491000000000002,0.7896432884187243
2.4920000000000018,0.7893918259551745
2.4930000000000017,0.7891409822917946
2.494000000000002,0.7888907544837624
2.495000000000002,0.7886411396085965
2.4960000000000018,0.7883921347659072
2.4970000000000017,0.7881437370771638
2.4980000000000016,0.7878959436854724
2.499000000000002,0.78764875175533
2.5000000000000018,0.7874021584724207
2.5010000000000017,0.787156161043389
2.502000000000002,0.7869107566956023
2.503000000000002,0.7866659426769756
2.5040000000000022,0.7864217162557237
2.5050000000000017,0.7861780747201673
2.5060000000000016,0.7859350153785162
2.507000000000002,0.7856925355586768
2.5080000000000022,0.7854506326080576
2.5090000000000017,0.7852093038933393
2.510000000000002,0.7849685468003136
2.511000000000002,0.7845414914364169
2.5120000000000022,0.7841159601644163
2.5130000000000017,0.7836919417355456
2.5140000000000016,0.7832694250355695
2.515000000000002,0.7828483990825412
2.5160000000000022,0.7824288530245813
2.5170000000000017,0.7820107761377502
2.518000000000002,0.7815941578239212
2.519000000000002,0.7811789876087283
2.5200000000000022,0.7807652551395551
2.5210000000000017,0.7803529501835502
2.5220000000000016,0.7799420626256858
2.523000000000002,0.7795325824668742
2.5240000000000022,0.779124499822121
2.5250000000000017,0.778717804918677
2.526000000000002,0.7783124880942913
2.527000000000002,0.777908539795436
2.5280000000000022,0.7775059505756267
2.5290000000000017,0.777104711093732
2.5300000000000016,0.7767048121123299
2.531000000000002,0.7761657424221603
2.5320000000000022,0.7756289392151587
2.5330000000000017,0.7750943824062709
2.534000000000002,0.7745620521993855
2.535000000000002,0.7740319290815603
2.5360000000000023,0.7735039938173325
2.5370000000000017,0.7729782274432571
2.5380000000000016,0.7724546112625214
2.539000000000002,0.7719331268397247
2.5400000000000023,0.7714137559957802
2.5410000000000017,0.7708964808029508
2.542000000000002,0.7703812835800048
2.543000000000002,0.7698681468874728
2.5440000000000023,0.7693570535230787
2.5450000000000017,0.7688479865171873
2.5460000000000016,0.7683409291284611
2.547000000000002,0.7678358648395627
2.5480000000000023,0.767332777352971
2.5490000000000017,0.7668316505869135
2.550000000000002,0.7663324686713704
2.551000000000002,0.7648819107758935
2.5520000000000023,0.7634453520310225
2.5530000000000017,0.7620224894909433
2.5540000000000016,0.7606130308296248
2.555000000000002,0.7592166938272555
2.5560000000000023,0.757833205888151
2.5570000000000017,0.756462303587821
2.558000000000002,0.7551037322471053
2.559000000000002,0.7537572455313887
2.5600000000000023,0.7524226050731333
2.5610000000000017,0.7500832016925872
2.5620000000000016,0.7477777471157946
2.563000000000002,0.7455051346006019
2.5640000000000023,0.7432643153576912
2.5650000000000017,0.7410542943966845
2.566000000000002,0.7388741267472229
2.567000000000002,0.7367229140144992
2.5680000000000023,0.7345998012336914
2.5690000000000017,0.7325039739922499
2.5700000000000016,0.7304346557926746
2.571000000000002,0.7244308165149793
2.5720000000000023,0.7186282491362406
2.5730000000000017,0.713012140394745
2.574000000000002,0.7075693788681743
2.575000000000002,0.7022882940228389
2.5760000000000023,0.697158444510466
2.5770000000000017,0.6921704448128421
2.5780000000000016,0.6873158220751131
2.579000000000002,0.6825868969437493
2.5800000000000023,0.6779766836682581
2.5810000000000017,0.6703287179296654
2.582000000000002,0.6629791687560191
2.583000000000002,0.6559036199315569
2.5840000000000023,0.6490807345374736
2.5850000000000017,0.6424917397812198
2.5860000000000016,0.6361200174384234
2.587000000000002,0.6299507746105069
2.5880000000000023,0.6239707763619893
2.5890000000000017,0.6181681266013468
2.590000000000002,0.6125320869830061
2.591000000000002,0.6056919165660144
2.5920000000000023,0.5990795272602455
2.5930000000000017,0.5926796759125016
2.5940000000000016,0.5864786882918702
2.595000000000002,0.5804642436235758
2.5960000000000023,0.5746251956396486
2.5970000000000018,0.5689514228644114
2.598000000000002,0.5634337025082146
2.599000000000002,0.558063603578619
