wave,Decane
0.4,0.7186467360221797
0.401,0.7209339333777325
0.402,0.7232717066222676
0.40299999999999997,0.7254429500000001
0.40399999999999997,0.7277127873016271
0.405,0.73017943
0.406,0.7326015430600389
0.407,0.7349075469399612
0.408,0.7370745683567329
0.409,0.7389102416432672
0.41,0.7411080000000001
0.411,0.7434606364736353
0.412,0.74588543
0.413,0.7481162205430946
0.414,0.7501705300000001
0.415,0.7520622793515129
0.416,0.7539974306484871
0.417,0.75603354
0.418,0.7580970893645065
0.419,0.7597333800000001
0.42,0.7615207579373208
0.421,0.76331449
0.422,0.7649883172051559
0.423,0.7667088327948443
0.424,0.7683252246326074
0.425,0.7697884853673927
0.4260000000000001,0.7713276700000001
0.4270000000000001,0.772730662697473
0.4280000000000001,0.7740004100000001
0.4290000000000001,0.7752171320076598
0.4300000000000001,0.7764178979923403
0.4310000000000001,0.7775478494769105
0.4320000000000001,0.7784955405230897
0.4330000000000001,0.77930003
0.4340000000000001,0.7800548774874251
0.4350000000000001,0.78080362
0.4360000000000001,0.7813509747271055
0.4370000000000001,0.7818236852728946
0.4380000000000001,0.7822415840840183
0.4390000000000001,0.7826499859159817
0.4400000000000001,0.78291237
0.4410000000000001,0.7831402977207228
0.4420000000000001,0.78358138
0.4430000000000001,0.7838410720766585
0.4440000000000001,0.7840487379233416
0.4450000000000001,0.7842642704409911
0.4460000000000001,0.7843083695590088
0.4470000000000001,0.78451425
0.4480000000000001,0.7849386257562424
0.4490000000000001,0.78582251
0.4500000000000001,0.7867621903637928
0.4510000000000001,0.7877985696362073
0.4520000000000001,0.789138574403712
0.4530000000000001,0.7905789455962882
0.4540000000000001,0.7921649800000002
0.4550000000000001,0.7940096715530846
0.4560000000000001,0.7956224100000001
0.4570000000000001,0.7971241640647595
0.4580000000000001,0.7985306400000001
0.4590000000000001,0.7999153238143238
0.4600000000000001,0.8012967561856763
0.4610000000000001,0.8026619000000002
0.4620000000000001,0.8039737768812313
0.4630000000000001,0.8052265000000002
0.4640000000000001,0.8065309049141508
0.4650000000000001,0.8080223200000001
0.4660000000000001,0.8095018446439073
0.4670000000000001,0.8109662353560929
0.4680000000000001,0.812418116052479
0.4690000000000001,0.8140233639475211
0.4700000000000001,0.8156877200000002
0.4710000000000001,0.8173969571927282
0.4720000000000001,0.8191162300000001
0.4730000000000001,0.8208853785247298
0.4740000000000001,0.8227378514752706
0.4750000000000001,0.8247733897836045
0.4760000000000001,0.8267517502163959
0.4770000000000001,0.8287751100000001
0.4780000000000001,0.830884180822092
0.4790000000000001,0.8329663900000002
0.4800000000000001,0.8351680829527411
0.4810000000000001,0.8374633570472593
0.4820000000000001,0.8397470342538151
0.4830000000000001,0.8421724157461854
0.4840000000000001,0.8446224900000002
0.4850000000000001,0.8470030761941383
0.4860000000000001,0.8494722200000003
0.4870000000000001,0.8519922157492853
0.4880000000000001,0.8545671442507153
0.4890000000000001,0.8571657161403774
0.4900000000000001,0.8597797538596231
0.4910000000000001,0.8624212100000004
0.4920000000000001,0.8652329718823816
0.4930000000000001,0.8680426500000004
0.4940000000000001,0.8708150069619307
0.4950000000000001,0.8735112000000003
0.4960000000000001,0.8763938788392236
0.4970000000000001,0.8792778011607771
0.4980000000000001,0.8821134600000003
0.4990000000000001,0.8849490016445839
0.5000000000000001,0.8877766700000004
0.5010000000000001,0.8905949282150648
0.5020000000000001,0.8934164341007953
0.5030000000000001,0.8962197939328037
0.5040000000000001,0.8989854223437236
0.5050000000000001,0.9017075300000004
0.5060000000000001,0.9044504147894608
0.5070000000000001,0.9071898878158094
0.5080000000000001,0.9099375650464508
0.5090000000000001,0.9125992100000004
0.5100000000000001,0.91517599497225
0.5110000000000001,0.9176732201195956
0.5120000000000001,0.9201791998804052
0.5130000000000001,0.9227379344126444
0.5140000000000001,0.9252553000000002
0.5150000000000001,0.9275328129464592
0.5160000000000001,0.9298274575167246
0.5170000000000001,0.9320780149888508
0.5180000000000001,0.9342661881182815
0.5190000000000001,0.936367229558296
0.5200000000000001,0.9383230561877908
0.5210000000000001,0.9401324457183144
0.5220000000000001,0.941874312581352
0.5230000000000001,0.9435604200000002
0.5240000000000001,0.945179655077751
0.5250000000000001,0.9466874288164474
0.5260000000000001,0.9481282511835528
0.5270000000000001,0.9494998962835632
0.5280000000000001,0.95078808
0.5290000000000001,0.9520647744418446
0.5300000000000001,0.9532868649401532
0.5310000000000001,0.9544515367065648
0.5320000000000001,0.9556079984353844
0.5330000000000001,0.9567052805430056
0.5340000000000001,0.9577595810561472
0.5350000000000001,0.9588123884157794
0.5360000000000001,0.9597855702682055
0.5370000000000001,0.96071827
0.5380000000000001,0.9616389989354788
0.5390000000000001,0.9625325464685768
0.5400000000000001,0.9634148323542824
0.5410000000000001,0.9642898912494126
0.5420000000000001,0.96512133
0.5430000000000001,0.9659605772737364
0.5440000000000002,0.9668242640893956
0.5450000000000002,0.9678072703398036
0.5460000000000002,0.96877331
0.5470000000000002,0.9697454701400016
0.5480000000000002,0.9707594699120036
0.5490000000000002,0.9717550700879968
0.5500000000000002,0.9727600099505996
0.5510000000000002,0.97378546
0.5520000000000002,0.9747921301086024
0.5530000000000002,0.9758029903056848
0.5540000000000002,0.9768131797962104
0.5550000000000002,0.9778086400454006
0.5560000000000002,0.978757449389594
0.5570000000000002,0.9796964095232241
0.5580000000000002,0.9806725707151644
0.5590000000000002,0.9816121312088122
0.5600000000000002,0.98253125
0.5610000000000002,0.983434929369294
0.5620000000000002,0.9843718595280192
0.5630000000000002,0.9853482604719812
0.5640000000000002,0.9863446900357004
0.5650000000000002,0.9872551000000002
0.5660000000000002,0.9881388073917742
0.5670000000000002,0.9890083962645868
0.5680000000000002,0.9898838824902756
0.5690000000000002,0.9908032308065082
0.5700000000000002,0.9917284392130924
0.5710000000000002,0.9926497471975404
0.5720000000000002,0.99350962420369
0.5730000000000002,0.9943359417368348
0.5740000000000002,0.9951415100000002
0.5750000000000002,0.9960018493025932
0.5760000000000002,0.9969321095220194
0.5770000000000002,0.9979082104779812
0.5780000000000002,0.9989212698693988
0.5790000000000002,0.9998355500000002
0.5800000000000002,1.0007051167081673
0.5810000000000002,1.001540525825709
0.5820000000000002,1.002401382782861
0.5830000000000002,1.0033976000000002
0.5840000000000002,1.0045178105021049
0.5850000000000002,1.0055680165411731
0.5860000000000002,1.006395075188241
0.5870000000000002,1.00704569349387
0.5880000000000002,1.0074992000000005
0.5890000000000002,1.0081304076601534
0.5900000000000002,1.0088964278626071
0.5910000000000002,1.009825181424929
0.5920000000000002,1.010764690604906
0.5930000000000002,1.0115548060840611
0.5940000000000002,1.0121632060376982
0.5950000000000002,1.012465090943453
0.5960000000000002,1.0129119910619109
0.5970000000000002,1.0134948
0.5980000000000002,1.014274207656077
0.5990000000000002,1.015039814653414
0.6000000000000002,1.0157724853465864
0.6010000000000002,1.0164460932639328
0.6020000000000002,1.0169990000000002
0.6030000000000002,1.0175347052071042
0.6040000000000002,1.0180554097675116
0.6050000000000002,1.0183809934883257
0.6060000000000002,1.018718196627966
0.6070000000000002,1.0190696038510385
0.6080000000000002,1.0194547074036298
0.6090000000000002,1.0198248888945554
0.6100000000000002,1.0201066971819437
0.6110000000000002,1.0202127
0.6120000000000002,1.020188699223992
0.6130000000000002,1.020111097796088
0.6140000000000002,1.0200009022039118
0.6150000000000002,1.0202472975359755
0.6160000000000002,1.0206299
0.6170000000000002,1.0210967084180842
0.6180000000000002,1.0215176095875207
0.6190000000000002,1.0218371936083197
0.6200000000000002,1.0220858
0.6210000000000002,1.0222572019420195
0.6220000000000002,1.0224514039518025
0.6230000000000002,1.0226489940722965
0.6240000000000002,1.0228471980179603
0.6250000000000002,1.023037
0.6260000000000002,1.0232587024410489
0.6270000000000002,1.0235028076136192
0.6280000000000002,1.0237565949242535
0.6290000000000002,1.0241111964539646
0.6300000000000002,1.024489
0.6310000000000002,1.0248319085255737
0.6320000000000002,1.0252581872116393
0.6330000000000002,1.025679791567916
0.6340000000000002,1.0260789000000001
0.6350000000000002,1.026476403567036
0.6360000000000002,1.0268331066197351
0.6370000000000002,1.0271640933802648
0.6380000000000002,1.0275498961419611
0.6390000000000002,1.0278947
0.6400000000000002,1.0281849018640374
0.6410000000000002,1.028371306086696
0.6420000000000002,1.028574195942203
0.6430000000000002,1.0287256984849849
0.6440000000000002,1.0287956015500157
0.6450000000000002,1.0289506047437629
0.6460000000000002,1.029187792884356
0.6470000000000002,1.0294968969089384
0.6480000000000002,1.0298245000000001
0.6490000000000002,1.0301503032630328
0.6500000000000002,1.0304766066257351
0.6510000000000002,1.0308078933742653
0.6520000000000002,1.0311136969419694
0.6530000000000002,1.0314450000000002
0.6540000000000002,1.0318238061900622
0.6550000000000002,1.0321333090115494
0.6560000000000002,1.0324336939923004
0.6570000000000003,1.0327289970469706
0.6580000000000003,1.0330199028900289
0.6590000000000003,1.0333089058777059
0.6600000000000003,1.033602791183441
0.6610000000000003,1.0339204968229363
0.6620000000000003,1.0341761
0.6630000000000003,1.0344090022170442
0.6640000000000003,1.0346307096055196
0.6650000000000003,1.03495089359632
0.6660000000000003,1.0352633968749692
0.6670000000000003,1.0355598
0.6680000000000003,-2.4598770321652416e+29
0.6690000000000003,-1.2299631018452684e+34
0.6700000000000003,-1.23e+34
0.6710000000000003,-1.23e+34
0.6720000000000003,-1.23e+34
0.6730000000000003,-1.23e+34
0.6740000000000003,-1.23e+34
0.6750000000000003,-1.23e+34
0.6760000000000003,-1.23e+34
0.6770000000000003,-1.23e+34
0.6780000000000003,-1.23e+34
0.6790000000000003,-1.23e+34
0.6800000000000003,-1.23e+34
0.6810000000000003,1.0399200028370286
0.6820000000000003,1.0402037127993602
0.6830000000000003,1.04084368080096
0.6840000000000003,1.0417389820938212
0.6850000000000003,1.0426097000000003
0.6860000000000003,1.043323605598056
0.6870000000000003,-2.4599016436064265e+29
0.6880000000000003,-1.2299754009842467e+34
0.6890000000000003,-1.23e+34
0.6900000000000003,-1.23e+34
0.6910000000000003,-1.23e+34
0.6920000000000003,-1.23e+34
0.6930000000000003,-1.23e+34
0.6940000000000003,-1.23e+34
0.6950000000000003,-1.23e+34
0.6960000000000003,-1.23e+34
0.6970000000000003,-1.23e+34
0.6980000000000003,-1.23e+34
0.6990000000000003,-1.229999999999727e+34
0.7000000000000003,1.0459847008870091
0.7010000000000003,1.0460734060437584
0.7020000000000003,1.0463755939562418
0.7030000000000003,1.0467925958299584
0.7040000000000003,1.0472958
0.7050000000000003,1.047667403784038
0.7060000000000003,1.0478565995320233
0.7070000000000003,1.0478410003119845
0.7080000000000003,1.0475178
0.7090000000000003,1.0475019033440336
0.7100000000000003,1.047836321388931
0.7110000000000003,1.0489057679166045
0.7120000000000003,1.0496532925248503
0.7130000000000003,1.0501051000000001
0.7140000000000003,1.0501377967459349
0.7150000000000003,1.0498123914444275
0.7160000000000003,1.0495272057037146
0.7170000000000003,1.0493827014450143
0.7180000000000003,1.0493410993639936
0.7190000000000003,1.0492774983280837
0.7200000000000003,1.0491939025078745
0.7210000000000003,1.0490986019060191
0.7220000000000003,1.0491063999999999
0.7230000000000003,1.0492036022150222
0.7240000000000003,1.0494251029138837
0.7250000000000003,1.0495707970861166
0.7260000000000003,1.0496650990569905
0.7270000000000003,1.0497062
0.7280000000000003,1.049707200747015
0.7290000000000003,1.0497819041457928
0.7300000000000003,1.0499200972361382
0.7310000000000003,1.050061298587986
0.7320000000000003,1.0501570006330063
0.7330000000000003,1.0502203005899706
0.7340000000000003,1.0502497991150443
0.7350000000000003,1.0503247992499851
0.7360000000000003,1.0503874
0.7370000000000003,1.050411900112001
0.7380000000000003,1.0504230987660494
0.7390000000000003,1.0503614012339506
0.7400000000000003,1.0502553010610105
0.7410000000000003,1.0503788
0.7420000000000003,1.0506083055740558
0.7430000000000003,1.0508870078056096
0.7440000000000003,1.0511471947962605
0.7450000000000003,1.0514722000000003
0.7460000000000003,1.05187030498105
0.7470000000000003,1.0523684130093498
0.7480000000000003,1.053018880485976
0.7490000000000003,1.053615194036881
0.7500000000000003,1.0541326000000004
0.7510000000000003,1.0544771024930502
0.7520000000000003,1.0547264048657563
0.7530000000000003,1.0548885967561623
0.7540000000000003,1.054922599659997
0.7550000000000003,1.0548426000000002
0.7560000000000003,1.0547342979761012
0.7570000000000003,1.0546331030358482
0.7580000000000003,1.0547551975579756
0.7590000000000003,1.0549822
0.7600000000000003,1.0553107048660488
0.7610000000000003,1.0557973128714857
0.7620000000000003,1.056440887128515
0.7630000000000003,1.0572374920339207
0.7640000000000003,1.0582758000000003
0.7650000000000003,1.0594902126452532
0.7660000000000003,1.0607547375791215
0.7670000000000003,1.062007374947253
0.7680000000000003,1.0630747893258938
0.7690000000000003,1.0640833095860962
0.7700000000000004,1.0650419158152096
0.7710000000000004,1.0658326762771866
0.7720000000000004,1.066564092685854
0.7730000000000004,1.0672513
0.7740000000000004,1.067913705767058
0.7750000000000004,1.0684904106955724
0.7760000000000004,1.069025189304428
0.7770000000000004,1.0695318949329495
0.7780000000000004,1.0700355
0.7790000000000004,1.0705100088240884
0.7800000000000004,1.0709512160791963
0.7810000000000004,1.0714871892805362
0.7820000000000004,1.0719527953439536
0.7830000000000004,1.0723714042860428
0.7840000000000004,1.0728000081075948
0.7850000000000004,1.0732053878386079
0.7860000000000004,1.0736283957699155
0.7870000000000004,1.0741174000000002
0.7880000000000004,1.0745440043820875
0.7890000000000004,1.074982214021299
0.7900000000000004,1.0754495906524677
0.7910000000000004,1.0758578959169594
0.7920000000000004,1.0762776000000005
0.7930000000000004,1.0766890060716965
0.7940000000000004,1.0769925908924556
0.7950000000000004,1.07734299299193
0.7960000000000004,1.0776938000000005
0.7970000000000004,1.0779928026440266
0.7980000000000004,1.0782572045878165
0.7990000000000004,1.0784865954121838
0.8000000000000004,1.0786752981129812
0.8010000000000004,1.0789828
0.8020000000000004,1.0793370037550751
0.8030000000000004,1.0797125078686067
0.8040000000000004,1.0799747947542624
0.8050000000000004,1.0802268974789746
0.8060000000000004,1.0804917031520318
0.8070000000000004,1.0808069059977004
0.8080000000000004,1.08110679100345
0.8090000000000004,1.0813732946699468
0.8100000000000004,1.081593
0.8110000000000004,1.0817523015270154
0.8120000000000004,1.0819050034458622
0.8130000000000004,1.082077296554138
0.8140000000000004,1.0824651961209613
0.8150000000000004,1.0828463000000002
0.8160000000000004,1.0832037058160584
0.8170000000000004,1.0834945069896509
0.8180000000000004,1.083727495340233
0.8190000000000004,1.0839018982559827
0.8200000000000004,1.0840027013090132
0.8210000000000004,1.0841336011939402
0.8220000000000004,1.0841932982090894
0.8230000000000004,1.0841857000760011
0.8240000000000004,1.0841855
0.8250000000000004,1.084195900197002
0.8260000000000004,1.0842156006679733
0.8270000000000004,1.0842489993320268
0.8280000000000004,1.0843533989559897
0.8290000000000004,1.0844476
0.8300000000000004,1.0844890034100343
0.8310000000000004,1.0846595053907306
0.8320000000000004,1.08483919640618
0.8330000000000004,1.0850201000000002
0.8340000000000004,1.0852237015580155
0.8350000000000004,1.0853795022498876
0.8360000000000004,1.0854919966251686
0.8370000000000004,1.0855354995649913
0.8380000000000004,1.0856822
0.8390000000000004,1.0858364010740216
0.8400000000000004,1.0859437997420127
0.8410000000000004,1.0859352001719913
0.8420000000000004,1.085934400008
0.8430000000000004,1.0859553003670035
0.8440000000000004,1.0859920017939104
0.8450000000000004,1.0860816973091345
0.8460000000000004,1.08618189799598
0.8470000000000004,1.0861851
0.8480000000000004,1.0861657000630007
0.8490000000000004,1.0861720015059395
0.8500000000000004,1.08624729849406
0.8510000000000004,1.0862524999479994
0.8520000000000004,1.086208
0.8530000000000004,1.086115699302986
0.8540000000000004,1.086045999736013
0.8550000000000004,1.0860372001759913
0.8560000000000004,1.0860554998169982
0.8570000000000004,1.0860038995389951
0.8580000000000004,1.0859577989760512
0.8590000000000004,1.085906601535923
0.8600000000000004,1.0858368006980141
0.8610000000000004,1.0856991000000005
0.8620000000000004,1.0855589986729866
0.8630000000000004,1.0854262945442184
0.8640000000000004,1.0851535054557817
0.8650000000000004,1.0849420021150211
0.8660000000000004,1.0847716
0.8670000000000004,1.0845795957439577
0.8680000000000004,1.0843667943452826
0.8690000000000004,1.0841783037698114
0.8700000000000004,1.0840719999999997
0.8710000000000004,1.0837538967449671
0.8720000000000004,1.0834283942382879
0.8730000000000004,1.0831403086425675
0.8740000000000004,1.0828006033970676
0.8750000000000004,1.0824801000000002
0.8760000000000004,1.082156695603912
0.8770000000000004,1.0817170816199189
0.8780000000000004,1.081104412253387
0.8790000000000004,1.08040250701907
0.8800000000000004,1.0796690999999998
0.8810000000000004,1.0790068898665064
0.8820000000000005,1.0785002152002396
0.8830000000000005,1.0782033059380594
0.8840000000000005,1.0781188
0.8850000000000005,1.0780089982629826
0.8860000000000005,1.0778352908283668
0.8870000000000005,1.077376709171633
0.8880000000000005,1.0768193055740554
0.8890000000000005,1.0761750999999995
0.8900000000000005,1.0754121915168298
0.8910000000000005,1.0745638756172189
0.8920000000000005,1.073751116255187
0.8930000000000005,1.0730292072190717
0.8940000000000005,1.0721736901329009
0.8950000000000005,1.071186977425128
0.8960000000000005,1.0700582338623064
0.8970000000000005,1.0686759138232758
0.8980000000000005,1.0670088999999991
0.8990000000000005,1.0651281791457905
0.9000000000000005,1.063042762835486
0.9010000000000004,1.0611845371645126
0.9020000000000004,1.0594685171601708
0.9030000000000004,1.0579167999999994
0.9040000000000004,1.0562903645016442
0.9050000000000004,1.0545154416349174
0.9060000000000004,1.0525699389100536
0.9070000000000004,1.050288022819227
0.9080000000000004,1.0477728737977368
0.9090000000000004,1.0451526498085086
0.9100000000000004,1.0426430752872344
0.9110000000000004,1.0407556188743765
0.9120000000000004,1.0393982999999998
0.9130000000000004,1.0387110991389827
0.9140000000000004,1.038625005843708
0.9150000000000004,1.038819796104195
0.9160000000000004,1.0392502956949572
0.9170000000000004,1.0394304
0.9180000000000004,1.0390226812489372
0.9190000000000004,1.0380851281265933
0.9200000000000004,1.0364369329643288
0.9210000000000004,1.0343138999999986
0.9220000000000004,1.031930374032739
0.9230000000000004,1.0293336454421809
0.9240000000000004,1.0266057545578164
0.9250000000000004,1.0238389276682751
0.9260000000000004,1.0210581999999986
0.9270000000000004,1.01849707804756
0.9280000000000004,1.0163018456937143
0.9290000000000004,1.0144916362041891
0.9300000000000004,1.01338461107011
0.9310000000000004,1.0129572013420134
0.9320000000000004,1.0130914170831462
0.9330000000000004,1.0139455743752817
0.9340000000000004,1.0158771613676143
0.9350000000000004,1.0183375000000012
0.9360000000000004,1.021282934033342
0.9370000000000004,1.0246862742890306
0.9380000000000004,1.0284007257109733
0.9390000000000004,1.032309760909611
0.9400000000000004,1.036074200000002
0.9410000000000004,1.039612866120663
0.9420000000000004,1.0429188874156308
0.9430000000000004,1.0458327417229152
0.9440000000000004,1.0483788745387466
0.9450000000000004,1.0506281192381934
0.9460000000000004,1.0525519301484936
0.9470000000000004,1.054059354777262
0.9480000000000004,1.0552657879357592
0.9490000000000004,1.0562264000000003
0.9500000000000004,1.0570470068990692
0.9510000000000004,1.0577369114135438
0.9520000000000004,1.0583075885864568
0.9530000000000004,1.0587055960199605
0.9540000000000004,1.0589936000000004
0.9550000000000004,1.0592602052700528
0.9560000000000004,1.0595237000959952
0.9570000000000004,1.059526899936003
0.9580000000000004,1.0595356000000002
0.9590000000000004,1.059546499815998
0.9600000000000004,1.0595280998860055
0.9610000000000004,1.0595224001709915
0.9620000000000004,1.0595039001850035
0.9630000000000004,1.0594333
0.9640000000000004,1.059262198832977
0.9650000000000004,1.0591454998380079
0.9660000000000004,1.059140100107995
0.9670000000000004,1.0590354010470104
0.9680000000000004,1.0589191986459865
0.9690000000000004,1.0587837952962351
0.9700000000000004,1.0585486070556474
0.9710000000000004,1.058367303626036
0.9720000000000004,1.0582026000000002
0.9730000000000004,1.058011897624976
0.9740000000000004,1.0577743956161751
0.9750000000000004,1.0575552043838243
0.9760000000000004,1.0573822017300172
0.9770000000000004,1.0570877999999997
0.9780000000000004,1.0568215977419546
0.9790000000000004,1.0565957962711865
0.9800000000000004,1.0564715024858755
0.9810000000000004,1.0562663020520204
0.9820000000000004,1.055973794423944
0.9830000000000004,1.055416188850557
0.9840000000000004,1.0548587167241636
0.9850000000000004,1.0541643069441389
0.9860000000000004,1.0535175999999995
0.9870000000000004,1.052868693831938
0.9880000000000004,1.052251886438542
0.9890000000000004,1.0515738135614572
0.9900000000000004,1.0509030067080667
0.9910000000000004,1.0500673999999997
0.9920000000000004,1.0491625846918466
0.9930000000000004,1.0483971804739758
0.9940000000000004,1.0477463130173488
0.9950000000000006,1.0470501999999997
0.9960000000000006,1.0463329935659351
0.9970000000000006,1.045689588858557
0.9980000000000006,1.045132516712164
0.9990000000000006,1.0445380059451186
1.0000000000000004,1.0435773999999995
1.0010000000000006,1.0426283999999997
1.002000000000001,1.0420904999999998
1.0030000000000006,1.041604399999999
1.0040000000000004,1.0406716892210772
1.0050000000000006,1.0395638999999994
1.006000000000001,1.0385579999999994
1.0070000000000006,1.0377058999999995
1.0080000000000005,1.0366993999999994
1.0090000000000006,1.0354015861913803
1.010000000000001,1.0342634999999991
1.0110000000000006,1.0333886999999993
1.0120000000000005,1.0323893999999991
1.0130000000000006,1.0309538999999992
1.014000000000001,1.0296150338866106
1.0150000000000006,1.0291201999999997
1.0160000000000005,1.0286736
1.0170000000000006,1.0279910999999995
1.018000000000001,1.0273171999999997
1.0190000000000006,1.0267392577942205
1.0200000000000005,1.0263633
1.0210000000000006,1.0259284999999996
1.022000000000001,1.0253203999999998
1.0230000000000006,1.0248527999999997
1.0240000000000005,1.0245816999999997
1.0250000000000006,1.0243019999999998
1.0260000000000007,1.0240200000000002
1.0270000000000006,1.0237719
1.0280000000000005,1.0236243
1.0290000000000006,1.0234603999999996
1.0300000000000007,1.0230824999999997
1.0310000000000006,1.0226788999999996
1.0320000000000005,1.0221757375062492
1.0330000000000006,1.0215507999999995
1.0340000000000007,1.0208579999999996
1.0350000000000006,1.0203223999999995
1.0360000000000005,1.0199026999999998
1.0370000000000006,1.0195008653334665
1.0380000000000007,1.0191541999999998
1.0390000000000006,1.0189108
1.0400000000000005,1.0186743
1.0410000000000006,1.0186507
1.0420000000000007,1.0187623888311168
1.0430000000000006,1.0189992000000003
1.0440000000000005,1.0191983
1.0450000000000006,1.019405
1.0460000000000007,1.0196152000000005
1.0470000000000006,1.0200930522147789
1.0480000000000005,1.0207208000000003
1.0490000000000006,1.0211083000000003
1.0500000000000007,1.0214281000000005
1.0510000000000006,1.0219680000000004
1.0520000000000005,1.0224692000000002
1.0530000000000006,1.0227802
1.0540000000000007,1.0229301000000002
1.0550000000000006,1.0231071349365066
1.0560000000000005,1.0234565000000002
1.0570000000000006,1.0239412000000006
1.0580000000000007,1.0245311000000004
1.0590000000000006,1.0250967000000002
1.0600000000000005,1.0255812426057396
1.0610000000000006,1.0260073000000005
1.0620000000000007,1.0263823000000003
1.0630000000000006,1.0267653000000003
1.0640000000000005,1.0271065
1.0650000000000006,1.027408369813019
1.0660000000000007,1.0276802000000005
1.0670000000000006,1.0278247999999999
1.0680000000000005,1.0278777
1.0690000000000006,1.0279632000000003
1.0700000000000007,1.028136782641736
1.0710000000000006,1.0283556000000005
1.0720000000000005,1.0285763
1.0730000000000006,1.0288253000000005
1.0740000000000007,1.029065
1.0750000000000006,1.0291477
1.0760000000000003,1.0291903000000002
1.0770000000000006,1.0294679000000002
1.0780000000000007,1.029648105579442
1.0790000000000006,1.0297039000000001
1.0800000000000003,1.02969
1.0810000000000006,1.0298196000000002
1.0820000000000007,1.0302449000000002
1.0830000000000006,1.0307331438756129
1.0840000000000003,1.0311719
1.0850000000000006,1.0315229
1.0860000000000007,1.0316604
1.0870000000000006,1.0316653000000002
1.0880000000000003,1.031967469783022
1.0890000000000006,1.0324813000000002
1.0900000000000007,1.0326715
1.0910000000000006,1.0325707
1.0920000000000003,1.0326439000000005
1.0930000000000006,1.03292687170283
1.0940000000000007,1.0330285
1.0950000000000006,1.0330397000000002
1.0960000000000003,1.0332487
1.0970000000000006,1.0335392000000003
1.0980000000000008,1.0337787000000005
1.0990000000000006,1.0339148999999999
1.1000000000000003,1.0338279000000001
1.1010000000000006,1.0336853000000001
1.1020000000000008,1.033744
1.1030000000000006,1.0338753
1.1040000000000003,1.0338489
1.1050000000000006,1.0339056999999998
1.1060000000000008,1.0339123762823716
1.1070000000000009,1.0336752
1.1080000000000003,1.0335273999999999
1.1090000000000009,1.0335219999999998
1.1100000000000008,1.0334630999999999
1.1110000000000009,1.0334119962203778
1.1120000000000003,1.0333742
1.1130000000000009,1.0334246
1.1140000000000008,1.0335357000000005
1.1150000000000009,1.0337056999999998
1.1160000000000003,1.0338922813418658
1.1170000000000009,1.0341244000000005
1.1180000000000008,1.0343041000000002
1.1190000000000009,1.0344574000000002
1.1200000000000006,1.0346364
1.1210000000000009,1.03474238940106
1.1220000000000008,1.034893
1.1230000000000009,1.0350232
1.1240000000000006,1.0350116
1.1250000000000009,1.0349292999999995
1.1260000000000008,1.0347231999999995
1.127000000000001,1.0344675
1.1280000000000006,1.0340723999999997
1.129000000000001,1.0335951238176175
1.1300000000000008,1.0328332999999994
1.131000000000001,1.0320070999999993
1.1320000000000006,1.0310595999999996
1.133000000000001,1.0301019999999992
1.1340000000000008,1.0288167602539735
1.135000000000001,1.0274192999999987
1.1360000000000006,1.025532199999999
1.137000000000001,1.0233736999999985
1.1380000000000008,1.0209146999999974
1.139000000000001,1.0180574857214262
1.1400000000000006,1.0149113999999977
1.141000000000001,1.0113398999999974
1.1420000000000008,1.0077588999999976
1.143000000000001,1.0039355999999977
1.1440000000000006,1.0001252810318946
1.145000000000001,0.9960804599999972
1.1460000000000008,0.9920583399999968
1.147000000000001,0.9883318499999976
1.1480000000000006,0.9847292899999979
1.149000000000001,0.9817224099999982
1.1500000000000008,0.978896079999998
1.1510000000000007,0.9765865799999984
1.1520000000000006,0.9744920699999992
1.1530000000000007,0.9725908599999988
1.1540000000000008,0.9708328199999988
1.1550000000000007,0.9689261299999988
1.1560000000000006,0.9669145899999988
1.1570000000000007,0.96483229938306
1.1580000000000008,0.9624261299999978
1.1590000000000007,0.959891259999998
1.1600000000000006,0.956723029999998
1.1610000000000007,0.9534841799999972
1.1620000000000008,0.9495375939606012
1.1630000000000007,0.9455771999999972
1.1640000000000006,0.9415367199999982
1.1650000000000007,0.9375138899999972
1.1660000000000008,0.9335203199999964
1.1670000000000007,0.9295550965223452
1.1680000000000006,0.9260495899999978
1.1690000000000007,0.922796369999998
1.1700000000000008,0.9196427499999972
1.1710000000000007,0.9165992099999979
1.1720000000000006,0.9136182680941888
1.1730000000000007,0.910772979999998
1.1740000000000008,0.9078147399999976
1.1750000000000007,0.9044916599999978
1.1760000000000006,0.9011205399999972
1.1770000000000007,0.8970988999999973
1.1780000000000008,0.8930492999999956
1.1790000000000007,0.8880343999999968
1.1800000000000006,0.8830160228727095
1.1810000000000007,0.8767447499999957
1.1820000000000008,0.8703951799999944
1.1830000000000007,0.8639708799999957
1.1840000000000006,0.8575335699999974
1.1850000000000007,0.8517799935886372
1.1860000000000008,0.8464158799999958
1.1870000000000007,0.8416729599999972
1.1880000000000006,0.8375167799999976
1.1890000000000007,0.8340389099999984
1.1900000000000008,0.8316228416068374
1.1910000000000007,0.8296319199999992
1.1920000000000006,0.8287733799999996
1.1930000000000007,0.8280438800000001
1.1940000000000008,0.8281388900000001
1.1950000000000007,0.8282060532836717
1.1960000000000006,0.8277006699999997
1.1970000000000007,0.8271925999999987
1.1980000000000008,0.8254367699999984
1.1990000000000007,0.8235579699999981
1.2000000000000006,0.8206649999999979
1.2010000000000007,0.8175097099999966
1.2020000000000008,0.8137544399999964
1.2030000000000007,0.8096990894690498
1.2040000000000006,0.8051937799999968
1.2050000000000007,0.8002884399999969
1.2060000000000008,0.795552429999996
1.2070000000000007,0.7910301099999972
1.2080000000000006,0.786856488255172
1.2090000000000007,0.7834390399999979
1.2100000000000009,0.7804013499999988
1.2110000000000007,0.7789865699999989
1.2120000000000006,0.7777143100000007
1.2130000000000007,0.778695721858815
1.2140000000000009,0.7796659500000029
1.2150000000000007,0.7830075000000023
1.2160000000000006,0.7864738700000037
1.2170000000000007,0.792031350000004
1.2180000000000009,0.7979955635786471
1.2190000000000007,0.8053559700000053
1.2200000000000006,0.8132525700000058
1.2210000000000008,0.8220930700000084
1.2220000000000009,0.8315596600000086
1.2230000000000008,0.8412228200000088
1.2240000000000006,0.8511296500000066
1.2250000000000008,0.8610663400000067
1.2260000000000009,0.8711496000000086
1.2270000000000008,0.8809193400000059
1.2280000000000006,0.8898965700000059
1.2290000000000008,0.8987171600000055
1.2300000000000009,0.9069546500000072
1.2310000000000008,0.915075402130792
1.2320000000000009,0.9219967100000046
1.2330000000000008,0.9288346200000056
1.2340000000000009,0.9349616200000054
1.2350000000000008,0.9409543300000034
1.2360000000000009,0.9461759564803556
1.2370000000000008,0.951140760000003
1.2380000000000009,0.955712970000004
1.2390000000000008,0.9600794300000026
1.2400000000000009,0.9640867700000024
1.2410000000000008,0.9678327853984632
1.2420000000000009,0.9715222700000032
1.2430000000000008,0.9751504700000032
1.2440000000000009,0.9786722700000022
1.2450000000000008,0.981945870000002
1.2460000000000009,0.985126001986804
1.2470000000000008,0.988056420000002
1.2480000000000009,0.990950760000002
1.2490000000000008,0.993730660000002
1.2500000000000009,0.9964848200000024
1.2510000000000008,0.9991157700000024
1.252000000000001,1.0017331000000016
1.2530000000000008,1.0041360000000021
1.2540000000000011,1.006503536916311
1.2550000000000008,1.0088727000000022
1.256000000000001,1.0112264000000015
1.2570000000000008,1.0134197000000014
1.2580000000000011,1.0155367000000015
1.2590000000000008,1.017628406929309
1.260000000000001,1.0196977000000012
1.2610000000000008,1.0216762000000017
1.2620000000000011,1.0235441000000014
1.2630000000000008,1.0253315000000016
1.264000000000001,1.0269777353764635
1.2650000000000008,1.0285845000000011
1.2660000000000011,1.0300837000000014
1.2670000000000008,1.0315496000000008
1.268000000000001,1.0328203000000011
1.2690000000000008,1.0340910729227089
1.2700000000000011,1.0353113000000012
1.2710000000000008,1.0365194000000009
1.272000000000001,1.0375428000000009
1.2730000000000008,1.0385480000000011
1.2740000000000011,1.0394564000000008
1.2750000000000008,1.0403495000000007
1.2760000000000007,1.0411612000000003
1.2770000000000008,1.0419531000000004
1.2780000000000011,1.0426624000000009
1.2790000000000008,1.0433050000000004
1.2800000000000007,1.0439208000000004
1.2810000000000008,1.0445100000000005
1.2820000000000011,1.04504264960504
1.2830000000000008,1.0455386999999998
1.2840000000000007,1.0460323000000002
1.2850000000000008,1.0465144000000004
1.2860000000000011,1.0470219000000005
1.2870000000000008,1.0475022445255475
1.2880000000000007,1.0479475000000005
1.2890000000000008,1.0483614000000003
1.2900000000000011,1.0487899000000005
1.2910000000000008,1.0491791000000004
1.2920000000000007,1.0495578621237878
1.2930000000000008,1.0500044000000002
1.2940000000000011,1.0504651000000007
1.2950000000000008,1.0508316999999998
1.2960000000000007,1.0511774000000005
1.2970000000000008,1.0514938683531652
1.2980000000000012,1.0518147000000004
1.2990000000000008,1.0522308000000002
1.3000000000000007,1.0527241000000007
1.3010000000000008,1.0532007000000003
1.302000000000001,1.053635600000001
1.3030000000000008,1.0541093000000004
1.3040000000000007,1.054617
1.3050000000000008,1.0550632366263375
1.306000000000001,1.0554295000000005
1.3070000000000008,1.0558417000000004
1.3080000000000007,1.0563502000000005
1.3090000000000008,1.0568604000000004
1.310000000000001,1.057418057134287
1.3110000000000008,1.0579894000000003
1.3120000000000007,1.0585473000000003
1.3130000000000008,1.0590924000000004
1.314000000000001,1.0596075000000005
1.3150000000000008,1.060130047745226
1.3160000000000007,1.0606408000000005
1.3170000000000008,1.0611469000000002
1.318000000000001,1.0615190000000003
1.3190000000000008,1.0618449000000003
1.3200000000000007,1.0621143730526947
1.3210000000000008,1.0623685000000005
1.322000000000001,1.0625950000000004
1.3230000000000008,1.0628000000000002
1.3240000000000007,1.0630254
1.3250000000000008,1.0632697000000002
1.326000000000001,1.0635008
1.3270000000000008,1.0636533
1.3280000000000007,1.0638330305069497
1.3290000000000008,1.0641381000000003
1.330000000000001,1.0644170000000002
1.3310000000000008,1.0645897000000002
1.3320000000000007,1.0647494000000002
1.3330000000000009,1.0649128167383264
1.334000000000001,1.0650802
1.3350000000000009,1.0651162
1.3360000000000007,1.0651138
1.3370000000000009,1.0649976
1.338000000000001,1.064861813578642
1.3390000000000009,1.0647171999999996
1.3400000000000007,1.0645720999999997
1.3410000000000009,1.0642547999999998
1.342000000000001,1.0638925999999995
1.3430000000000009,1.0634155477052292
1.3440000000000007,1.0628668999999995
1.3450000000000009,1.0622091999999994
1.346000000000001,1.0614400999999989
1.3470000000000009,1.0601623999999985
1.3480000000000008,1.0584035999999986
1.3490000000000009,1.0562233999999973
1.350000000000001,1.053272499999997
1.3510000000000009,1.0498811999999962
1.3520000000000008,1.045555899999996
1.3530000000000009,1.0408980999999964
1.354000000000001,1.0354824999999952
1.3550000000000009,1.0298970999999946
1.3560000000000008,1.0238999045395418
1.3570000000000009,1.017945299999995
1.358000000000001,1.0122345999999949
1.3590000000000009,1.0066308999999958
1.3600000000000008,1.001615399999997
1.3610000000000009,0.9967859074292534
1.362000000000001,0.9928601999999958
1.3630000000000009,0.9891514799999976
1.3640000000000008,0.9856770599999978
1.3650000000000009,0.982272449999997
1.366000000000001,0.9788390833366628
1.3670000000000009,0.9752875599999964
1.3680000000000008,0.9711763899999972
1.3690000000000009,0.9668064699999958
1.370000000000001,0.9620768999999956
1.3710000000000009,0.9572069169982962
1.3720000000000008,0.9519068599999949
1.3730000000000009,0.9462694499999964
1.374000000000001,0.9407774799999952
1.3750000000000009,0.9353719399999952
1.3760000000000008,0.9300621199999954
1.377000000000001,0.9249272299999944
1.378000000000001,0.9199041699999958
1.379000000000001,0.915138780474948
1.3800000000000008,0.9103435299999956
1.381000000000001,0.9054303799999956
1.3820000000000008,0.9004492799999938
1.383000000000001,0.8948948999999949
1.3840000000000008,0.8891812583061647
1.385000000000001,0.8826643199999941
1.3860000000000008,0.8760391499999926
1.387000000000001,0.8692954199999927
1.3880000000000008,0.8626631499999959
1.389000000000001,0.8564874175732375
1.3900000000000008,0.8505899299999952
1.391000000000001,0.8461801999999964
1.3920000000000008,0.8422351499999984
1.393000000000001,0.840335849999999
1.3940000000000008,0.8392054330416947
1.395000000000001,0.8401958300000018
1.3960000000000008,0.842167020000003
1.397000000000001,0.8454860400000045
1.3980000000000008,0.8495222900000039
1.399000000000001,0.8539006100000041
1.4000000000000008,0.8583694700000036
1.4010000000000007,0.8625290400000024
1.4020000000000008,0.8661141400000031
1.403000000000001,0.8689596700000014
1.4040000000000008,0.8705309000000007
1.4050000000000007,0.8713187599999994
1.4060000000000008,0.8705592799999988
1.407000000000001,0.8694368333116669
1.4080000000000008,0.8673699499999985
1.4090000000000007,0.8651831699999983
1.4100000000000008,0.8627407599999973
1.411000000000001,0.8603565699999983
1.4120000000000008,0.8584707523367652
1.4130000000000007,0.8567941199999994
1.4140000000000008,0.8559433199999994
1.415000000000001,0.8553695100000005
1.4160000000000008,0.8559047600000007
1.4170000000000007,0.8566894915268478
1.4180000000000008,0.8580094000000014
1.419000000000001,0.8594210100000014
1.4200000000000008,0.8609636400000014
1.4210000000000007,0.8624748000000009
1.4220000000000008,0.8637825092290785
1.423000000000001,0.8650093100000008
1.4240000000000008,0.8659310900000006
1.4250000000000007,0.8667218100000005
1.4260000000000008,0.8673590400000006
1.427000000000001,0.8679342300000006
1.4280000000000008,0.8684064100000002
1.4290000000000007,0.8688123800000004
1.4300000000000008,0.8693574226507357
1.431000000000001,0.8700839300000007
1.4320000000000008,0.8709797300000011
1.4330000000000007,0.8721209800000009
1.4340000000000008,0.8734864600000015
1.435000000000001,0.8752393806919325
1.4360000000000008,0.8771463000000019
1.4370000000000007,0.8793519100000021
1.4380000000000008,0.8817156000000023
1.439000000000001,0.8843805800000024
1.4400000000000008,0.8870999480631959
1.4410000000000007,0.8900315200000025
1.4420000000000008,0.8929647800000032
1.443000000000001,0.8958751000000026
1.4440000000000008,0.8987514400000023
1.4450000000000007,0.90142020312369
1.4460000000000008,0.9040539900000027
1.447000000000001,0.9066288500000028
1.4480000000000008,0.9091667500000016
1.4490000000000007,0.9115813400000016
1.4500000000000008,0.9139741700000026
1.451000000000001,0.9162856900000026
1.4520000000000008,0.918567900000002
1.4530000000000007,0.9207111893280686
1.4540000000000008,0.9228044700000024
1.455000000000001,0.924872460000002
1.4560000000000008,0.926943300000002
1.4570000000000007,0.9289693800000016
1.4580000000000009,0.9310298397280298
1.459000000000001,0.9332271200000021
1.4600000000000009,0.935468380000002
1.4610000000000007,0.937636970000002
1.4620000000000009,0.9397289200000024
1.463000000000001,0.9418696359284094
1.4640000000000009,0.9440308800000018
1.4650000000000007,0.9460659600000012
1.4660000000000009,0.948033810000002
1.467000000000001,0.949961600000002
1.4680000000000009,0.951828353324669
1.4690000000000007,0.9536709200000012
1.4700000000000009,0.9555066800000022
1.471000000000001,0.957371410000002
1.4720000000000009,0.9592163000000016
1.4730000000000008,0.9610259500000012
1.4740000000000009,0.962820230000002
1.475000000000001,0.9646208900000016
1.4760000000000009,0.9665138100000016
1.4770000000000008,0.9683840300000014
1.4780000000000009,0.9700164800000014
1.479000000000001,0.9716274700000012
1.4800000000000009,0.9730477300000012
1.4810000000000008,0.974401943469654
1.4820000000000009,0.9755366400000012
1.483000000000001,0.9765915900000004
1.4840000000000009,0.9772782900000004
1.4850000000000008,0.9779147500000004
1.4860000000000009,0.97843466660634
1.487000000000001,0.9789007300000002
1.4880000000000009,0.9791105999999999
1.4890000000000008,0.97928619
1.4900000000000009,0.97939771
1.491000000000001,0.9794768020907909
1.4920000000000009,0.97945058
1.4930000000000008,0.97942078
1.4940000000000009,0.9792419699999998
1.495000000000001,0.9790154699999996
1.4960000000000009,0.9787006714798516
1.4970000000000008,0.9783858099999996
1.4980000000000009,0.9780431399999996
1.499000000000001,0.9776622099999998
1.5000000000000009,0.9773748499999998
1.5010000000000008,0.97718036
1.5020000000000011,0.9772032500000002
1.503000000000001,0.9773509500000004
1.504000000000001,0.9777687759574047
1.5050000000000008,0.9783283500000008
1.5060000000000011,0.9791738400000012
1.5070000000000008,0.9801965400000012
1.508000000000001,0.9813449400000012
1.5090000000000008,0.9825915115928416
1.5100000000000011,0.9838074400000012
1.5110000000000008,0.9849428500000011
1.512000000000001,0.9860079300000012
1.5130000000000008,0.9870088100000004
1.5140000000000011,0.9878788329977012
1.5150000000000008,0.9885432100000006
1.516000000000001,0.9890881800000004
1.5170000000000008,0.98940808
1.5180000000000011,0.98959434
1.5190000000000008,0.9895499944345564
1.520000000000001,0.9894176099999996
1.5210000000000008,0.9891856899999998
1.5220000000000011,0.9889094799999992
1.5230000000000008,0.9884228099999997
1.524000000000001,0.9879041299999995
1.5250000000000008,0.9873655999999996
1.5260000000000011,0.9868087199999992
1.5270000000000008,0.9862431299999992
1.528000000000001,0.9856651999999996
1.5290000000000008,0.9850399499999996
1.5300000000000011,0.9844080799999992
1.5310000000000008,0.9836382299999992
1.532000000000001,0.9828377238866108
1.5330000000000008,0.9820765899999996
1.5340000000000011,0.9813225299999992
1.5350000000000008,0.9806065599999992
1.536000000000001,0.9799362999999998
1.5370000000000008,0.9795355442945702
1.5380000000000011,0.97917849
1.5390000000000008,0.9793060400000002
1.540000000000001,0.9795750400000008
1.5410000000000008,0.9805675100000011
1.5420000000000011,0.9817012566253388
1.5430000000000008,0.9834474900000016
1.544000000000001,0.9852981000000022
1.5450000000000008,0.9877479100000022
1.5460000000000012,0.9902842600000028
1.5470000000000008,0.9928946289631064
1.548000000000001,0.9955169000000024
1.5490000000000008,0.9980186200000016
1.5500000000000012,1.0005095000000024
1.5510000000000008,1.0026227000000023
1.552000000000001,1.0046329000000018
1.5530000000000008,1.0063192000000012
1.5540000000000012,1.0079226000000012
1.5550000000000008,1.0091297084491562
1.556000000000001,1.010214200000001
1.5570000000000008,1.011094500000001
1.5580000000000012,1.0119647000000007
1.5590000000000008,1.0127730000000006
1.560000000000001,1.0135474758724137
1.5610000000000008,1.0143062000000007
1.5620000000000012,1.015074600000001
1.5630000000000008,1.0158664000000008
1.564000000000001,1.0166785000000007
1.5650000000000008,1.0175066171882818
1.5660000000000012,1.0183496000000012
1.5670000000000008,1.0192158000000011
1.568000000000001,1.0200826000000007
1.5690000000000008,1.0210035000000008
1.5700000000000012,1.0219822021297882
1.5710000000000008,1.0229192000000007
1.572000000000001,1.023805000000001
1.5730000000000008,1.0246779000000006
1.5740000000000012,1.0255589000000012
1.5750000000000008,1.0264846000000012
1.576000000000001,1.027433400000001
1.5770000000000008,1.0283117000000006
1.5780000000000012,1.0291243752924717
1.5790000000000008,1.0298773000000008
1.580000000000001,1.0305679000000008
1.5810000000000008,1.031217300000001
1.5820000000000012,1.0318443000000008
1.5830000000000009,1.0323987466553348
1.584000000000001,1.0328653000000003
1.5850000000000009,1.0332748000000005
1.5860000000000012,1.0336286000000003
1.5870000000000009,1.0339398000000004
1.588000000000001,1.03418477550245
1.5890000000000009,1.0343634000000002
1.5900000000000012,1.034493
1.5910000000000009,1.0345888
1.592000000000001,1.0346003000000001
1.5930000000000009,1.0346925907709228
1.5940000000000012,1.0348976000000003
1.5950000000000009,1.0350989000000002
1.596000000000001,1.0353295000000002
1.5970000000000009,1.0355834000000004
1.5980000000000012,1.0358735
1.5990000000000009,1.0361435000000003
1.600000000000001,1.0363724000000003
1.6010000000000009,1.0366100000000005
1.6020000000000012,1.0368240000000002
1.6030000000000009,1.0370701999999998
1.604000000000001,1.0373849000000002
1.6050000000000009,1.0375908999999999
1.6060000000000012,1.0376077960803922
1.6070000000000009,1.0375685999999995
1.608000000000001,1.0373513999999997
1.6090000000000009,1.0369765999999994
1.6100000000000012,1.036299299999999
1.6110000000000009,1.03539295948405
1.612000000000001,1.0339877999999982
1.6130000000000009,1.0323425999999984
1.6140000000000012,1.0301175999999974
1.6150000000000009,1.027734299999997
1.616000000000001,1.025027870642933
1.6170000000000009,1.022187799999997
1.6180000000000012,1.0191397999999967
1.6190000000000009,1.0161251999999967
1.620000000000001,1.0132226999999974
1.6210000000000009,1.0105137708929086
1.6220000000000012,1.0083399999999971
1.6230000000000009,1.0063687999999986
1.624000000000001,1.0049885999999988
1.6250000000000009,1.0038017999999993
1.6260000000000012,1.0030842999999994
1.6270000000000011,1.0025019999999996
1.628000000000001,1.0022519
1.629000000000001,1.0020406881011898
1.6300000000000012,1.0019216999999996
1.6310000000000011,1.001799
1.6320000000000008,1.0016591999999995
1.633000000000001,1.0015096999999995
1.6340000000000012,1.0013263767123286
1.6350000000000011,1.0010934999999996
1.6360000000000008,1.0007117999999997
1.637000000000001,1.0003293999999996
1.6380000000000012,0.9999471299999996
1.6390000000000011,0.9995272619868009
1.6400000000000008,0.9990330299999992
1.641000000000001,0.9984520099999992
1.6420000000000012,0.9976432899999989
1.6430000000000011,0.996794219999999
1.6440000000000008,0.9958542339985992
1.645000000000001,0.994847539999999
1.6460000000000012,0.9936609299999984
1.6470000000000011,0.9924407599999984
1.6480000000000008,0.9911422099999988
1.649000000000001,0.9898194699999988
1.6500000000000012,0.9884713299999984
1.6510000000000011,0.9872007399999988
1.6520000000000008,0.9861113999999988
1.653000000000001,0.9849833299999988
1.6540000000000012,0.9837824699999989
1.6550000000000011,0.982663269999999
1.6560000000000008,0.9817151399999988
1.657000000000001,0.98071898248975
1.6580000000000013,0.9796438799999988
1.6590000000000011,0.9785958499999988
1.6600000000000008,0.9776013499999989
1.661000000000001,0.9766527399999992
1.6620000000000013,0.975800069660033
1.6630000000000011,0.9748966699999988
1.6640000000000008,0.9738960299999989
1.665000000000001,0.9728294599999989
1.6660000000000013,0.9716450599999984
1.6670000000000011,0.970461788327166
1.6680000000000008,0.9692805999999988
1.669000000000001,0.9679208399999986
1.6700000000000013,0.9662746199999976
1.6710000000000012,0.9644948799999978
1.6720000000000008,0.962513288159182
1.673000000000001,0.9603309599999976
1.6740000000000013,0.9578470599999968
1.6750000000000012,0.9550697799999964
1.6760000000000008,0.9518824199999958
1.677000000000001,0.9480431699999948
1.6780000000000013,0.9433423299999932
1.6790000000000012,0.9373590899999916
1.6800000000000008,0.9298043051914716
1.681000000000001,0.9200562199999892
1.6820000000000013,0.9077890499999808
1.6830000000000012,0.8932610799999812
1.6840000000000008,0.8763017099999832
1.685000000000001,0.8574800715918213
1.6860000000000013,0.8367959899999727
1.6870000000000012,0.8163008099999729
1.6880000000000008,0.7959973199999829
1.689000000000001,0.7769240699999841
1.6900000000000013,0.758915260880889
1.6910000000000012,0.7438261499999829
1.6920000000000008,0.7310588399999888
1.693000000000001,0.7210010899999928
1.6940000000000013,0.7129251999999914
1.6950000000000012,0.7065042720927825
1.6960000000000008,0.7011906499999941
1.697000000000001,0.6958985299999941
1.6980000000000013,0.6906117199999939
1.6990000000000012,0.6851576599999938
1.7000000000000008,0.6796038199999938
1.701000000000001,0.6740275599999938
1.7020000000000013,0.6684266299999931
1.7030000000000012,0.6632590717848157
1.7040000000000008,0.6582769199999954
1.705000000000001,0.6541213399999966
1.7060000000000013,0.6502873899999962
1.7070000000000012,0.6474564699999966
1.7080000000000009,0.6449750111598813
1.709000000000001,0.6426866099999979
1.7100000000000013,0.6404519699999963
1.7110000000000012,0.6377350699999962
1.7120000000000009,0.6348869799999955
1.713000000000001,0.6309126974282531
1.7140000000000013,0.6266704199999931
1.7150000000000012,0.6214636599999941
1.7160000000000009,0.6160647899999931
1.717000000000001,0.6098993399999929
1.7180000000000013,0.6035955903749545
1.7190000000000012,0.5970179999999927
1.7200000000000009,0.5903809699999927
1.721000000000001,0.5837680699999926
1.7220000000000013,0.5771211999999921
1.7230000000000012,0.5711458899999934
1.7240000000000009,0.5651773199999944
1.725000000000001,0.5601382899999956
1.7260000000000013,0.5551680299999959
1.7270000000000012,0.5521415499999961
1.7280000000000009,0.5492664599999996
1.729000000000001,0.5487410399999998
1.730000000000001,0.5485070900000033
1.7310000000000012,0.5509853914198615
1.7320000000000009,0.5538995900000063
1.733000000000001,0.5595700100000053
1.734000000000001,0.5655860300000102
1.7350000000000012,0.573275270000009
1.7360000000000009,0.5813468124347676
1.737000000000001,0.5908711600000106
1.738000000000001,0.6005159000000111
1.7390000000000012,0.6103857200000111
1.7400000000000009,0.6203467200000112
1.741000000000001,0.6304742072512856
1.742000000000001,0.6403878900000125
1.7430000000000012,0.6498192500000103
1.7440000000000009,0.65908241000001
1.745000000000001,0.6680519000000074
1.746000000000001,0.6763275924307675
1.7470000000000012,0.6834918900000082
1.7480000000000009,0.6896361100000042
1.749000000000001,0.6944471600000027
1.750000000000001,0.6975714600000017
1.7510000000000012,0.6988427599999992
1.7520000000000011,0.6982297899999967
1.753000000000001,0.6958467399999962
1.7540000000000011,0.6916074991820739
1.7550000000000012,0.6858993199999908
1.7560000000000011,0.6789548999999914
1.7570000000000008,0.6711780399999918
1.7580000000000011,0.6637518399999902
1.7590000000000012,0.6564340139715961
1.7600000000000011,0.6505737299999942
1.7610000000000008,0.6453239299999973
1.7620000000000011,0.642934499999998
1.7630000000000012,0.6415673500000022
1.7640000000000011,0.6435515115838437
1.7650000000000008,0.6464491500000061
1.7660000000000011,0.6519785500000082
1.7670000000000012,0.6580892800000105
1.7680000000000011,0.6660172900000091
1.7690000000000008,0.6742578259464139
1.7700000000000014,0.6827122000000113
1.7710000000000012,0.6911972200000106
1.7720000000000011,0.6992132700000105
1.7730000000000008,0.7071426500000059
1.7740000000000014,0.7137717000000088
1.7750000000000012,0.7203138500000077
1.7760000000000011,0.7260234400000062
1.7770000000000008,0.7316722900000054
1.7780000000000014,0.7366124400000066
1.7790000000000012,0.741489410000005
1.7800000000000011,0.7459460500000048
1.7810000000000008,0.7502360300000043
1.7820000000000014,0.7540087071872862
1.7830000000000013,0.7575805800000033
1.7840000000000011,0.7605809600000029
1.7850000000000008,0.7631940800000021
1.7860000000000014,0.7650657900000017
1.7870000000000013,0.7664154159574049
1.7880000000000011,0.7669749900000002
1.7890000000000008,0.7671564199999996
1.7900000000000014,0.7668371199999989
1.7910000000000013,0.7661018399999986
1.7920000000000011,0.7649821519688019
1.7930000000000008,0.7637184899999988
1.7940000000000014,0.7623756499999983
1.7950000000000013,0.7611411199999985
1.7960000000000012,0.7599391899999988
1.7970000000000008,0.7588279211268861
1.7980000000000014,0.7577325699999988
1.7990000000000013,0.7568290199999991
1.8000000000000012,0.7559954499999991
1.8010000000000008,0.7551609299999997
1.8020000000000012,0.7549664399999995
1.8030000000000013,0.7546154899999994
1.8040000000000007,0.7539970899999993
1.8050000000000008,0.7532617225397454
1.8060000000000012,0.7524871199999987
1.8070000000000013,0.7515425699999985
1.8080000000000007,0.7503845099999985
1.8090000000000008,0.7490462699999986
1.8100000000000012,0.7474464849764999
1.8110000000000013,0.7456962499999976
1.8120000000000007,0.7439360599999978
1.8130000000000008,0.7422396499999984
1.8140000000000012,0.7403934599999976
1.8150000000000013,0.7386240969363042
1.8160000000000007,0.7370213299999983
1.8170000000000008,0.7356615099999988
1.8180000000000012,0.7345890399999989
1.8190000000000013,0.7338021399999993
1.8200000000000007,0.7332830319108082
1.8210000000000008,0.73298359
1.8220000000000012,0.7329737500000003
1.8230000000000013,0.7332114000000004
1.8240000000000007,0.7334957700000004
1.8250000000000008,0.7339335700000008
1.8260000000000012,0.7346106800000015
1.8270000000000013,0.7355934400000016
1.8280000000000007,0.7367910465233494
1.8290000000000008,0.7382562800000018
1.8300000000000012,0.7398839000000023
1.8310000000000013,0.7415869800000024
1.8320000000000007,0.7434048100000024
1.8330000000000009,0.7451953279202099
1.8340000000000012,0.7469745300000024
1.8350000000000013,0.7487580200000024
1.8360000000000007,0.7504870900000022
1.8370000000000009,0.7521855800000019
1.8380000000000012,0.7538989286651361
1.8390000000000013,0.7555602800000022
1.8400000000000007,0.7572086500000019
1.8410000000000009,0.7589154800000021
1.8420000000000012,0.7607321100000032
1.8430000000000013,0.7627894042705756
1.8440000000000007,0.7650531500000028
1.8450000000000009,0.767686490000003
1.8460000000000012,0.7703505200000039
1.8470000000000013,0.7728225000000033
1.8480000000000008,0.7752177100000026
1.8490000000000009,0.7775791300000028
1.8500000000000012,0.7801119100000035
1.8510000000000013,0.7827152000000035
1.8520000000000008,0.7854031300000036
1.8530000000000009,0.7881586600000025
1.8540000000000012,0.7908898000000035
1.855000000000001,0.7935320100000034
1.8560000000000008,0.7960748832766753
1.8570000000000009,0.7986076500000028
1.8580000000000012,0.8011000200000035
1.859000000000001,0.8036972900000036
1.8600000000000008,0.8063237100000028
1.8610000000000009,0.8088005199030125
1.8620000000000012,0.8111995500000033
1.863000000000001,0.8133319000000022
1.8640000000000008,0.8153749100000021
1.8650000000000009,0.8171563700000019
1.8660000000000012,0.8189025553814645
1.867000000000001,0.8204445800000019
1.8680000000000008,0.8218605500000012
1.8690000000000009,0.8230037700000008
1.8700000000000012,0.8237525200000008
1.871000000000001,0.8243064346085398
1.8720000000000008,0.82437742
1.8730000000000009,0.8243735399999995
1.8740000000000012,0.8238766799999991
1.875000000000001,0.8232033299999988
1.8760000000000008,0.8222961999999984
1.877000000000001,0.8211498299999981
1.8780000000000012,0.8197517399999978
1.8790000000000011,0.8181510127177258
1.8800000000000008,0.8164781899999974
1.881000000000001,0.8145860399999979
1.8820000000000012,0.8127323999999974
1.8830000000000011,0.8110020799999976
1.8840000000000008,0.8092719333376641
1.885000000000001,0.8075053099999979
1.8860000000000012,0.8057375599999975
1.8870000000000011,0.8041578499999977
1.8880000000000008,0.8027385499999986
1.889000000000001,0.8014385799969991
1.8900000000000012,0.8006081599999989
1.8910000000000011,0.7998622099999997
1.8920000000000008,0.7996384499999998
1.893000000000001,0.7994613100000005
1.8940000000000012,0.7999232538056201
1.8950000000000011,0.8006176400000015
1.8960000000000008,0.8016781800000018
1.897000000000001,0.8030521900000018
1.8980000000000012,0.8043649800000015
1.8990000000000011,0.8054366100000013
1.9000000000000008,0.8064070300000007
1.9010000000000007,0.8069130800000005
1.9020000000000012,0.8073983799999997
1.9030000000000011,0.8072507999999997
1.9040000000000008,0.8069908599999989
1.9050000000000007,0.8059687599999983
1.9060000000000012,0.8045071399999972
1.9070000000000011,0.8027557963623607
1.9080000000000013,0.8006194199999976
1.9090000000000007,0.7985125799999976
1.9100000000000013,0.7962664399999966
1.9110000000000011,0.7940328699999972
1.9120000000000013,0.7919251002839691
1.9130000000000007,0.7898279399999979
1.9140000000000013,0.7880492799999977
1.9150000000000011,0.7864222499999981
1.9160000000000013,0.7850191599999985
1.9170000000000007,0.7838358283331655
1.9180000000000013,0.7828310699999992
1.9190000000000011,0.7822206599999992
1.9200000000000013,0.7816181799999996
1.9210000000000007,0.7812883899999997
1.9220000000000013,0.7809706017788217
1.9230000000000012,0.7808167299999997
1.9240000000000013,0.7806859599999999
1.9250000000000007,0.7805578699999999
1.9260000000000013,0.7804550499999996
1.9270000000000012,0.7801925499999992
1.9280000000000013,0.7796637399999994
1.9290000000000007,0.7790980899999992
1.9300000000000013,0.7783723974622527
1.9310000000000012,0.7776470199999991
1.9320000000000013,0.7769874899999991
1.9330000000000007,0.7763043599999994
1.9340000000000013,0.7756989599999993
1.9350000000000012,0.7751136501699823
1.9360000000000013,0.7746153499999995
1.9370000000000007,0.7742124199999997
1.9380000000000013,0.7740014200000004
1.9390000000000012,0.7742310800000003
1.9400000000000013,0.7745060625017502
1.9410000000000007,0.7753850800000011
1.9420000000000013,0.7762594800000012
1.9430000000000012,0.7770770800000011
1.9440000000000013,0.7778846000000006
1.9450000000000007,0.7783820102589747
1.9460000000000013,0.7787153100000004
1.9470000000000012,0.7789391900000001
1.9480000000000013,0.77904099
1.9490000000000007,0.7790151199999994
1.9500000000000013,0.7785543199999992
1.9510000000000012,0.7780871999999989
1.9520000000000013,0.777373489999999
1.9530000000000007,0.7766377018658124
1.9540000000000013,0.7757563599999986
1.9550000000000012,0.7748249199999989
1.9560000000000013,0.774004279999999
1.9570000000000007,0.7732614899999991
1.9580000000000013,0.7725943958964095
1.9590000000000012,0.7720533599999994
1.9600000000000013,0.7715692499999997
1.9610000000000007,0.7712938799999995
1.9620000000000013,0.7709982399999996
1.9630000000000012,0.7708085989641033
1.9640000000000013,0.7706148599999998
1.9650000000000007,0.7704119699999997
1.9660000000000013,0.7702228399999997
1.9670000000000012,0.7700489199999997
1.9680000000000013,0.7698683280591938
1.9690000000000007,0.7696065899999995
1.9700000000000013,0.7692159999999993
1.9710000000000012,0.7687814799999989
1.9720000000000013,0.7681345899999991
1.9730000000000008,0.767488779999999
1.9740000000000013,0.7666172999999987
1.9750000000000012,0.7657305599999988
1.9760000000000013,0.7648786299999989
1.9770000000000008,0.7640362999999991
1.978000000000001,0.7633768299999993
1.9790000000000012,0.7628763899999994
1.980000000000001,0.7624282199999995
1.9810000000000008,0.7620828437536243
1.982000000000001,0.7618203800000001
1.9830000000000012,0.7619260500000001
1.984000000000001,0.7620250000000003
1.9850000000000008,0.7622577500000002
1.986000000000001,0.7624903380401961
1.9870000000000012,0.76257074
1.988000000000001,0.7625890999999998
1.9890000000000008,0.7624659499999997
1.990000000000001,0.7622434499999994
1.9910000000000012,0.7618148728577137
1.992000000000001,0.7610028399999987
1.9930000000000008,0.7600884999999986
1.994000000000001,0.7587503199999979
1.9950000000000012,0.7574344899999977
1.996000000000001,0.7557751959294051
1.9970000000000008,0.7540826199999974
1.9980000000000016,0.7521144699999972
1.9990000000000012,0.7500477399999971
2.0000000000000013,0.7478910099999971
2.001000000000001,0.7457005132073561
2.0020000000000016,0.7436325867926383
2.003000000000001,0.7417608499999976
2.0040000000000013,0.7399526472935396
2.005000000000001,0.7384255827064572
2.0060000000000016,0.7368975299999976
2.007000000000001,0.7355190499999975
2.0080000000000013,0.7341225649850023
2.009000000000001,0.7334724150149963
2.0100000000000016,0.73304874
2.011000000000001,0.7330371329674069
2.0120000000000013,0.7332668070325938
2.013000000000001,0.733720180000001
2.0140000000000016,0.7344810098240366
2.015000000000001,0.7353792501759662
2.0160000000000013,0.7366451000000018
2.017000000000001,0.7379409100000022
2.0180000000000016,0.7395772156148797
2.019000000000001,0.7412333643851254
2.0200000000000014,0.7426223200000017
2.021000000000001,0.7439777961517712
2.0220000000000016,0.7452393138482322
2.023000000000001,0.7464685400000016
2.0240000000000014,0.7477125583033408
2.025000000000001,0.7489955916966621
2.0260000000000016,0.7502113000000018
2.027000000000001,0.7511984100000016
2.0280000000000014,0.7521385759834031
2.029000000000001,0.7529360100000011
2.0300000000000016,0.7537323200000012
2.031000000000001,0.7544413886572696
2.0320000000000014,0.7551279613427324
2.0330000000000013,0.7556016400000005
2.0340000000000016,0.7559994650999803
2.035000000000001,0.7561504649000201
2.0360000000000014,0.75616014
2.0370000000000013,0.7561494047920415
2.0380000000000016,0.7560973252079582
2.039000000000001,0.7559732799999994
2.0400000000000014,0.7555904399999994
2.0410000000000013,0.7551650538512292
2.0420000000000016,0.7547035661487695
2.043000000000001,0.7543008299999994
2.0440000000000014,0.7537882368016391
2.0450000000000013,0.7532562531983598
2.0460000000000016,0.7527517099999991
2.047000000000001,0.7522308945850823
2.0480000000000014,0.7517767454149163
2.0490000000000013,0.7514384999999997
2.0500000000000016,0.7511661599999998
2.051000000000001,0.7510279538206177
2.0520000000000014,0.7509917600000005
2.0530000000000013,0.7513048600000004
2.0540000000000016,0.7516365817666478
2.055000000000001,0.7523542482333544
2.0560000000000014,0.7530896100000013
2.0570000000000013,0.7540656788882236
2.0580000000000016,0.7551545611117793
2.059000000000001,0.7563663100000015
2.0600000000000014,0.7575547299120192
2.0610000000000013,0.7589538500879844
2.0620000000000016,0.7605882300000028
2.063000000000001,0.762159820000002
2.0640000000000014,0.7636207026884639
2.0650000000000013,0.7650475873115399
2.0660000000000016,0.7662006600000021
2.067000000000001,0.7673490612647489
2.0680000000000014,0.7684617087352545
2.0690000000000013,0.7695670100000014
2.0700000000000016,0.7705321070115992
2.071000000000001,0.7715022229884038
2.0720000000000014,0.7724359600000013
2.0730000000000013,0.7733653800000013
2.0740000000000016,0.7743328615148501
2.075000000000001,0.7753480100000014
2.0760000000000014,0.7763948400000014
2.0770000000000013,0.7774193129764059
2.0780000000000016,0.7784490770235968
2.079000000000001,0.7794483300000014
2.0800000000000014,0.7804371434413132
2.0810000000000013,0.7813715565586896
2.0820000000000016,0.7822960000000015
2.083000000000001,0.7831760871905633
2.0840000000000014,0.7840479928094395
2.0850000000000013,0.7849752300000014
2.0860000000000016,0.7859644900000017
2.087000000000001,0.7869001886082798
2.0880000000000014,0.787786271391723
2.0890000000000013,0.7888006000000016
2.0900000000000016,0.7900614809908041
2.091000000000001,0.7913713890092001
2.0920000000000014,0.7928251600000021
2.0930000000000013,0.7942914009488119
2.0940000000000016,0.7957008890511919
2.095000000000001,0.7971033500000017
2.0960000000000014,0.7983543900000015
2.0970000000000013,0.7995555087961215
2.0980000000000016,0.800443470000001
2.099000000000001,0.8012349600000008
2.1000000000000014,0.8018072078884229
2.1010000000000013,0.8021860921115783
2.1020000000000016,0.8023301999999995
2.103000000000001,0.8020935359188157
2.104000000000001,0.8017527240811833
2.1050000000000013,0.8013818299999996
2.1060000000000016,0.8010940824955013
2.107000000000001,0.8013190375044994
2.108000000000001,0.8015841200000013
2.1090000000000013,0.8025900700000016
2.1100000000000017,0.8037191625564917
2.111000000000001,0.805544727443514
2.112000000000001,0.8075625900000036
2.1130000000000013,0.8103223059008235
2.1140000000000017,0.8134813140991849
2.115000000000001,0.8168724800000048
2.116000000000001,0.8204835673895279
2.1170000000000013,0.8240574626104833
2.1180000000000017,0.8275432600000046
2.119000000000001,0.8309335700000036
2.120000000000001,0.8335686463267389
2.1210000000000013,0.8361319136732691
2.1220000000000017,0.837883650000003
2.1230000000000016,0.8395483116126787
2.124000000000001,0.8403644383873237
2.1250000000000013,0.8411196500000002
2.1260000000000017,0.8412702624075183
2.1270000000000016,0.8411943375924814
2.128000000000001,0.8409052499999995
2.1290000000000013,0.8405046903719247
2.1300000000000017,0.8397084096280732
2.1310000000000016,0.8385397799999977
2.132000000000001,0.8372710899999973
2.1330000000000013,0.8357405374425096
2.1340000000000017,0.8342149625574862
2.1350000000000016,0.8325498099999971
2.136000000000001,0.8308669510307913
2.1370000000000013,0.8292772589692039
2.1380000000000017,0.8277115799999974
2.1390000000000016,0.8262984540451889
2.140000000000001,0.8249389059548069
2.1410000000000013,0.8241590899999992
2.1420000000000017,0.8235760299999998
2.1430000000000016,0.8234434186292743
2.144000000000001,0.8235297113707261
2.1450000000000014,0.8238524800000008
2.1460000000000017,0.824442627339533
2.1470000000000016,0.8250160226604688
2.148000000000001,0.8255975800000008
2.1490000000000014,0.8262050143301346
2.1500000000000017,0.8267483156698668
2.1510000000000016,0.8272922000000004
2.152000000000001,0.8275830700000004
2.1530000000000014,0.8278586624407563
2.1540000000000017,0.8279845700000003
2.1550000000000016,0.8281366200000001
2.156000000000001,0.8281908097140575
2.1570000000000014,0.828287950285943
2.1580000000000017,0.8284861400000003
2.1590000000000016,0.8286765287242553
2.160000000000001,0.8287637712757451
2.1610000000000014,0.8287807699999999
2.1620000000000017,0.8287029625754845
2.1630000000000016,0.8284287174245146
2.164000000000001,0.8281204699999994
2.1650000000000014,0.8277389999999992
2.1660000000000017,0.8272508053609263
2.1670000000000016,0.8263044146390708
2.168000000000001,0.8253129699999979
2.1690000000000014,0.8236990118706239
2.1700000000000017,0.8220177181293716
2.1710000000000016,0.8198016899999959
2.172000000000001,0.8174598700099929
2.1730000000000014,0.8143599699899974
2.1740000000000017,0.8110372999999941
2.1750000000000016,0.807669339999994
2.176000000000001,0.8042952174122537
2.1770000000000014,0.8008903299999955
2.1780000000000017,0.7975434099999948
2.1790000000000016,0.7946531462817402
2.180000000000001,0.7925159637182532
2.1810000000000014,0.7905540499999981
2.1820000000000017,0.7891435564287123
2.1830000000000016,0.7879078435712839
2.184000000000001,0.7877111399999999
2.1850000000000014,0.7876033239782051
2.1860000000000017,0.7882431060217969
2.1870000000000016,0.7889460900000017
2.188000000000001,0.7898718100000012
2.1890000000000014,0.7908123594561093
2.1900000000000017,0.7913069205438923
2.1910000000000016,0.7916417100000005
2.192000000000001,0.7918896293021399
2.1930000000000014,0.7920826506978607
2.1940000000000017,0.7920526899999997
2.1950000000000016,0.7918618167166565
2.196000000000001,0.7917289832833431
2.1970000000000014,0.7917130600000001
2.1980000000000017,0.7918319100000006
2.1990000000000016,0.7922220583701636
2.200000000000001,0.7926057600000004
2.2010000000000014,0.7928365500000002
2.2020000000000017,0.7929649561817631
2.2030000000000016,0.7926267738182359
2.204000000000001,0.7922499199999988
2.2050000000000014,0.7913316104029179
2.2060000000000017,0.7903356395970786
2.2070000000000016,0.7888647299999972
2.208000000000001,0.7873284751969576
2.2090000000000014,0.7854804448030367
2.2100000000000017,0.7834706299999963
2.2110000000000016,0.7814366799999964
2.212000000000001,0.7794096883143339
2.2130000000000014,0.7773928316856599
2.2140000000000017,0.7754190599999966
2.2150000000000016,0.7735015707338503
2.216000000000001,0.771708909266144
2.2170000000000014,0.7700740699999982
2.2180000000000017,0.7686391853319312
2.2190000000000016,0.7671925046680642
2.220000000000001,0.7657612599999979
2.2210000000000014,0.7642991499999984
2.2220000000000018,0.763019374169581
2.2230000000000016,0.7617610699999985
2.224000000000001,0.7605543699999984
2.2250000000000014,0.7593332110427888
2.2260000000000018,0.7577436389572055
2.2270000000000016,0.7560992199999966
2.228000000000001,0.754240194244148
2.229000000000001,0.7522826357558459
2.2300000000000018,0.7501940699999962
2.2310000000000016,0.7480304083403279
2.232000000000001,0.7455138116596643
2.233000000000001,0.7427768099999963
2.2340000000000018,0.7400177699999949
2.2350000000000017,0.7372341276734607
2.236000000000001,0.7344108623265305
2.237000000000001,0.7314944299999963
2.2380000000000018,0.7286407079414076
2.2390000000000017,0.7260201220585843
2.240000000000001,0.7233326999999959
2.241000000000001,0.7203071624355079
2.2420000000000018,0.7172315175644811
2.2430000000000017,0.7135987299999951
2.244000000000001,0.7099090199999939
2.245000000000001,0.7053241843601205
2.2460000000000018,0.7006677856398629
2.2470000000000017,0.69521730999999
2.2480000000000016,0.6896180772575373
2.249000000000001,0.6826906527424412
2.2500000000000018,0.6753430999999853
2.2510000000000017,0.6671130384382985
2.2520000000000016,0.6584974215616748
2.253000000000001,0.6491900699999869
2.2540000000000022,0.6393773182043432
2.2550000000000017,0.6294593617956261
2.2560000000000016,0.6194602799999815
2.257000000000001,0.6090941999999808
2.2580000000000022,0.5983371224914845
2.2590000000000017,0.5876620375084822
2.2600000000000016,0.5771778799999814
2.261000000000001,0.5666926278784077
2.2620000000000022,0.5563714121215557
2.2630000000000017,0.546068849999983
2.2640000000000016,0.5364429864266991
2.265000000000001,0.526807253573271
2.2660000000000022,0.5177262399999838
2.2670000000000017,0.5086324199999868
2.2680000000000016,0.5012230649240034
2.269000000000001,0.4938723050759738
2.2700000000000022,0.4882305299999903
2.2710000000000017,0.4827705785292877
2.2720000000000016,0.4787558714706999
2.273000000000001,0.4751034699999964
2.2740000000000022,0.4723654422515458
2.2750000000000017,0.4699879577484468
2.2760000000000016,0.46843525999999797
2.277000000000001,0.467323059999999
2.2780000000000022,0.4667446878372152
2.2790000000000017,0.4666100699999999
2.2800000000000016,0.46656081
2.281000000000001,0.4665703315007
2.2820000000000022,0.4666853384993004
2.2830000000000017,0.4669580200000004
2.2840000000000016,0.4672200321685666
2.285000000000001,0.4674417178314341
2.2860000000000023,0.4676391800000002
2.2870000000000017,0.4677307593831234
2.2880000000000016,0.4677245906168766
2.289000000000001,0.46707829999999895
2.2900000000000023,0.4663723399999972
2.2910000000000017,0.46480546931713396
2.2920000000000016,0.463198640682861
2.293000000000001,0.4605524499999964
2.2940000000000023,0.4578583682793377
2.2950000000000017,0.4538411617206498
2.2960000000000016,0.4496630699999917
2.297000000000001,0.44499457216156
2.2980000000000023,0.44021618783842303
2.2990000000000017,0.4344940199999893
2.3000000000000016,0.4284695399999887
2.301000000000001,0.4220881281411764
2.3020000000000023,0.4155114899999875
2.3030000000000017,0.408489819999987
2.3040000000000016,0.4011776140861713
2.305000000000001,0.3940184759138065
2.3060000000000023,0.3869978199999884
2.3070000000000017,0.3804709391081688
2.3080000000000016,0.3745620208918128
2.309000000000001,0.3699400699999964
2.3100000000000023,0.3672195668756224
2.3110000000000017,0.36568832312437216
2.3120000000000016,0.3664993300000032
2.313000000000001,0.3683205800000057
2.3140000000000023,0.3726938838572365
2.3150000000000017,0.37763245614278107
2.3160000000000016,0.3844667400000126
2.317000000000001,0.3915655914017331
2.3180000000000023,0.3998796085982965
2.3190000000000017,0.4082523900000139
2.3200000000000016,0.41605980399821296
2.321000000000001,0.4238997860018113
2.3220000000000023,0.4298392800000106
2.3230000000000017,0.4358067800000084
2.3240000000000016,0.4405280005819494
2.325000000000001,0.4452338200000049
2.3260000000000023,0.4489016500000064
2.3270000000000017,0.452507386672669
2.3280000000000016,0.4546741133273378
2.329000000000001,0.45654657000000104
2.3300000000000023,0.4573097298020404
2.3310000000000017,0.4577077501979612
2.3320000000000016,0.4575909699999995
2.333000000000001,0.4573047737772435
2.3340000000000023,0.4566425462227542
2.3350000000000017,0.4557683799999977
2.3360000000000016,0.4544884899999973
2.337000000000001,0.4529303842171536
2.3380000000000023,0.4510725557828398
2.3390000000000017,0.44891926999999604
2.3400000000000016,0.4466747695790805
2.341000000000001,0.4443705604209123
2.3420000000000023,0.4417480799999946
2.3430000000000017,0.4387097941411665
2.3440000000000016,0.43545120585882335
2.345000000000001,0.4318074299999951
2.3460000000000023,0.4281375099999935
2.3470000000000018,0.424482420785916
2.3480000000000016,0.4210902799999966
2.349000000000001,0.4185484899999969
2.350000000000002,0.4162238177734422
2.3510000000000018,0.41470155222655175
2.3520000000000016,0.4135296000000013
2.353000000000001,0.4142768148540307
2.354000000000002,0.41522535514597264
2.3550000000000018,0.4174163300000041
2.3560000000000016,0.4197349627674523
2.357000000000001,0.4233626372325589
2.358000000000002,0.42702734000000603
2.3590000000000018,0.4303975400000061
2.3600000000000017,0.43382526711758096
2.361000000000001,0.4365964428824277
2.362000000000002,0.43936157000000137
2.3630000000000018,0.4401454026534703
2.3640000000000017,0.4407719373465317
2.365000000000001,0.4400838599999989
2.366000000000002,0.4392316647500482
2.3670000000000018,0.4383791652499484
2.3680000000000017,0.4375228899999986
2.369000000000001,0.43648913999999855
2.370000000000002,0.4354137183933201
2.3710000000000018,0.4347976516066775
2.3720000000000017,0.4343307599999992
2.3730000000000016,0.43386723437512426
2.374000000000002,0.4334109856248742
2.3750000000000018,0.4327042399999985
2.3760000000000017,0.43185027730453707
2.3770000000000016,0.4306233226954591
2.378000000000002,0.4291809799999968
2.3790000000000022,0.4274012186782611
2.3800000000000017,0.4253880013217326
2.3810000000000016,0.42329561999999615
2.382000000000002,0.42114448999999615
2.3830000000000022,0.4194118245130952
2.3840000000000017,0.4180569554869006
2.3850000000000016,0.4170191599999988
2.386000000000002,0.4163289468306328
2.3870000000000022,0.41579725316936506
2.3880000000000017,0.4154576700000001
2.3890000000000016,0.4155221636772655
2.390000000000002,0.4161589363227367
2.3910000000000022,0.4168468700000013
2.3920000000000017,0.4175669600000009
2.3930000000000016,0.4180676967286544
2.394000000000002,0.41813498327134585
2.3950000000000022,0.4181743
2.3960000000000017,0.4181656404789036
2.3970000000000016,0.4177704295210952
2.398000000000002,0.4164685599999978
2.3990000000000022,0.4152402852709443
2.4000000000000017,0.4142929947290528
2.4010000000000016,0.4133424199999983
2.402000000000001,0.4124173199999987
2.4030000000000022,0.4116896527667219
2.4040000000000017,0.4117749000000004
2.4050000000000016,0.4119874800000012
2.406000000000002,0.4126407349110193
2.4070000000000022,0.4133898450889837
2.4080000000000017,0.4145698500000021
2.4090000000000016,0.4157250954569098
2.410000000000001,0.4164796645430925
2.4110000000000023,0.4172189200000016
2.4120000000000017,0.4181101573125389
2.4130000000000016,0.4189832826874638
2.414000000000002,0.41910061000000026
2.4150000000000023,0.4192488200000016
2.4160000000000017,0.420111329827036
2.4170000000000016,0.4210096001729667
2.418000000000001,0.4216612000000008
2.4190000000000023,0.4222602870385924
2.4200000000000017,0.4223306729614079
2.4210000000000016,0.4224337
2.422000000000002,0.4223982627234552
2.4230000000000023,0.42232549727654456
2.4240000000000017,0.42225095999999984
2.4250000000000016,0.4221655699999994
2.426000000000001,0.42181015554144535
2.4270000000000023,0.4214420299999977
2.4280000000000017,0.4201430999999975
2.4290000000000016,0.41875491884022986
2.430000000000002,0.4174433211597655
2.4310000000000023,0.416025129999997
2.4320000000000017,0.4143257804229127
2.4330000000000016,0.4126300095770821
2.434000000000001,0.4108381899999976
2.4350000000000023,0.4090158819436097
2.4360000000000017,0.4080353180563868
2.4370000000000016,0.4070026299999999
2.438000000000002,0.4069415300000005
2.4390000000000023,0.4071821932793461
2.4400000000000017,0.4084149867206583
2.4410000000000016,0.4097504600000037
2.442000000000001,0.4118018209218191
2.4430000000000023,0.4139110390781885
2.4440000000000017,0.4172858900000068
2.4450000000000016,0.4211150987042664
2.446000000000002,0.4256021412957496
2.4470000000000023,0.4303320600000059
2.4480000000000017,0.433659200000006
2.4490000000000016,0.4369914136956342
2.450000000000001,0.4393283700000032
2.4510000000000023,0.44172743000000103
2.4520000000000017,0.442278273420316
2.4530000000000016,0.44231247657968414
2.454000000000002,0.4414244299999983
2.4550000000000023,0.4404483671845593
2.4560000000000017,0.4386202128154333
2.4570000000000016,0.4364563499999975
2.458000000000001,0.4350375497360509
2.4590000000000023,0.4338349102639449
2.4600000000000017,0.4321448199999959
2.4610000000000016,0.42984879000000137
2.462000000000002,0.4306248346810674
2.4630000000000023,0.4323716453189396
2.4640000000000017,0.4360164100000077
2.4650000000000016,0.4403163797370574
2.466000000000001,0.4433137502629519
2.4670000000000023,0.44634834000000817
2.4680000000000017,0.450950997385531
2.4690000000000016,0.4559248526144846
2.470000000000002,0.4611874800000105
2.4710000000000023,0.4671317000000076
2.4720000000000018,0.4714041186721397
2.4730000000000016,0.4756908400000032
2.474000000000001,0.4780720800000021
2.475000000000002,0.4796048639612162
2.4760000000000018,0.4837444760388003
2.4770000000000016,0.489250690000003
2.478000000000002,0.4909764488312362
2.479000000000002,0.4921647611687686
2.4800000000000018,0.490899979999995
2.4810000000000016,0.4880635762187535
2.482000000000001,0.4863257637812412
2.483000000000002,0.4859279100000027
2.4840000000000018,0.4874511100000017
2.4850000000000017,0.4883989433263285
2.486000000000002,0.4845322066736578
2.487000000000002,0.4801017000000062
2.4880000000000018,0.4836333729074288
2.4890000000000017,0.489962447092591
2.490000000000001,0.4964171900000085
2.491000000000002,0.5028058785383082
2.4920000000000018,0.5104912614617225
2.4930000000000017,0.516762140000003
2.494000000000002,0.5190317600000042
2.495000000000002,0.5213872254609104
2.4960000000000018,0.5226418345390946
2.4970000000000017,0.5252909100000062
2.4980000000000016,0.5287134205708889
2.499000000000002,0.5306191294291179
2.5000000000000018,0.52934963
2.5010000000000017,0.52934963
2.502000000000002,0.52934963
2.503000000000002,0.52934963
2.5040000000000022,0.52934963
2.5050000000000017,0.52934963
2.5060000000000016,0.52934963
2.507000000000002,0.52934963
2.5080000000000022,0.52934963
2.5090000000000017,0.52934963
2.510000000000002,0.52934963
2.511000000000002,0.52934963
2.5120000000000022,0.52934963
2.5130000000000017,0.52934963
2.5140000000000016,0.52934963
2.515000000000002,0.52934963
2.5160000000000022,0.52934963
2.5170000000000017,0.52934963
2.518000000000002,0.52934963
2.519000000000002,0.52934963
2.5200000000000022,0.52934963
2.5210000000000017,0.52934963
2.5220000000000016,0.52934963
2.523000000000002,0.52934963
2.5240000000000022,0.52934963
2.5250000000000017,0.52934963
2.526000000000002,0.52934963
2.527000000000002,0.52934963
2.5280000000000022,0.52934963
2.5290000000000017,0.52934963
2.5300000000000016,0.52934963
2.531000000000002,0.52934963
2.5320000000000022,0.52934963
2.5330000000000017,0.52934963
2.534000000000002,0.52934963
2.535000000000002,0.52934963
2.5360000000000023,0.52934963
2.5370000000000017,0.52934963
2.5380000000000016,0.52934963
2.539000000000002,0.52934963
2.5400000000000023,0.52934963
2.5410000000000017,0.52934963
2.542000000000002,0.52934963
2.543000000000002,0.52934963
2.5440000000000023,0.52934963
2.5450000000000017,0.52934963
2.5460000000000016,0.52934963
2.547000000000002,0.52934963
2.5480000000000023,0.52934963
2.5490000000000017,0.52934963
2.550000000000002,0.52934963
2.551000000000002,0.52934963
2.5520000000000023,0.52934963
2.5530000000000017,0.52934963
2.5540000000000016,0.52934963
2.555000000000002,0.52934963
2.5560000000000023,0.52934963
2.5570000000000017,0.52934963
2.558000000000002,0.52934963
2.559000000000002,0.52934963
2.5600000000000023,0.52934963
2.5610000000000017,0.52934963
2.5620000000000016,0.52934963
2.563000000000002,0.52934963
2.5640000000000023,0.52934963
2.5650000000000017,0.52934963
2.566000000000002,0.52934963
2.567000000000002,0.52934963
2.5680000000000023,0.52934963
2.5690000000000017,0.52934963
2.5700000000000016,0.52934963
2.571000000000002,0.52934963
2.5720000000000023,0.52934963
2.5730000000000017,0.52934963
2.574000000000002,0.52934963
2.575000000000002,0.52934963
2.5760000000000023,0.52934963
2.5770000000000017,0.52934963
2.5780000000000016,0.52934963
2.579000000000002,0.52934963
2.5800000000000023,0.52934963
2.5810000000000017,0.52934963
2.582000000000002,0.52934963
2.583000000000002,0.52934963
2.5840000000000023,0.52934963
2.5850000000000017,0.52934963
2.5860000000000016,0.52934963
2.587000000000002,0.52934963
2.5880000000000023,0.52934963
2.5890000000000017,0.52934963
2.590000000000002,0.52934963
2.591000000000002,0.52934963
2.5920000000000023,0.52934963
2.5930000000000017,0.52934963
2.5940000000000016,0.52934963
2.595000000000002,0.52934963
2.5960000000000023,0.52934963
2.5970000000000018,0.52934963
2.598000000000002,0.52934963
2.599000000000002,0.52934963
