wave,Dibenzothiophene
0.4,0.8336727006073877
0.401,0.8300487839641209
0.402,0.8344451960358793
0.40299999999999997,0.8325990999999998
0.40399999999999997,0.8289865661253387
0.405,0.83198059
0.406,0.8302164311317775
0.407,0.8323296088682227
0.408,0.8361333306703865
0.409,0.8332003693296134
0.41,0.83627158
0.411,0.8367805449103508
0.412,0.83392596
0.413,0.8391407664816352
0.414,0.8387889299999999
0.415,0.8372439389303216
0.416,0.8401369710696789
0.417,0.84059149
0.418,0.8430136157787423
0.419,0.84567106
0.42,0.8453310329660705
0.421,0.84762764
0.422,0.8469928250171995
0.423,0.8444945449828002
0.424,0.8474469084554308
0.425,0.8462924515445691
0.4260000000000001,0.8458254900000001
0.4270000000000001,0.8486482956986429
0.4280000000000001,0.84721816
0.4290000000000001,0.8479802191923163
0.4300000000000001,0.8498994508076839
0.4310000000000001,0.8496604698602028
0.4320000000000001,0.8506464901397972
0.4330000000000001,0.85043478
0.4340000000000001,0.8502505075877242
0.4350000000000001,0.8530092799999999
0.4360000000000001,0.8518469230866382
0.4370000000000001,0.8511555869133617
0.4380000000000001,0.8535597352915941
0.4390000000000001,0.8540888947084059
0.4400000000000001,0.8551580900000001
0.4410000000000001,0.8565391161897382
0.4420000000000001,0.8576377000000002
0.4430000000000001,0.8594835514265716
0.4440000000000001,0.8606262085734286
0.4450000000000001,0.8614258983697327
0.4460000000000001,0.8632628716302675
0.4470000000000001,0.86346334
0.4480000000000001,0.8637945666877331
0.4490000000000001,0.86489969
0.4500000000000001,0.8646328453923922
0.4510000000000001,0.8651720846076079
0.4520000000000001,0.8657720059683807
0.4530000000000001,0.8653688440316194
0.4540000000000001,0.86570644
0.4550000000000001,0.8654506825575744
0.4560000000000001,0.8656175100000001
0.4570000000000001,0.8679400674561254
0.4580000000000001,0.86768568
0.4590000000000001,0.8671862551621968
0.4600000000000001,0.8677024748378034
0.4610000000000001,0.86698705
0.4620000000000001,0.8676775030954691
0.4630000000000001,0.8682943000000001
0.4640000000000001,0.867244365705343
0.4650000000000001,0.8678149
0.4660000000000001,0.8682240202354953
0.4670000000000001,0.8682475697645047
0.4680000000000001,0.8685806868568626
0.4690000000000001,0.8672663731431371
0.4700000000000001,0.8670950500000001
0.4710000000000001,0.8685203092426075
0.4720000000000001,0.86744457
0.4730000000000001,0.8678480458708827
0.4740000000000001,0.8684351341291174
0.4750000000000001,0.8674242593685128
0.4760000000000001,0.8683611106314875
0.4770000000000001,0.86857367
0.4780000000000001,0.8678506035571644
0.4790000000000001,0.86820632
0.4800000000000001,0.8679239205321894
0.4810000000000001,0.8679771394678106
0.4820000000000001,0.8685252657537849
0.4830000000000001,0.8681006442462149
0.4840000000000001,0.86845624
0.4850000000000001,0.8688507060553395
0.4860000000000001,0.86827499
0.4870000000000001,0.8687356083579328
0.4880000000000001,0.8685714016420671
0.4890000000000001,0.8680225677311455
0.4900000000000001,0.8687956822688547
0.4910000000000001,0.86835843
0.4920000000000001,0.8682777908063921
0.4930000000000001,0.8691113000000001
0.4940000000000001,0.8681839651744482
0.4950000000000001,0.86770141
0.4960000000000001,0.8677005183722325
0.4970000000000001,0.8675377416277674
0.4980000000000001,0.86825722
0.4990000000000001,0.8682422001501984
0.5000000000000001,0.8676350100000001
0.5010000000000001,0.8683381668629372
0.5020000000000001,0.8680244542633868
0.5030000000000001,0.8674999004910754
0.5040000000000001,0.8674482705162052
0.5050000000000001,0.86669594
0.5060000000000001,0.8666805648289586
0.5070000000000001,0.8669220127565621
0.5080000000000001,0.8663239619615195
0.5090000000000001,0.86666536
0.5100000000000001,0.8663190510914108
0.5110000000000001,0.8654282278710853
0.5120000000000001,0.8663217821289151
0.5130000000000001,0.8661363718543185
0.5140000000000001,0.8658973600000001
0.5150000000000001,0.8664941698085961
0.5160000000000001,0.8654750564559771
0.5170000000000001,0.8653569223626818
0.5180000000000001,0.8659542140269404
0.5190000000000001,0.8652163086481864
0.5200000000000001,0.8650811255848208
0.5210000000000001,0.8648603666227688
0.5220000000000001,0.8644888437152742
0.5230000000000001,0.86496949
0.5240000000000001,0.8647435844716447
0.5250000000000001,0.8641907590450382
0.5260000000000001,0.8641430109549618
0.5270000000000001,0.8637256041741417
0.5280000000000001,0.86363947
0.5290000000000001,0.8637843029237292
0.5300000000000001,0.8634305020884956
0.5310000000000001,0.8635001186076696
0.5320000000000001,0.8633452715485155
0.5330000000000001,0.8628088833903339
0.5340000000000001,0.8631479109453527
0.5350000000000001,0.8631951785819708
0.5360000000000001,0.8630085618662373
0.5370000000000001,0.86310083
0.5380000000000001,0.862706418204064
0.5390000000000001,0.8625268320437978
0.5400000000000001,0.8625949586374682
0.5410000000000001,0.8621091248584485
0.5420000000000001,0.86201
0.5430000000000001,0.8618563898511075
0.5440000000000002,0.8613489452233387
0.5450000000000002,0.8614818973405733
0.5460000000000002,0.8612389000000001
0.5470000000000002,0.8607529406467065
0.5480000000000002,0.8608175990450382
0.5490000000000002,0.8602698509549617
0.5500000000000002,0.8599238434600346
0.5510000000000002,0.8600098499999999
0.5520000000000002,0.8594384787816756
0.5530000000000002,0.8593166504523774
0.5540000000000002,0.8593317296984151
0.5550000000000002,0.8589505638117381
0.5560000000000002,0.8591571986422865
0.5570000000000002,0.8590214207746611
0.5580000000000002,0.8585601538380079
0.5590000000000002,0.8587706657893579
0.5600000000000002,0.85865849
0.5610000000000002,0.8586148620802209
0.5620000000000002,0.8588228736500538
0.5630000000000002,0.8585053763499461
0.5640000000000002,0.8585419096345964
0.5650000000000002,0.85877383
0.5660000000000002,0.8586081965744659
0.5670000000000002,0.8589369158593071
0.5680000000000002,0.8591322260937954
0.5690000000000002,0.8588979223431233
0.5700000000000002,0.8587095052983529
0.5710000000000002,0.8582393448074596
0.5720000000000002,0.8579797177888104
0.5730000000000002,0.8582287375096502
0.5740000000000002,0.85796535
0.5750000000000002,0.8579586706068061
0.5760000000000002,0.8580193364513418
0.5770000000000002,0.8573419035486579
0.5780000000000002,0.8573504699141992
0.5790000000000002,0.8573030799999999
0.5800000000000002,0.8566955250481504
0.5810000000000002,0.8564479319607019
0.5820000000000002,0.856179955359532
0.5830000000000002,0.85609269
0.5840000000000002,0.8563247267735676
0.5850000000000002,0.8560020876541173
0.5860000000000002,0.8558847935188242
0.5870000000000002,0.8565663031846639
0.5880000000000002,0.8584316400000008
0.5890000000000002,0.8621680385911723
0.5900000000000002,0.8650270539022048
0.5910000000000002,0.8644904607318633
0.5920000000000002,0.8612069828353278
0.5930000000000002,0.8575109613650134
0.5940000000000002,0.8556474950662466
0.5950000000000002,0.8554008074006298
0.5960000000000002,0.8550103978082779
0.5970000000000002,0.85465491
0.5980000000000002,0.8545063654545544
0.5990000000000002,0.8540518254237829
0.6000000000000002,0.8538230145762169
0.6010000000000002,0.8535884023461234
0.6020000000000002,0.85306305
0.6030000000000002,0.8529125961614232
0.6040000000000002,0.8525287353880304
0.6050000000000002,0.8520416697413129
0.6060000000000002,0.8522244081724818
0.6070000000000002,0.8520256896500964
0.6080000000000002,0.8519907099833008
0.6090000000000002,0.8524898750250488
0.6100000000000002,0.8525689192096841
0.6110000000000002,0.85263878
0.6120000000000002,0.8526807383572836
0.6130000000000002,0.8525164692228311
0.6140000000000002,0.8524776107771689
0.6150000000000002,0.8522922418537185
0.6160000000000002,0.85207772
0.6170000000000002,0.8523230536137361
0.6180000000000002,0.8520037412977349
0.6190000000000002,0.8517136658015099
0.6200000000000002,0.8520517899999999
0.6210000000000002,0.8516980380991809
0.6220000000000002,0.8515079602885856
0.6230000000000002,0.8515223895671216
0.6240000000000002,0.8511595736282724
0.6250000000000002,0.85128862
0.6260000000000002,0.8512583953859076
0.6270000000000002,0.8507970006830657
0.6280000000000002,0.8508197695446228
0.6290000000000002,0.8506085921118208
0.6300000000000002,0.85038072
0.6310000000000002,0.8505547558708064
0.6320000000000002,0.8503482961937903
0.6330000000000002,0.8501404541568416
0.6340000000000002,0.8500229699999999
0.6350000000000002,0.8497255402522025
0.6360000000000002,0.8497507599176033
0.6370000000000002,0.8497466400823968
0.6380000000000002,0.8494708527579276
0.6390000000000002,0.84951627
0.6400000000000002,0.8493677980067601
0.6410000000000002,0.8491684844682766
0.6420000000000002,0.8493174270211491
0.6430000000000002,0.8490159530148299
0.6440000000000002,0.8487403393997941
0.6450000000000002,0.8486803135749212
0.6460000000000002,0.8483590596376179
0.6470000000000002,0.8482979506110122
0.6480000000000002,0.84827083
0.6490000000000002,0.8480344408696087
0.6500000000000002,0.8481213972059117
0.6510000000000002,0.8479816927940882
0.6520000000000002,0.8476967828491284
0.6530000000000002,0.8477952499999999
0.6540000000000002,0.8474866651923518
0.6550000000000002,0.8472462927463627
0.6560000000000002,0.8473378381690916
0.6570000000000003,0.8471453819246192
0.6580000000000003,0.8470220586957871
0.6590000000000003,0.84689163499945
0.6600000000000003,0.8466416075008247
0.6610000000000003,0.8466802796131923
0.6620000000000003,0.8465385399999998
0.6630000000000003,0.8462036301412028
0.6640000000000003,0.8462177468726564
0.6650000000000003,0.8461135020848958
0.6660000000000003,0.8460398307367074
0.6670000000000003,0.8460307099999999
0.6680000000000003,0.8457104592800361
0.6690000000000003,0.8456744610799458
0.6700000000000003,0.845734828792588
0.6710000000000003,0.84539318
0.6720000000000003,0.8453791077809777
0.6730000000000003,0.8451572016151353
0.6740000000000003,0.8447379583848644
0.6750000000000003,0.8448818885605857
0.6760000000000003,0.8447110699999999
0.6770000000000003,0.8445155010693215
0.6780000000000003,0.8446224231642417
0.6790000000000003,0.8443945645571721
0.6800000000000003,0.844343840507205
0.6810000000000003,0.8443748967925677
0.6820000000000003,0.8440541590810459
0.6830000000000003,0.8440082113784311
0.6840000000000003,0.8438960322436224
0.6850000000000003,0.8437165000000002
0.6860000000000003,0.8439758977790778
0.6870000000000003,0.8437538023043077
0.6880000000000003,0.8433690176956921
0.6890000000000003,0.8433580401097012
0.6900000000000003,0.84309989
0.6910000000000003,0.8430143008738088
0.6920000000000003,0.8430579841352932
0.6930000000000003,0.8428624939098045
0.6940000000000003,0.8428806698181982
0.6950000000000003,0.8428080671186712
0.6960000000000003,0.8425199370389479
0.6970000000000003,0.8423718844415778
0.6980000000000003,0.8419943537753753
0.6990000000000003,0.84161276
0.7000000000000003,0.8414650549347492
0.7010000000000003,0.8409585303837845
0.7020000000000003,0.8404777196162152
0.7030000000000003,0.8399674351028509
0.7040000000000003,0.8390185199999998
0.7050000000000003,0.8381939305080047
0.7060000000000003,0.8372193233253333
0.7070000000000003,0.8359968344497771
0.7080000000000003,0.8349615899999996
0.7090000000000003,0.8336886676425761
0.7100000000000003,0.8324529346705662
0.7110000000000003,0.83168646299415
0.7120000000000003,0.8310725161394227
0.7130000000000003,0.8311112500000002
0.7140000000000003,0.8318746210658216
0.7150000000000003,0.8329812178143098
0.7160000000000003,0.8345750281237944
0.7170000000000003,0.8361432443178437
0.7180000000000003,0.8373113394449947
0.7190000000000003,0.8382558273834309
0.7200000000000003,0.8386249989248539
0.7210000000000003,0.838784926801568
0.7220000000000003,0.83918458
0.7230000000000003,0.8391975197668977
0.7240000000000003,0.8391742107473702
0.7250000000000003,0.8392115792526299
0.7260000000000003,0.8391221208946089
0.7270000000000003,0.83910179
0.7280000000000003,0.8390690695451909
0.7290000000000003,0.8390235925927704
0.7300000000000003,0.8391100182714865
0.7310000000000003,0.8390170909293093
0.7320000000000003,0.8388408990719907
0.7330000000000003,0.8387480945546721
0.7340000000000003,0.8384758281679915
0.7350000000000003,0.8383688910693214
0.7360000000000003,0.8383971999999998
0.7370000000000003,0.8382211896834968
0.7380000000000003,0.838189537697092
0.7390000000000003,0.8380743923029078
0.7400000000000003,0.837844312300823
0.7410000000000003,0.8378395999999999
0.7420000000000003,0.8376360449229491
0.7430000000000003,0.8373821971909404
0.7440000000000003,0.8372885618727063
0.7450000000000003,0.83703583
0.7460000000000003,0.8369527494533945
0.7470000000000003,0.8368980828037598
0.7480000000000003,0.8365382707943602
0.7490000000000003,0.8365352200304006
0.7500000000000003,0.8364452699999999
0.7510000000000003,0.8361805109948199
0.7520000000000003,0.8362799852509374
0.7530000000000003,0.8361216831660416
0.7540000000000003,0.8358779024378243
0.7550000000000003,0.8357651799999999
0.7560000000000003,0.8354520755132243
0.7570000000000003,0.8352277367301634
0.7580000000000003,0.8350702531496315
0.7590000000000003,0.83482987
0.7600000000000003,0.8347335486635866
0.7610000000000003,0.8345999066015359
0.7620000000000003,0.8344299833984642
0.7630000000000003,0.8343873004268042
0.7640000000000003,0.83413696
0.7650000000000003,0.8339784704667094
0.7660000000000003,0.8340251325708714
0.7670000000000003,0.8337774949527523
0.7680000000000003,0.8336095816791167
0.7690000000000003,0.8333952361840616
0.7700000000000004,0.8330136490070497
0.7710000000000004,0.8329640014894254
0.7720000000000004,0.8327975916641331
0.7730000000000004,0.8324998
0.7740000000000004,0.8324052675716755
0.7750000000000004,0.8321624361329546
0.7760000000000004,0.8319690838670453
0.7770000000000004,0.831848681204012
0.7780000000000004,0.8315767
0.7790000000000004,0.8315168584287843
0.7800000000000004,0.8314382911384429
0.7810000000000004,0.8311429059077046
0.7820000000000004,0.8309851915771157
0.7830000000000004,0.8308059586027859
0.7840000000000004,0.8306662390882456
0.7850000000000004,0.8306206513676315
0.7860000000000004,0.8304266319402388
0.7870000000000004,0.83047205
0.7880000000000004,0.8305406550974018
0.7890000000000004,0.8300504066275686
0.7900000000000004,0.8299379922482876
0.7910000000000004,0.829807161308313
0.7920000000000004,0.82948971
0.7930000000000004,0.8294224650268486
0.7940000000000004,0.8291738074597271
0.7950000000000004,0.8289318748386483
0.7960000000000004,0.8288608199999999
0.7970000000000004,0.8286511897692976
0.7980000000000004,0.828628119673413
0.7990000000000004,0.8286117903265869
0.8000000000000004,0.8283416627013269
0.8010000000000004,0.82832038
0.8020000000000004,0.8282588693461869
0.8030000000000004,0.8281934948900556
0.8040000000000004,0.8283564967399631
0.8050000000000004,0.82825780098701
0.8060000000000004,0.8281720304679047
0.8070000000000004,0.8282188190438478
0.8080000000000004,0.8281710114342283
0.8090000000000004,0.8282785978481785
0.8100000000000004,0.82831568
0.8110000000000004,0.8281704202420024
0.8120000000000004,0.8281946189534418
0.8130000000000004,0.8281422910465581
0.8140000000000004,0.8281788796340963
0.8150000000000004,0.8283793299999999
0.8160000000000004,0.8282386126404264
0.8170000000000004,0.8283706376277187
0.8180000000000004,0.8286248949148544
0.8190000000000004,0.8284722015270152
0.8200000000000004,0.8285751896757968
0.8210000000000004,0.8285427676719164
0.8220000000000004,0.8284263634921254
0.8230000000000004,0.8286741375221505
0.8240000000000004,0.8286621
0.8250000000000004,0.8287051319753198
0.8260000000000004,0.8289026596054158
0.8270000000000004,0.8288829303945843
0.8280000000000004,0.8290891079381795
0.8290000000000004,0.82924873
0.8300000000000004,0.8292379458210583
0.8310000000000004,0.8295289879829009
0.8320000000000004,0.8294617513447328
0.8330000000000004,0.8293836700000001
0.8340000000000004,0.8296562977177772
0.8350000000000004,0.8294280818107095
0.8360000000000004,0.8295186172839358
0.8370000000000004,0.8298351168349368
0.8380000000000004,0.82979888
0.8390000000000004,0.8299127207087142
0.8400000000000004,0.8299835901805909
0.8410000000000004,0.8299896098796059
0.8420000000000004,0.8300071398246982
0.8430000000000004,0.8298552010139102
0.8440000000000004,0.8299565943353833
0.8450000000000004,0.8301733634969253
0.8460000000000004,0.8298200470666705
0.8470000000000004,0.82981086
0.8480000000000004,0.8297844472331722
0.8490000000000004,0.8295077668231271
0.8500000000000004,0.8293489231768729
0.8510000000000004,0.8289289541997418
0.8520000000000004,0.8284707699999998
0.8530000000000004,0.8280885127149542
0.8540000000000004,0.8273600072275383
0.8550000000000004,0.8266009251816406
0.8560000000000004,0.8255410905984056
0.8570000000000004,0.8240163152995524
0.8580000000000004,0.8225462551724404
0.8590000000000004,0.820304877241337
0.8600000000000004,0.8173962490864806
0.8610000000000004,0.8143024399999983
0.8620000000000004,0.8104422825286235
0.8630000000000004,0.805695127567495
0.8640000000000004,0.8000735024325002
0.8650000000000004,0.7939145015901135
0.8660000000000004,0.7877925599999972
0.8670000000000004,0.7815766920400179
0.8680000000000004,0.7756787251912381
0.8690000000000004,0.7708517665391709
0.8700000000000004,0.7668268699999992
0.8710000000000004,0.7647058402259023
0.8720000000000004,0.7647284590485482
0.8730000000000004,0.7661808864271792
0.8740000000000004,0.7698906929012594
0.8750000000000004,0.7752566300000029
0.8760000000000004,0.7817325121010456
0.8770000000000004,0.7889426017099178
0.8780000000000004,0.7956662655267268
0.8790000000000004,0.8020335363273657
0.8800000000000004,0.807928920000002
0.8810000000000004,0.8125392407685633
0.8820000000000005,0.8165776688471592
0.8830000000000005,0.8197928056977585
0.8840000000000005,0.8222442300000011
0.8850000000000005,0.8246434472980738
0.8860000000000005,0.8263732489022445
0.8870000000000005,0.8278183610977567
0.8880000000000005,0.8293225049585503
0.8890000000000005,0.8305040600000004
0.8900000000000005,0.8315695584676698
0.8910000000000005,0.8324163214654271
0.8920000000000005,0.8331318356897158
0.8930000000000005,0.8340610207081075
0.8940000000000005,0.8344909540442406
0.8950000000000005,0.8348953840564975
0.8960000000000005,0.8355982089152546
0.8970000000000005,0.8356665393168863
0.8980000000000005,0.8361203700000002
0.8990000000000005,0.8367153430756309
0.9000000000000005,0.8370229102671894
0.9010000000000004,0.8375362697328109
0.9020000000000004,0.8376285990767909
0.9030000000000004,0.8377456700000002
0.9040000000000004,0.8382475397019971
0.9050000000000004,0.8382326533460329
0.9060000000000004,0.8386775211026449
0.9070000000000004,0.8390697160780609
0.9080000000000004,0.8389064155825561
0.9090000000000004,0.8394646644201791
0.9100000000000004,0.8396856733697317
0.9110000000000004,0.8397474293824876
0.9120000000000004,0.84007931
0.9130000000000004,0.8400607122602454
0.9140000000000004,0.8402867355752213
0.9150000000000004,0.840472576283186
0.9160000000000004,0.8404756199695996
0.9170000000000004,0.84116721
0.9180000000000004,0.8411846186338683
0.9190000000000004,0.8411163120491975
0.9200000000000004,0.8417176479728801
0.9210000000000004,0.8416383300000002
0.9220000000000004,0.8420838742528427
0.9230000000000004,0.8425091446798127
0.9240000000000004,0.842243135320187
0.9250000000000004,0.8424563978672788
0.9260000000000004,0.8425547500000001
0.9270000000000004,0.8427497143506872
0.9280000000000004,0.8431847720113995
0.9290000000000004,0.8432518186590671
0.9300000000000004,0.8434698578195783
0.9310000000000004,0.8436164301257012
0.9320000000000004,0.8436290088759565
0.9330000000000004,0.8440728066860659
0.9340000000000004,0.8439981914926149
0.9350000000000004,0.8440616100000002
0.9360000000000004,0.8446049682916829
0.9370000000000004,0.8444341451389946
0.9380000000000004,0.8446910948610057
0.9390000000000004,0.844901857892379
0.9400000000000004,0.84468466
0.9410000000000004,0.8447483815604157
0.9420000000000004,0.8448264081589922
0.9430000000000004,0.8450983745606722
0.9440000000000004,0.8452732582511826
0.9450000000000004,0.8448167428253284
0.9460000000000004,0.8450992788901557
0.9470000000000004,0.8455437866647669
0.9480000000000004,0.8456174092638853
0.9490000000000004,0.8455029699999997
0.9500000000000004,0.8450749504071041
0.9510000000000004,0.8451156711707535
0.9520000000000004,0.8456742088292472
0.9530000000000004,0.8458626281158812
0.9540000000000004,0.8458651299999997
0.9550000000000004,0.845267824108741
0.9560000000000004,0.8449732953865311
0.9570000000000004,0.8458195130756467
0.9580000000000004,0.8453226100000001
0.9590000000000004,0.8454498637396376
0.9600000000000004,0.8458238058291082
0.9610000000000004,0.8451152612563368
0.9620000000000004,0.8454028371239426
0.9630000000000004,0.8452860699999998
0.9640000000000004,0.8449540117494351
0.9650000000000004,0.8451289497783111
0.9660000000000004,0.8451215601477926
0.9670000000000004,0.8450558806568065
0.9680000000000004,0.8445175254997548
0.9690000000000004,0.8440675293562327
0.9700000000000004,0.8450353409656521
0.9710000000000004,0.8445335100375
0.9720000000000004,0.8443713800000003
0.9730000000000004,0.8449562047583469
0.9740000000000004,0.8434320715829366
0.9750000000000004,0.8435112184170633
0.9760000000000004,0.8436871782403824
0.9770000000000004,0.8432198199999998
0.9780000000000004,0.8430899955081099
0.9790000000000004,0.8426408310124495
0.9800000000000004,0.8430079126583673
0.9810000000000004,0.8434380856982572
0.9820000000000004,0.8427013826875269
0.9830000000000004,0.8429701226999647
0.9840000000000004,0.8426051209500524
0.9850000000000004,0.8430743753072064
0.9860000000000004,0.844628689999999
0.9870000000000004,0.8427975205293052
0.9880000000000004,0.8428504608021682
0.9890000000000004,0.8433905691978324
0.9900000000000004,0.8426120377855775
0.9910000000000004,0.8427493000000001
0.9920000000000004,0.8428900364797652
0.9930000000000004,0.8437140212776365
0.9940000000000004,0.8444232758149097
0.9950000000000006,0.84350532
0.9960000000000006,0.8435855534750349
0.9970000000000006,0.8439330596565174
0.9980000000000006,0.8444158855152245
0.9990000000000006,0.8451155930028603
1.0000000000000004,0.8453317900000001
1.0010000000000006,0.84554303
1.002000000000001,0.84550256
1.0030000000000006,0.84549195
1.0040000000000004,0.8455092354174583
1.0050000000000006,0.8455634100000002
1.006000000000001,0.8458851000000001
1.0070000000000006,0.8457319699999998
1.0080000000000005,0.8452641999999999
1.0090000000000006,0.8449521735656431
1.010000000000001,0.8443878299999996
1.0110000000000006,0.84384269
1.0120000000000005,0.8438022100000001
1.0130000000000006,0.8441325999999999
1.014000000000001,0.8443443588241177
1.0150000000000006,0.8443738799999999
1.0160000000000005,0.8442335099999998
1.0170000000000006,0.84364063
1.018000000000001,0.8435845999999999
1.0190000000000006,0.8435363848215178
1.0200000000000005,0.8437277100000004
1.0210000000000006,0.8444034500000003
1.022000000000001,0.8447319900000002
1.0230000000000006,0.8451016500000003
1.0240000000000005,0.84538168
1.0250000000000006,0.8454331800000001
1.0260000000000007,0.8455934500000002
1.0270000000000006,0.8459993000000001
1.0280000000000005,0.8462250200000001
1.0290000000000006,0.8465984500000002
1.0300000000000007,0.8469746100000002
1.0310000000000006,0.8472845600000001
1.0320000000000005,0.8474825237086293
1.0330000000000006,0.8477196100000002
1.0340000000000007,0.8480659700000001
1.0350000000000006,0.8482639800000001
1.0360000000000005,0.8483707300000001
1.0370000000000006,0.8485242066803319
1.0380000000000007,0.84849101
1.0390000000000006,0.8485721900000001
1.0400000000000005,0.84881955
1.0410000000000006,0.84891713
1.0420000000000007,0.8489050912038796
1.0430000000000006,0.84914273
1.0440000000000005,0.8491868399999999
1.0450000000000006,0.8490177999999997
1.0460000000000007,0.8486380599999997
1.0470000000000006,0.8483703367723225
1.0480000000000005,0.8482101000000001
1.0490000000000006,0.8479794899999998
1.0500000000000007,0.84783733
1.0510000000000006,0.84789437
1.0520000000000005,0.84794194
1.0530000000000006,0.8478848900000001
1.0540000000000007,0.8480564400000002
1.0550000000000006,0.8484263687741227
1.0560000000000005,0.8487141100000001
1.0570000000000006,0.8488495900000003
1.0580000000000007,0.8491053000000003
1.0590000000000006,0.8495898200000002
1.0600000000000005,0.8499436778922109
1.0610000000000006,0.8503226000000004
1.0620000000000007,0.8507613500000002
1.0630000000000006,0.85103971
1.0640000000000005,0.8511186800000001
1.0650000000000006,0.8512964622217779
1.0660000000000007,0.8514919300000001
1.0670000000000006,0.85156965
1.0680000000000005,0.85156775
1.0690000000000006,0.8515758499999999
1.0700000000000007,0.8514911584691529
1.0710000000000006,0.85155332
1.0720000000000005,0.85154176
1.0730000000000006,0.8514857299999999
1.0740000000000007,0.8513417199999997
1.0750000000000006,0.8510560399999999
1.0760000000000003,0.8509424299999999
1.0770000000000006,0.8507351299999999
1.0780000000000007,0.8504989074492549
1.0790000000000006,0.8504733999999999
1.0800000000000003,0.8502469699999999
1.0810000000000006,0.8499424499999998
1.0820000000000007,0.8495997199999995
1.0830000000000006,0.8489989212138783
1.0840000000000003,0.8486110599999999
1.0850000000000006,0.8483265599999997
1.0860000000000007,0.8479618399999997
1.0870000000000006,0.8476723999999999
1.0880000000000003,0.8475666705729427
1.0890000000000006,0.8472242999999998
1.0900000000000007,0.8468142699999995
1.0910000000000006,0.8462037999999996
1.0920000000000003,0.8454920099999997
1.0930000000000006,0.8448706921317864
1.0940000000000007,0.8442118199999995
1.0950000000000006,0.8434982299999995
1.0960000000000003,0.8426593499999994
1.0970000000000006,0.8416514999999992
1.0980000000000008,0.8404045699999989
1.0990000000000006,0.8391328499999992
1.1000000000000003,0.8377859599999994
1.1010000000000006,0.836322719999999
1.1020000000000008,0.8347663899999987
1.1030000000000006,0.8329889199999989
1.1040000000000003,0.8312635399999992
1.1050000000000006,0.8295442499999988
1.1060000000000008,0.8277321320137973
1.1070000000000009,0.8258522699999986
1.1080000000000003,0.8236917299999984
1.1090000000000009,0.8213398499999983
1.1100000000000008,0.8187674299999981
1.1110000000000009,0.8158697152814695
1.1120000000000003,0.8125225299999983
1.1130000000000009,0.8086532999999971
1.1140000000000008,0.8042616799999968
1.1150000000000009,0.7993831599999964
1.1160000000000003,0.7940163066853282
1.1170000000000009,0.7879828199999954
1.1180000000000008,0.7812058299999933
1.1190000000000009,0.7736794899999944
1.1200000000000006,0.7651432799999959
1.1210000000000009,0.755863048023192
1.1220000000000008,0.7458248099999928
1.1230000000000009,0.7349579899999922
1.1240000000000006,0.7233018899999943
1.1250000000000009,0.710562049999991
1.1260000000000008,0.6971172699999875
1.127000000000001,0.6830540299999899
1.1280000000000006,0.6678877499999897
1.129000000000001,0.6523749173372545
1.1300000000000008,0.6362482899999855
1.131000000000001,0.6198980799999896
1.1320000000000006,0.6042979399999932
1.133000000000001,0.5887275299999902
1.1340000000000008,0.5740430846205283
1.135000000000001,0.5607892899999924
1.1360000000000006,0.5494079599999939
1.137000000000001,0.5404314399999959
1.1380000000000008,0.5342638499999974
1.139000000000001,0.5313435120337948
1.1400000000000006,0.5313084700000023
1.141000000000001,0.5345955500000041
1.1420000000000008,0.5408217900000059
1.143000000000001,0.5496645000000072
1.1440000000000006,0.5605007863713694
1.145000000000001,0.5732104200000092
1.1460000000000008,0.5871220200000129
1.147000000000001,0.6016411200000099
1.1480000000000006,0.6164677100000094
1.149000000000001,0.6306927200000094
1.1500000000000008,0.644920350000012
1.1510000000000007,0.6584152000000082
1.1520000000000006,0.6709330700000052
1.1530000000000007,0.6826573600000071
1.1540000000000008,0.6933589600000064
1.1550000000000007,0.703074510000006
1.1560000000000006,0.7119988800000054
1.1570000000000007,0.7201201372762775
1.1580000000000008,0.7272929000000058
1.1590000000000007,0.7337778800000038
1.1600000000000006,0.7394973600000034
1.1610000000000007,0.7446813000000032
1.1620000000000008,0.7494779372982733
1.1630000000000007,0.7537509200000025
1.1640000000000006,0.7575631700000015
1.1650000000000007,0.7609697000000022
1.1660000000000008,0.7642293000000027
1.1670000000000007,0.7670681661133903
1.1680000000000006,0.7699692200000019
1.1690000000000007,0.7727804800000018
1.1700000000000008,0.7755062000000024
1.1710000000000007,0.7781285000000017
1.1720000000000006,0.7806898738626152
1.1730000000000007,0.7831629500000016
1.1740000000000008,0.7855701400000017
1.1750000000000007,0.7880365800000017
1.1760000000000006,0.7905244800000016
1.1770000000000007,0.7929673800000016
1.1780000000000008,0.7953109700000021
1.1790000000000007,0.7975146800000014
1.1800000000000006,0.7995193727717238
1.1810000000000007,0.8014470900000012
1.1820000000000008,0.8032743900000014
1.1830000000000007,0.8049398100000011
1.1840000000000006,0.8065572400000006
1.1850000000000007,0.8079380320817926
1.1860000000000008,0.809058850000001
1.1870000000000007,0.8101248100000007
1.1880000000000006,0.8110642400000004
1.1890000000000007,0.8118136500000006
1.1900000000000008,0.8125746039046101
1.1910000000000007,0.8134715600000006
1.1920000000000006,0.8142780100000006
1.1930000000000007,0.8150895200000006
1.1940000000000008,0.8160057700000006
1.1950000000000007,0.8167829922777731
1.1960000000000006,0.8175956600000006
1.1970000000000007,0.8185359200000005
1.1980000000000008,0.8193799900000007
1.1990000000000007,0.8202040800000007
1.2000000000000006,0.8211299800000006
1.2010000000000007,0.8219494800000007
1.2020000000000008,0.8226841100000006
1.2030000000000007,0.8234463287051299
1.2040000000000006,0.8240333800000004
1.2050000000000007,0.8245033600000002
1.2060000000000008,0.8248038300000001
1.2070000000000007,0.82497835
1.2080000000000006,0.8249327355294469
1.2090000000000007,0.82478803
1.2100000000000009,0.82472318
1.2110000000000007,0.82471907
1.2120000000000006,0.8247045900000001
1.2130000000000007,0.8247978006789322
1.2140000000000009,0.8249703000000004
1.2150000000000007,0.8251771900000002
1.2160000000000006,0.8255302300000003
1.2170000000000007,0.8258917300000003
1.2180000000000009,0.8262413350394963
1.2190000000000007,0.8267151100000003
1.2200000000000006,0.8272562600000003
1.2210000000000008,0.8277829300000006
1.2220000000000009,0.8283940000000006
1.2230000000000008,0.8289577400000004
1.2240000000000006,0.8294506100000003
1.2250000000000008,0.8300249600000005
1.2260000000000009,0.8306436500000005
1.2270000000000008,0.8312901300000004
1.2280000000000006,0.8319180000000005
1.2290000000000008,0.8325089200000004
1.2300000000000009,0.8330954900000006
1.2310000000000008,0.8337411870952909
1.2320000000000009,0.8343121400000003
1.2330000000000008,0.8348412500000004
1.2340000000000009,0.8352792900000003
1.2350000000000008,0.8356127700000003
1.2360000000000009,0.8360521647885214
1.2370000000000008,0.8365000500000003
1.2380000000000009,0.8368693600000003
1.2390000000000008,0.8372660900000002
1.2400000000000009,0.8376397500000002
1.2410000000000008,0.8379278511898812
1.2420000000000009,0.8382730500000003
1.2430000000000008,0.8387051800000004
1.2440000000000009,0.8390281200000003
1.2450000000000008,0.8393099900000002
1.2460000000000009,0.8395964813508652
1.2470000000000008,0.8398461900000002
1.2480000000000009,0.8400672700000001
1.2490000000000008,0.8402850000000001
1.2500000000000009,0.8403603400000001
1.2510000000000008,0.8404586300000001
1.252000000000001,0.8405926800000001
1.2530000000000008,0.8407522400000003
1.2540000000000011,0.8410412914368565
1.2550000000000008,0.8412556600000001
1.256000000000001,0.8413774400000001
1.2570000000000008,0.8415439100000001
1.2580000000000011,0.8417727400000002
1.2590000000000008,0.8420017720157987
1.260000000000001,0.8423219300000001
1.2610000000000008,0.8425171400000001
1.2620000000000011,0.8426676400000002
1.2630000000000008,0.8427837500000002
1.264000000000001,0.8428506833066693
1.2650000000000008,0.84290892
1.2660000000000011,0.84294116
1.2670000000000008,0.84295011
1.268000000000001,0.8429433099999999
1.2690000000000008,0.8428562387071292
1.2700000000000011,0.8428071699999999
1.2710000000000008,0.8427177699999998
1.272000000000001,0.8425208299999999
1.2730000000000008,0.8422964199999997
1.2740000000000011,0.8419244299999996
1.2750000000000008,0.8415966599999998
1.2760000000000007,0.8413875699999999
1.2770000000000008,0.8412014799999998
1.2780000000000011,0.8410440099999998
1.2790000000000008,0.8408585199999999
1.2800000000000007,0.8406481099999997
1.2810000000000008,0.8403620099999998
1.2820000000000011,0.8400707578292169
1.2830000000000008,0.8398490499999998
1.2840000000000007,0.8394817099999998
1.2850000000000008,0.8390659099999995
1.2860000000000011,0.8385238599999995
1.2870000000000008,0.8378864944885506
1.2880000000000007,0.8371313799999993
1.2890000000000008,0.8362129299999993
1.2900000000000011,0.8352565199999991
1.2910000000000008,0.834207889999999
1.2920000000000007,0.8331000707819208
1.2930000000000008,0.8318860499999993
1.2940000000000011,0.8306470499999989
1.2950000000000008,0.8294293299999989
1.2960000000000007,0.8281759599999992
1.2970000000000008,0.8269017374222567
1.2980000000000012,0.8256696499999988
1.2990000000000008,0.8243491099999991
1.3000000000000007,0.8230484699999993
1.3010000000000008,0.8219248699999991
1.302000000000001,0.820891919999999
1.3030000000000008,0.8199473599999995
1.3040000000000007,0.8191634999999995
1.3050000000000008,0.8183895835176477
1.306000000000001,0.8177247599999994
1.3070000000000008,0.8170286399999994
1.3080000000000007,0.8164514299999995
1.3090000000000008,0.8157430899999996
1.310000000000001,0.8150635715488442
1.3110000000000008,0.8141790599999991
1.3120000000000007,0.8132003499999989
1.3130000000000008,0.8120684599999991
1.314000000000001,0.8107299199999988
1.3150000000000008,0.8093729756944295
1.3160000000000007,0.8079314799999987
1.3170000000000008,0.8064840399999986
1.318000000000001,0.8050294499999987
1.3190000000000008,0.8035144799999987
1.3200000000000007,0.8020438270652923
1.3210000000000008,0.800749719999999
1.322000000000001,0.799654839999999
1.3230000000000008,0.7987601799999996
1.3240000000000007,0.7981402299999998
1.3250000000000008,0.7977804499999998
1.326000000000001,0.7975600400000001
1.3270000000000008,0.79768878
1.3280000000000007,0.7976482173742627
1.3290000000000008,0.7979219599999998
1.330000000000001,0.7976868699999998
1.3310000000000008,0.7974805199999992
1.3320000000000007,0.7966391399999989
1.3330000000000009,0.7954321074382547
1.334000000000001,0.7938064899999981
1.3350000000000009,0.7916228799999979
1.3360000000000007,0.7893084899999976
1.3370000000000009,0.7865145799999976
1.338000000000001,0.7838271587421229
1.3390000000000009,0.7809385699999976
1.3400000000000007,0.7781407199999982
1.3410000000000009,0.7753984899999977
1.342000000000001,0.7727757699999974
1.3430000000000009,0.7704834292340746
1.3440000000000007,0.7685567099999989
1.3450000000000009,0.7671203599999991
1.346000000000001,0.7661682399999995
1.3470000000000009,0.76575726
1.3480000000000008,0.7656986700000002
1.3490000000000009,0.7660858600000008
1.350000000000001,0.767016590000001
1.3510000000000009,0.7680804700000013
1.3520000000000008,0.7696036700000012
1.3530000000000009,0.7710254200000011
1.354000000000001,0.7727184900000014
1.3550000000000009,0.7741988900000014
1.3560000000000008,0.7758623368253184
1.3570000000000009,0.7770305900000011
1.358000000000001,0.7782138600000005
1.3590000000000009,0.7787560800000001
1.3600000000000008,0.7789052699999998
1.3610000000000009,0.7786066934996493
1.362000000000001,0.7778416899999988
1.3630000000000009,0.7767131899999989
1.3640000000000008,0.7751329499999988
1.3650000000000009,0.7732801399999981
1.366000000000001,0.7711062773862591
1.3670000000000009,0.7688881199999981
1.3680000000000008,0.7667127799999987
1.3690000000000009,0.7646738899999984
1.370000000000001,0.7628616099999985
1.3710000000000009,0.7612492912318756
1.3720000000000008,0.7600038599999992
1.3730000000000009,0.7590695599999997
1.374000000000001,0.7586482199999999
1.3750000000000009,0.7585087400000001
1.3760000000000008,0.7585906400000004
1.377000000000001,0.7591345300000003
1.378000000000001,0.7594680200000005
1.379000000000001,0.7600021145195484
1.3800000000000008,0.7603473100000002
1.381000000000001,0.7606221400000002
1.3820000000000008,0.76085216
1.383000000000001,0.7608587100000003
1.3840000000000008,0.7611580042735727
1.385000000000001,0.7613007400000006
1.3860000000000008,0.7619782100000012
1.387000000000001,0.7630397700000013
1.3880000000000008,0.7642145800000012
1.389000000000001,0.7660093305249489
1.3900000000000008,0.7673423900000019
1.391000000000001,0.7690293800000008
1.3920000000000008,0.7698726100000004
1.393000000000001,0.7703654199999999
1.3940000000000008,0.7702957469673032
1.395000000000001,0.7693663199999988
1.3960000000000008,0.7679740199999983
1.397000000000001,0.7659351199999973
1.3980000000000008,0.7635407399999977
1.399000000000001,0.7609364399999977
1.4000000000000008,0.7582600099999978
1.4010000000000007,0.7557517299999984
1.4020000000000008,0.7533860799999976
1.403000000000001,0.7513271599999983
1.4040000000000008,0.7494985499999989
1.4050000000000007,0.7478572099999989
1.4060000000000008,0.7464323599999987
1.407000000000001,0.7451935532166774
1.4080000000000008,0.7441257199999994
1.4090000000000007,0.7432783199999996
1.4100000000000008,0.7425980599999995
1.411000000000001,0.7422264199999999
1.4120000000000008,0.7421231975622439
1.4130000000000007,0.7421988200000004
1.4140000000000008,0.7426345300000003
1.415000000000001,0.7430231600000006
1.4160000000000008,0.7435867200000005
1.4170000000000007,0.7441025484171585
1.4180000000000008,0.7446214000000005
1.419000000000001,0.7452113600000005
1.4200000000000008,0.7457825500000007
1.4210000000000007,0.7465019200000006
1.4220000000000008,0.7472804621457863
1.423000000000001,0.7482108500000011
1.4240000000000008,0.7493162800000007
1.4250000000000007,0.7504670600000007
1.4260000000000008,0.7516536100000014
1.427000000000001,0.7529099600000013
1.4280000000000008,0.7541098600000008
1.4290000000000007,0.7551993100000006
1.4300000000000008,0.7562770145175493
1.431000000000001,0.7573221900000009
1.4320000000000008,0.7582837300000009
1.4330000000000007,0.7592431900000005
1.4340000000000008,0.7601465600000007
1.435000000000001,0.7609046645565448
1.4360000000000008,0.7614502300000003
1.4370000000000007,0.7618826600000002
1.4380000000000008,0.7620443099999998
1.439000000000001,0.7618728899999999
1.4400000000000008,0.7617780094880511
1.4410000000000007,0.76138711
1.4420000000000008,0.7613415699999999
1.443000000000001,0.7612742200000002
1.4440000000000008,0.7615842800000004
1.4450000000000007,0.7621364047875218
1.4460000000000008,0.7628632800000013
1.447000000000001,0.7639658500000011
1.4480000000000008,0.7649760800000008
1.4490000000000007,0.7662572300000007
1.4500000000000008,0.7672399900000011
1.451000000000001,0.7682666800000008
1.4520000000000008,0.7689367500000004
1.4530000000000007,0.7694164090120988
1.4540000000000008,0.7696065299999998
1.455000000000001,0.7694365399999997
1.4560000000000008,0.7691802399999994
1.4570000000000007,0.7686103599999996
1.4580000000000009,0.7680530995610431
1.459000000000001,0.7673487099999995
1.4600000000000009,0.7666665299999994
1.4610000000000007,0.7659828099999995
1.4620000000000009,0.7654044599999996
1.463000000000001,0.7650920512408755
1.4640000000000009,0.7649945000000004
1.4650000000000007,0.7653162500000005
1.4660000000000009,0.7659660000000011
1.467000000000001,0.7670024000000015
1.4680000000000009,0.7682858616538356
1.4690000000000007,0.769798340000001
1.4700000000000009,0.7712204500000013
1.471000000000001,0.7724606400000011
1.4720000000000009,0.7734111500000003
1.4730000000000008,0.77368474
1.4740000000000009,0.7736160799999994
1.475000000000001,0.7730026199999989
1.4760000000000009,0.7717316699999988
1.4770000000000008,0.7703342399999983
1.4780000000000009,0.7683994799999985
1.479000000000001,0.7665946499999982
1.4800000000000009,0.7644297499999985
1.4810000000000008,0.7626627689451041
1.4820000000000009,0.7608522199999984
1.483000000000001,0.7594435199999989
1.4840000000000009,0.7583205699999991
1.4850000000000008,0.7573579499999995
1.4860000000000009,0.7567471248585134
1.487000000000001,0.7560957099999994
1.4880000000000009,0.7556216699999997
1.4890000000000008,0.7551106199999996
1.4900000000000009,0.7545853899999996
1.491000000000001,0.7541826802709725
1.4920000000000009,0.7537002599999999
1.4930000000000008,0.7535712699999999
1.4940000000000009,0.7534358500000006
1.495000000000001,0.7538922400000008
1.4960000000000009,0.754714467777223
1.4970000000000008,0.7559507500000017
1.4980000000000009,0.7577680900000018
1.499000000000001,0.7597516200000022
1.5000000000000009,0.7622318900000021
1.5010000000000008,0.7646659600000023
1.5020000000000011,0.7673507300000035
1.503000000000001,0.7700138700000022
1.504000000000001,0.772547657942208
1.5050000000000008,0.7749270800000019
1.5060000000000011,0.7770510300000021
1.5070000000000008,0.7789709000000018
1.508000000000001,0.7805960200000013
1.5090000000000008,0.7821252577682242
1.5100000000000011,0.7835029400000014
1.5110000000000008,0.7847791900000015
1.512000000000001,0.7861594600000015
1.5130000000000008,0.7874833900000009
1.5140000000000011,0.7888046378752139
1.5150000000000008,0.7901368700000013
1.516000000000001,0.791377780000001
1.5170000000000008,0.7924480400000008
1.5180000000000011,0.7933037900000007
1.5190000000000008,0.7940054398350173
1.520000000000001,0.7944491500000003
1.5210000000000008,0.7947143900000001
1.5220000000000011,0.79485297
1.5230000000000008,0.79489368
1.524000000000001,0.7949028599999999
1.5250000000000008,0.7947849
1.5260000000000011,0.7947419899999999
1.5270000000000008,0.79463542
1.528000000000001,0.79466128
1.5290000000000008,0.7947049700000001
1.5300000000000011,0.7949025600000004
1.5310000000000008,0.7952212100000005
1.532000000000001,0.7956030369643041
1.5330000000000008,0.7961726800000003
1.5340000000000011,0.7966057700000005
1.5350000000000008,0.7970746800000005
1.536000000000001,0.7974430300000003
1.5370000000000008,0.7977372038576145
1.5380000000000011,0.7979757800000002
1.5390000000000008,0.7981841000000001
1.540000000000001,0.79831254
1.5410000000000008,0.7983145100000001
1.5420000000000011,0.7983808433666635
1.5430000000000008,0.79839832
1.544000000000001,0.7984387300000001
1.5450000000000008,0.79854161
1.5460000000000012,0.79858261
1.5470000000000008,0.7985984084201581
1.548000000000001,0.79859704
1.5490000000000008,0.79854435
1.5500000000000012,0.79850757
1.5510000000000008,0.7984857
1.552000000000001,0.7984370599999999
1.5530000000000008,0.79835802
1.5540000000000012,0.79831964
1.5550000000000008,0.7982770744215577
1.556000000000001,0.79822129
1.5570000000000008,0.7981931
1.5580000000000012,0.7981671699999999
1.5590000000000008,0.79807907
1.560000000000001,0.7980799729077093
1.5610000000000008,0.7981090500000001
1.5620000000000012,0.7982034700000004
1.5630000000000008,0.7984126200000002
1.564000000000001,0.7987250700000004
1.5650000000000008,0.7991185406529351
1.5660000000000012,0.7995949400000008
1.5670000000000008,0.8001436000000005
1.568000000000001,0.8006442800000005
1.5690000000000008,0.8012715600000005
1.5700000000000012,0.8018964475112497
1.5710000000000008,0.8024358700000007
1.572000000000001,0.8030077200000004
1.5730000000000008,0.8034116000000002
1.5740000000000012,0.8037382400000004
1.5750000000000008,0.8040265400000001
1.576000000000001,0.8041652400000001
1.5770000000000008,0.80428356
1.5780000000000012,0.8042748971732824
1.5790000000000008,0.8040466299999997
1.580000000000001,0.8037465799999995
1.5810000000000008,0.8032738599999995
1.5820000000000012,0.8026701799999991
1.5830000000000009,0.8020224964303561
1.584000000000001,0.8011867999999991
1.5850000000000009,0.8000813099999989
1.5860000000000012,0.7988582799999983
1.5870000000000009,0.7975439399999984
1.588000000000001,0.7961579785961389
1.5890000000000009,0.7947936699999988
1.5900000000000012,0.7934332499999984
1.5910000000000009,0.7920582899999985
1.592000000000001,0.7906083499999984
1.5930000000000009,0.7892450863263661
1.5940000000000012,0.7877328399999981
1.5950000000000009,0.7860617599999979
1.596000000000001,0.7842282099999975
1.5970000000000009,0.7820192599999977
1.5980000000000012,0.7793499199999964
1.5990000000000009,0.7760509799999957
1.600000000000001,0.7722059499999959
1.6010000000000009,0.7675453399999952
1.6020000000000012,0.7622125099999919
1.6030000000000009,0.7561493499999944
1.604000000000001,0.7497420299999941
1.6050000000000009,0.7431458199999942
1.6060000000000012,0.7366615068923041
1.6070000000000009,0.7308304299999941
1.608000000000001,0.7255012399999962
1.6090000000000009,0.7210969299999966
1.6100000000000012,0.7174062099999967
1.6110000000000009,0.7144405119977973
1.612000000000001,0.7119604899999975
1.6130000000000009,0.7097186399999985
1.6140000000000012,0.7075115399999976
1.6150000000000009,0.7053036699999975
1.616000000000001,0.7029548848785097
1.6170000000000009,0.7004057199999976
1.6180000000000012,0.6976267099999965
1.6190000000000009,0.6945491399999958
1.620000000000001,0.6907748599999959
1.6210000000000009,0.6861197255134448
1.6220000000000012,0.6802359799999896
1.6230000000000009,0.6724988799999915
1.624000000000001,0.6629313799999891
1.6250000000000009,0.6506360799999871
1.6260000000000012,0.6360487899999765
1.6270000000000011,0.6184000399999743
1.628000000000001,0.5990537399999816
1.629000000000001,0.5783062955764224
1.6300000000000012,0.557262059999974
1.6310000000000011,0.5377607899999806
1.6320000000000008,0.5202693899999848
1.633000000000001,0.5065497199999911
1.6340000000000012,0.4964709533406597
1.6350000000000011,0.4911043599999978
1.6360000000000008,0.4890294400000013
1.637000000000001,0.4902537500000038
1.6380000000000012,0.4936593800000049
1.6390000000000011,0.49806091984602
1.6400000000000008,0.502990900000005
1.641000000000001,0.5075018400000038
1.6420000000000012,0.5117672700000047
1.6430000000000011,0.5152849000000035
1.6440000000000008,0.518393269163087
1.645000000000001,0.5209583000000019
1.6460000000000012,0.5230782000000023
1.6470000000000011,0.5247322300000016
1.6480000000000008,0.5259378000000008
1.649000000000001,0.5268288300000002
1.6500000000000012,0.5271106999999997
1.6510000000000011,0.5268704899999989
1.6520000000000008,0.5258948199999977
1.653000000000001,0.5237992999999966
1.6540000000000012,0.5201117399999936
1.6550000000000011,0.514354229999991
1.6560000000000008,0.5062404899999875
1.657000000000001,0.4949263731076758
1.6580000000000013,0.4807574499999806
1.6590000000000011,0.4632526299999782
1.6600000000000008,0.4436419599999761
1.661000000000001,0.4220777999999799
1.6620000000000013,0.3993666891170616
1.6630000000000011,0.376557859999975
1.6640000000000008,0.354030069999981
1.665000000000001,0.3326502699999825
1.6660000000000013,0.31292473999997705
1.6670000000000011,0.2957299594780341
1.6680000000000008,0.2808850699999896
1.669000000000001,0.26912939999999197
1.6700000000000013,0.26010938999999195
1.6710000000000012,0.2540819899999959
1.6720000000000008,0.2504445037486213
1.673000000000001,0.2490534500000005
1.6740000000000013,0.24956970000000225
1.6750000000000012,0.2515953800000035
1.6760000000000008,0.25476786000000445
1.677000000000001,0.2587546700000052
1.6780000000000013,0.2634111000000053
1.6790000000000012,0.26820576000000546
1.6800000000000008,0.2730879371372907
1.681000000000001,0.2777593100000041
1.6820000000000013,0.28241730000000603
1.6830000000000012,0.2869758300000053
1.6840000000000008,0.2917993700000047
1.685000000000001,0.2970517396200438
1.6860000000000013,0.3031479400000096
1.6870000000000012,0.310339480000011
1.6880000000000008,0.3185863800000085
1.689000000000001,0.32823187000000953
1.6900000000000013,0.33897936525048866
1.6910000000000012,0.3508411900000171
1.6920000000000008,0.3636295500000153
1.693000000000001,0.3773984000000129
1.6940000000000013,0.3918063900000196
1.6950000000000012,0.4065287877602427
1.6960000000000008,0.421273800000016
1.697000000000001,0.4356956800000152
1.6980000000000013,0.4494437900000142
1.6990000000000012,0.46224532000001295
1.7000000000000008,0.4739554500000113
1.701000000000001,0.4841713900000098
1.7020000000000013,0.4930607100000099
1.7030000000000012,0.5004979657024371
1.7040000000000008,0.5067549900000057
1.705000000000001,0.5118682400000035
1.7060000000000013,0.5158957200000042
1.7070000000000012,0.5190268800000033
1.7080000000000009,0.5215251657634259
1.709000000000001,0.5234828000000014
1.7100000000000013,0.5251162100000017
1.7110000000000012,0.5264815700000016
1.7120000000000009,0.5277173500000014
1.713000000000001,0.5289789338416171
1.7140000000000013,0.5300495000000014
1.7150000000000012,0.5310972300000009
1.7160000000000009,0.5319459400000006
1.717000000000001,0.5325442600000005
1.7180000000000013,0.5330179426317375
1.7190000000000012,0.5332967000000003
1.7200000000000009,0.5336186300000005
1.721000000000001,0.534103450000001
1.7220000000000013,0.5350182700000021
1.7230000000000012,0.5366019600000025
1.7240000000000009,0.5388065000000033
1.725000000000001,0.5418049700000032
1.7260000000000013,0.5453363100000053
1.7270000000000012,0.5492122200000057
1.7280000000000009,0.553497430000003
1.729000000000001,0.5568683100000023
1.730000000000001,0.5593223000000022
1.7310000000000012,0.5608709317718233
1.7320000000000009,0.5612886499999996
1.733000000000001,0.5609708399999992
1.734000000000001,0.5600557899999986
1.7350000000000012,0.5590008499999991
1.7360000000000009,0.5582508351724828
1.737000000000001,0.5582025600000012
1.738000000000001,0.5592813500000023
1.7390000000000012,0.5613999400000037
1.7400000000000009,0.5647286200000047
1.741000000000001,0.5689575571062938
1.742000000000001,0.5738193400000069
1.7430000000000012,0.5789544600000055
1.7440000000000009,0.5839617300000048
1.745000000000001,0.5883656100000033
1.746000000000001,0.5920686596950352
1.7470000000000012,0.5949901900000023
1.7480000000000009,0.5967811900000007
1.749000000000001,0.5975978399999999
1.750000000000001,0.5974346399999986
1.7510000000000012,0.5963413699999974
1.7520000000000011,0.5944589999999969
1.753000000000001,0.5921076499999975
1.7540000000000011,0.5893216072212737
1.7550000000000012,0.5862938199999962
1.7560000000000011,0.5834430499999972
1.7570000000000008,0.5809230799999976
1.7580000000000011,0.5787664099999975
1.7590000000000012,0.5769695922367746
1.7600000000000011,0.5754919599999986
1.7610000000000008,0.5741654599999987
1.7620000000000011,0.5729527499999981
1.7630000000000012,0.5717395499999985
1.7640000000000011,0.5704416697880199
1.7650000000000008,0.5690487599999984
1.7660000000000011,0.5675516699999981
1.7670000000000012,0.5661549599999984
1.7680000000000011,0.5650035699999991
1.7690000000000008,0.5641672236346357
1.7700000000000014,0.5638667300000001
1.7710000000000012,0.5639796300000006
1.7720000000000011,0.5644648100000011
1.7730000000000008,0.5652791900000007
1.7740000000000014,0.5660378900000012
1.7750000000000012,0.5668363600000016
1.7760000000000011,0.5679670600000013
1.7770000000000008,0.5691681500000019
1.7780000000000014,0.5709094400000028
1.7790000000000012,0.5730091900000028
1.7800000000000011,0.5756099800000035
1.7810000000000008,0.5788182600000038
1.7820000000000014,0.5822287269613089
1.7830000000000013,0.5858983400000041
1.7840000000000011,0.5894898800000038
1.7850000000000008,0.5929247100000036
1.7860000000000014,0.5960875700000038
1.7870000000000013,0.5989469434966533
1.7880000000000011,0.6014819100000023
1.7890000000000008,0.6035332100000015
1.7900000000000014,0.6052206800000018
1.7910000000000013,0.6066474300000015
1.7920000000000011,0.6078111536276385
1.7930000000000008,0.6088026800000008
1.7940000000000014,0.609675350000001
1.7950000000000013,0.6104194500000008
1.7960000000000012,0.6110075100000004
1.7970000000000008,0.6114223785131492
1.7980000000000014,0.6118163500000005
1.7990000000000013,0.6121558500000004
1.8000000000000012,0.6125223000000007
1.8010000000000008,0.6131060700000007
1.8020000000000012,0.6137772800000014
1.8030000000000013,0.6146933400000013
1.8040000000000007,0.6158859700000017
1.8050000000000008,0.6173739634706549
1.8060000000000012,0.6194086700000025
1.8070000000000013,0.6213155400000031
1.8080000000000007,0.6236078700000021
1.8090000000000008,0.6254074600000017
1.8100000000000012,0.6272898112638751
1.8110000000000013,0.6283024500000007
1.8120000000000007,0.6288928999999996
1.8130000000000008,0.628636479999999
1.8140000000000012,0.6274735299999978
1.8150000000000013,0.6258810592470734
1.8160000000000007,0.6233034699999971
1.8170000000000008,0.6210696699999968
1.8180000000000012,0.6181908799999976
1.8190000000000013,0.6163692499999982
1.8200000000000007,0.6150344734776505
1.8210000000000008,0.6146337400000005
1.8220000000000012,0.6150013800000017
1.8230000000000013,0.6160932800000021
1.8240000000000007,0.6178865400000021
1.8250000000000008,0.6198166000000024
1.8260000000000012,0.6219053900000032
1.8270000000000013,0.6239751600000024
1.8280000000000007,0.6258105392900729
1.8290000000000008,0.6274034400000016
1.8300000000000012,0.6287652300000023
1.8310000000000013,0.63052738
1.8320000000000007,0.6305424600000012
1.8330000000000009,0.6314641960543954
1.8340000000000012,0.632224740000001
1.8350000000000013,0.632978740000001
1.8360000000000007,0.6337243300000011
1.8370000000000009,0.6345871700000013
1.8380000000000012,0.6357668620307987
1.8390000000000013,0.6372525100000028
1.8400000000000007,0.6393742000000022
1.8410000000000009,0.6414357400000029
1.8420000000000012,0.6441573500000034
1.8430000000000013,0.6463964160933935
1.8440000000000007,0.6481363800000017
1.8450000000000009,0.6497530900000013
1.8460000000000012,0.65082967
1.8470000000000013,0.6508606099999993
1.8480000000000008,0.6503838899999985
1.8490000000000009,0.6491259299999985
1.8500000000000012,0.6478132599999973
1.8510000000000013,0.6457719199999976
1.8520000000000008,0.6439769899999979
1.8530000000000009,0.6424015199999987
1.8540000000000012,0.6410345399999985
1.855000000000001,0.6398631299999988
1.8560000000000008,0.6390216037336262
1.8570000000000009,0.6386589399999998
1.8580000000000012,0.6384504999999995
1.859000000000001,0.6380627799999998
1.8600000000000008,0.6378688799999996
1.8610000000000009,0.6375230471062886
1.8620000000000012,0.6368941099999988
1.863000000000001,0.6362099599999986
1.8640000000000008,0.635035989999999
1.8650000000000009,0.6341197499999993
1.8660000000000012,0.6335101109639028
1.867000000000001,0.6328157799999993
1.8680000000000008,0.63224471
1.8690000000000009,0.6322203900000001
1.8700000000000012,0.6323519299999998
1.871000000000001,0.6322056246305368
1.8720000000000008,0.6324425300000013
1.8730000000000009,0.6334659500000008
1.8740000000000012,0.6343845100000015
1.875000000000001,0.6355400700000015
1.8760000000000008,0.6366140800000011
1.877000000000001,0.6374545100000009
1.8780000000000012,0.638110940000001
1.8790000000000011,0.6389018535986414
1.8800000000000008,0.6397378400000012
1.881000000000001,0.6406456800000012
1.8820000000000012,0.6417754300000018
1.8830000000000011,0.6429107200000014
1.8840000000000008,0.6438872152044809
1.885000000000001,0.6450392600000017
1.8860000000000012,0.6465235400000022
1.8870000000000011,0.6479337800000025
1.8880000000000008,0.6495263000000018
1.889000000000001,0.6510451081191896
1.8900000000000012,0.6524170000000021
1.8910000000000011,0.6537218700000016
1.8920000000000008,0.6549015600000012
1.893000000000001,0.6558499300000011
1.8940000000000012,0.6568724077522263
1.8950000000000011,0.6579279300000013
1.8960000000000008,0.6588754700000017
1.897000000000001,0.6601665600000014
1.8980000000000012,0.6612315800000009
1.8990000000000011,0.6619454000000007
1.9000000000000008,0.6624599700000006
1.9010000000000007,0.6628868000000002
1.9020000000000012,0.6630423100000002
1.9030000000000011,0.6631598499999999
1.9040000000000008,0.6630936900000001
1.9050000000000007,0.6631600300000003
1.9060000000000012,0.6634405300000003
1.9070000000000011,0.6635840435676441
1.9080000000000013,0.6641197200000002
1.9090000000000007,0.6643615999999999
1.9100000000000013,0.6642557999999995
1.9110000000000011,0.6638819599999991
1.9120000000000013,0.6632223807679221
1.9130000000000007,0.6621300599999987
1.9140000000000013,0.6610348799999979
1.9150000000000011,0.6594991699999984
1.9160000000000013,0.6582587399999982
1.9170000000000007,0.6569520906649321
1.9180000000000013,0.6560900199999997
1.9190000000000011,0.65584993
1.9200000000000013,0.6558095200000008
1.9210000000000007,0.6564266700000008
1.9220000000000013,0.6571546072062805
1.9230000000000012,0.6578509800000013
1.9240000000000013,0.658824620000001
1.9250000000000007,0.6597341300000011
1.9260000000000013,0.6607718500000014
1.9270000000000012,0.6616202000000008
1.9280000000000013,0.6622191700000006
1.9290000000000007,0.6628453100000005
1.9300000000000013,0.6632911408309174
1.9310000000000012,0.663699450000001
1.9320000000000013,0.6644247800000007
1.9330000000000007,0.6649144300000002
1.9340000000000013,0.6651390800000001
1.9350000000000012,0.6652250296300369
1.9360000000000013,0.6652213299999995
1.9370000000000007,0.6648304499999996
1.9380000000000013,0.6645868999999998
1.9390000000000012,0.6643617699999999
1.9400000000000013,0.664273088868113
1.9410000000000007,0.6644706700000004
1.9420000000000013,0.6646817300000003
1.9430000000000012,0.6648811100000005
1.9440000000000013,0.6652304500000007
1.9450000000000007,0.6657611169333073
1.9460000000000013,0.6663041700000009
1.9470000000000012,0.6668599200000013
1.9480000000000013,0.6676111200000009
1.9490000000000007,0.6683696500000007
1.9500000000000013,0.6690088500000011
1.9510000000000012,0.6697067600000013
1.9520000000000013,0.6705867100000011
1.9530000000000007,0.6713853189931018
1.9540000000000013,0.6722752500000011
1.9550000000000012,0.6729658200000008
1.9560000000000013,0.6735888100000006
1.9570000000000007,0.6740122400000003
1.9580000000000013,0.6741585078782122
1.9590000000000012,0.6741372899999997
1.9600000000000013,0.6739035199999995
1.9610000000000007,0.6735872599999989
1.9620000000000013,0.6728582399999979
1.9630000000000012,0.6716024355804401
1.9640000000000013,0.6702870699999975
1.9650000000000007,0.6684949399999981
1.9660000000000013,0.6667772499999973
1.9670000000000012,0.6650853799999975
1.9680000000000013,0.6634846100769902
1.9690000000000007,0.6619183399999984
1.9700000000000013,0.6604611899999981
1.9710000000000012,0.6592740399999982
1.9720000000000013,0.6581511499999986
1.9730000000000008,0.6570814299999989
1.9740000000000013,0.6561033099999987
1.9750000000000012,0.6552326699999991
1.9760000000000013,0.654499169999999
1.9770000000000008,0.6537771799999991
1.978000000000001,0.6530533999999992
1.9790000000000012,0.6524944299999991
1.980000000000001,0.6518524299999995
1.9810000000000008,0.6514555683481651
1.982000000000001,0.6513390500000001
1.9830000000000012,0.6514242900000005
1.984000000000001,0.6517763700000008
1.9850000000000008,0.6523236600000007
1.986000000000001,0.6529859866523366
1.9870000000000012,0.6541525100000013
1.988000000000001,0.6550175000000009
1.9890000000000008,0.6557694700000006
1.990000000000001,0.6564165900000005
1.9910000000000012,0.6567482068383167
1.992000000000001,0.6568748400000002
1.9930000000000008,0.6570177099999999
1.994000000000001,0.6569285999999991
1.9950000000000012,0.6563671799999993
1.996000000000001,0.6557493817798212
1.9970000000000008,0.6551487999999989
1.9980000000000016,0.6542971099999986
1.9990000000000012,0.6531944299999985
2.0000000000000013,0.6520851899999981
2.001000000000001,0.6506609952859408
2.0020000000000016,0.6489138547140546
2.003000000000001,0.6468778299999971
2.0040000000000013,0.6446629501819606
2.005000000000001,0.6420647698180336
2.0060000000000016,0.638784469999994
2.007000000000001,0.6354321799999932
2.0080000000000013,0.6316147858298297
2.009000000000001,0.6278730841701621
2.0100000000000016,0.6239867199999936
2.011000000000001,0.6203691076994549
2.0120000000000013,0.617146102300535
2.013000000000001,0.6140202299999961
2.0140000000000016,0.6111211634763006
2.015000000000001,0.6085559265236914
2.0160000000000013,0.6062425399999971
2.017000000000001,0.6041079799999974
2.0180000000000016,0.6021734122045566
2.019000000000001,0.6005954577954387
2.0200000000000014,0.5992273099999981
2.021000000000001,0.5978197600219944
2.0220000000000016,0.5968199799780028
2.023000000000001,0.5960336299999995
2.0240000000000014,0.5956598149340135
2.025000000000001,0.5959091550659871
2.0260000000000016,0.5964097400000014
2.027000000000001,0.5971643900000021
2.0280000000000014,0.5983518412548763
2.029000000000001,0.5998326500000027
2.0300000000000016,0.6019454000000033
2.031000000000001,0.6037598041761683
2.0320000000000014,0.6059015658238384
2.0330000000000013,0.6076693500000016
2.0340000000000016,0.6088739888472321
2.035000000000001,0.6097624611527708
2.0360000000000014,0.6104078300000004
2.0370000000000013,0.6107003925394916
2.0380000000000016,0.6103257874605074
2.039000000000001,0.6097760199999986
2.0400000000000014,0.6087695999999986
2.0410000000000013,0.6076775815656854
2.0420000000000016,0.6064932384343114
2.043000000000001,0.6052834999999986
2.0440000000000014,0.6042903925414905
2.0450000000000013,0.6033158074585072
2.0460000000000016,0.602486489999999
2.047000000000001,0.6019359816946601
2.0480000000000014,0.6013529283053382
2.0490000000000013,0.6009678799999993
2.0500000000000016,0.6004505799999986
2.051000000000001,0.5997131037476241
2.0520000000000014,0.5990136299999991
2.0530000000000013,0.5983288899999989
2.0540000000000016,0.5974876853829224
2.055000000000001,0.5968415146170756
2.0560000000000014,0.5959104899999983
2.0570000000000013,0.5946978599400102
2.0580000000000016,0.5931972600599857
2.059000000000001,0.5914341799999971
2.0600000000000014,0.5893032666466681
2.0610000000000013,0.5870697333533259
2.0620000000000016,0.5844857699999956
2.063000000000001,0.5820120599999963
2.0640000000000014,0.5791700002939385
2.0650000000000013,0.5768729397060554
2.0660000000000016,0.5746622699999974
2.067000000000001,0.5731776019156152
2.0680000000000014,0.5721967580843816
2.0690000000000013,0.5721010000000016
2.0700000000000016,0.5733168030163995
2.071000000000001,0.5750469669836059
2.0720000000000014,0.5777908600000046
2.0730000000000013,0.5812283200000046
2.0740000000000016,0.5846846078422215
2.075000000000001,0.5882630300000041
2.0760000000000014,0.5913364900000041
2.0770000000000013,0.5944250727454535
2.0780000000000016,0.5967525272545525
2.079000000000001,0.5984937500000014
2.0800000000000014,0.599505704369126
2.0810000000000013,0.5993493956308736
2.0820000000000016,0.5988510799999979
2.083000000000001,0.5976551466736629
2.0840000000000014,0.5961218833263324
2.0850000000000013,0.5943047999999974
2.0860000000000016,0.5922756799999952
2.087000000000001,0.5895663831493658
2.0880000000000014,0.5868978768506259
2.0890000000000013,0.5843973199999966
2.0900000000000016,0.5817847012967365
2.091000000000001,0.5791976687032555
2.0920000000000014,0.5766956199999966
2.0930000000000013,0.574165155675862
2.0940000000000016,0.5717219143241314
2.095000000000001,0.5689614399999964
2.0960000000000014,0.5662142599999958
2.0970000000000013,0.5630587286771279
2.0980000000000016,0.5594454999999947
2.099000000000001,0.5554711799999937
2.1000000000000014,0.55084408086182
2.1010000000000013,0.5461526991381653
2.1020000000000016,0.5412009999999909
2.103000000000001,0.5360834921405627
2.104000000000001,0.5304048978594196
2.1050000000000013,0.5252173499999924
2.1060000000000016,0.5195075723475227
2.107000000000001,0.5146310476524621
2.108000000000001,0.510661899999996
2.1090000000000013,0.5075781299999976
2.1100000000000017,0.5057947859508083
2.111000000000001,0.5048542940491888
2.112000000000001,0.5050381400000027
2.1130000000000013,0.5070409544081209
2.1140000000000017,0.5091850355918849
2.115000000000001,0.5126979900000039
2.116000000000001,0.515685611098785
2.1170000000000013,0.5185965989012241
2.1180000000000017,0.5208651400000021
2.119000000000001,0.5223733800000012
2.120000000000001,0.5233021949400118
2.1210000000000013,0.5232515950599879
2.1220000000000017,0.5227220699999984
2.1230000000000016,0.5217852237182538
2.124000000000001,0.5202224062817413
2.1250000000000013,0.5183470199999965
2.1260000000000017,0.5157526973115323
2.1270000000000016,0.5124258126884573
2.128000000000001,0.5085037399999935
2.1290000000000013,0.5036987972915344
2.1300000000000017,0.497471712708449
2.1310000000000016,0.4900046599999846
2.132000000000001,0.4813228499999826
2.1330000000000013,0.4715272747870297
2.1340000000000017,0.4604751452129409
2.1350000000000016,0.44855558999997575
2.136000000000001,0.4349073205318715
2.1370000000000013,0.4212126394680859
2.1380000000000017,0.40630363999997454
2.1390000000000016,0.39196254307136336
2.140000000000001,0.3780932569285935
2.1410000000000013,0.3646453899999838
2.1420000000000017,0.3524838699999784
2.1430000000000016,0.3403343993031208
2.144000000000001,0.32882743069684345
2.1450000000000014,0.3171248999999839
2.1460000000000017,0.3050184110007803
2.1470000000000016,0.2929284189991821
2.148000000000001,0.2800835099999828
2.1490000000000014,0.2671983420045839
2.1500000000000017,0.2542183879953815
2.1510000000000016,0.2412681299999793
2.152000000000001,0.22963593999997955
2.1530000000000014,0.21811696189779295
2.1540000000000017,0.20865912999998587
2.1550000000000016,0.20071345999998966
2.156000000000001,0.1948700964697012
2.1570000000000014,0.1918347935302894
2.1580000000000017,0.19015852000000186
2.1590000000000016,0.19120064969606335
2.160000000000001,0.1927976103039416
2.1610000000000014,0.19591221000000425
2.1620000000000017,0.19909984013997747
2.1630000000000016,0.20250123986003307
2.164000000000001,0.2059358200000037
2.1650000000000014,0.20873038000000427
2.1660000000000017,0.2119405466266788
2.1670000000000016,0.2145068133733292
2.168000000000001,0.2179454600000058
2.1690000000000014,0.22230838724155752
2.1700000000000017,0.22728080275845575
2.1710000000000016,0.2339048100000138
2.172000000000001,0.2416882328664416
2.1730000000000014,0.2509168971335871
2.1740000000000017,0.26091966000001665
2.1750000000000016,0.27028793000001866
2.176000000000001,0.2807933294600697
2.1770000000000014,0.2897053100000105
2.1780000000000017,0.29756594000001124
2.1790000000000016,0.3039057725804909
2.180000000000001,0.30823157741952256
2.1810000000000014,0.31141016000000155
2.1820000000000017,0.31258304727454583
2.1830000000000016,0.3130557927254556
2.184000000000001,0.3123731299999984
2.1850000000000014,0.3111460979144149
2.1860000000000017,0.3092252420855792
2.1870000000000016,0.3070329399999949
2.188000000000001,0.3041674199999963
2.1890000000000014,0.3013679092721417
2.1900000000000017,0.29806063072784805
2.1910000000000016,0.29529326999999483
2.192000000000001,0.2923718554389091
2.1930000000000014,0.29042624456108485
2.1940000000000017,0.28964165000000003
2.1950000000000016,0.2896869003309364
2.196000000000001,0.2912902096690686
2.1970000000000014,0.293886990000005
2.1980000000000017,0.2976173500000078
2.1990000000000016,0.3020037633906681
2.200000000000001,0.3064376700000061
2.2010000000000014,0.311030600000005
2.2020000000000017,0.31481247636673143
2.2030000000000016,0.3177761436332778
2.204000000000001,0.3204695300000019
2.2050000000000014,0.3218801454819068
2.2060000000000017,0.3238349645181002
2.2070000000000016,0.3254662500000045
2.208000000000001,0.3280032471925676
2.2090000000000014,0.3317751728074441
2.2100000000000017,0.33593273000001034
2.2110000000000016,0.3417303900000096
2.212000000000001,0.3471230579644172
2.2130000000000014,0.3534027020356023
2.2140000000000017,0.35847911000000776
2.2150000000000016,0.3628588980293991
2.216000000000001,0.3659391919706105
2.2170000000000014,0.3663702
2.2180000000000017,0.3663583139402087
2.2190000000000016,0.36429771605978495
2.220000000000001,0.3623621199999979
2.2210000000000014,0.36076914999999743
2.2220000000000018,0.35886120179981945
2.2230000000000016,0.35847920000000105
2.224000000000001,0.35922006000000245
2.2250000000000014,0.3610441081473758
2.2260000000000018,0.3643255818526358
2.2270000000000016,0.368209540000008
2.228000000000001,0.3727056626324816
2.229000000000001,0.377731987367534
2.2300000000000018,0.3836601700000119
2.2310000000000016,0.3903606336512819
2.232000000000001,0.3978971463487416
2.233000000000001,0.4057839200000122
2.2340000000000018,0.4149614600000153
2.2350000000000017,0.4236590089472253
2.236000000000001,0.4327484810528031
2.237000000000001,0.4407837700000101
2.2380000000000018,0.4483166842011697
2.2390000000000017,0.4544586957988494
2.240000000000001,0.4588529200000045
2.241000000000001,0.4622231425464927
2.2420000000000018,0.4634486074535116
2.2430000000000017,0.4643818699999995
2.244000000000001,0.4640365499999998
2.245000000000001,0.4639318701469703
2.2460000000000018,0.463733339853029
2.2470000000000017,0.4639992400000019
2.2480000000000016,0.4650929107338554
2.249000000000001,0.4664002492661487
2.2500000000000018,0.4686630400000039
2.2510000000000017,0.4708656728064432
2.2520000000000016,0.4735937371935654
2.253000000000001,0.4758717700000026
2.2540000000000022,0.4777827808558311
2.2550000000000017,0.4791913391441733
2.2560000000000016,0.47954848
2.257000000000001,0.479535369999999
2.2580000000000022,0.4789567249020181
2.2590000000000017,0.478005745097979
2.2600000000000016,0.4772611299999987
2.261000000000001,0.4765441506058785
2.2620000000000022,0.4763502093941208
2.2630000000000017,0.4766593600000015
2.2640000000000016,0.4775127217326554
2.265000000000001,0.4787300482673484
2.2660000000000022,0.4798140200000034
2.2670000000000017,0.4816873700000016
2.2680000000000016,0.4826069708788256
2.269000000000001,0.483415759121177
2.2700000000000022,0.48270472999999603
2.2710000000000017,0.4804238498060331
2.2720000000000016,0.476921910193956
2.273000000000001,0.4717302899999916
2.2740000000000022,0.4654271321055664
2.2750000000000017,0.4576481878944095
2.2760000000000016,0.44911261999998253
2.277000000000001,0.4393247999999814
2.2780000000000022,0.4288746750124785
2.2790000000000017,0.4177457699999794
2.2800000000000016,0.4061669099999768
2.281000000000001,0.393121087040572
2.2820000000000022,0.3807914929593842
2.2830000000000017,0.3673371099999798
2.2840000000000016,0.3559665758598104
2.285000000000001,0.3450251741401556
2.2860000000000023,0.33732050999999186
2.2870000000000017,0.3327168586582661
2.2880000000000016,0.3313034413417295
2.289000000000001,0.33537564000000764
2.2900000000000023,0.3411422400000185
2.2910000000000017,0.3515924221875793
2.2920000000000016,0.3620142978124532
2.293000000000001,0.3748281000000147
2.2940000000000023,0.3858679952199716
2.2950000000000017,0.3955201947800584
2.2960000000000016,0.4031025500000071
2.297000000000001,0.4071114884813074
2.2980000000000023,0.4093963015187007
2.2990000000000017,0.4075297699999963
2.3000000000000016,0.4054215299999929
2.301000000000001,0.4014105011028837
2.3020000000000023,0.3976844799999955
2.3030000000000017,0.3951392799999963
2.3040000000000016,0.3930719394581068
2.305000000000001,0.3920665205418901
2.3060000000000023,0.39160687
2.3070000000000017,0.3915852523615286
2.3080000000000016,0.3921088676384731
2.309000000000001,0.3917157099999992
2.3100000000000023,0.39113606026494574
2.3110000000000017,0.39033870973505147
2.3120000000000016,0.3888713399999986
2.313000000000001,0.38809135999999933
2.3140000000000023,0.38766610909018095
2.3150000000000017,0.3870570109098169
2.3160000000000016,0.3868784299999997
2.317000000000001,0.38669307672965336
2.3180000000000023,0.38626037327034507
2.3190000000000017,0.38601404000000017
2.3200000000000016,0.3861215919516096
2.321000000000001,0.38604110804839015
2.3220000000000023,0.3860952899999995
2.3230000000000017,0.38581555999999895
2.3240000000000016,0.3852513569842999
2.325000000000001,0.3842211999999983
2.3260000000000023,0.3829446099999967
2.3270000000000017,0.3810636314966962
2.3280000000000016,0.3782785985032952
2.329000000000001,0.3752442899999948
2.3300000000000023,0.37134637610577137
2.3310000000000017,0.3677074338942141
2.3320000000000016,0.3631011799999949
2.333000000000001,0.36020022778243976
2.3340000000000023,0.357878052217552
2.3350000000000017,0.3576200900000047
2.3360000000000016,0.3602757500000071
2.337000000000001,0.3642804396510809
2.3380000000000023,0.3711769503489436
2.3390000000000017,0.3782175800000155
2.3400000000000016,0.3869639628804368
2.341000000000001,0.3949927671195881
2.3420000000000023,0.4027966600000119
2.3430000000000017,0.4095262468266431
2.3440000000000016,0.4147945131733733
2.345000000000001,0.4192573400000037
2.3460000000000023,0.4220529800000042
2.3470000000000018,0.4243890880621965
2.3480000000000016,0.4260697100000016
2.349000000000001,0.4272525600000013
2.350000000000002,0.4282103983363331
2.3510000000000018,0.4283937616636676
2.3520000000000016,0.428019939999998
2.353000000000001,0.4268888653169335
2.354000000000002,0.4249420346830596
2.3550000000000018,0.422188489999993
2.3560000000000016,0.4182255648870156
2.357000000000001,0.4138744351129709
2.358000000000002,0.40877967999999015
2.3590000000000018,0.4032480699999895
2.3600000000000017,0.3973376299969908
2.361000000000001,0.3912376000029903
2.362000000000002,0.3843538499999881
2.3630000000000018,0.3776254512867319
2.3640000000000017,0.37093831871324734
2.365000000000001,0.3645329499999915
2.366000000000002,0.3581555113987083
2.3670000000000018,0.3523694986012685
2.3680000000000017,0.34685405999999386
2.369000000000001,0.3422249299999953
2.370000000000002,0.3387225622715398
2.3710000000000018,0.33584527772844874
2.3720000000000017,0.3341882799999977
2.3730000000000016,0.3329086340011989
2.374000000000002,0.33234864599879915
2.3750000000000018,0.3319007199999998
2.3760000000000017,0.3318167997830431
2.3770000000000016,0.3316146302169563
2.378000000000002,0.3316938899999992
2.3790000000000022,0.33121724906418554
2.3800000000000017,0.3302078909358113
2.3810000000000016,0.3288640999999955
2.382000000000002,0.3263588799999946
2.3830000000000022,0.32389820435012584
2.3840000000000017,0.3213417056498662
2.3850000000000016,0.31883680999999503
2.386000000000002,0.3160093359048146
2.3870000000000022,0.3138683840951768
2.3880000000000017,0.3117133999999981
2.3890000000000016,0.3106446567576484
2.390000000000002,0.31061223324235143
2.3910000000000022,0.3117963700000052
2.3920000000000017,0.31471857000000664
2.3930000000000016,0.3184559625764938
2.394000000000002,0.3240817274235262
2.3950000000000022,0.3298490300000123
2.3960000000000017,0.336788116695671
2.3970000000000016,0.3430550733043485
2.398000000000002,0.34875765000000913
2.3990000000000022,0.3539001110997868
2.4000000000000017,0.3581111089002263
2.4010000000000016,0.36150479000000457
2.402000000000001,0.36407569000000345
2.4030000000000022,0.3660019773712666
2.4040000000000017,0.3670277000000004
2.4050000000000016,0.36720717
2.406000000000002,0.3671932412947384
2.4070000000000022,0.3659061887052564
2.4080000000000017,0.3628521299999932
2.4090000000000016,0.3590208124345061
2.410000000000001,0.3546451575654804
2.4110000000000023,0.3485712699999878
2.4120000000000017,0.3416980601469564
2.4130000000000016,0.33289952985301624
2.414000000000002,0.32095613999997696
2.4150000000000023,0.3080176999999745
2.4160000000000017,0.2936778345580633
2.4170000000000016,0.27812341544188834
2.418000000000001,0.2605865599999768
2.4190000000000023,0.2431652480773537
2.4200000000000017,0.22404602192258688
2.4210000000000016,0.2062694699999687
2.422000000000002,0.18864102610874756
2.4230000000000023,0.17370211389119278
2.4240000000000017,0.1606283599999827
2.4250000000000016,0.15089632999999
2.426000000000001,0.14527603202978862
2.4270000000000023,0.14271277000000362
2.4280000000000017,0.14476645000000662
2.4290000000000016,0.148494166597693
2.430000000000002,0.1562601434023346
2.4310000000000023,0.1640539000000157
2.4320000000000017,0.17289870919617414
2.4330000000000016,0.18119067080385165
2.434000000000001,0.1892979100000089
2.4350000000000023,0.19597471065487776
2.4360000000000017,0.20138125934514145
2.4370000000000016,0.20532826000000326
2.438000000000002,0.2071355900000012
2.4390000000000023,0.2078104059778028
2.4400000000000017,0.20677018402219355
2.4410000000000016,0.2051104899999948
2.442000000000001,0.20218525988801744
2.4430000000000023,0.1990841401119716
2.4440000000000017,0.1955301199999927
2.4450000000000016,0.1914240696070713
2.446000000000002,0.1869201403929127
2.4470000000000023,0.18298693999999596
2.4480000000000017,0.1807059899999992
2.4490000000000016,0.18025825476752524
2.450000000000001,0.1815059300000041
2.4510000000000023,0.18457390000000734
2.4520000000000017,0.1887218240851919
2.4530000000000016,0.19426267591482527
2.454000000000002,0.1989204300000076
2.4550000000000023,0.20319007788342924
2.4560000000000017,0.20606891211658224
2.4570000000000016,0.2076204700000002
2.458000000000001,0.2077229765376869
2.4590000000000023,0.20428835346230087
2.4600000000000017,0.2002817199999912
2.4610000000000016,0.1953152599999897
2.462000000000002,0.18951360760346406
2.4630000000000023,0.1820896423965063
2.4640000000000017,0.17546905999998613
2.4650000000000016,0.16765069563086354
2.466000000000001,0.16130700436911669
2.4670000000000023,0.157477559999996
2.4680000000000017,0.15522911316436766
2.4690000000000016,0.15556075683563336
2.470000000000002,0.15740819000000905
2.4710000000000023,0.16250429000001054
2.4720000000000018,0.16845715780923068
2.4730000000000016,0.17563525000001046
2.474000000000001,0.183480520000012
2.475000000000002,0.1924786225745035
2.4760000000000018,0.20140436742553225
2.4770000000000016,0.21183033000001705
2.478000000000002,0.22141427107180067
2.479000000000002,0.2287249889282285
2.4800000000000018,0.2360361100000127
2.4810000000000016,0.2431897735942909
2.482000000000001,0.2492257164057279
2.483000000000002,0.2548865700000084
2.4840000000000018,0.25959322000000273
2.4850000000000017,0.26111976827934635
2.486000000000002,0.26250256172065856
2.487000000000002,0.26339582000000145
2.4880000000000018,0.2642014491311746
2.4890000000000017,0.264692760868827
2.490000000000001,0.2663216000000017
2.491000000000002,0.267558484398124
2.4920000000000018,0.26930246560188303
2.4930000000000017,0.2731726200000023
2.494000000000002,0.27493927000000296
2.495000000000002,0.2766386326314861
2.4960000000000018,0.28266494736853803
2.4970000000000017,0.2866958100000065
2.4980000000000016,0.2903861493741325
2.499000000000002,0.29497989062588376
2.5000000000000018,0.2949802
2.5010000000000017,0.2949802
2.502000000000002,0.2949802
2.503000000000002,0.2949802
2.5040000000000022,0.2949802
2.5050000000000017,0.2949802
2.5060000000000016,0.2949802
2.507000000000002,0.2949802
2.5080000000000022,0.2949802
2.5090000000000017,0.2949802
2.510000000000002,0.2949802
2.511000000000002,0.2949802
2.5120000000000022,0.2949802
2.5130000000000017,0.2949802
2.5140000000000016,0.2949802
2.515000000000002,0.2949802
2.5160000000000022,0.2949802
2.5170000000000017,0.2949802
2.518000000000002,0.2949802
2.519000000000002,0.2949802
2.5200000000000022,0.2949802
2.5210000000000017,0.2949802
2.5220000000000016,0.2949802
2.523000000000002,0.2949802
2.5240000000000022,0.2949802
2.5250000000000017,0.2949802
2.526000000000002,0.2949802
2.527000000000002,0.2949802
2.5280000000000022,0.2949802
2.5290000000000017,0.2949802
2.5300000000000016,0.2949802
2.531000000000002,0.2949802
2.5320000000000022,0.2949802
2.5330000000000017,0.2949802
2.534000000000002,0.2949802
2.535000000000002,0.2949802
2.5360000000000023,0.2949802
2.5370000000000017,0.2949802
2.5380000000000016,0.2949802
2.539000000000002,0.2949802
2.5400000000000023,0.2949802
2.5410000000000017,0.2949802
2.542000000000002,0.2949802
2.543000000000002,0.2949802
2.5440000000000023,0.2949802
2.5450000000000017,0.2949802
2.5460000000000016,0.2949802
2.547000000000002,0.2949802
2.5480000000000023,0.2949802
2.5490000000000017,0.2949802
2.550000000000002,0.2949802
2.551000000000002,0.2949802
2.5520000000000023,0.2949802
2.5530000000000017,0.2949802
2.5540000000000016,0.2949802
2.555000000000002,0.2949802
2.5560000000000023,0.2949802
2.5570000000000017,0.2949802
2.558000000000002,0.2949802
2.559000000000002,0.2949802
2.5600000000000023,0.2949802
2.5610000000000017,0.2949802
2.5620000000000016,0.2949802
2.563000000000002,0.2949802
2.5640000000000023,0.2949802
2.5650000000000017,0.2949802
2.566000000000002,0.2949802
2.567000000000002,0.2949802
2.5680000000000023,0.2949802
2.5690000000000017,0.2949802
2.5700000000000016,0.2949802
2.571000000000002,0.2949802
2.5720000000000023,0.2949802
2.5730000000000017,0.2949802
2.574000000000002,0.2949802
2.575000000000002,0.2949802
2.5760000000000023,0.2949802
2.5770000000000017,0.2949802
2.5780000000000016,0.2949802
2.579000000000002,0.2949802
2.5800000000000023,0.2949802
2.5810000000000017,0.2949802
2.582000000000002,0.2949802
2.583000000000002,0.2949802
2.5840000000000023,0.2949802
2.5850000000000017,0.2949802
2.5860000000000016,0.2949802
2.587000000000002,0.2949802
2.5880000000000023,0.2949802
2.5890000000000017,0.2949802
2.590000000000002,0.2949802
2.591000000000002,0.2949802
2.5920000000000023,0.2949802
2.5930000000000017,0.2949802
2.5940000000000016,0.2949802
2.595000000000002,0.2949802
2.5960000000000023,0.2949802
2.5970000000000018,0.2949802
2.598000000000002,0.2949802
2.599000000000002,0.2949802
