wave,Guanine
0.4,0.7232683385870282
0.401,0.7200188957990843
0.402,0.7235988042009159
0.40299999999999997,0.7213413099999998
0.40399999999999997,0.7179051343617563
0.405,0.72083676
0.406,0.7179871303191937
0.407,0.7190190496808064
0.408,0.7227226888193234
0.409,0.7206046211806763
0.41,0.72338223
0.411,0.7234409494128058
0.412,0.72069734
0.413,0.7259288357758422
0.414,0.7255064199999999
0.415,0.7235454540381194
0.416,0.7259492659618809
0.417,0.72674304
0.418,0.7287665397650024
0.419,0.73028517
0.42,0.7293700276980232
0.421,0.73213983
0.422,0.7324157249793003
0.423,0.7309136550206995
0.424,0.7353902581328374
0.425,0.7362035418671627
0.4260000000000001,0.7369727500000002
0.4270000000000001,0.7400056666467335
0.4280000000000001,0.7396703400000001
0.4290000000000001,0.7413453772119559
0.4300000000000001,0.7440665727880444
0.4310000000000001,0.7450834155692888
0.4320000000000001,0.7476403444307116
0.4330000000000001,0.7490754700000001
0.4340000000000001,0.7503303085108151
0.4350000000000001,0.75418139
0.4360000000000001,0.7540391135011301
0.4370000000000001,0.7543892264988701
0.4380000000000001,0.7579174771533571
0.4390000000000001,0.7596328128466432
0.4400000000000001,0.7617731100000001
0.4410000000000001,0.7639705280258199
0.4420000000000001,0.7654879100000002
0.4430000000000001,0.7674366977779445
0.4440000000000001,0.7692144922220556
0.4450000000000001,0.7710287828859423
0.4460000000000001,0.7733173771140579
0.4470000000000001,0.7744436900000001
0.4480000000000001,0.7762787716491836
0.4490000000000001,0.7791118
0.4500000000000001,0.78008891900462
0.4510000000000001,0.7819893809953803
0.4520000000000001,0.7842102728964422
0.4530000000000001,0.7854999171035579
0.4540000000000001,0.7872188100000002
0.4550000000000001,0.7882335098530016
0.4560000000000001,0.7895599000000002
0.4570000000000001,0.7928284492148079
0.4580000000000001,0.7937499300000002
0.4590000000000001,0.7944288455397892
0.4600000000000001,0.7959828244602108
0.4610000000000001,0.7963706300000001
0.4620000000000001,0.7980705930003701
0.4630000000000001,0.79947931
0.4640000000000001,0.7990962457437427
0.4650000000000001,0.8006706200000001
0.4660000000000001,0.8019572577901443
0.4670000000000001,0.8027362722098558
0.4680000000000001,0.8040584239389211
0.4690000000000001,0.8034523160610787
0.4700000000000001,0.8038883800000002
0.4710000000000001,0.8059554645706543
0.4720000000000001,0.80541253
0.4730000000000001,0.8063014207155857
0.4740000000000001,0.8073729792844143
0.4750000000000001,0.8068779248639029
0.4760000000000001,0.8083643151360974
0.4770000000000001,0.80928999
0.4780000000000001,0.8094461722694775
0.4790000000000001,0.81067312
0.4800000000000001,0.811103825754085
0.4810000000000001,0.8116792342459151
0.4820000000000001,0.8127251936477271
0.4830000000000001,0.8130899663522729
0.4840000000000001,0.8143088800000001
0.4850000000000001,0.8155521075677244
0.4860000000000001,0.8159400200000002
0.4870000000000001,0.8177885511416773
0.4880000000000001,0.818902718858323
0.4890000000000001,0.8193135469201618
0.4900000000000001,0.8210055630798386
0.4910000000000001,0.8214597100000001
0.4920000000000001,0.8223502510945891
0.4930000000000001,0.82422531
0.4940000000000001,0.8242774670619295
0.4950000000000001,0.8249836600000001
0.4960000000000001,0.8260102937788245
0.4970000000000001,0.8263881762211757
0.4980000000000001,0.8281901500000001
0.4990000000000001,0.8293328185733144
0.5000000000000001,0.8297081600000002
0.5010000000000001,0.8314542882625654
0.5020000000000001,0.8322805377570122
0.5030000000000001,0.8328724381619921
0.5040000000000001,0.8337814109102092
0.5050000000000001,0.8339777600000001
0.5060000000000001,0.8351222569220541
0.5070000000000001,0.8364683596169193
0.5080000000000001,0.8365697879721797
0.5090000000000001,0.8379508300000001
0.5100000000000001,0.8386845597132971
0.5110000000000001,0.8386559225070999
0.5120000000000001,0.8402812774929004
0.5130000000000001,0.8409226435865359
0.5140000000000001,0.8416324900000002
0.5150000000000001,0.8431892385438708
0.5160000000000001,0.8430436557711116
0.5170000000000001,0.8439026928192591
0.5180000000000001,0.8455828231985322
0.5190000000000001,0.8458653790176903
0.5200000000000001,0.8467671473881307
0.5210000000000001,0.8476365539178042
0.5220000000000001,0.8484079722858457
0.5230000000000001,0.8500059200000001
0.5240000000000001,0.8509088868038681
0.5250000000000001,0.8515892859783609
0.5260000000000001,0.8528882040216393
0.5270000000000001,0.8536729721524217
0.5280000000000001,0.8548708600000001
0.5290000000000001,0.8563169937725378
0.5300000000000001,0.8570056394531276
0.5310000000000001,0.8583207436979152
0.5320000000000001,0.8593885793216934
0.5330000000000001,0.8598472635762359
0.5340000000000001,0.8612048823018851
0.5350000000000001,0.8623199765471729
0.5360000000000001,0.8632405907939159
0.5370000000000001,0.8644598700000001
0.5380000000000001,0.8652750393204865
0.5390000000000001,0.8662070916772163
0.5400000000000001,0.8672629988818559
0.5410000000000001,0.8678510141199414
0.5420000000000001,0.8688045100000001
0.5430000000000001,0.8696763592443378
0.5440000000000002,0.8701385761334934
0.5450000000000002,0.8711002307666078
0.5460000000000002,0.87166321
0.5470000000000002,0.871999449186992
0.5480000000000002,0.8729181397032119
0.5490000000000002,0.8734033002967883
0.5500000000000002,0.8739758042749428
0.5510000000000002,0.87472713
0.5520000000000002,0.8748773352650054
0.5530000000000002,0.8754038399244041
0.5540000000000002,0.8760679867170643
0.5550000000000002,0.8764282463974641
0.5560000000000002,0.8773139751278514
0.5570000000000002,0.8778267554845258
0.5580000000000002,0.8781009817732114
0.5590000000000002,0.8792177776635767
0.5600000000000002,0.8798138500000001
0.5610000000000002,0.8804196198956992
0.5620000000000002,0.8814091797152115
0.5630000000000002,0.8818949402847887
0.5640000000000002,0.8827610513388136
0.5650000000000002,0.8837283300000001
0.5660000000000002,0.8840600454031542
0.5670000000000002,0.8848302002423879
0.5680000000000002,0.8855049465050748
0.5690000000000002,0.8858794562549626
0.5700000000000002,0.8863949803850039
0.5710000000000002,0.8864334830086495
0.5720000000000002,0.8865839154870256
0.5730000000000002,0.8873488823501471
0.5740000000000002,0.8876280800000002
0.5750000000000002,0.8883634899313995
0.5760000000000002,0.8893566144416224
0.5770000000000002,0.8895786955583778
0.5780000000000002,0.8903880619062192
0.5790000000000002,0.8911381400000001
0.5800000000000002,0.8913975498108982
0.5810000000000002,0.8918880840284986
0.5820000000000002,0.8920223673143343
0.5830000000000002,0.8921636300000001
0.5840000000000002,0.8927629598056981
0.5850000000000002,0.8927435335498225
0.5860000000000002,0.8929210246752662
0.5870000000000002,0.8932829463807277
0.5880000000000002,0.89286709
0.5890000000000002,0.8930066854790097
0.5900000000000002,0.8935545899187042
0.5910000000000002,0.8942185467208641
0.5920000000000002,0.8950092120933211
0.5930000000000002,0.8952983595034949
0.5940000000000002,0.8952487196937153
0.5950000000000002,0.8957334054594271
0.5960000000000002,0.8958476777147772
0.5970000000000002,0.8960059900000001
0.5980000000000002,0.8963758312374124
0.5990000000000002,0.8964995776148955
0.6000000000000002,0.8968803223851047
0.6010000000000002,0.8973572252309524
0.6020000000000002,0.8976547700000002
0.6030000000000002,0.8981822131388628
0.6040000000000002,0.8984960964442777
0.6050000000000002,0.8987109057038148
0.6060000000000002,0.8993592235167353
0.6070000000000002,0.8994981616284163
0.6080000000000002,0.8996610115174243
0.6090000000000002,0.9002368827238639
0.6100000000000002,0.9003980183887679
0.6110000000000002,0.9006502600000001
0.6120000000000002,0.9010170125374254
0.6130000000000002,0.9012707571641136
0.6140000000000002,0.9016289628358868
0.6150000000000002,0.9018402078875788
0.6160000000000002,0.9020397100000002
0.6170000000000002,0.9026832012540126
0.6180000000000002,0.9027459032902356
0.6190000000000002,0.9028555778065096
0.6200000000000002,0.90362275
0.6210000000000002,0.903650402374724
0.6220000000000002,0.903887879183341
0.6230000000000002,0.9043470462249888
0.6240000000000002,0.9043104103665072
0.6250000000000002,0.90475392
0.6260000000000002,0.9050830594313888
0.6270000000000002,0.9050262111054448
0.6280000000000002,0.9053963925963704
0.6290000000000002,0.9055235987279872
0.6300000000000002,0.9056534200000002
0.6310000000000002,0.9062184739266036
0.6320000000000002,0.9064148041100946
0.6330000000000002,0.906584916597766
0.6340000000000002,0.90680856
0.6350000000000002,0.9068443235214354
0.6360000000000002,0.9071964658111676
0.6370000000000002,0.9074870241888324
0.6380000000000002,0.9075074197960981
0.6390000000000002,0.90797287
0.6400000000000002,0.9081729700292004
0.6410000000000002,0.9081758985753712
0.6420000000000002,0.908461744283086
0.6430000000000002,0.9083747908696088
0.6440000000000002,0.9083979726620268
0.6450000000000002,0.90866416919644
0.6460000000000002,0.9086239912053398
0.6470000000000002,0.9088562676771536
0.6480000000000002,0.90907192
0.6490000000000002,0.9089979534142344
0.6500000000000002,0.9093393711859524
0.6510000000000002,0.9093986688140474
0.6520000000000002,0.9093102808839088
0.6530000000000002,0.90980726
0.6540000000000002,0.9098436812530126
0.6550000000000002,0.9099063405387732
0.6560000000000002,0.9102576329741512
0.6570000000000003,0.9102302802736026
0.6580000000000003,0.9103469812106122
0.6590000000000003,0.9104680379581022
0.6600000000000003,0.9103659430628468
0.6610000000000003,0.9106690869684394
0.6620000000000003,0.91080695
0.6630000000000003,0.9107244030792616
0.6640000000000003,0.9110323260362982
0.6650000000000003,0.9112335359758011
0.6660000000000003,0.9114456778785788
0.6670000000000003,0.91168469
0.6680000000000003,0.9116166249255536
0.6690000000000003,0.9118629026116696
0.6700000000000003,0.912244012377724
0.6710000000000003,0.91222137
0.6720000000000003,0.912442680303403
0.6730000000000003,0.9124730175730972
0.6740000000000003,0.9123516724269028
0.6750000000000003,0.9127294962216624
0.6760000000000003,0.91280836
0.6770000000000003,0.9128266024920498
0.6780000000000003,0.9130757989791509
0.6790000000000003,0.913041770680566
0.6800000000000003,0.9132336980806808
0.6810000000000003,0.9135364294623946
0.6820000000000003,0.9134826738192092
0.6830000000000003,0.9136736342711864
0.6840000000000003,0.9136963495457956
0.6850000000000003,0.9135514500000002
0.6860000000000003,0.9139012099683996
0.6870000000000003,0.9138980475264991
0.6880000000000003,0.913774372473501
0.6890000000000003,0.9139422783208832
0.6900000000000003,0.9138459
0.6910000000000003,0.9138082906246062
0.6920000000000003,0.9138395166026698
0.6930000000000003,0.9137262722648868
0.6940000000000003,0.9138014892477924
0.6950000000000003,0.9138528696763968
0.6960000000000003,0.9138205133066348
0.6970000000000003,0.9139858450400479
0.6980000000000003,0.9139081207773156
0.6990000000000003,0.91383833
0.7000000000000003,0.914102730209202
0.7010000000000003,0.9141236518477259
0.7020000000000003,0.914216038152274
0.7030000000000003,0.9143678484818848
0.7040000000000003,0.91430908
0.7050000000000003,0.9144815827704278
0.7060000000000003,0.9146200996673166
0.7070000000000003,0.9146090102217888
0.7080000000000003,0.91479826
0.7090000000000003,0.914732578700587
0.7100000000000003,0.91460264240068
0.7110000000000003,0.91472267639898
0.7120000000000003,0.914612771099122
0.7130000000000003,0.91456449
0.7140000000000003,0.9145504774578492
0.7150000000000003,0.9142962700284986
0.7160000000000003,0.914297219981001
0.7170000000000003,0.9143741692304924
0.7180000000000003,0.9143976013500136
0.7190000000000003,0.9145325968221588
0.7200000000000003,0.9143737047667616
0.7210000000000003,0.9141793838864388
0.7220000000000003,0.91430962
0.7230000000000003,0.9141843891160912
0.7240000000000003,0.9140959995148192
0.7250000000000003,0.9140717404851806
0.7260000000000003,0.9138961417560176
0.7270000000000003,0.91389197
0.7280000000000003,0.9139213597006941
0.7290000000000003,0.9138914312320384
0.7300000000000003,0.9139324991786412
0.7310000000000003,0.9138346309787098
0.7320000000000003,0.9137097598986992
0.7330000000000003,0.9136996268731564
0.7340000000000003,0.9135432846902654
0.7350000000000003,0.9135021004118083
0.7360000000000003,0.91352528
0.7370000000000003,0.9133523105573056
0.7380000000000003,0.9134080399988
0.7390000000000003,0.9134079800012
0.7400000000000003,0.9132499715801156
0.7410000000000003,0.91328764
0.7420000000000003,0.9131533470877709
0.7430000000000003,0.9130077407955602
0.7440000000000003,0.9130342594696264
0.7450000000000003,0.9128837
0.7460000000000003,0.9129244710174104
0.7470000000000003,0.9130262059222036
0.7480000000000003,0.9128223161166942
0.7490000000000003,0.9129361488615771
0.7500000000000003,0.912938
0.7510000000000003,0.9127900628569572
0.7520000000000003,0.9130757506239688
0.7530000000000003,0.9130965495840208
0.7540000000000003,0.9130811101544016
0.7550000000000003,0.91329104
0.7560000000000003,0.9132628400405981
0.7570000000000003,0.9132648699391029
0.7580000000000003,0.9133133290307904
0.7590000000000003,0.91331577
0.7600000000000003,0.9134364709841098
0.7610000000000003,0.9135348816295348
0.7620000000000003,0.9136163583704652
0.7630000000000003,0.9138066180973812
0.7640000000000003,0.91380203
0.7650000000000003,0.9138566920122404
0.7660000000000003,0.9140579077900104
0.7670000000000003,0.9139842414733264
0.7680000000000003,0.9140706091362916
0.7690000000000003,0.9141475587368872
0.7700000000000004,0.9140212547765612
0.7710000000000004,0.9142600828351584
0.7720000000000004,0.9144205983948679
0.7730000000000004,0.91446072
0.7740000000000004,0.9146782210353104
0.7750000000000004,0.9147817527046918
0.7760000000000004,0.9149169872953082
0.7770000000000004,0.9150747684221844
0.7780000000000004,0.91506439
0.7790000000000004,0.9152531032486324
0.7800000000000004,0.9154155286446676
0.7810000000000004,0.9153703509035548
0.7820000000000004,0.9154940787626876
0.7830000000000004,0.9155620308375084
0.7840000000000004,0.9156457834484276
0.7850000000000004,0.9158182048273588
0.7860000000000004,0.9157538406437128
0.7870000000000004,0.91596532
0.7880000000000004,0.9162492168456368
0.7890000000000004,0.9159337940320984
0.7900000000000004,0.9160681973119345
0.7910000000000004,0.9161680890010899
0.7920000000000004,0.91602057
0.7930000000000004,0.9161548597664116
0.7940000000000004,0.9161431803503824
0.7950000000000004,0.9161480099033992
0.7960000000000004,0.91629267
0.7970000000000004,0.9162523209781098
0.7980000000000004,0.9163501317581296
0.7990000000000004,0.9164380382418704
0.8000000000000004,0.9162897514829148
0.8010000000000004,0.91636467
0.8020000000000004,0.9163624596370928
0.8030000000000004,0.916326175440828
0.8040000000000004,0.9165075363727816
0.8050000000000004,0.9164010310651104
0.8060000000000004,0.9162908202795028
0.8070000000000004,0.9163187693062346
0.8080000000000004,0.9162840810406478
0.8090000000000004,0.9164238572043721
0.8100000000000004,0.91651016
0.8110000000000004,0.9164077601198012
0.8120000000000004,0.9164197380498779
0.8130000000000004,0.9163222319501221
0.8140000000000004,0.9163127500948008
0.8150000000000004,0.91648841
0.8160000000000004,0.916317342181622
0.8170000000000004,0.916426427359532
0.8180000000000004,0.9166717450936456
0.8190000000000004,0.9165234614829147
0.8200000000000004,0.9166231791332912
0.8210000000000004,0.916536505955402
0.8220000000000004,0.9163342760668964
0.8230000000000004,0.9165259580830616
0.8240000000000004,0.91639453
0.8250000000000004,0.9162896306932068
0.8260000000000004,0.9163589476158952
0.8270000000000004,0.9162397423841044
0.8280000000000004,0.9163339690576908
0.8290000000000004,0.91636688
0.8300000000000004,0.9162207230066302
0.8310000000000004,0.9163710445462726
0.8320000000000004,0.916189253635818
0.8330000000000004,0.91597551
0.8340000000000004,0.9160516861995618
0.8350000000000004,0.9156716495076246
0.8360000000000004,0.9156470307385632
0.8370000000000004,0.9158704877653554
0.8380000000000004,0.91571361
0.8390000000000004,0.9156004180908616
0.8400000000000004,0.9154095028351582
0.8410000000000004,0.915170674776561
0.8420000000000004,0.9149314823919238
0.8430000000000004,0.9144440276515764
0.8440000000000004,0.91420918780191
0.8450000000000004,0.9140992832971352
0.8460000000000004,0.9133143556989566
0.8470000000000004,0.9127830299999996
0.8480000000000004,0.9121494801806016
0.8490000000000004,0.9111675413267464
0.8500000000000004,0.9102338786732526
0.8510000000000004,0.9093021293174928
0.8520000000000004,0.90872931
0.8530000000000004,0.908716742291846
0.8540000000000004,0.9089459407664618
0.8550000000000004,0.9096381561556924
0.8560000000000004,0.9104235121464218
0.8570000000000004,0.9110596900125004
0.8580000000000004,0.9120609311310436
0.8590000000000004,0.9126174833034352
0.8600000000000004,0.912992836246525
0.8610000000000004,0.9138464900000004
0.8620000000000004,0.9145420849353496
0.8630000000000004,0.9150356147072118
0.8640000000000004,0.9152709752927884
0.8650000000000004,0.9154177885318854
0.8660000000000004,0.9159119100000004
0.8670000000000004,0.9162997047004472
0.8680000000000004,0.9165347309590522
0.8690000000000004,0.9169000326939656
0.8700000000000004,0.91694814
0.8710000000000004,0.9172288847320476
0.8720000000000004,0.9177020801333932
0.8730000000000004,0.91770874979991
0.8740000000000004,0.9179272678147564
0.8750000000000004,0.91815752
0.8760000000000004,0.9183295423198464
0.8770000000000004,0.9185615188180593
0.8780000000000004,0.9185221207879606
0.8790000000000004,0.9186699385217852
0.8800000000000004,0.91911066
0.8810000000000004,0.9192737379784012
0.8820000000000005,0.9196726580323984
0.8830000000000005,0.9198496264607646
0.8840000000000005,0.9197563500000002
0.8850000000000005,0.9201607101764018
0.8860000000000005,0.9201783501621936
0.8870000000000005,0.9201864598378066
0.8880000000000005,0.9205362165023652
0.8890000000000005,0.92071223
0.8900000000000005,0.9209426620802418
0.8910000000000005,0.9211506867892606
0.8920000000000005,0.9213769954738265
0.8930000000000005,0.9217866659032592
0.8940000000000005,0.9217067398997991
0.8950000000000005,0.9216967278794064
0.8960000000000005,0.9220906981808912
0.8970000000000005,0.9217817230899616
0.8980000000000005,0.92191488
0.8990000000000005,0.9222373407099071
0.9000000000000005,0.9223083376110958
0.9010000000000004,0.9226888923889048
0.9020000000000004,0.9226111207778076
0.9030000000000004,0.9225823300000002
0.9040000000000004,0.923035137601576
0.9050000000000004,0.9229152316688168
0.9060000000000004,0.9233041922207892
0.9070000000000004,0.9236798262436626
0.9080000000000004,0.9234790849633498
0.9090000000000004,0.9239754126640668
0.9100000000000004,0.9241086160039
0.9110000000000004,0.9240996200900018
0.9120000000000004,0.92438388
0.9130000000000004,0.9242596018221364
0.9140000000000004,0.924441815280336
0.9150000000000004,0.924617826479776
0.9160000000000004,0.9245638805395052
0.9170000000000004,0.92519337
0.9180000000000004,0.9251427073059348
0.9190000000000004,0.9250080040410978
0.9200000000000004,0.9255401993556938
0.9210000000000004,0.9254123600000004
0.9220000000000004,0.9259458254484548
0.9230000000000004,0.926490653650054
0.9240000000000004,0.926173156349946
0.9250000000000004,0.9262408593228934
0.9260000000000004,0.92640299
0.9270000000000004,0.9266836029058582
0.9280000000000004,0.9269741786947652
0.9290000000000004,0.9269306708701563
0.9300000000000004,0.9269614796918968
0.9310000000000004,0.9270310409674096
0.9320000000000004,0.9271277858135094
0.9330000000000004,0.9274184612797362
0.9340000000000004,0.9271844646802468
0.9350000000000004,0.9272257700000002
0.9360000000000004,0.927801005831258
0.9370000000000004,0.9273841407807688
0.9380000000000004,0.9274231792192312
0.9390000000000004,0.9274351598801988
0.9400000000000004,0.92701316
0.9410000000000004,0.9269382370423704
0.9420000000000004,0.926790361460627
0.9430000000000004,0.9268390490262488
0.9440000000000004,0.9268642697477976
0.9450000000000004,0.926247421202812
0.9460000000000004,0.9263677037108146
0.9470000000000004,0.9265532444337784
0.9480000000000004,0.9264502510300204
0.9490000000000004,0.9264984099999996
0.9500000000000004,0.9258562286940868
0.9510000000000004,0.925725652360306
0.9520000000000004,0.9263436676396948
0.9530000000000004,0.926503958397184
0.9540000000000004,0.9264525199999996
0.9550000000000004,0.9256892113715136
0.9560000000000004,0.9252578280956958
0.9570000000000004,0.9261943512695372
0.9580000000000004,0.92570937
0.9590000000000004,0.9258241740370404
0.9600000000000004,0.926227857012649
0.9610000000000004,0.9255784894810256
0.9620000000000004,0.9258736370482412
0.9630000000000004,0.92598242
0.9640000000000004,0.9258643413083262
0.9650000000000004,0.9259951757915104
0.9660000000000004,0.9261882261389932
0.9670000000000004,0.9263835480467804
0.9680000000000004,0.9261101478029778
0.9690000000000004,0.9258904733136348
0.9700000000000004,0.9270561550295492
0.9710000000000004,0.9268840034438344
0.9720000000000004,0.9271596700000004
0.9730000000000004,0.9281672077147765
0.9740000000000004,0.9269387160377588
0.9750000000000004,0.9272406039622416
0.9760000000000004,0.927621656189462
0.9770000000000004,0.92740053
0.9780000000000004,0.9274838551397026
0.9790000000000004,0.926997851681416
0.9800000000000004,0.9273872322123896
0.9810000000000004,0.9278779550927512
0.9820000000000004,0.9270306234148344
0.9830000000000004,0.9273720945308732
0.9840000000000004,0.9270986382036898
0.9850000000000004,0.9276689842962862
0.9860000000000004,0.9293128299999988
0.9870000000000004,0.9273979703522036
0.9880000000000004,0.9274332004399828
0.9890000000000004,0.927955199560018
0.9900000000000004,0.9271813077391771
0.9910000000000004,0.92747438
0.9920000000000004,0.9273331920795213
0.9930000000000004,0.9279371725384736
0.9940000000000004,0.9286884549743516
0.9950000000000006,0.92759717
0.9960000000000006,0.9274638922125222
0.9970000000000006,0.9276851496137196
0.9980000000000006,0.9281658355794212
0.9990000000000006,0.9288497531607636
1.0000000000000004,0.92884439
1.0010000000000006,0.92892474
1.002000000000001,0.92891479
1.0030000000000006,0.92889488
1.0040000000000004,0.9287858723847616
1.0050000000000006,0.9289097200000004
1.006000000000001,0.92938578
1.0070000000000006,0.92940521
1.0080000000000005,0.929263
1.0090000000000006,0.9292612542055794
1.010000000000001,0.9291033099999998
1.0110000000000006,0.92874002
1.0120000000000005,0.9289700400000004
1.0130000000000006,0.9295213800000002
1.014000000000001,0.9297811140265976
1.0150000000000006,0.9299819499999998
1.0160000000000005,0.9298521299999996
1.0170000000000006,0.92922515
1.018000000000001,0.9289989499999998
1.0190000000000006,0.9286550043945604
1.0200000000000005,0.92849582
1.0210000000000006,0.92868721
1.022000000000001,0.92860496
1.0230000000000006,0.9285620999999998
1.0240000000000005,0.9283906799999998
1.0250000000000006,0.9279931199999998
1.0260000000000007,0.92768312
1.0270000000000006,0.9275458499999998
1.0280000000000005,0.92717075
1.0290000000000006,0.92711979
1.0300000000000007,0.9269426499999998
1.0310000000000006,0.9266682899999996
1.0320000000000005,0.9262221248545144
1.0330000000000006,0.92597067
1.0340000000000007,0.92580694
1.0350000000000006,0.92557603
1.0360000000000005,0.9254034799999998
1.0370000000000006,0.9252159819878012
1.0380000000000007,0.9248358599999998
1.0390000000000006,0.92459285
1.0400000000000005,0.92456126
1.0410000000000006,0.9243355999999998
1.0420000000000007,0.9241495886011396
1.0430000000000006,0.9239247399999996
1.0440000000000005,0.92336786
1.0450000000000006,0.9230073099999996
1.0460000000000007,0.9224292599999996
1.0470000000000006,0.9218919837276268
1.0480000000000005,0.92151481
1.0490000000000006,0.9212330599999998
1.0500000000000007,0.9208463999999996
1.0510000000000006,0.9205917099999996
1.0520000000000005,0.9203212899999996
1.0530000000000006,0.9199225299999998
1.0540000000000007,0.9196716
1.0550000000000006,0.9196557788661134
1.0560000000000005,0.91944444
1.0570000000000006,0.9191544699999998
1.0580000000000007,0.91899532
1.0590000000000006,0.91891807
1.0600000000000005,0.9186513252314767
1.0610000000000006,0.91850364
1.0620000000000007,0.91857034
1.0630000000000006,0.91851872
1.0640000000000005,0.91848123
1.0650000000000006,0.9184055375692428
1.0660000000000007,0.91817087
1.0670000000000006,0.91807199
1.0680000000000005,0.91806918
1.0690000000000006,0.9179914
1.0700000000000007,0.9178810810318968
1.0710000000000006,0.91802329
1.0720000000000005,0.9179824599999998
1.0730000000000006,0.91780913
1.0740000000000007,0.9176313299999996
1.0750000000000006,0.9173421899999998
1.0760000000000003,0.9171475199999998
1.0770000000000006,0.9167718899999998
1.0780000000000007,0.9163664363923606
1.0790000000000006,0.9161303599999998
1.0800000000000003,0.9157484799999998
1.0810000000000006,0.9152643699999998
1.0820000000000007,0.9148528599999995
1.0830000000000006,0.9143390252114786
1.0840000000000003,0.91389114
1.0850000000000006,0.9135597899999996
1.0860000000000007,0.9130581599999996
1.0870000000000006,0.9125379899999998
1.0880000000000003,0.9121231214868509
1.0890000000000006,0.9113642599999996
1.0900000000000007,0.9106144899999996
1.0910000000000006,0.9097128499999994
1.0920000000000003,0.9086710799999996
1.0930000000000006,0.907873349773022
1.0940000000000007,0.9070432199999994
1.0950000000000006,0.9060846599999994
1.0960000000000003,0.9051889799999994
1.0970000000000006,0.9042263599999992
1.0980000000000008,0.9032475399999988
1.0990000000000006,0.9020400599999993
1.1000000000000003,0.9008058299999994
1.1010000000000006,0.8993758599999989
1.1020000000000008,0.8976429099999985
1.1030000000000006,0.8954995299999986
1.1040000000000003,0.8932814599999988
1.1050000000000006,0.8906494999999979
1.1060000000000008,0.8875130591790796
1.1070000000000009,0.8841048499999975
1.1080000000000003,0.8802598099999973
1.1090000000000009,0.8762555699999974
1.1100000000000008,0.8724763999999977
1.1110000000000009,0.8687300948945081
1.1120000000000003,0.8653790399999989
1.1130000000000009,0.8628089399999989
1.1140000000000008,0.8611729099999993
1.1150000000000009,0.8601441400000001
1.1160000000000003,0.8603104733666634
1.1170000000000009,0.8614330900000011
1.1180000000000008,0.8631447000000021
1.1190000000000009,0.8654854900000017
1.1200000000000006,0.8681539900000013
1.1210000000000009,0.8709331320857931
1.1220000000000008,0.8739227700000018
1.1230000000000009,0.8767077300000017
1.1240000000000006,0.879226740000001
1.1250000000000009,0.8814789100000012
1.1260000000000008,0.8833916200000016
1.127000000000001,0.8851233700000009
1.1280000000000006,0.8864731200000008
1.129000000000001,0.8876889311868822
1.1300000000000008,0.8888008000000007
1.131000000000001,0.8897343300000007
1.1320000000000006,0.8907579800000004
1.133000000000001,0.8918171500000007
1.1340000000000008,0.8929250628677141
1.135000000000001,0.8939537400000007
1.1360000000000006,0.8950216800000008
1.137000000000001,0.8961336000000006
1.1380000000000008,0.897180910000001
1.139000000000001,0.8982632317678239
1.1400000000000006,0.8992961600000006
1.141000000000001,0.9001339100000004
1.1420000000000008,0.9008381400000004
1.143000000000001,0.9013716000000004
1.1440000000000006,0.9017984473152688
1.145000000000001,0.9022628100000004
1.1460000000000008,0.9027210500000002
1.147000000000001,0.90297931
1.1480000000000006,0.9031359
1.149000000000001,0.90328062
1.1500000000000008,0.90334737
1.1510000000000007,0.90323442
1.1520000000000006,0.9032496800000002
1.1530000000000007,0.90339679
1.1540000000000008,0.9034093
1.1550000000000007,0.90347904
1.1560000000000006,0.90365154
1.1570000000000007,0.9037387472112788
1.1580000000000008,0.90381086
1.1590000000000007,0.90390646
1.1600000000000006,0.90391934
1.1610000000000007,0.90392721
1.1620000000000008,0.903936555941406
1.1630000000000007,0.90389597
1.1640000000000006,0.9037973299999998
1.1650000000000007,0.90366447
1.1660000000000008,0.90359509
1.1670000000000007,0.9034793515738424
1.1680000000000006,0.9034939400000002
1.1690000000000007,0.9036122
1.1700000000000008,0.9037565000000002
1.1710000000000007,0.90390688
1.1720000000000006,0.9040385968283172
1.1730000000000007,0.90407407
1.1740000000000008,0.90413243
1.1750000000000007,0.9041301
1.1760000000000006,0.9041447
1.1770000000000007,0.90424383
1.1780000000000008,0.90423727
1.1790000000000007,0.90415651
1.1800000000000006,0.9040292421087892
1.1810000000000007,0.90395033
1.1820000000000008,0.90384811
1.1830000000000007,0.90372431
1.1840000000000006,0.90375817
1.1850000000000007,0.9035748418868109
1.1860000000000008,0.9031937099999996
1.1870000000000007,0.9028197499999996
1.1880000000000006,0.9023993599999997
1.1890000000000007,0.9018469499999996
1.1900000000000008,0.901332491445855
1.1910000000000007,0.9010159399999996
1.1920000000000006,0.9005714099999996
1.1930000000000007,0.9000189299999997
1.1940000000000008,0.8994637099999994
1.1950000000000007,0.8987105653144679
1.1960000000000006,0.8979364599999996
1.1970000000000007,0.8972828999999994
1.1980000000000008,0.8965191799999992
1.1990000000000007,0.8957013499999994
1.2000000000000006,0.8949230299999993
1.2010000000000007,0.8940032099999993
1.2020000000000008,0.8930890599999992
1.2030000000000007,0.892192264302569
1.2040000000000006,0.8912352899999993
1.2050000000000007,0.8902426999999993
1.2060000000000008,0.889179889999999
1.2070000000000007,0.8880785099999992
1.2080000000000006,0.886820660700929
1.2090000000000007,0.8855276699999992
1.2100000000000009,0.8843071499999989
1.2110000000000007,0.8832040399999991
1.2120000000000006,0.8822053099999995
1.2130000000000007,0.8813565048805113
1.2140000000000009,0.8806351399999994
1.2150000000000007,0.8799931399999996
1.2160000000000006,0.8794843599999996
1.2170000000000007,0.8790371999999996
1.2180000000000009,0.8786081529047092
1.2190000000000007,0.8783222399999999
1.2200000000000006,0.87819171
1.2210000000000008,0.8781620300000001
1.2220000000000009,0.8783167600000003
1.2230000000000008,0.8785108900000003
1.2240000000000006,0.8788019400000002
1.2250000000000008,0.8791301800000003
1.2260000000000009,0.8795799000000004
1.2270000000000008,0.8799974300000002
1.2280000000000006,0.8803594100000002
1.2290000000000008,0.88062161
1.2300000000000009,0.88068283
1.2310000000000008,0.8806956219358063
1.2320000000000009,0.8805149799999997
1.2330000000000008,0.8801562799999996
1.2340000000000009,0.8796565499999994
1.2350000000000008,0.8790303499999995
1.2360000000000009,0.8784251177852209
1.2370000000000008,0.8778029699999995
1.2380000000000009,0.8770921199999994
1.2390000000000008,0.8763965999999996
1.2400000000000009,0.8757635999999996
1.2410000000000008,0.8750602103389655
1.2420000000000009,0.8745282899999997
1.2430000000000008,0.8741843099999996
1.2440000000000009,0.8737539599999998
1.2450000000000008,0.8734040899999997
1.2460000000000009,0.8730253378752123
1.2470000000000008,0.8726308299999996
1.2480000000000009,0.8721886299999997
1.2490000000000008,0.8717563199999996
1.2500000000000009,0.8710811099999994
1.2510000000000008,0.8704314199999994
1.252000000000001,0.8698158299999995
1.2530000000000008,0.8692138799999996
1.2540000000000011,0.8687433605919402
1.2550000000000008,0.8681492799999995
1.256000000000001,0.8674619799999995
1.2570000000000008,0.8667553099999995
1.2580000000000011,0.8661553899999994
1.2590000000000008,0.8655588668863109
1.260000000000001,0.8650277299999996
1.2610000000000008,0.8644251199999995
1.2620000000000011,0.8637978999999993
1.2630000000000008,0.8631725899999995
1.264000000000001,0.8625250547535243
1.2650000000000008,0.8619150499999995
1.2660000000000011,0.8613429099999994
1.2670000000000008,0.8607494799999995
1.268000000000001,0.8601299499999996
1.2690000000000008,0.8595073222627732
1.2700000000000011,0.8590338799999996
1.2710000000000008,0.8585898299999996
1.272000000000001,0.8581359999999998
1.2730000000000008,0.8577978599999996
1.2740000000000011,0.8573355099999995
1.2750000000000008,0.8568808999999998
1.2760000000000007,0.8566800399999999
1.2770000000000008,0.8565003299999999
1.2780000000000011,0.8563587099999999
1.2790000000000008,0.8562442099999998
1.2800000000000007,0.8561183799999998
1.2810000000000008,0.8559371199999999
1.2820000000000011,0.8557789246845315
1.2830000000000008,0.8557257699999999
1.2840000000000007,0.8555617299999999
1.2850000000000008,0.8553257599999998
1.2860000000000011,0.8550749999999998
1.2870000000000008,0.8547789753964601
1.2880000000000007,0.8544329399999997
1.2890000000000008,0.8540018799999998
1.2900000000000011,0.8536314399999997
1.2910000000000008,0.8532586699999997
1.2920000000000007,0.8528998258844114
1.2930000000000008,0.8524757599999998
1.2940000000000011,0.8520762299999997
1.2950000000000008,0.8516775399999996
1.2960000000000007,0.8512522599999998
1.2970000000000008,0.8509054546805317
1.2980000000000012,0.8505887999999997
1.2990000000000008,0.8502103699999998
1.3000000000000007,0.8498668699999999
1.3010000000000008,0.8496627199999999
1.302000000000001,0.8495756399999999
1.3030000000000008,0.84946781
1.3040000000000007,0.84948558
1.3050000000000008,0.8494282263693629
1.306000000000001,0.84929192
1.3070000000000008,0.84926623
1.3080000000000007,0.84926862
1.3090000000000008,0.8493306600000001
1.310000000000001,0.849486604482552
1.3110000000000008,0.8496314300000002
1.3120000000000007,0.8498725900000001
1.3130000000000008,0.84999293
1.314000000000001,0.8500497900000001
1.3150000000000008,0.8501303119478053
1.3160000000000007,0.85020101
1.3170000000000008,0.85021436
1.318000000000001,0.8501958299999999
1.3190000000000008,0.8501265599999998
1.3200000000000007,0.8499136212938705
1.3210000000000008,0.8497012899999998
1.322000000000001,0.8495098399999996
1.3230000000000008,0.8492261199999998
1.3240000000000007,0.8489133699999998
1.3250000000000008,0.8485492499999997
1.326000000000001,0.8481547799999996
1.3270000000000008,0.8477058999999997
1.3280000000000007,0.8472665633286668
1.3290000000000008,0.8467998499999996
1.330000000000001,0.8463604999999995
1.3310000000000008,0.8459204399999997
1.3320000000000007,0.8454881299999996
1.3330000000000009,0.8450002938586137
1.334000000000001,0.8446388799999998
1.3350000000000009,0.8443417499999998
1.3360000000000007,0.8440620299999998
1.3370000000000009,0.8438508499999999
1.338000000000001,0.8436638287021296
1.3390000000000009,0.8434947699999998
1.3400000000000007,0.8433629299999998
1.3410000000000009,0.8431989599999999
1.342000000000001,0.8430383199999998
1.3430000000000009,0.8428533884931506
1.3440000000000007,0.84274161
1.3450000000000009,0.84271234
1.346000000000001,0.8427391100000001
1.3470000000000009,0.8428564100000001
1.3480000000000008,0.8429818700000002
1.3490000000000009,0.8432436000000003
1.350000000000001,0.8435905600000004
1.3510000000000009,0.8440740100000006
1.3520000000000008,0.8446687500000005
1.3530000000000009,0.8453370900000006
1.354000000000001,0.8461485500000007
1.3550000000000009,0.8469537500000007
1.3560000000000008,0.8478529130686937
1.3570000000000009,0.8486836000000008
1.358000000000001,0.8495935200000007
1.3590000000000009,0.8503497200000006
1.3600000000000008,0.8510488900000004
1.3610000000000009,0.8516768751524852
1.362000000000001,0.8522284000000006
1.3630000000000009,0.8526810400000003
1.3640000000000008,0.8531252100000001
1.3650000000000009,0.85337186
1.366000000000001,0.8534012970562944
1.3670000000000009,0.8533413399999997
1.3680000000000008,0.8530669799999998
1.3690000000000009,0.8527769399999997
1.370000000000001,0.8524036399999997
1.3710000000000009,0.8519902613378659
1.3720000000000008,0.8516374199999996
1.3730000000000009,0.8512750299999999
1.374000000000001,0.8510655199999999
1.3750000000000009,0.8509325399999998
1.3760000000000008,0.85084683
1.377000000000001,0.85084647
1.378000000000001,0.85082215
1.379000000000001,0.8508262055254474
1.3800000000000008,0.8508814600000001
1.381000000000001,0.8510015
1.3820000000000008,0.8510550900000001
1.383000000000001,0.85116488
1.3840000000000008,0.8511678472752724
1.385000000000001,0.8510405999999999
1.3860000000000008,0.85099161
1.387000000000001,0.8509524499999999
1.3880000000000008,0.85089272
1.389000000000001,0.8508567835936406
1.3900000000000008,0.8507990199999999
1.391000000000001,0.8506995399999999
1.3920000000000008,0.8506124599999999
1.393000000000001,0.8505461799999999
1.3940000000000008,0.850442000417958
1.395000000000001,0.8503279699999999
1.3960000000000008,0.8502224699999998
1.397000000000001,0.8501198299999999
1.3980000000000008,0.8499992499999999
1.399000000000001,0.8498466599999999
1.4000000000000008,0.8497146999999997
1.4010000000000007,0.8495172899999999
1.4020000000000008,0.8493078399999998
1.403000000000001,0.8490960599999998
1.4040000000000008,0.8488812999999998
1.4050000000000007,0.8486092099999998
1.4060000000000008,0.8483391399999995
1.407000000000001,0.8479762863313663
1.4080000000000008,0.8475395999999997
1.4090000000000007,0.8470822599999996
1.4100000000000008,0.8465732899999995
1.411000000000001,0.8460432299999996
1.4120000000000008,0.8455027289891006
1.4130000000000007,0.8448926199999995
1.4140000000000008,0.8442091899999994
1.415000000000001,0.8435199299999994
1.4160000000000008,0.8427895299999993
1.4170000000000007,0.8420376951834813
1.4180000000000008,0.8413000699999992
1.419000000000001,0.8404685299999992
1.4200000000000008,0.8395712399999993
1.4210000000000007,0.8386364599999994
1.4220000000000008,0.8375751261333855
1.423000000000001,0.8365868899999991
1.4240000000000008,0.8355867299999994
1.4250000000000007,0.8346067099999993
1.4260000000000008,0.8336776499999992
1.427000000000001,0.8328378799999993
1.4280000000000008,0.8321042099999995
1.4290000000000007,0.8313519999999996
1.4300000000000008,0.8307081555264468
1.431000000000001,0.8301634199999995
1.4320000000000008,0.8296427099999997
1.4330000000000007,0.8292573699999998
1.4340000000000008,0.8289626799999997
1.435000000000001,0.8287215042725726
1.4360000000000008,0.82856423
1.4370000000000007,0.8285360899999998
1.4380000000000008,0.82846433
1.439000000000001,0.8284779199999999
1.4400000000000008,0.8283708207099291
1.4410000000000007,0.8282529699999998
1.4420000000000008,0.8280397099999997
1.443000000000001,0.8277295799999997
1.4440000000000008,0.8274254799999997
1.4450000000000007,0.8270538271652832
1.4460000000000008,0.8267017599999995
1.447000000000001,0.8263079499999997
1.4480000000000008,0.8259786999999998
1.4490000000000007,0.8256261299999997
1.4500000000000008,0.8253756799999997
1.451000000000001,0.8252067599999998
1.4520000000000008,0.82505351
1.4530000000000007,0.8250015893970603
1.4540000000000008,0.8248955599999999
1.455000000000001,0.8247885699999999
1.4560000000000008,0.82467526
1.4570000000000007,0.8246160099999998
1.4580000000000009,0.824432467627237
1.459000000000001,0.8242087399999998
1.4600000000000009,0.8239278799999996
1.4610000000000007,0.8235266799999995
1.4620000000000009,0.8230107399999994
1.463000000000001,0.8224756035136481
1.4640000000000009,0.8217692999999993
1.4650000000000007,0.8208066799999993
1.4660000000000009,0.8197931599999986
1.467000000000001,0.8185391399999985
1.4680000000000009,0.8171591380001988
1.4690000000000007,0.815792979999999
1.4700000000000009,0.8143334399999983
1.471000000000001,0.8128665699999984
1.4720000000000009,0.8114778399999988
1.4730000000000008,0.8101587299999993
1.4740000000000009,0.8089851099999988
1.475000000000001,0.8080078399999993
1.4760000000000009,0.8071279499999996
1.4770000000000008,0.8065885299999997
1.4780000000000009,0.8062820999999999
1.479000000000001,0.8062029500000003
1.4800000000000009,0.8065158100000003
1.4810000000000008,0.8067514834536551
1.4820000000000009,0.8072860200000003
1.483000000000001,0.8074968500000003
1.4840000000000009,0.8077916499999999
1.4850000000000008,0.8076471099999998
1.4860000000000009,0.8072647945615431
1.487000000000001,0.8066104099999988
1.4880000000000009,0.8055460499999993
1.4890000000000008,0.8044822799999991
1.4900000000000009,0.8031426099999985
1.491000000000001,0.8018776264983487
1.4920000000000009,0.8005220299999989
1.4930000000000008,0.7992221099999991
1.4940000000000009,0.7979169499999985
1.495000000000001,0.7966532699999989
1.4960000000000009,0.7954574195850406
1.4970000000000008,0.7942091199999989
1.4980000000000009,0.7929612399999989
1.499000000000001,0.7916945199999988
1.5000000000000009,0.7903926399999989
1.5010000000000008,0.7890806199999989
1.5020000000000011,0.7877766499999982
1.503000000000001,0.7864370899999987
1.504000000000001,0.7850572869982988
1.5050000000000008,0.7836272699999987
1.5060000000000011,0.7821693999999983
1.5070000000000008,0.7806486499999983
1.508000000000001,0.7790117899999984
1.5090000000000008,0.7773191256674319
1.5100000000000011,0.7754757999999978
1.5110000000000008,0.7734680199999977
1.512000000000001,0.7713701699999975
1.5130000000000008,0.7692053899999984
1.5140000000000011,0.7669318773512624
1.5150000000000008,0.7647419599999977
1.516000000000001,0.7626194399999983
1.5170000000000008,0.7605845899999985
1.5180000000000011,0.7588277499999982
1.5190000000000008,0.7572471280621921
1.520000000000001,0.7559831099999991
1.5210000000000008,0.7549968399999993
1.5220000000000011,0.7542897499999993
1.5230000000000008,0.7538009899999996
1.524000000000001,0.7533380399999998
1.5250000000000008,0.7531380099999996
1.5260000000000011,0.7526869199999996
1.5270000000000008,0.7522870299999992
1.528000000000001,0.7516151699999993
1.5290000000000008,0.7508165199999993
1.5300000000000011,0.7498218399999985
1.5310000000000008,0.7485682399999987
1.532000000000001,0.7473434530536932
1.5330000000000008,0.7458739899999992
1.5340000000000011,0.7446354599999986
1.5350000000000008,0.7433517599999989
1.536000000000001,0.7423551699999992
1.5370000000000008,0.7415412579512044
1.5380000000000011,0.7408207699999996
1.5390000000000008,0.7404529999999995
1.540000000000001,0.7398063499999995
1.5410000000000008,0.7393642099999991
1.5420000000000011,0.7383809483261663
1.5430000000000008,0.7372751799999985
1.544000000000001,0.7355652999999981
1.5450000000000008,0.7333779299999977
1.5460000000000012,0.7308230999999964
1.5470000000000008,0.7276228900209945
1.548000000000001,0.7244386099999967
1.5490000000000008,0.7207124799999978
1.5500000000000012,0.7173390399999962
1.5510000000000008,0.7138082399999965
1.552000000000001,0.7107326399999968
1.5530000000000008,0.7077964499999984
1.5540000000000012,0.7053775199999976
1.5550000000000008,0.7033065066703315
1.556000000000001,0.7016732099999989
1.5570000000000008,0.7005755899999992
1.5580000000000012,0.6997200799999995
1.5590000000000008,0.6993395699999998
1.560000000000001,0.6990804091890811
1.5610000000000008,0.6990723000000003
1.5620000000000012,0.6992930200000006
1.5630000000000008,0.6996734100000005
1.564000000000001,0.7001692100000004
1.5650000000000008,0.7007284240785926
1.5660000000000012,0.7013191000000008
1.5670000000000008,0.7018809900000006
1.568000000000001,0.7023801800000005
1.5690000000000008,0.7028467700000003
1.5700000000000012,0.7032492397530252
1.5710000000000008,0.7035587400000002
1.572000000000001,0.7037977000000002
1.5730000000000008,0.70394933
1.5740000000000012,0.70402312
1.5750000000000008,0.7039917699999998
1.576000000000001,0.7037776099999996
1.5770000000000008,0.7033932199999994
1.5780000000000012,0.7027009226807306
1.5790000000000008,0.7016277299999986
1.580000000000001,0.7003437299999986
1.5810000000000008,0.6987168199999984
1.5820000000000012,0.6968166199999972
1.5830000000000009,0.694708517082289
1.584000000000001,0.6922793399999976
1.5850000000000009,0.6895072499999975
1.5860000000000012,0.6865772599999959
1.5870000000000009,0.6835018999999966
1.588000000000001,0.6803899511948772
1.5890000000000009,0.6772953299999972
1.5900000000000012,0.6741731799999966
1.5910000000000009,0.6711024599999965
1.592000000000001,0.6680179199999967
1.5930000000000009,0.6650302387681207
1.5940000000000012,0.6621155099999968
1.5950000000000009,0.6592354199999969
1.596000000000001,0.656432689999997
1.5970000000000009,0.6537312899999975
1.5980000000000012,0.651014209999997
1.5990000000000009,0.6482956399999971
1.600000000000001,0.6456465699999976
1.6010000000000009,0.6429374199999975
1.6020000000000012,0.6402312499999965
1.6030000000000009,0.6375314599999977
1.604000000000001,0.6348644499999977
1.6050000000000009,0.6322954899999979
1.6060000000000012,0.6298892144735501
1.6070000000000009,0.6277339499999979
1.608000000000001,0.6258306499999987
1.6090000000000009,0.6242978599999989
1.6100000000000012,0.623023689999999
1.6110000000000009,0.6220988512528739
1.612000000000001,0.6214113799999993
1.6130000000000009,0.6208274399999997
1.6140000000000012,0.6202695999999993
1.6150000000000009,0.6196240199999992
1.616000000000001,0.6188392784741518
1.6170000000000009,0.6176628499999987
1.6180000000000012,0.6161571099999977
1.6190000000000009,0.6141993999999975
1.620000000000001,0.6119095699999978
1.6210000000000009,0.6093663143255654
1.6220000000000012,0.6068852499999972
1.6230000000000009,0.6046924599999983
1.624000000000001,0.6028010199999989
1.6250000000000009,0.6015070099999993
1.6260000000000012,0.6007105099999998
1.6270000000000011,0.6005056500000003
1.628000000000001,0.6007341700000004
1.629000000000001,0.60127336880612
1.6300000000000012,0.6019614300000008
1.6310000000000011,0.6025696400000006
1.6320000000000008,0.6030648900000004
1.633000000000001,0.6034325400000004
1.6340000000000012,0.6038078422847718
1.6350000000000011,0.6041306900000005
1.6360000000000008,0.6046156900000008
1.637000000000001,0.6053528200000011
1.6380000000000012,0.6063919700000018
1.6390000000000011,0.6080087583211695
1.6400000000000008,0.6099374900000025
1.641000000000001,0.6122152800000022
1.6420000000000012,0.6146701600000032
1.6430000000000011,0.6170569700000026
1.6440000000000008,0.6193648692100814
1.645000000000001,0.6214391600000017
1.6460000000000012,0.6232824900000019
1.6470000000000011,0.6247239100000015
1.6480000000000008,0.6257691400000005
1.649000000000001,0.6264399900000003
1.6500000000000012,0.62678546
1.6510000000000011,0.6267859899999999
1.6520000000000008,0.6266379399999995
1.653000000000001,0.6262844799999997
1.6540000000000012,0.6258664699999996
1.6550000000000011,0.6255812599999999
1.6560000000000008,0.6255043700000004
1.657000000000001,0.6258303545095497
1.6580000000000013,0.6264754500000014
1.6590000000000011,0.6276361900000018
1.6600000000000008,0.6292195900000024
1.661000000000001,0.6312741000000021
1.6620000000000013,0.6336916955534478
1.6630000000000011,0.6363472300000029
1.6640000000000008,0.6389948700000022
1.665000000000001,0.6414811000000021
1.6660000000000013,0.6438596200000027
1.6670000000000011,0.6459144045215499
1.6680000000000008,0.6477357700000014
1.669000000000001,0.649282870000001
1.6700000000000013,0.6504002800000009
1.6710000000000012,0.6511581500000005
1.6720000000000008,0.6516258232326773
1.673000000000001,0.6517204000000001
1.6740000000000013,0.6516363599999997
1.6750000000000012,0.6513282699999996
1.6760000000000008,0.6508912399999994
1.677000000000001,0.6504151799999992
1.6780000000000013,0.6497066599999991
1.6790000000000012,0.6489152299999991
1.6800000000000008,0.6479795045745415
1.681000000000001,0.6468252499999989
1.6820000000000013,0.6455303999999982
1.6830000000000012,0.6440752699999982
1.6840000000000008,0.6424713099999985
1.685000000000001,0.640672021041894
1.6860000000000013,0.6387824399999973
1.6870000000000012,0.6367731699999971
1.6880000000000008,0.6346226899999982
1.689000000000001,0.6324847899999981
1.6900000000000013,0.6303650519738001
1.6910000000000012,0.6282253899999973
1.6920000000000008,0.626236319999998
1.693000000000001,0.6244180199999984
1.6940000000000013,0.6225747499999977
1.6950000000000012,0.6209229051844795
1.6960000000000008,0.6194304799999983
1.697000000000001,0.6179556799999986
1.6980000000000013,0.6166389599999986
1.6990000000000012,0.6154398299999987
1.7000000000000008,0.6142709299999987
1.701000000000001,0.6131048799999987
1.7020000000000013,0.6120451099999987
1.7030000000000012,0.6110949700709917
1.7040000000000008,0.610095679999999
1.705000000000001,0.6091610799999992
1.7060000000000013,0.6082764899999988
1.7070000000000012,0.6074191299999991
1.7080000000000009,0.6067180001219871
1.709000000000001,0.6061192199999995
1.7100000000000013,0.6055697199999992
1.7110000000000012,0.6050194499999993
1.7120000000000009,0.6045299799999995
1.713000000000001,0.6040639766003395
1.7140000000000013,0.6036583799999998
1.7150000000000012,0.6034588199999997
1.7160000000000009,0.60330719
1.717000000000001,0.6032767300000001
1.7180000000000013,0.6033828793850616
1.7190000000000012,0.6035335100000003
1.7200000000000009,0.6037991600000003
1.721000000000001,0.6041304500000004
1.7220000000000013,0.6045377900000006
1.7230000000000012,0.6050277400000007
1.7240000000000009,0.6055898100000007
1.725000000000001,0.6061430000000004
1.7260000000000013,0.6066324700000006
1.7270000000000012,0.6071355300000005
1.7280000000000009,0.6075869800000003
1.729000000000001,0.6079828700000003
1.730000000000001,0.6083264400000002
1.7310000000000012,0.6084832002979701
1.7320000000000009,0.60848618
1.733000000000001,0.6085019699999998
1.734000000000001,0.6083704799999997
1.7350000000000012,0.6081198499999996
1.7360000000000009,0.6077686549675025
1.737000000000001,0.6072183299999994
1.738000000000001,0.6065826399999992
1.7390000000000012,0.6059232399999992
1.7400000000000009,0.6052127499999992
1.741000000000001,0.6045202692480744
1.742000000000001,0.6038858899999993
1.7430000000000012,0.6032910899999994
1.7440000000000009,0.6027166799999993
1.745000000000001,0.6020938799999994
1.746000000000001,0.6015070086871305
1.7470000000000012,0.6008923599999989
1.7480000000000009,0.6000997999999993
1.749000000000001,0.5992764199999993
1.750000000000001,0.5984286099999986
1.7510000000000012,0.5973783099999985
1.7520000000000011,0.5963109099999987
1.753000000000001,0.595339779999999
1.7540000000000011,0.5941871949854997
1.7550000000000012,0.5929370499999984
1.7560000000000011,0.5917723199999987
1.7570000000000008,0.5905854699999986
1.7580000000000011,0.5893946299999986
1.7590000000000012,0.5883029219238063
1.7600000000000011,0.5872221599999988
1.7610000000000008,0.5861027199999989
1.7620000000000011,0.5850729299999985
1.7630000000000012,0.5840871299999989
1.7640000000000011,0.5831171070022988
1.7650000000000008,0.5821631599999989
1.7660000000000011,0.5811353299999986
1.7670000000000012,0.5801576399999988
1.7680000000000011,0.579230369999999
1.7690000000000008,0.5782939536416349
1.7700000000000014,0.577507559999999
1.7710000000000012,0.5767645799999991
1.7720000000000011,0.5760594599999992
1.7730000000000008,0.5754917899999994
1.7740000000000014,0.5749249499999992
1.7750000000000012,0.5743362299999996
1.7760000000000011,0.5739673399999998
1.7770000000000008,0.5737675999999997
1.7780000000000014,0.5735753799999999
1.7790000000000012,0.5735262599999998
1.7800000000000011,0.5734451999999998
1.7810000000000008,0.5733457799999999
1.7820000000000014,0.5732649629677034
1.7830000000000013,0.57329464
1.7840000000000011,0.57324529
1.7850000000000008,0.5732211500000001
1.7860000000000014,0.5733255100000001
1.7870000000000013,0.5733846541785823
1.7880000000000011,0.5735264400000002
1.7890000000000008,0.57370687
1.7900000000000014,0.5737537100000001
1.7910000000000013,0.5738695300000002
1.7920000000000011,0.5740499919538048
1.7930000000000008,0.5741978300000001
1.7940000000000014,0.5743551300000002
1.7950000000000013,0.5744299299999999
1.7960000000000012,0.5743639499999997
1.7970000000000008,0.5741560707879211
1.7980000000000014,0.5738860399999997
1.7990000000000013,0.5736243099999998
1.8000000000000012,0.5734024599999998
1.8010000000000008,0.5732812899999999
1.8020000000000012,0.5731547499999998
1.8030000000000013,0.5729950699999999
1.8040000000000007,0.5728498699999998
1.8050000000000008,0.5726508968943105
1.8060000000000012,0.5725198399999997
1.8070000000000013,0.5723086599999996
1.8080000000000007,0.5719365499999997
1.8090000000000008,0.5716490699999998
1.8100000000000012,0.5714006091760819
1.8110000000000013,0.5710923699999996
1.8120000000000007,0.5707980399999997
1.8130000000000008,0.5705072899999997
1.8140000000000012,0.5701608699999996
1.8150000000000013,0.5698196641205875
1.8160000000000007,0.5694685599999996
1.8170000000000008,0.5691701199999997
1.8180000000000012,0.5688386599999998
1.8190000000000013,0.5686940599999998
1.8200000000000007,0.5685470846975301
1.8210000000000008,0.56850207
1.8220000000000012,0.56852353
1.8230000000000013,0.5685315700000002
1.8240000000000007,0.56870437
1.8250000000000008,0.56874096
1.8260000000000012,0.5687428700000002
1.8270000000000013,0.5688669700000001
1.8280000000000007,0.5689117355194481
1.8290000000000008,0.5689669300000001
1.8300000000000012,0.5691105700000005
1.8310000000000013,0.5695024700000003
1.8320000000000007,0.5697658700000005
1.8330000000000009,0.5701330767973208
1.8340000000000012,0.5706010500000004
1.8350000000000013,0.5708488800000001
1.8360000000000007,0.5709704200000002
1.8370000000000009,0.5711762900000001
1.8380000000000012,0.5712658110478954
1.8390000000000013,0.5713770400000001
1.8400000000000007,0.5714896300000002
1.8410000000000009,0.5716907400000005
1.8420000000000012,0.5721727000000005
1.8430000000000013,0.5725121160583946
1.8440000000000007,0.5726367200000003
1.8450000000000009,0.5729607900000002
1.8460000000000012,0.57318401
1.8470000000000013,0.57316476
1.8480000000000008,0.57315648
1.8490000000000009,0.57311028
1.8500000000000012,0.5731506900000001
1.8510000000000013,0.57320446
1.8520000000000008,0.5732442700000004
1.8530000000000009,0.5735675100000002
1.8540000000000012,0.5738333500000001
1.855000000000001,0.57388765
1.8560000000000008,0.5738767048705132
1.8570000000000009,0.5741254100000002
1.8580000000000012,0.5742858600000001
1.859000000000001,0.5743636500000002
1.8600000000000008,0.5745046100000002
1.8610000000000009,0.5746712287021299
1.8620000000000012,0.5748582500000002
1.863000000000001,0.5749802599999999
1.8640000000000008,0.5748587300000001
1.8650000000000009,0.5749225000000003
1.8660000000000012,0.5752629859514053
1.867000000000001,0.5754374300000004
1.8680000000000008,0.5757110100000007
1.8690000000000009,0.5763354900000004
1.8700000000000012,0.5767229799999998
1.871000000000001,0.5765646858294169
1.8720000000000008,0.5765488700000002
1.8730000000000009,0.57669139
1.8740000000000012,0.5767213700000001
1.875000000000001,0.5767726300000001
1.8760000000000008,0.57681531
1.877000000000001,0.5768064299999998
1.8780000000000012,0.5766709999999999
1.8790000000000011,0.5765682535876413
1.8800000000000008,0.57660413
1.881000000000001,0.5765824299999999
1.8820000000000012,0.5765134699999999
1.8830000000000011,0.5764277599999996
1.8840000000000008,0.5762115503509647
1.885000000000001,0.5760150599999999
1.8860000000000012,0.5759533599999997
1.8870000000000011,0.5758137099999997
1.8880000000000008,0.5756154099999998
1.889000000000001,0.5753774837926205
1.8900000000000012,0.5751989499999995
1.8910000000000011,0.5749000299999998
1.8920000000000008,0.5747100700000002
1.893000000000001,0.57486355
1.8940000000000012,0.5748863177232276
1.8950000000000011,0.5748078199999999
1.8960000000000008,0.57474369
1.897000000000001,0.5747038099999998
1.8980000000000012,0.5745216599999999
1.8990000000000011,0.5744016799999996
1.9000000000000008,0.5740498899999994
1.9010000000000007,0.5736372499999993
1.9020000000000012,0.5730602099999991
1.9030000000000011,0.5725034499999995
1.9040000000000008,0.5720525399999995
1.9050000000000007,0.5715638999999996
1.9060000000000012,0.5711381399999991
1.9070000000000011,0.5705872186671325
1.9080000000000013,0.5699738899999992
1.9090000000000007,0.569282889999999
1.9100000000000013,0.5683773199999984
1.9110000000000011,0.5674105899999987
1.9120000000000013,0.5664424557504238
1.9130000000000007,0.5654999599999988
1.9140000000000013,0.5644246299999982
1.9150000000000011,0.5630747699999983
1.9160000000000013,0.5618641999999985
1.9170000000000007,0.5606687095490439
1.9180000000000013,0.5594754799999988
1.9190000000000011,0.5585193599999988
1.9200000000000013,0.5575637199999984
1.9210000000000007,0.5564009499999988
1.9220000000000013,0.5553112489701014
1.9230000000000012,0.5543692099999987
1.9240000000000013,0.5534903399999991
1.9250000000000007,0.5525547899999991
1.9260000000000013,0.5516241199999986
1.9270000000000012,0.5507264699999982
1.9280000000000013,0.549592549999999
1.9290000000000007,0.5486713099999992
1.9300000000000013,0.5479280263733618
1.9310000000000012,0.5472917599999997
1.9320000000000013,0.5470126299999997
1.9330000000000007,0.5467209799999998
1.9340000000000013,0.5464754699999996
1.9350000000000012,0.5462263568163179
1.9360000000000013,0.5459945199999998
1.9370000000000007,0.5458050999999996
1.9380000000000013,0.5455753799999997
1.9390000000000012,0.5453491199999998
1.9400000000000013,0.5451564392680729
1.9410000000000007,0.5448470699999997
1.9420000000000013,0.54461688
1.9430000000000012,0.5445820099999998
1.9440000000000013,0.5445124500000001
1.9450000000000007,0.5445780734376563
1.9460000000000013,0.5445675299999998
1.9470000000000012,0.5444248299999996
1.9480000000000013,0.5442438699999997
1.9490000000000007,0.5439941899999996
1.9500000000000013,0.5435836899999993
1.9510000000000012,0.5431774899999994
1.9520000000000013,0.5427420699999993
1.9530000000000007,0.5422828390320963
1.9540000000000013,0.5418731599999992
1.9550000000000012,0.5413829099999993
1.9560000000000013,0.5408360399999992
1.9570000000000007,0.5402473199999991
1.9580000000000013,0.5396059618078181
1.9590000000000012,0.5389240399999989
1.9600000000000013,0.5381556199999991
1.9610000000000007,0.5375264899999986
1.9620000000000013,0.5365290599999979
1.9630000000000012,0.5351417287331246
1.9640000000000013,0.5336692899999976
1.9650000000000007,0.5319243699999979
1.9660000000000013,0.5300151699999972
1.9670000000000012,0.5282031299999967
1.9680000000000013,0.5261167586371337
1.9690000000000007,0.5236425999999971
1.9700000000000013,0.5209845899999956
1.9710000000000012,0.5181979499999952
1.9720000000000013,0.5151371999999956
1.9730000000000008,0.5118400499999961
1.9740000000000013,0.5081962299999944
1.9750000000000012,0.5045835399999951
1.9760000000000013,0.5007159699999949
1.9770000000000008,0.4969162899999952
1.978000000000001,0.4933043999999952
1.9790000000000012,0.4897114299999951
1.980000000000001,0.4859922199999953
1.9810000000000008,0.4824469693040658
1.982000000000001,0.4791400099999949
1.9830000000000012,0.47584416999999607
1.984000000000001,0.4728278799999959
1.9850000000000008,0.4697813099999965
1.986000000000001,0.4665815151824768
1.9870000000000012,0.4635333399999948
1.988000000000001,0.4601618899999959
1.9890000000000008,0.4564093099999959
1.990000000000001,0.4526537099999938
1.9910000000000012,0.4486782675442396
1.992000000000001,0.4446055599999942
1.9930000000000008,0.44024720999999545
1.994000000000001,0.4361461699999935
1.9950000000000012,0.4319551299999948
1.996000000000001,0.4279922962833666
1.9970000000000008,0.4246983799999957
1.9980000000000016,0.4214774699999958
1.9990000000000012,0.4183036399999959
2.0000000000000013,0.4152218699999963
2.001000000000001,0.4124276849999972
2.0020000000000016,0.4099776849999964
2.003000000000001,0.407560799999997
2.0040000000000013,0.4053401342621452
2.005000000000001,0.4032827557378503
2.0060000000000016,0.4009274199999965
2.007000000000001,0.3989630599999972
2.0080000000000013,0.3973634747780429
2.009000000000001,0.3961112552219543
2.0100000000000016,0.3951854099999991
2.011000000000001,0.394694782910418
2.0120000000000013,0.39472388708958217
2.013000000000001,0.3951495000000008
2.0140000000000016,0.3957869545640889
2.015000000000001,0.3968325954359144
2.0160000000000013,0.398094740000002
2.017000000000001,0.3995723400000022
2.0180000000000016,0.4011905957438545
2.019000000000001,0.4031480342561517
2.0200000000000014,0.40514246000000304
2.021000000000001,0.4074399804249175
2.0220000000000016,0.4095442295750881
2.023000000000001,0.4115142500000025
2.0240000000000014,0.41340780782243736
2.025000000000001,0.4149860321775661
2.0260000000000016,0.4164201000000024
2.027000000000001,0.4177499700000022
2.0280000000000014,0.4189744575512467
2.029000000000001,0.4202319700000016
2.0300000000000016,0.421458180000002
2.031000000000001,0.4225791002049608
2.0320000000000014,0.4236811497950426
2.0330000000000013,0.4248096000000011
2.0340000000000016,0.42569861998800396
2.035000000000001,0.4266985000119991
2.0360000000000014,0.4278961100000017
2.0370000000000013,0.42914591546090936
2.0380000000000016,0.4305005245390942
2.039000000000001,0.431843520000002
2.0400000000000014,0.43336558000000186
2.0410000000000013,0.4347953214177179
2.0420000000000016,0.4360094985822853
2.043000000000001,0.4372653700000017
2.0440000000000014,0.4385616603349345
2.0450000000000013,0.4398650096650684
2.0460000000000016,0.4410275800000017
2.047000000000001,0.4420091069186181
2.0480000000000014,0.44307829308138535
2.0490000000000013,0.4440745700000013
2.0500000000000016,0.445018770000002
2.051000000000001,0.44615561631537015
2.0520000000000014,0.4472819000000015
2.0530000000000013,0.4483492400000012
2.0540000000000016,0.4492717862267563
2.055000000000001,0.4503340537732469
2.0560000000000014,0.4511657400000007
2.0570000000000013,0.4517171736342736
2.0580000000000016,0.4520535163657274
2.059000000000001,0.4521299299999997
2.0600000000000014,0.4519147522685459
2.0610000000000013,0.4515374377314531
2.0620000000000016,0.4509467199999986
2.063000000000001,0.4501272999999988
2.0640000000000014,0.4492251009338119
2.0650000000000013,0.44803443906618495
2.0660000000000016,0.4464683499999969
2.067000000000001,0.4447339179334099
2.0680000000000014,0.4426132520665835
2.0690000000000013,0.4404504899999969
2.0700000000000016,0.43812269554388733
2.071000000000001,0.4357781344561053
2.0720000000000014,0.43347897999999696
2.0730000000000013,0.4311700499999969
2.0740000000000016,0.4288000376162348
2.075000000000001,0.4265761999999974
2.0760000000000014,0.42466949999999776
2.0770000000000013,0.4229913876064769
2.0780000000000016,0.42146745239351896
2.079000000000001,0.4202922299999986
2.0800000000000014,0.4192331749979985
2.0810000000000013,0.4180831550019979
2.0820000000000016,0.4172296199999991
2.083000000000001,0.4166855728854223
2.0840000000000014,0.4163144271145765
2.0850000000000013,0.41624954000000014
2.0860000000000016,0.4163731600000004
2.087000000000001,0.4165665310567893
2.0880000000000014,0.41697709894321205
2.0890000000000013,0.4175701100000011
2.0900000000000016,0.41839015647070776
2.091000000000001,0.4195548635292959
2.0920000000000014,0.4210514700000022
2.0930000000000013,0.4227316367386547
2.0940000000000016,0.4247990232613508
2.095000000000001,0.426943150000003
2.0960000000000014,0.42920062000000303
2.0970000000000013,0.4314826015668464
2.0980000000000016,0.4340982700000032
2.099000000000001,0.4364676500000029
2.1000000000000014,0.438622789526098
2.1010000000000013,0.4406180504739082
2.1020000000000016,0.4425976900000027
2.103000000000001,0.4441432633063405
2.104000000000001,0.44527632669366296
2.1050000000000013,0.4462063900000005
2.1060000000000016,0.4465775928924217
2.107000000000001,0.4467065171075787
2.108000000000001,0.44663008999999976
2.1090000000000013,0.4464585499999995
2.1100000000000017,0.4460743870725843
2.111000000000001,0.4453451129274135
2.112000000000001,0.44464039999999894
2.1130000000000013,0.4438330908488293
2.1140000000000017,0.4430415791511685
2.115000000000001,0.4422009599999989
2.116000000000001,0.44139350737152455
2.1170000000000013,0.4406672226284733
2.1180000000000017,0.4399525499999992
2.119000000000001,0.4393395199999992
2.120000000000001,0.4387138972875413
2.1210000000000013,0.4379867727124565
2.1220000000000017,0.43732377999999894
2.1230000000000016,0.4367695728424306
2.124000000000001,0.4361979971575676
2.1250000000000013,0.4356655799999993
2.1260000000000017,0.43517107897320456
2.1270000000000016,0.4346608110267939
2.128000000000001,0.4341512299999994
2.1290000000000013,0.4337057809848024
2.1300000000000017,0.4331156290151961
2.1310000000000016,0.4324458199999988
2.132000000000001,0.4317825699999985
2.1330000000000013,0.4309674664687054
2.1340000000000017,0.4302321535312927
2.1350000000000016,0.4292415999999973
2.136000000000001,0.42770415511897386
2.1370000000000013,0.4262553448810216
2.1380000000000017,0.4246238799999972
2.1390000000000016,0.4230574357918391
2.140000000000001,0.4215153542081561
2.1410000000000013,0.4202611999999984
2.1420000000000017,0.4190123999999985
2.1430000000000016,0.4181462669086176
2.144000000000001,0.4177153530913811
2.1450000000000014,0.4176479900000005
2.1460000000000017,0.4180340645680876
2.1470000000000016,0.4187797454319148
2.148000000000001,0.419936420000002
2.1490000000000014,0.4214890538942232
2.1500000000000017,0.42322799610578143
2.1510000000000016,0.42517543000000335
2.152000000000001,0.42703569000000347
2.1530000000000014,0.42897470609839305
2.1540000000000017,0.4308211500000031
2.1550000000000016,0.4325762100000029
2.156000000000001,0.43419921578184617
2.1570000000000014,0.4357570342181587
2.1580000000000017,0.4371093800000022
2.1590000000000016,0.43835014689462265
2.160000000000001,0.4393190931053804
2.1610000000000014,0.4400763500000006
2.1620000000000017,0.440543714005199
2.1630000000000016,0.4405837659948011
2.164000000000001,0.4403985699999996
2.1650000000000014,0.4400522099999991
2.1660000000000017,0.4393776313067368
2.1670000000000016,0.4381906986932596
2.168000000000001,0.436896829999998
2.1690000000000014,0.4353992132093562
2.1700000000000017,0.43373130679063937
2.1710000000000016,0.4318499899999968
2.172000000000001,0.4300107551469676
2.1730000000000014,0.4281622248530266
2.1740000000000017,0.4260619299999967
2.1750000000000016,0.42421456999999707
2.176000000000001,0.4225441070462929
2.1770000000000014,0.4211889499999985
2.1780000000000017,0.42003130999999855
2.1790000000000016,0.41920709402019535
2.180000000000001,0.4188472959798035
2.1810000000000014,0.4186828700000003
2.1820000000000017,0.4189277904549095
2.1830000000000016,0.4192323395450915
2.184000000000001,0.41981092000000064
2.1850000000000014,0.4203211210577893
2.1860000000000017,0.421031698942213
2.1870000000000016,0.4214785400000001
2.188000000000001,0.4216104399999999
2.1890000000000014,0.4215451348900218
2.1900000000000017,0.4213940351099777
2.1910000000000016,0.4207568499999981
2.192000000000001,0.41965322107978176
2.1930000000000014,0.41826401892021386
2.1940000000000017,0.4163503299999959
2.1950000000000016,0.41403687359327707
2.196000000000001,0.4113728064067147
2.1970000000000014,0.40858584999999614
2.1980000000000017,0.4057262199999945
2.1990000000000016,0.4026404030556897
2.200000000000001,0.3996709599999963
2.2010000000000014,0.3968592899999966
2.2020000000000017,0.39430930698959815
2.2030000000000016,0.3918792030103943
2.204000000000001,0.3897230299999976
2.2050000000000014,0.3879518494541068
2.2060000000000017,0.3864463905458879
2.2070000000000016,0.3853192899999981
2.208000000000001,0.38423947803939096
2.2090000000000014,0.3835198719606068
2.2100000000000017,0.38274079999999855
2.2110000000000016,0.3819252299999983
2.212000000000001,0.3809555484863013
2.2130000000000014,0.3800404115136959
2.2140000000000017,0.37882905999999694
2.2150000000000016,0.3771041928254321
2.216000000000001,0.3753324471745624
2.2170000000000014,0.3732875299999972
2.2180000000000017,0.3712186644860992
2.2190000000000016,0.3689635255138938
2.220000000000001,0.3669021699999974
2.2210000000000014,0.36495360999999743
2.2220000000000018,0.3630359667403238
2.2230000000000016,0.3617033699999989
2.224000000000001,0.3608797499999997
2.2250000000000014,0.3606123865996805
2.2260000000000018,0.3608783834003204
2.2270000000000016,0.3615793600000017
2.228000000000001,0.362530617797442
2.229000000000001,0.3634085922025608
2.2300000000000018,0.3644962900000023
2.2310000000000016,0.36576992119876267
2.232000000000001,0.36728190880124206
2.233000000000001,0.368640750000002
2.2340000000000018,0.3701105100000025
2.2350000000000017,0.3715133826004816
2.236000000000001,0.3725393873995216
2.237000000000001,0.3736203600000016
2.2380000000000018,0.37481635834833227
2.2390000000000017,0.37599984165167133
2.240000000000001,0.3772152100000015
2.241000000000001,0.3783360231943628
2.2420000000000018,0.3793679668056409
2.2430000000000017,0.38040197000000137
2.244000000000001,0.3814254100000013
2.245000000000001,0.3823665823155381
2.2460000000000018,0.3830897376844645
2.2470000000000017,0.3839810800000019
2.2480000000000016,0.3850806433543307
2.249000000000001,0.3860141866456723
2.2500000000000018,0.3869936800000019
2.2510000000000017,0.3880573798370335
2.2520000000000016,0.38865575016296827
2.253000000000001,0.3894697400000016
2.2540000000000022,0.3906956426954631
2.2550000000000017,0.3920225973045411
2.2560000000000016,0.3935499500000029
2.257000000000001,0.3951721200000031
2.2580000000000022,0.3968977457238584
2.2590000000000017,0.3988549842761477
2.2600000000000016,0.4011593800000043
2.261000000000001,0.4035543932673501
2.2620000000000022,0.4057870667326578
2.2630000000000017,0.4078091100000028
2.2640000000000016,0.4093812132113597
2.265000000000001,0.4106133267886441
2.2660000000000022,0.4116977800000018
2.2670000000000017,0.4127012500000013
2.2680000000000016,0.41340173172665534
2.269000000000001,0.41381899827334595
2.2700000000000022,0.4139475499999992
2.2710000000000017,0.41351281087682384
2.2720000000000016,0.41302157912317466
2.273000000000001,0.41268839999999896
2.2740000000000022,0.4118966352799423
2.2750000000000017,0.4108494347200544
2.2760000000000016,0.4095169299999964
2.277000000000001,0.4074968999999961
2.2780000000000022,0.4053191077792178
2.2790000000000017,0.4029331499999957
2.2800000000000016,0.4005206799999947
2.281000000000001,0.3975124155278904
2.2820000000000022,0.3949676944721007
2.2830000000000017,0.3925791399999967
2.2840000000000016,0.3907356465986781
2.285000000000001,0.3894016334013177
2.2860000000000023,0.3887066500000008
2.2870000000000017,0.3891644519436123
2.2880000000000016,0.3897838880563896
2.289000000000001,0.391509710000002
2.2900000000000023,0.3929692800000025
2.2910000000000017,0.3943841569216172
2.2920000000000016,0.39535337307838575
2.293000000000001,0.39563271
2.2940000000000023,0.39560206790241786
2.2950000000000017,0.39458109209757897
2.2960000000000016,0.39353528999999776
2.297000000000001,0.39227551352329343
2.2980000000000023,0.3911107464767024
2.2990000000000017,0.3897297699999984
2.3000000000000016,0.38884648999999866
2.301000000000001,0.38809813483551536
2.3020000000000023,0.3879731300000018
2.3030000000000017,0.38901144000000265
2.3040000000000016,0.3905062013807276
2.305000000000001,0.3928200086192796
2.3060000000000023,0.3955383300000051
2.3070000000000017,0.39840428754049706
2.3080000000000016,0.4015796924595129
2.309000000000001,0.4047890000000043
2.3100000000000023,0.4080477228314388
2.3110000000000017,0.4111760371685724
2.3120000000000016,0.4136641300000042
2.313000000000001,0.4160026900000027
2.3140000000000023,0.4180250681213775
2.3150000000000017,0.4191062818786264
2.3160000000000016,0.42001015000000025
2.317000000000001,0.4201299103539271
2.3180000000000023,0.4188334496460683
2.3190000000000017,0.4173494599999965
2.3200000000000016,0.415362080126971
2.321000000000001,0.4131633498730221
2.3220000000000023,0.4107655299999956
2.3230000000000017,0.40826808999999503
2.3240000000000016,0.4054647675112445
2.325000000000001,0.4027398799999962
2.3260000000000023,0.3999271699999955
2.3270000000000017,0.3973902575204918
2.3280000000000016,0.3948654624795003
2.329000000000001,0.39280682999999816
2.3300000000000023,0.3914520903029368
2.3310000000000017,0.3901551196970581
2.3320000000000016,0.3891136299999988
2.333000000000001,0.38841633279644
2.3340000000000023,0.3879442972035584
2.3350000000000017,0.3875987799999997
2.3360000000000016,0.3874323400000005
2.337000000000001,0.3877564349810042
2.3380000000000023,0.3880062450189967
2.3390000000000017,0.388895930000003
2.3400000000000016,0.3905815433353367
2.341000000000001,0.39291489666467055
2.3420000000000023,0.3961494900000063
2.3430000000000017,0.3997100680773919
2.3440000000000016,0.4042908419226223
2.345000000000001,0.4087698800000061
2.3460000000000023,0.4133999600000077
2.3470000000000018,0.4177409750465022
2.3480000000000016,0.421991440000005
2.349000000000001,0.4257530900000045
2.350000000000002,0.4291131226514753
2.3510000000000018,0.4318396373485356
2.3520000000000016,0.4333682400000027
2.353000000000001,0.4348994498000415
2.354000000000002,0.43579745019996174
2.3550000000000018,0.436809930000002
2.3560000000000016,0.4379144876884647
2.357000000000001,0.4393913723115399
2.358000000000002,0.4410304100000037
2.3590000000000018,0.4430861500000053
2.3600000000000017,0.4460862387172616
2.361000000000001,0.4491734112827481
2.362000000000002,0.4527041300000061
2.3630000000000018,0.4561273436212809
2.3640000000000017,0.4593635563787291
2.365000000000001,0.4625966000000047
2.366000000000002,0.4661245720096043
2.3670000000000018,0.4691446679904078
2.3680000000000017,0.4717273400000033
2.369000000000001,0.4741706300000021
2.370000000000002,0.4757731984093214
2.3710000000000018,0.477357291590685
2.3720000000000017,0.479251860000003
2.3730000000000016,0.4809351389242178
2.374000000000002,0.4825243810757879
2.3750000000000018,0.4838829000000014
2.3760000000000017,0.4846285888492316
2.3770000000000016,0.4855170811507712
2.378000000000002,0.4866340500000014
2.3790000000000022,0.4874449077444525
2.3800000000000017,0.4883223522555502
2.3810000000000016,0.4890831100000005
2.382000000000002,0.4893623900000002
2.3830000000000022,0.4894421928244355
2.3840000000000017,0.4896704371755652
2.3850000000000016,0.4896063799999982
2.386000000000002,0.4886122489002185
2.3870000000000022,0.4879012510997786
2.3880000000000017,0.487544419999999
2.3890000000000016,0.48697434589382105
2.390000000000002,0.4868332841061785
2.3910000000000022,0.4863936299999979
2.3920000000000017,0.4852128299999979
2.3930000000000016,0.484044530373923
2.394000000000002,0.4826482696260721
2.3950000000000022,0.4813239599999977
2.3960000000000017,0.4800271120385904
2.3970000000000016,0.478847497961406
2.398000000000002,0.4778273399999984
2.3990000000000022,0.4769349491951597
2.4000000000000017,0.4761269008048378
2.4010000000000016,0.4755330699999994
2.402000000000001,0.4752071199999997
2.4030000000000022,0.4750087798340162
2.4040000000000017,0.4750487200000003
2.4050000000000016,0.475233140000001
2.406000000000002,0.4757568025045
2.4070000000000022,0.4761818474955018
2.4080000000000017,0.4762513300000008
2.4090000000000016,0.47671401620476
2.410000000000001,0.4772760637952418
2.4110000000000023,0.4779189800000034
2.4120000000000017,0.4798516028474325
2.4130000000000016,0.4810800771525713
2.414000000000002,0.4811831400000006
2.4150000000000023,0.4815108199999996
2.4160000000000017,0.4812491909428111
2.4170000000000016,0.4810586190571882
2.418000000000001,0.4818000800000005
2.4190000000000023,0.4821166413297336
2.4200000000000017,0.4818299386702655
2.4210000000000016,0.4815434799999988
2.422000000000002,0.4808543307618464
2.4230000000000023,0.4802619492381512
2.4240000000000017,0.4798657299999992
2.4250000000000016,0.4794193499999997
2.426000000000001,0.4792251494200577
2.4270000000000023,0.4787845599999983
2.4280000000000017,0.4778306799999988
2.4290000000000016,0.4771579014017189
2.430000000000002,0.4766719185982794
2.4310000000000023,0.4759570399999992
2.4320000000000017,0.4755303239832023
2.4330000000000016,0.4748701560167957
2.434000000000001,0.4733855099999985
2.4350000000000023,0.4722311801689653
2.4360000000000017,0.4716328698310326
2.4370000000000016,0.4706452199999981
2.438000000000002,0.4695910199999979
2.4390000000000023,0.4684082772615446
2.4400000000000017,0.4664808927384486
2.4410000000000016,0.4648686099999974
2.442000000000001,0.463357020934812
2.4430000000000023,0.4626663690651856
2.4440000000000017,0.4621580199999965
2.4450000000000016,0.4601750898870196
2.446000000000002,0.4582739601129737
2.4470000000000023,0.4561428399999941
2.4480000000000017,0.4528216099999955
2.4490000000000016,0.4502784086111352
2.450000000000001,0.4479645199999951
2.4510000000000023,0.4442901599999933
2.4520000000000017,0.4405027252199492
2.4530000000000016,0.4362549247800376
2.454000000000002,0.4312680099999885
2.4550000000000023,0.4248125058558162
2.4560000000000017,0.4186710641441593
2.4570000000000016,0.4112870999999885
2.458000000000001,0.4047987878954144
2.4590000000000023,0.4007777421045713
2.4600000000000017,0.3969678299999944
2.4610000000000016,0.393815009999996
2.462000000000002,0.3915529738562231
2.4630000000000023,0.3887915361437659
2.4640000000000017,0.3871314500000019
2.4650000000000016,0.3882179463747272
2.466000000000001,0.38958169362527706
2.4670000000000023,0.3919355600000047
2.4680000000000017,0.3945600119906063
2.4690000000000016,0.39727991800940216
2.470000000000002,0.4000842600000055
2.4710000000000023,0.4031758600000056
2.4720000000000018,0.4063367432806765
2.4730000000000016,0.4091695500000036
2.474000000000001,0.4118376700000046
2.475000000000002,0.4153116761077842
2.4760000000000018,0.4180727538922269
2.4770000000000016,0.419515910000003
2.478000000000002,0.42120617391121823
2.479000000000002,0.4214452860887827
2.4800000000000018,0.4223101700000056
2.4810000000000016,0.42542891020096335
2.482000000000001,0.4276309197990435
2.483000000000002,0.42914337000000297
2.4840000000000018,0.430805360000004
2.4850000000000017,0.433016271069786
2.486000000000002,0.433026968930214
2.487000000000002,0.4300362799999979
2.4880000000000018,0.4288740304838973
2.4890000000000017,0.4251788695160912
2.490000000000001,0.4252201600000013
2.491000000000002,0.4261970611067764
2.4920000000000018,0.4251081288932192
2.4930000000000017,0.4252389999999937
2.494000000000002,0.4204941999999927
2.495000000000002,0.4163745228674245
2.4960000000000018,0.4154031971325716
2.4970000000000017,0.4092014399999901
2.4980000000000016,0.40362172602778906
2.499000000000002,0.40028200397219904
2.5000000000000018,0.4002814
2.5010000000000017,0.4002814
2.502000000000002,0.4002814
2.503000000000002,0.4002814
2.5040000000000022,0.4002814
2.5050000000000017,0.4002814
2.5060000000000016,0.4002814
2.507000000000002,0.4002814
2.5080000000000022,0.4002814
2.5090000000000017,0.4002814
2.510000000000002,0.4002814
2.511000000000002,0.4002814
2.5120000000000022,0.4002814
2.5130000000000017,0.4002814
2.5140000000000016,0.4002814
2.515000000000002,0.4002814
2.5160000000000022,0.4002814
2.5170000000000017,0.4002814
2.518000000000002,0.4002814
2.519000000000002,0.4002814
2.5200000000000022,0.4002814
2.5210000000000017,0.4002814
2.5220000000000016,0.4002814
2.523000000000002,0.4002814
2.5240000000000022,0.4002814
2.5250000000000017,0.4002814
2.526000000000002,0.4002814
2.527000000000002,0.4002814
2.5280000000000022,0.4002814
2.5290000000000017,0.4002814
2.5300000000000016,0.4002814
2.531000000000002,0.4002814
2.5320000000000022,0.4002814
2.5330000000000017,0.4002814
2.534000000000002,0.4002814
2.535000000000002,0.4002814
2.5360000000000023,0.4002814
2.5370000000000017,0.4002814
2.5380000000000016,0.4002814
2.539000000000002,0.4002814
2.5400000000000023,0.4002814
2.5410000000000017,0.4002814
2.542000000000002,0.4002814
2.543000000000002,0.4002814
2.5440000000000023,0.4002814
2.5450000000000017,0.4002814
2.5460000000000016,0.4002814
2.547000000000002,0.4002814
2.5480000000000023,0.4002814
2.5490000000000017,0.4002814
2.550000000000002,0.4002814
2.551000000000002,0.4002814
2.5520000000000023,0.4002814
2.5530000000000017,0.4002814
2.5540000000000016,0.4002814
2.555000000000002,0.4002814
2.5560000000000023,0.4002814
2.5570000000000017,0.4002814
2.558000000000002,0.4002814
2.559000000000002,0.4002814
2.5600000000000023,0.4002814
2.5610000000000017,0.4002814
2.5620000000000016,0.4002814
2.563000000000002,0.4002814
2.5640000000000023,0.4002814
2.5650000000000017,0.4002814
2.566000000000002,0.4002814
2.567000000000002,0.4002814
2.5680000000000023,0.4002814
2.5690000000000017,0.4002814
2.5700000000000016,0.4002814
2.571000000000002,0.4002814
2.5720000000000023,0.4002814
2.5730000000000017,0.4002814
2.574000000000002,0.4002814
2.575000000000002,0.4002814
2.5760000000000023,0.4002814
2.5770000000000017,0.4002814
2.5780000000000016,0.4002814
2.579000000000002,0.4002814
2.5800000000000023,0.4002814
2.5810000000000017,0.4002814
2.582000000000002,0.4002814
2.583000000000002,0.4002814
2.5840000000000023,0.4002814
2.5850000000000017,0.4002814
2.5860000000000016,0.4002814
2.587000000000002,0.4002814
2.5880000000000023,0.4002814
2.5890000000000017,0.4002814
2.590000000000002,0.4002814
2.591000000000002,0.4002814
2.5920000000000023,0.4002814
2.5930000000000017,0.4002814
2.5940000000000016,0.4002814
2.595000000000002,0.4002814
2.5960000000000023,0.4002814
2.5970000000000018,0.4002814
2.598000000000002,0.4002814
2.599000000000002,0.4002814
