wave,Hexane
0.4,0.7458984903897922
0.401,0.7459420579138417
0.402,0.7457334420861582
0.40299999999999997,0.74579543
0.40399999999999997,0.745804729907001
0.405,0.74540013
0.406,0.7455406209267814
0.407,0.7456332990732186
0.408,0.745579539103618
0.409,0.7454899008963821
0.41,0.74543786
0.411,0.7453793905846942
0.412,0.7452243000000001
0.413,0.7452321102371976
0.414,0.74525583
0.415,0.7452407503855923
0.416,0.7452793096144077
0.417,0.74534649
0.418,0.7454014394505055
0.419,0.7452693
0.42,0.7452846207092929
0.421,0.74535555
0.422,0.7454351789629207
0.423,0.7453314710370792
0.424,0.7452615498409032
0.425,0.7452456401590969
0.4260000000000001,0.74525326
0.4270000000000001,0.7452994603605965
0.4280000000000001,0.74533552
0.4290000000000001,0.7452853297908042
0.4300000000000001,0.7452644102091958
0.4310000000000001,0.7452772304797904
0.4320000000000001,0.7453252095202095
0.4330000000000001,0.74515575
0.4340000000000001,0.7451639810555895
0.4350000000000001,0.74526954
0.4360000000000001,0.7452935002228956
0.4370000000000001,0.7453157897771044
0.4380000000000001,0.7452966590779185
0.4390000000000001,0.7452044509220815
0.4400000000000001,0.74524641
0.4410000000000001,0.7452446800172998
0.4420000000000001,0.74520832
0.4430000000000001,0.7452725805059899
0.4440000000000001,0.7453231794940101
0.4450000000000001,0.7453519699148017
0.4460000000000001,0.7453434500851983
0.4470000000000001,0.7453199
0.4480000000000001,0.7452839603593964
0.4490000000000001,0.74524063
0.4500000000000001,0.7453448804356912
0.4510000000000001,0.7453884495643087
0.4520000000000001,0.745386359603608
0.4530000000000001,0.745346720396392
0.4540000000000001,0.74542952
0.4550000000000001,0.7454901893933061
0.4560000000000001,0.7454679
0.4570000000000001,0.7455323904798953
0.4580000000000001,0.74558038
0.4590000000000001,0.7456052897848042
0.4600000000000001,0.7455837702151957
0.4610000000000001,0.74566323
0.4620000000000001,0.7457317693146068
0.4630000000000001,0.74569917
0.4640000000000001,0.7457347505727943
0.4650000000000001,0.74579203
0.4660000000000001,0.7458618904117919
0.4670000000000001,0.7459030695882083
0.4680000000000001,0.7458899600291994
0.4690000000000001,0.7458928799708006
0.4700000000000001,0.74602735
0.4710000000000001,0.7461025104267958
0.4720000000000001,0.74614519
0.4730000000000001,0.7461610403945922
0.4740000000000001,0.7462004996054079
0.4750000000000001,0.7463190613255736
0.4760000000000001,0.7464516186744266
0.4770000000000001,0.74641132
0.4780000000000001,0.7464250306347937
0.4790000000000001,0.74648851
0.4800000000000001,0.7466127298826023
0.4810000000000001,0.7466009901173977
0.4820000000000001,0.7466414008916823
0.4830000000000001,0.7467305691083178
0.4840000000000001,0.74678338
0.4850000000000001,0.7468423194106059
0.4860000000000001,0.74689752
0.4870000000000001,0.746939960700886
0.4880000000000001,0.7470100492991141
0.4890000000000001,0.7471082212021759
0.4900000000000001,0.7472284387978241
0.4910000000000001,0.74727094
0.4920000000000001,0.7473238694707053
0.4930000000000001,0.74738055
0.4940000000000001,0.7474336006621933
0.4950000000000001,0.74749982
0.4960000000000001,0.7475621105167897
0.4970000000000001,0.7476137894832103
0.4980000000000001,0.74771821
0.4990000000000001,0.7478241289408106
0.5000000000000001,0.74791998
0.5010000000000001,0.7479672405734115
0.5020000000000001,0.748024582700165
0.5030000000000001,0.7481145881998901
0.5040000000000001,0.748264608499785
0.5050000000000001,0.74832326
0.5060000000000001,0.7483673108653568
0.5070000000000001,0.7484105787019649
0.5080000000000001,0.7485014181831818
0.5090000000000001,0.74859059
0.5100000000000001,0.7486780908845089
0.5110000000000001,0.7487665411049558
0.5120000000000001,0.7488217888950442
0.5130000000000001,0.7488937392804927
0.5140000000000001,0.74899727
0.5150000000000001,0.7490600906575131
0.5160000000000001,0.7491258422492876
0.5170000000000001,0.7492008185004749
0.5180000000000001,0.7493067389407894
0.5190000000000001,0.7493903008035081
0.5200000000000001,0.7494706517261137
0.5210000000000001,0.7495569574108295
0.5220000000000001,0.7495888496810936
0.5230000000000001,0.74966389
0.5240000000000001,0.7497711205245052
0.5250000000000001,0.7498235712493501
0.5260000000000001,0.74988603875065
0.5270000000000001,0.7499606592537925
0.5280000000000001,0.75005466
0.5290000000000001,0.7501083611694117
0.5300000000000001,0.750166832079496
0.5310000000000001,0.7502361486136693
0.5320000000000001,0.7502905094563946
0.5330000000000001,0.7503503006127061
0.5340000000000001,0.7504115711347433
0.5350000000000001,0.7504683082978851
0.5360000000000001,0.7505135495475909
0.5370000000000001,0.75056297
0.5380000000000001,0.7506218602902058
0.5390000000000001,0.7506508812158392
0.5400000000000001,0.7506914091894404
0.5410000000000001,0.7507393995200953
0.5420000000000001,0.75077993
0.5430000000000001,0.7508178405983701
0.5440000000000002,0.7508477591024448
0.5450000000000002,0.7508643896673968
0.5460000000000002,0.75092685
0.5470000000000002,0.7509815104429045
0.5480000000000002,0.7510258011931523
0.5490000000000002,0.7510854588068477
0.5500000000000002,0.7511228896256963
0.5510000000000002,0.75115401
0.5520000000000002,0.7511967400680014
0.5530000000000002,0.7512035406383681
0.5540000000000002,0.7512248195744213
0.5550000000000002,0.7512726195219952
0.5560000000000002,0.7513155906551066
0.5570000000000002,0.7513811015245239
0.5580000000000002,0.7514573277132144
0.5590000000000002,0.7515172988005879
0.5600000000000002,0.75159222
0.5610000000000002,0.7516762609269093
0.5620000000000002,0.7517689511085557
0.5630000000000002,0.7518243788914443
0.5640000000000002,0.7518879193645936
0.5650000000000002,0.75195706
0.5660000000000002,0.7520064712862129
0.5670000000000002,0.7520707824319784
0.5680000000000002,0.752151848378681
0.5690000000000002,0.7522579389390894
0.5700000000000002,0.7523378709483095
0.5710000000000002,0.7524327022982851
0.5720000000000002,0.7525476165525724
0.5730000000000002,0.7526407190689814
0.5740000000000002,0.75273204
0.5750000000000002,0.7528284211706118
0.5760000000000002,0.7529454815937362
0.5770000000000002,0.7530251684062638
0.5780000000000002,0.7530790594610947
0.5790000000000002,0.75310868
0.5800000000000002,0.7531094600022
0.5810000000000002,0.7531095695854207
0.5820000000000002,0.7530957502763861
0.5830000000000002,0.75300908
0.5840000000000002,0.7529907200924009
0.5850000000000002,0.752999960381381
0.5860000000000002,0.7530190294279286
0.5870000000000002,0.752988930301006
0.5880000000000002,0.75301063
0.5890000000000002,0.7530976520182403
0.5900000000000002,0.7532994764334783
0.5910000000000002,0.7535139257110145
0.5920000000000002,0.7536604385348854
0.5930000000000002,0.7535994099206992
0.5940000000000002,0.7535914800059996
0.5950000000000002,0.7535917799910005
0.5960000000000002,0.7535899300370004
0.5970000000000002,0.7535634
0.5980000000000002,0.7535532699911
0.5990000000000002,0.7535523798748051
0.6000000000000002,0.753546120125195
0.6010000000000002,0.7535455800054001
0.6020000000000002,0.75354266
0.6030000000000002,0.7535327698127963
0.6040000000000002,0.7535140513982301
0.6050000000000002,0.7535606590678466
0.6060000000000002,0.7536523890826908
0.6070000000000002,0.7536771299135991
0.6080000000000002,0.7536684903181842
0.6090000000000002,0.7536843995227239
0.6100000000000002,0.7537871589723795
0.6110000000000002,0.75380147
0.6120000000000002,0.7538027799778998
0.6130000000000002,0.7538005696292148
0.6140000000000002,0.7537820303707852
0.6150000000000002,0.7537856099641996
0.6160000000000002,0.75381708
0.6170000000000002,0.7539018411396115
0.6180000000000002,0.7539588213517324
0.6190000000000002,0.7540038790988449
0.6200000000000002,0.75404072
0.6210000000000002,0.7540896501848018
0.6220000000000002,0.7541081299572021
0.6230000000000002,0.7541059900641968
0.6240000000000002,0.7541105199546991
0.6250000000000002,0.75410092
0.6260000000000002,0.7540777895934918
0.6270000000000002,0.7540371373556322
0.6280000000000002,0.7539489917629119
0.6290000000000002,0.7538430110598106
0.6300000000000002,0.75372738
0.6310000000000002,0.7536495283060847
0.6320000000000002,0.7535648325408729
0.6330000000000002,0.7534880015366154
0.6340000000000002,0.75344467
0.6350000000000002,0.7534391906634067
0.6360000000000002,0.7535055329728811
0.6370000000000002,0.7536541770271189
0.6380000000000002,0.7538427681140812
0.6390000000000002,0.75400382
0.6400000000000002,0.7541338806765135
0.6410000000000002,0.7542015290469477
0.6420000000000002,0.7541697606353682
0.6430000000000002,0.7541064006336063
0.6440000000000002,0.7540339194462945
0.6450000000000002,0.7539785493908305
0.6460000000000002,0.7539480909137543
0.6470000000000002,0.7539466600143003
0.6480000000000002,0.75399703
0.6490000000000002,0.7541230317482176
0.6500000000000002,0.754297854378425
0.6510000000000002,0.7545167756215752
0.6520000000000002,0.754757637591376
0.6530000000000002,0.75500071
0.6540000000000002,0.7552413344346445
0.6550000000000002,0.7554630656235188
0.6560000000000002,0.7556505162509874
0.6570000000000003,0.7558147883572836
0.6580000000000003,0.7559635010306104
0.6590000000000003,0.7560665619753013
0.6600000000000003,0.7561653270370482
0.6610000000000003,0.7562721989312786
0.6620000000000003,0.75634974
0.6630000000000003,0.7564227606836137
0.6640000000000003,0.7564911218062097
0.6650000000000003,0.7565513287958602
0.6660000000000003,0.7565849396638966
0.6670000000000003,0.7566126
0.6680000000000003,0.7566444898866057
0.6690000000000003,0.7566388201700915
0.6700000000000003,0.7566451398735988
0.6710000000000003,0.75666684
0.6720000000000003,0.7567065404905049
0.6730000000000003,0.7567555914637415
0.6740000000000003,0.7568287785362585
0.6750000000000003,0.7569522887648876
0.6760000000000003,0.757034
0.6770000000000003,0.7570393692292846
0.6780000000000003,0.756962298501575
0.6790000000000003,0.75691235099895
0.6800000000000003,0.7569097300262002
0.6810000000000003,0.7569364303058029
0.6820000000000003,0.756967011259937
0.6830000000000003,0.7570300081100946
0.6840000000000003,0.7570943787125871
0.6850000000000003,0.75714821
0.6860000000000003,0.7571773502849029
0.6870000000000003,0.7572058406509741
0.6880000000000003,0.7572383893490261
0.6890000000000003,0.7572943594402944
0.6900000000000003,0.7575709800000001
0.6910000000000003,0.7579994916803171
0.6920000000000003,0.7585834903449827
0.6930000000000003,0.7585949897700115
0.6940000000000003,0.7583391125588255
0.6950000000000003,0.7578915380377803
0.6960000000000003,0.7576953180164991
0.6970000000000003,0.7575961429752511
0.6980000000000003,0.757571220249205
0.6990000000000003,0.75762457
0.7000000000000003,0.7577048507618076
0.7010000000000003,0.7577810312623495
0.7020000000000003,0.7578441487376506
0.7030000000000003,0.7578891495499955
0.7040000000000003,0.75792581
0.7050000000000003,0.7579550703922039
0.7060000000000003,0.7579746811231438
0.7070000000000003,0.7580121192512375
0.7080000000000003,0.75805402
0.7090000000000003,0.7580941902027021
0.7100000000000003,0.7581144598796059
0.7110000000000003,0.7581084401805909
0.7120000000000003,0.7580764303201064
0.7130000000000003,0.75801736
0.7140000000000003,0.7579759396041921
0.7150000000000003,0.7579363583764811
0.7160000000000003,0.7578822410823459
0.7170000000000003,0.7578240005824057
0.7180000000000003,0.7577847198605986
0.7190000000000003,0.7577707803885806
0.7200000000000003,0.7577902094171292
0.7210000000000003,0.7578296092119922
0.7220000000000003,0.75786734
0.7230000000000003,0.7578549391708916
0.7240000000000003,0.7577720275896964
0.7250000000000003,0.7576515124103035
0.7260000000000003,0.7574997515176152
0.7270000000000003,0.7573397799999999
0.7280000000000003,0.7571551778750575
0.7290000000000003,0.7569426820878956
0.7300000000000003,0.7566789452747362
0.7310000000000003,0.7562882939065391
0.7320000000000003,0.7558091243196431
0.7330000000000003,0.7552410867016647
0.7340000000000003,0.7545761699475024
0.7350000000000003,0.7538954068076361
0.7360000000000003,0.7531896799999996
0.7370000000000003,0.7522569177928776
0.7380000000000003,0.7510362023099071
0.7390000000000003,0.7496516976900919
0.7400000000000003,0.7482116344006435
0.7410000000000003,0.7472912099999998
0.7420000000000003,0.7465751685782857
0.7430000000000003,0.7460040846818657
0.7440000000000003,0.7454934802120892
0.7450000000000003,0.74525857
0.7460000000000003,0.7453571678320786
0.7470000000000003,0.7461403811181444
0.7480000000000003,0.7471962883227842
0.7490000000000003,0.7481999299635995
0.7500000000000003,0.7489696100000001
0.7510000000000003,0.74915736900158
0.7520000000000003,0.7490575192323382
0.7530000000000003,0.748698597178441
0.7540000000000003,0.7480289366966668
0.7550000000000003,0.7472635499999998
0.7560000000000003,0.7464683546249685
0.7570000000000003,0.7456996030625467
0.7580000000000003,0.7452333093256932
0.7590000000000003,0.74505657
0.7600000000000003,0.7451970073159735
0.7610000000000003,0.7459286099320028
0.7620000000000003,0.7469252100679976
0.7630000000000003,0.7481351979000795
0.7640000000000003,0.7495533800000006
0.7650000000000003,0.7510625851041026
0.7660000000000003,0.7525729943848813
0.7670000000000003,0.7540524904100799
0.7680000000000003,0.7552695778291788
0.7690000000000003,0.7563186387976883
0.7700000000000004,0.7571984028025601
0.7710000000000004,0.7578385307961605
0.7720000000000004,0.7582995253901079
0.7730000000000004,0.7586740300000001
0.7740000000000004,0.7589988725135253
0.7750000000000004,0.7592502243344267
0.7760000000000004,0.7594669456655734
0.7770000000000004,0.7596559481099812
0.7780000000000004,0.75984454
0.7790000000000004,0.7600083928730288
0.7800000000000004,0.7601520436082196
0.7810000000000004,0.7602723175945203
0.7820000000000004,0.7603733489896899
0.7830000000000004,0.7604553106080061
0.7840000000000004,0.7605161106865657
0.7850000000000004,0.7605504389701515
0.7860000000000004,0.7605776797275946
0.7870000000000004,0.76059943
0.7880000000000004,0.7606173201788036
0.7890000000000004,0.7606352003254837
0.7900000000000004,0.7606460497830109
0.7910000000000004,0.7606448500120001
0.7920000000000004,0.76062578
0.7930000000000004,0.7605937691024448
0.7940000000000004,0.7605488913463327
0.7950000000000004,0.7604827313232132
0.7960000000000004,0.7603883699999999
0.7970000000000004,0.7602600481646815
0.7980000000000004,0.7600765155287789
0.7990000000000004,0.7598529544712209
0.8000000000000004,0.759611852411024
0.8010000000000004,0.7593553699999999
0.8020000000000004,0.7590739667241343
0.8030000000000004,0.7587463791195439
0.8040000000000004,0.7583836972536373
0.8050000000000004,0.7579892339446392
0.8060000000000004,0.7576588972694727
0.8070000000000004,0.757385845819609
0.8080000000000004,0.7571768262705864
0.8090000000000004,0.7571195411456114
0.8100000000000004,0.75710452
0.8110000000000004,0.7571179900584006
0.8120000000000004,0.7571238309393625
0.8130000000000004,0.7571707990606377
0.8140000000000004,0.7572148995589957
0.8150000000000004,0.75722378
0.8160000000000004,0.7572611013172132
0.8170000000000004,0.7573269626962652
0.8180000000000004,0.7574168382024898
0.8190000000000004,0.7574842593257933
0.8200000000000004,0.7574822294271942
0.8210000000000004,0.7574249476005199
0.8220000000000004,0.7573049735992199
0.8230000000000004,0.7571623314264284
0.8240000000000004,0.75703549
0.8250000000000004,0.7569368497567975
0.8260000000000004,0.7569125307485701
0.8270000000000004,0.7569499592514299
0.8280000000000004,0.7570466990325904
0.8290000000000004,0.7572277200000002
0.8300000000000004,0.7575024460022601
0.8310000000000004,0.7578025589293536
0.8320000000000004,0.7581002040470979
0.8330000000000004,0.7583351100000001
0.8340000000000004,0.7585305016248163
0.8350000000000004,0.7586929830242488
0.8360000000000004,0.7588441954636267
0.8370000000000004,0.7590405280366609
0.8380000000000004,0.75922853
0.8390000000000004,0.7593523902461049
0.8400000000000004,0.7593770008906555
0.8410000000000004,0.7594066894062298
0.8420000000000004,0.7594653994128943
0.8430000000000004,0.7596477927090273
0.8440000000000004,0.7599186965502727
0.8450000000000004,0.7602462101745914
0.8460000000000004,0.7605930530631309
0.8470000000000004,0.7608639600000001
0.8480000000000004,0.7610675112600126
0.8490000000000004,0.7611935109679613
0.8500000000000004,0.7612419090320387
0.8510000000000004,0.7612613998050981
0.8520000000000004,0.76124412
0.8530000000000004,0.761140818749475
0.8540000000000004,0.7610157678812058
0.8550000000000004,0.7609451414125293
0.8560000000000004,0.7609959794915949
0.8570000000000004,0.7611234811033111
0.8580000000000004,0.7612338115125244
0.8590000000000004,0.7613094377312135
0.8600000000000004,0.7612533605608112
0.8610000000000004,0.7610776999999999
0.8620000000000004,0.7607963058723586
0.8630000000000004,0.7603835398104074
0.8640000000000004,0.7598740601895921
0.8650000000000004,0.7593343953966538
0.8660000000000004,0.7587863199999999
0.8670000000000004,0.7585189864607645
0.8680000000000004,0.7583420248450576
0.8690000000000004,0.7581701934366281
0.8700000000000004,0.7577839499999997
0.8710000000000004,0.7571113026745263
0.8720000000000004,0.7563787559970998
0.8730000000000004,0.7556786110043495
0.8740000000000004,0.7551755350307005
0.8750000000000004,0.7546037399999996
0.8760000000000004,0.7539014687315742
0.8770000000000004,0.7527746120425971
0.8780000000000004,0.7511760319716008
0.8790000000000004,0.749339358366783
0.8800000000000004,0.7473875899999993
0.8810000000000004,0.7459858532602367
0.8820000000000005,0.7451488651096442
0.8830000000000005,0.7449010049568495
0.8840000000000005,0.7453088800000001
0.8850000000000005,0.7455761397204973
0.8860000000000005,0.7455481754451819
0.8870000000000005,0.7448204345548175
0.8880000000000005,0.7435397028074274
0.8890000000000005,0.7421769499999994
0.8900000000000005,0.7408775598180959
0.8910000000000005,0.739859367872506
0.8920000000000005,0.7387884514183286
0.8930000000000005,0.7376116617679169
0.8940000000000005,0.7361069701634007
0.8950000000000005,0.7341232991561409
0.8960000000000005,0.7315811062657853
0.8970000000000005,0.7282688931223608
0.8980000000000005,0.7238070999999978
0.8990000000000005,0.7187799259028563
0.9000000000000005,0.7133702270229171
0.9010000000000004,0.7087213729770788
0.9020000000000004,0.7052658545549438
0.9030000000000004,0.7023768999999987
0.9040000000000004,0.6995719538160365
0.9050000000000004,0.6957627376826138
0.9060000000000004,0.6913521582115874
0.9070000000000004,0.6864036194854923
0.9080000000000004,0.6814173037093348
0.9090000000000004,0.6767882467877588
0.9100000000000004,0.6726276348183571
0.9110000000000004,0.6694892313837261
0.9120000000000004,0.6682771400000002
0.9130000000000004,0.6685043175705523
0.9140000000000004,0.6702614069350546
0.9150000000000004,0.6731592420432992
0.9160000000000004,0.6759268923235247
0.9170000000000004,0.6783480600000006
0.9180000000000004,0.6795164920562973
0.9190000000000004,0.6796193069155543
0.9200000000000004,0.6790293617993177
0.9210000000000004,0.6778255099999991
0.9220000000000004,0.6762638530822299
0.9230000000000004,0.6745720741384337
0.9240000000000004,0.6727789958615648
0.9250000000000004,0.6709715280746799
0.9260000000000004,0.6693308899999992
0.9270000000000004,0.6679010898419963
0.9280000000000004,0.6668853137846107
0.9290000000000004,0.6666781341435927
0.9300000000000004,0.6671074557066573
0.9310000000000004,0.6682283542003432
0.9320000000000004,0.6706484023492841
0.9330000000000004,0.6737658664760778
0.9340000000000004,0.6775579841572432
0.9350000000000004,0.6822098500000023
0.9360000000000004,0.6874231054054568
0.9370000000000004,0.6929636554745842
0.9380000000000004,0.6987373845254217
0.9390000000000004,0.7044351730221331
0.9400000000000004,0.709980910000003
0.9410000000000004,0.7153392776287789
0.9420000000000004,0.7202207045918725
0.9430000000000004,0.7247071002720884
0.9440000000000004,0.7288486585844879
0.9450000000000004,0.7325231116254178
0.9460000000000004,0.7356856472937369
0.9470000000000004,0.7385503340593985
0.9480000000000004,0.741116434339088
0.9490000000000004,0.7432056100000007
0.9500000000000004,0.7450232059885606
0.9510000000000004,0.7466220578138882
0.9520000000000004,0.7480127521861134
0.9530000000000004,0.7491214189133897
0.9540000000000004,0.7501303600000004
0.9550000000000004,0.7510882150753512
0.9560000000000004,0.7518419825312739
0.9570000000000004,0.7525930249791515
0.9580000000000004,0.7533381000000002
0.9590000000000004,0.7540261764689651
0.9600000000000004,0.7546730722421883
0.9610000000000004,0.7552851816367184
0.9620000000000004,0.7558509043427872
0.9630000000000004,0.7563459300000003
0.9640000000000004,0.7567995841896841
0.9650000000000004,0.757218553742913
0.9660000000000004,0.7576766508380584
0.9670000000000004,0.7581011657548578
0.9680000000000004,0.7585114241771421
0.9690000000000004,0.7589291376886157
0.9700000000000004,0.7593135684670769
0.9710000000000004,0.7596797826757269
0.9720000000000004,0.7600275900000002
0.9730000000000004,0.7603881420063201
0.9740000000000004,0.760588771201552
0.9750000000000004,0.7606488487984482
0.9760000000000004,0.7605897805907059
0.9770000000000004,0.7604392199999999
0.9780000000000004,0.7602625482958658
0.9790000000000004,0.7600921342138892
0.9800000000000004,0.759899263857407
0.9810000000000004,0.7596268127245271
0.9820000000000004,0.7592757261697616
0.9830000000000004,0.7588926991693412
0.9840000000000004,0.7583511662459874
0.9850000000000004,0.7576924665870314
0.9860000000000004,0.7569185499999995
0.9870000000000004,0.7560663114473141
0.9880000000000004,0.7552110430120791
0.9890000000000004,0.7543616469879201
0.9900000000000004,0.7533047305692052
0.9910000000000004,0.7521956599999994
0.9920000000000004,0.7510756695255947
0.9930000000000004,0.7500519453742306
0.9940000000000004,0.7488977530838452
0.9950000000000006,0.7475817799999991
0.9960000000000006,0.7460633345449446
0.9970000000000006,0.7445178309942495
0.9980000000000006,0.7430675435086238
0.9990000000000006,0.7418421022543444
1.0000000000000004,0.7406173899999993
1.0010000000000006,0.7389419099999989
1.002000000000001,0.7373430099999989
1.0030000000000006,0.7356128699999988
1.0040000000000004,0.7338371769833008
1.0050000000000006,0.7319070099999988
1.006000000000001,0.7300025199999987
1.0070000000000006,0.7280417099999991
1.0080000000000005,0.7261200499999991
1.0090000000000006,0.7240306393130677
1.010000000000001,0.7219237699999986
1.0110000000000006,0.7199739199999988
1.0120000000000005,0.7181043599999993
1.0130000000000006,0.7165576199999992
1.014000000000001,0.7153683889231071
1.0150000000000006,0.7142909799999995
1.0160000000000005,0.7134494199999997
1.0170000000000006,0.7128083699999999
1.018000000000001,0.7125039699999998
1.0190000000000006,0.7121986505319466
1.0200000000000005,0.71214187
1.0210000000000006,0.7122513700000003
1.022000000000001,0.7125719800000002
1.0230000000000006,0.7129305600000003
1.0240000000000005,0.7134183600000003
1.0250000000000006,0.7138609300000001
1.0260000000000007,0.71394932
1.0270000000000006,0.71390402
1.0280000000000005,0.71389455
1.0290000000000006,0.71395832
1.0300000000000007,0.7140451700000001
1.0310000000000006,0.71420109
1.0320000000000005,0.7142023287481252
1.0330000000000006,0.71408981
1.0340000000000007,0.71412909
1.0350000000000006,0.7141931700000002
1.0360000000000005,0.7143263800000001
1.0370000000000006,0.7145459393160686
1.0380000000000007,0.7148391000000003
1.0390000000000006,0.7153806100000002
1.0400000000000005,0.7160017500000003
1.0410000000000006,0.7167025200000006
1.0420000000000007,0.7176045497970208
1.0430000000000006,0.7187543500000007
1.0440000000000005,0.7197961200000004
1.0450000000000006,0.7205939300000006
1.0460000000000007,0.7214283300000006
1.0470000000000006,0.7224846643665641
1.0480000000000005,0.7235336300000005
1.0490000000000006,0.7244371800000005
1.0500000000000007,0.7253847100000006
1.0510000000000006,0.7262804500000005
1.0520000000000005,0.7270959600000004
1.0530000000000006,0.7280047500000005
1.0540000000000007,0.7288854700000006
1.0550000000000006,0.7296747838486155
1.0560000000000005,0.7305132700000003
1.0570000000000006,0.7313328400000005
1.0580000000000007,0.7320921400000007
1.0590000000000006,0.7330403300000006
1.0600000000000005,0.734217097545246
1.0610000000000006,0.7352925500000006
1.0620000000000007,0.7361604600000006
1.0630000000000006,0.7370754500000006
1.0640000000000005,0.7380569000000003
1.0650000000000006,0.7389159540945911
1.0660000000000007,0.7396124600000006
1.0670000000000006,0.7402615000000005
1.0680000000000005,0.7409445600000002
1.0690000000000006,0.7414613400000003
1.0700000000000007,0.7419762685071497
1.0710000000000006,0.7425608000000004
1.0720000000000005,0.7430794200000003
1.0730000000000006,0.7434611300000001
1.0740000000000007,0.7436883400000002
1.0750000000000006,0.7439765300000003
1.0760000000000003,0.7445054100000005
1.0770000000000006,0.7451788200000006
1.0780000000000007,0.7459831425147492
1.0790000000000006,0.7468082900000006
1.0800000000000003,0.7476288700000003
1.0810000000000006,0.7483681400000003
1.0820000000000007,0.7489110200000004
1.0830000000000006,0.7495018401489857
1.0840000000000003,0.7503033300000004
1.0850000000000006,0.7510904700000004
1.0860000000000007,0.7518388600000006
1.0870000000000006,0.7524282300000004
1.0880000000000003,0.7528806447585245
1.0890000000000006,0.7534155200000003
1.0900000000000007,0.7539030300000003
1.0910000000000006,0.7542635200000002
1.0920000000000003,0.7546426100000001
1.0930000000000006,0.7549231919418059
1.0940000000000007,0.7551471600000003
1.0950000000000006,0.7554422600000003
1.0960000000000003,0.7558028100000003
1.0970000000000006,0.7561566800000001
1.0980000000000008,0.75640559
1.0990000000000006,0.75637263
1.1000000000000003,0.75632834
1.1010000000000006,0.7564439800000001
1.1020000000000008,0.7565729599999999
1.1030000000000006,0.7563414599999998
1.1040000000000003,0.7559781699999999
1.1050000000000006,0.7557436799999999
1.1060000000000008,0.7555874242225775
1.1070000000000009,0.7552296499999996
1.1080000000000003,0.7546774699999995
1.1090000000000009,0.7540680799999996
1.1100000000000008,0.7534426999999997
1.1110000000000009,0.7529474789731025
1.1120000000000003,0.7526372099999998
1.1130000000000009,0.7523245799999999
1.1140000000000008,0.7521465999999999
1.1150000000000009,0.7519860899999999
1.1160000000000003,0.7517844601629836
1.1170000000000009,0.7515867899999998
1.1180000000000008,0.7513995799999997
1.1190000000000009,0.7511869699999998
1.1200000000000006,0.7508323799999999
1.1210000000000009,0.7505031529227075
1.1220000000000008,0.7500128099999996
1.1230000000000009,0.7494319099999993
1.1240000000000006,0.7484709599999996
1.1250000000000009,0.7473628499999989
1.1260000000000008,0.7458550899999985
1.127000000000001,0.7441000899999987
1.1280000000000006,0.7421796899999985
1.129000000000001,0.7400342635466435
1.1300000000000008,0.7374697299999972
1.131000000000001,0.7342503699999978
1.1320000000000006,0.7309082699999984
1.133000000000001,0.7271853099999974
1.1340000000000008,0.7232781343235639
1.135000000000001,0.7182213699999966
1.1360000000000006,0.7132025999999964
1.137000000000001,0.7076526899999962
1.1380000000000008,0.7020512199999935
1.139000000000001,0.6947450206199336
1.1400000000000006,0.6874383099999952
1.141000000000001,0.6802308599999952
1.1420000000000008,0.6730988599999945
1.143000000000001,0.6649938199999945
1.1440000000000006,0.6567486445175432
1.145000000000001,0.6494148999999955
1.1460000000000008,0.6425117899999941
1.147000000000001,0.6359319099999958
1.1480000000000006,0.6296588199999965
1.149000000000001,0.6245152399999974
1.1500000000000008,0.6205074199999969
1.1510000000000007,0.6169669599999981
1.1520000000000006,0.6141078499999989
1.1530000000000007,0.6116425399999991
1.1540000000000008,0.6100723699999989
1.1550000000000007,0.6084363499999987
1.1560000000000006,0.6065319799999987
1.1570000000000007,0.6046188731076877
1.1580000000000008,0.6024499499999979
1.1590000000000007,0.6002618099999978
1.1600000000000006,0.5969242999999979
1.1610000000000007,0.5935907399999976
1.1620000000000008,0.5898824778842089
1.1630000000000007,0.5861613199999971
1.1640000000000006,0.5816797599999979
1.1650000000000007,0.5770528899999972
1.1660000000000008,0.5727605199999963
1.1670000000000007,0.5686110249495026
1.1680000000000006,0.5642132199999971
1.1690000000000007,0.5596757499999973
1.1700000000000008,0.5555073599999966
1.1710000000000007,0.5516610099999973
1.1720000000000006,0.547674158685129
1.1730000000000007,0.5435022699999973
1.1740000000000008,0.5394951699999976
1.1750000000000007,0.5357767899999973
1.1760000000000006,0.531846639999997
1.1770000000000007,0.5272798499999969
1.1780000000000008,0.5226480999999955
1.1790000000000007,0.5176171699999965
1.1800000000000006,0.5124735135556411
1.1810000000000007,0.5058090699999955
1.1820000000000008,0.4991561499999944
1.1830000000000007,0.4928447899999958
1.1840000000000006,0.4865527999999972
1.1850000000000007,0.4801767925837371
1.1860000000000008,0.473802629999996
1.1870000000000007,0.4692118499999972
1.1880000000000006,0.4650747499999981
1.1890000000000007,0.4621537299999984
1.1900000000000008,0.4597307522977682
1.1910000000000007,0.4587929499999999
1.1920000000000006,0.4587462500000006
1.1930000000000007,0.45954275000000105
1.1940000000000008,0.4610678000000014
1.1950000000000007,0.4626083059494063
1.1960000000000006,0.4641346300000009
1.1970000000000007,0.4654406600000006
1.1980000000000008,0.4663245400000006
1.1990000000000007,0.4669356899999999
1.2000000000000006,0.4667466599999997
1.2010000000000007,0.4662991499999986
1.2020000000000008,0.4647493699999986
1.2030000000000007,0.4631456195190466
1.2040000000000006,0.4611408099999987
1.2050000000000007,0.4591134199999985
1.2060000000000008,0.456842389999998
1.2070000000000007,0.4545747899999991
1.2080000000000006,0.4532360052334757
1.2090000000000007,0.4519883399999999
1.2100000000000009,0.4518560200000002
1.2110000000000007,0.4519876200000011
1.2120000000000006,0.4533253000000012
1.2130000000000007,0.4550576267673246
1.2140000000000009,0.4583181400000035
1.2150000000000007,0.4623376400000032
1.2160000000000006,0.4671058100000036
1.2170000000000007,0.4724078800000043
1.2180000000000009,0.4788797928087245
1.2190000000000007,0.486482170000005
1.2200000000000006,0.494100600000005
1.2210000000000008,0.5016940200000072
1.2220000000000009,0.5097723600000079
1.2230000000000008,0.5187838700000078
1.2240000000000006,0.5275407400000053
1.2250000000000008,0.5355066700000054
1.2260000000000009,0.5436092000000077
1.2270000000000008,0.5521988900000055
1.2280000000000006,0.5605532500000044
1.2290000000000008,0.5672866700000044
1.2300000000000009,0.5739623900000059
1.2310000000000008,0.5807325403059743
1.2320000000000009,0.5874356000000036
1.2330000000000008,0.5928527700000047
1.2340000000000009,0.5980882600000045
1.2350000000000008,0.6031223500000034
1.2360000000000009,0.6080821565753454
1.2370000000000008,0.6120479100000025
1.2380000000000009,0.6157245000000032
1.2390000000000008,0.6193038800000024
1.2400000000000009,0.622831400000002
1.2410000000000008,0.6257964434956529
1.2420000000000009,0.6284211900000024
1.2430000000000008,0.6311094200000025
1.2440000000000009,0.6338763200000018
1.2450000000000008,0.6364756800000015
1.2460000000000009,0.6388620113668653
1.2470000000000008,0.6412391100000016
1.2480000000000009,0.6436488600000015
1.2490000000000008,0.6460205900000016
1.2500000000000009,0.6483556600000021
1.2510000000000008,0.6507210100000023
1.252000000000001,0.6532282200000017
1.2530000000000008,0.6556808900000018
1.2540000000000011,0.6578561482861734
1.2550000000000008,0.6600390100000021
1.256000000000001,0.6624422100000016
1.2570000000000008,0.6648334300000014
1.2580000000000011,0.6670698500000021
1.2590000000000008,0.6692708603319685
1.260000000000001,0.6715741800000016
1.2610000000000008,0.6738793800000018
1.2620000000000011,0.6759254300000018
1.2630000000000008,0.6778947700000016
1.264000000000001,0.679753354141587
1.2650000000000008,0.6815793500000015
1.2660000000000011,0.6832003000000014
1.2670000000000008,0.6846822500000009
1.268000000000001,0.6860938100000009
1.2690000000000008,0.6874739319878024
1.2700000000000011,0.688713910000001
1.2710000000000008,0.689828870000001
1.272000000000001,0.6909251800000008
1.2730000000000008,0.6920248900000009
1.2740000000000011,0.6930007900000008
1.2750000000000008,0.6938330500000007
1.2760000000000007,0.6946932700000006
1.2770000000000008,0.6955156300000005
1.2780000000000011,0.6962158100000004
1.2790000000000008,0.6967300200000003
1.2800000000000007,0.6972912500000005
1.2810000000000008,0.6979745600000006
1.2820000000000011,0.698617877154285
1.2830000000000008,0.6991894200000004
1.2840000000000007,0.6997984100000004
1.2850000000000008,0.7004371900000006
1.2860000000000011,0.7010176200000005
1.2870000000000008,0.7015001703009702
1.2880000000000007,0.7020031800000003
1.2890000000000008,0.7024911600000003
1.2900000000000011,0.7029366500000004
1.2910000000000008,0.7032842600000003
1.2920000000000007,0.7036317252534751
1.2930000000000008,0.7039778200000002
1.2940000000000011,0.7043007600000002
1.2950000000000008,0.7045133700000002
1.2960000000000007,0.7047037500000002
1.2970000000000008,0.7050581245625441
1.2980000000000012,0.7054722900000003
1.2990000000000008,0.7058829100000004
1.3000000000000007,0.7063175400000004
1.3010000000000008,0.7068650700000007
1.302000000000001,0.7075572600000007
1.3030000000000008,0.7082123200000005
1.3040000000000007,0.7088131900000004
1.3050000000000008,0.7094925711788826
1.306000000000001,0.7102043600000005
1.3070000000000008,0.7108905900000005
1.3080000000000007,0.7115467200000004
1.3090000000000008,0.7121627300000003
1.310000000000001,0.7127386259214084
1.3110000000000008,0.7132978400000004
1.3120000000000007,0.7137759900000005
1.3130000000000008,0.7142618900000003
1.314000000000001,0.7148100100000004
1.3150000000000008,0.7153204789531049
1.3160000000000007,0.7156232000000002
1.3170000000000008,0.7159197900000003
1.318000000000001,0.7163185500000003
1.3190000000000008,0.7166819000000002
1.3200000000000007,0.7168270754824518
1.3210000000000008,0.7169541700000001
1.322000000000001,0.7170686100000001
1.3230000000000008,0.71713775
1.3240000000000007,0.71710801
1.3250000000000008,0.7170668200000001
1.326000000000001,0.7171494400000001
1.3270000000000008,0.71729869
1.3280000000000007,0.7173479172822718
1.3290000000000008,0.7173207400000001
1.330000000000001,0.7174090100000001
1.3310000000000008,0.71752608
1.3320000000000007,0.71754265
1.3330000000000009,0.7175525327527247
1.334000000000001,0.7174800599999998
1.3350000000000009,0.7172142299999996
1.3360000000000007,0.7167950299999996
1.3370000000000009,0.7162668699999994
1.338000000000001,0.7156051461723821
1.3390000000000009,0.7146320899999989
1.3400000000000007,0.7135454399999991
1.3410000000000009,0.7122383099999987
1.342000000000001,0.7107940299999977
1.3430000000000009,0.7088231070922891
1.3440000000000007,0.7066670099999982
1.3450000000000009,0.7040283699999973
1.346000000000001,0.7010514699999952
1.3470000000000009,0.6968011899999959
1.3480000000000008,0.6921897499999965
1.3490000000000009,0.6868216999999947
1.350000000000001,0.6808118799999928
1.3510000000000009,0.6727251999999924
1.3520000000000008,0.6641883899999921
1.3530000000000009,0.6553136099999939
1.354000000000001,0.6461200699999907
1.3550000000000009,0.6355626599999904
1.3560000000000008,0.6248548100379893
1.3570000000000009,0.6153551899999921
1.358000000000001,0.6062875399999922
1.3590000000000009,0.5974913799999925
1.3600000000000008,0.5890496999999956
1.3610000000000009,0.5825334350504894
1.362000000000001,0.5766839399999943
1.3630000000000009,0.5715441099999968
1.3640000000000008,0.5666825799999975
1.3650000000000009,0.5627916499999968
1.366000000000001,0.559186220542942
1.3670000000000009,0.5551797699999962
1.3680000000000008,0.5508771499999972
1.3690000000000009,0.5465871699999961
1.370000000000001,0.5422504499999957
1.3710000000000009,0.5373544196030356
1.3720000000000008,0.5320289099999955
1.3730000000000009,0.5269748599999969
1.374000000000001,0.5222855199999957
1.3750000000000009,0.5175133899999956
1.3760000000000008,0.5126762999999961
1.377000000000001,0.5082555399999957
1.378000000000001,0.5044782199999966
1.379000000000001,0.5006808930286935
1.3800000000000008,0.4968111799999968
1.381000000000001,0.4931037099999969
1.3820000000000008,0.489689229999996
1.383000000000001,0.4861260099999965
1.3840000000000008,0.4821237237136258
1.385000000000001,0.4781608599999967
1.3860000000000008,0.4744293999999958
1.387000000000001,0.4706588699999958
1.3880000000000008,0.4669293199999977
1.389000000000001,0.4635271802139758
1.3900000000000008,0.4611806899999979
1.391000000000001,0.4592620399999993
1.3920000000000008,0.4584374999999997
1.393000000000001,0.4581371500000008
1.3940000000000008,0.4590841752974713
1.395000000000001,0.4605681900000024
1.3960000000000008,0.4633458600000028
1.397000000000001,0.4664520900000037
1.3980000000000008,0.4697574100000029
1.399000000000001,0.4730918700000031
1.4000000000000008,0.4765568400000029
1.4010000000000007,0.4798452900000015
1.4020000000000008,0.4821719800000021
1.403000000000001,0.48408350000000105
1.4040000000000008,0.4852149500000005
1.4050000000000007,0.4859738299999999
1.4060000000000008,0.4858479199999995
1.407000000000001,0.48543035392060707
1.4080000000000008,0.4844695599999993
1.4090000000000007,0.4833940599999994
1.4100000000000008,0.4825947599999994
1.411000000000001,0.48203152
1.4120000000000008,0.4819656572102792
1.4130000000000007,0.4822377600000007
1.4140000000000008,0.4832230200000013
1.415000000000001,0.4846527900000019
1.4160000000000008,0.4868166400000023
1.4170000000000007,0.4893644552184797
1.4180000000000008,0.4919089100000021
1.419000000000001,0.4943443200000022
1.4200000000000008,0.496767700000002
1.4210000000000007,0.4991097500000013
1.4220000000000008,0.5010093300419978
1.423000000000001,0.5023326300000008
1.4240000000000008,0.5033786900000005
1.4250000000000007,0.5040867300000003
1.4260000000000008,0.5044884700000001
1.427000000000001,0.50455409
1.4280000000000008,0.50455296
1.4290000000000007,0.5045570100000001
1.4300000000000008,0.5046406139236079
1.431000000000001,0.5049798500000005
1.4320000000000008,0.5054888700000009
1.4330000000000007,0.5064744400000007
1.4340000000000008,0.5075963700000014
1.435000000000001,0.5090829620917925
1.4360000000000008,0.510803880000002
1.4370000000000007,0.5130938900000022
1.4380000000000008,0.5154532200000022
1.439000000000001,0.5178871800000022
1.4400000000000008,0.5204335853594662
1.4410000000000007,0.5232156500000025
1.4420000000000008,0.5259082900000026
1.443000000000001,0.5283306200000022
1.4440000000000008,0.5307867500000024
1.4450000000000007,0.5335062980451978
1.4460000000000008,0.5361995700000027
1.447000000000001,0.5387229900000029
1.4480000000000008,0.541313590000002
1.4490000000000007,0.544254780000002
1.4500000000000008,0.5472320300000032
1.451000000000001,0.5501538500000034
1.4520000000000008,0.5531078600000028
1.4530000000000007,0.5562906444365586
1.4540000000000008,0.559435010000003
1.455000000000001,0.5621825500000023
1.4560000000000008,0.5648201700000022
1.4570000000000007,0.5673692800000021
1.4580000000000009,0.5697930580691953
1.459000000000001,0.5716737500000015
1.4600000000000009,0.5733812500000013
1.4610000000000007,0.5748704700000012
1.4620000000000009,0.5762791600000012
1.463000000000001,0.5773940185141497
1.4640000000000009,0.5784471600000011
1.4650000000000007,0.5796793700000009
1.4660000000000009,0.5809810200000014
1.467000000000001,0.5823069800000016
1.4680000000000009,0.5836930113968615
1.4690000000000007,0.5856188500000015
1.4700000000000009,0.5877638500000025
1.471000000000001,0.5901044600000027
1.4720000000000009,0.5924920400000026
1.4730000000000008,0.5953607000000021
1.4740000000000009,0.5983599400000033
1.475000000000001,0.6012154200000024
1.4760000000000009,0.6039738700000026
1.4770000000000008,0.6068458600000025
1.4780000000000009,0.6097477700000022
1.479000000000001,0.6122962200000021
1.4800000000000009,0.6146381500000021
1.4810000000000008,0.6169184320697947
1.4820000000000009,0.6191391300000021
1.483000000000001,0.6209479600000013
1.4840000000000009,0.6225100800000012
1.4850000000000008,0.6239395100000009
1.4860000000000009,0.6252547846485362
1.487000000000001,0.6262012700000008
1.4880000000000009,0.6268943500000004
1.4890000000000008,0.6274649500000004
1.4900000000000009,0.6279501300000002
1.491000000000001,0.6281873362793723
1.4920000000000009,0.6282435699999999
1.4930000000000008,0.6281036099999998
1.4940000000000009,0.6277952799999995
1.495000000000001,0.6273499699999996
1.4960000000000009,0.6268138236146381
1.4970000000000008,0.6262141499999995
1.4980000000000009,0.6255900299999996
1.499000000000001,0.6250581099999997
1.5000000000000009,0.6246713399999999
1.5010000000000008,0.6245443800000002
1.5020000000000011,0.6247897700000007
1.503000000000001,0.6253176300000007
1.504000000000001,0.626167120531948
1.5050000000000008,0.6273724400000015
1.5060000000000011,0.6290331500000019
1.5070000000000008,0.6307697900000021
1.508000000000001,0.6325475000000017
1.5090000000000008,0.6344321571462869
1.5100000000000011,0.6364036200000021
1.5110000000000008,0.6381757900000016
1.512000000000001,0.6395841200000014
1.5130000000000008,0.6409128900000007
1.5140000000000011,0.6420616551234888
1.5150000000000008,0.6429956000000007
1.516000000000001,0.6436054700000005
1.5170000000000008,0.6441007300000002
1.5180000000000011,0.6443958900000002
1.5190000000000008,0.6445708125077495
1.520000000000001,0.6445804799999999
1.5210000000000008,0.6445003199999998
1.5220000000000011,0.6442239299999996
1.5230000000000008,0.6438544399999996
1.524000000000001,0.6433482199999996
1.5250000000000008,0.6427944299999995
1.5260000000000011,0.6421392599999993
1.5270000000000008,0.6415053599999994
1.528000000000001,0.6409411999999994
1.5290000000000008,0.6403731099999996
1.5300000000000011,0.6398410799999994
1.5310000000000008,0.6393523799999997
1.532000000000001,0.6390270932106786
1.5330000000000008,0.6387591999999999
1.5340000000000011,0.63865393
1.5350000000000008,0.6386754500000004
1.536000000000001,0.6389917100000004
1.5370000000000008,0.6394574930096998
1.5380000000000011,0.6403875900000012
1.5390000000000008,0.6415011300000013
1.540000000000001,0.6430584800000017
1.5410000000000008,0.6448794600000022
1.5420000000000011,0.6473942285231503
1.5430000000000008,0.6499900200000024
1.544000000000001,0.6527056100000026
1.5450000000000008,0.6556137200000028
1.5460000000000012,0.6588997800000035
1.5470000000000008,0.6620293070472986
1.548000000000001,0.6646941900000023
1.5490000000000008,0.6673287700000017
1.5500000000000012,0.6698367000000025
1.5510000000000008,0.6721673000000021
1.552000000000001,0.6739714100000019
1.5530000000000008,0.675688680000001
1.5540000000000012,0.6772004400000016
1.5550000000000008,0.6785684628137196
1.556000000000001,0.6795966000000009
1.5570000000000008,0.6805954000000008
1.5580000000000012,0.6814849400000009
1.5590000000000008,0.6823033100000007
1.560000000000001,0.6830073711908816
1.5610000000000008,0.6837192800000007
1.5620000000000012,0.6844454400000008
1.5630000000000008,0.6851413800000006
1.564000000000001,0.6857815400000006
1.5650000000000008,0.6864563725167488
1.5660000000000012,0.6872415500000011
1.5670000000000008,0.6880299400000008
1.568000000000001,0.6888110000000007
1.5690000000000008,0.6896406400000009
1.5700000000000012,0.6905879652674745
1.5710000000000008,0.6914963700000009
1.572000000000001,0.6922763600000009
1.5730000000000008,0.6930509800000005
1.5740000000000012,0.6938322800000007
1.5750000000000008,0.6945310800000005
1.576000000000001,0.6950355200000006
1.5770000000000008,0.6955395900000004
1.5780000000000012,0.6960313719398065
1.5790000000000008,0.6964507700000002
1.580000000000001,0.6966920500000002
1.5810000000000008,0.6969221200000002
1.5820000000000012,0.6971494600000002
1.5830000000000009,0.6973535575932409
1.584000000000001,0.6975294900000001
1.5850000000000009,0.6976785700000001
1.5860000000000012,0.69776696
1.5870000000000009,0.69780517
1.588000000000001,0.6977622542915708
1.5890000000000009,0.69771558
1.5900000000000012,0.6976703999999999
1.5910000000000009,0.6976156799999998
1.592000000000001,0.6975459499999999
1.5930000000000009,0.6974817564193581
1.5940000000000012,0.6973884699999999
1.5950000000000009,0.6972724199999999
1.596000000000001,0.6971378299999997
1.5970000000000009,0.6969308899999997
1.5980000000000012,0.6966426999999996
1.5990000000000009,0.6963282199999996
1.600000000000001,0.6959481199999995
1.6010000000000009,0.6954466699999995
1.6020000000000012,0.6948044899999991
1.6030000000000009,0.6941100999999993
1.604000000000001,0.6933302899999992
1.6050000000000009,0.6923929999999989
1.6060000000000012,0.6912950270952889
1.6070000000000009,0.6900659799999984
1.608000000000001,0.6886702199999984
1.6090000000000009,0.6869505599999982
1.6100000000000012,0.6849027899999973
1.6110000000000009,0.6825434847385229
1.612000000000001,0.6798908699999963
1.6130000000000009,0.6764411299999972
1.6140000000000012,0.6723425999999951
1.6150000000000009,0.667996229999995
1.616000000000001,0.6634514144815471
1.6170000000000009,0.6581328499999948
1.6180000000000012,0.6523055999999939
1.6190000000000009,0.6469036899999944
1.620000000000001,0.6418233499999956
1.6210000000000009,0.6368315491800778
1.6220000000000012,0.6319321999999951
1.6230000000000009,0.6281738899999972
1.624000000000001,0.6250384399999979
1.6250000000000009,0.6226146799999982
1.6260000000000012,0.6205621999999984
1.6270000000000011,0.619411529999999
1.628000000000001,0.6186380399999998
1.629000000000001,0.6183564605829417
1.6300000000000012,0.6182622900000002
1.6310000000000011,0.6184495100000004
1.6320000000000008,0.6187126000000004
1.633000000000001,0.6190208800000003
1.6340000000000012,0.6193452247635239
1.6350000000000011,0.6196928600000003
1.6360000000000008,0.6200371400000003
1.637000000000001,0.6203191900000004
1.6380000000000012,0.6205821600000001
1.6390000000000011,0.6206902191940807
1.6400000000000008,0.6207600799999998
1.641000000000001,0.6205955699999998
1.6420000000000012,0.6203854099999994
1.6430000000000011,0.6198592799999993
1.6440000000000008,0.6193020857194275
1.645000000000001,0.6183132499999991
1.6460000000000012,0.6172625399999984
1.6470000000000011,0.6159975499999983
1.6480000000000008,0.6147078299999984
1.649000000000001,0.6129968199999984
1.6500000000000012,0.6112689399999979
1.6510000000000011,0.6097007999999983
1.6520000000000008,0.6081108499999979
1.653000000000001,0.6063055999999984
1.6540000000000012,0.6045211599999983
1.6550000000000011,0.6030129799999984
1.6560000000000008,0.6014915099999982
1.657000000000001,0.5998724312768708
1.6580000000000013,0.5982851999999984
1.6590000000000011,0.5969079699999984
1.6600000000000008,0.5954872399999982
1.661000000000001,0.5938600299999985
1.6620000000000013,0.5922738075892394
1.6630000000000011,0.5908496999999983
1.6640000000000008,0.5893728699999986
1.665000000000001,0.5877246899999986
1.6660000000000013,0.5860829399999979
1.6670000000000011,0.5844693013638621
1.6680000000000008,0.5826938699999981
1.669000000000001,0.5805672999999982
1.6700000000000013,0.5784147999999971
1.6710000000000012,0.5762089499999973
1.6720000000000008,0.5736967412208753
1.673000000000001,0.5706851499999972
1.6740000000000013,0.5675519699999964
1.6750000000000012,0.5642466499999955
1.6760000000000008,0.5602164899999945
1.677000000000001,0.555319669999994
1.6780000000000013,0.5498925999999933
1.6790000000000012,0.5439210499999911
1.6800000000000008,0.535912074637527
1.681000000000001,0.5261584499999902
1.6820000000000013,0.515036399999984
1.6830000000000012,0.5029330299999829
1.6840000000000008,0.4875870899999846
1.685000000000001,0.4702658904289408
1.6860000000000013,0.452970179999977
1.6870000000000012,0.4356855799999753
1.6880000000000008,0.4171398899999831
1.689000000000001,0.39805680999998616
1.6900000000000013,0.3824903766433159
1.6910000000000012,0.36804529999998337
1.6920000000000008,0.35554137999998664
1.693000000000001,0.3435008799999933
1.6940000000000013,0.3359859899999911
1.6950000000000012,0.32927583101588986
1.6960000000000008,0.3241908299999945
1.697000000000001,0.3192853899999961
1.6980000000000013,0.3157287799999961
1.6990000000000012,0.3122331499999957
1.7000000000000008,0.3083677299999957
1.701000000000001,0.3044958999999966
1.7020000000000013,0.30137833999999586
1.7030000000000012,0.29827015289670705
1.7040000000000008,0.2954991199999971
1.705000000000001,0.29288255999999874
1.7060000000000013,0.2914388199999983
1.7070000000000012,0.2901422999999992
1.7080000000000009,0.28956831141285816
1.709000000000001,0.28908243999999983
1.7100000000000013,0.2888981699999996
1.7110000000000012,0.28857939999999915
1.7120000000000009,0.2878937699999989
1.713000000000001,0.28692865651134786
1.7140000000000013,0.28538989999999737
1.7150000000000012,0.2833728499999969
1.7160000000000009,0.2805748599999967
1.717000000000001,0.2776281799999965
1.7180000000000013,0.27449454336365964
1.7190000000000012,0.2710734899999958
1.7200000000000009,0.2673467999999963
1.721000000000001,0.2639794899999966
1.7220000000000013,0.26092272999999644
1.7230000000000012,0.2582417699999973
1.7240000000000009,0.2558118699999983
1.725000000000001,0.25427349999999904
1.7260000000000013,0.2532144199999998
1.7270000000000012,0.25303644000000025
1.7280000000000009,0.25322685000000084
1.729000000000001,0.2541906500000011
1.730000000000001,0.25540054000000306
1.7310000000000012,0.2576855836826347
1.7320000000000009,0.26022241000000346
1.733000000000001,0.26333117000000283
1.734000000000001,0.2665394800000059
1.7350000000000012,0.270940630000005
1.7360000000000009,0.2754556531116944
1.737000000000001,0.28018677000000536
1.738000000000001,0.2850180000000065
1.7390000000000012,0.2909006800000065
1.7400000000000009,0.29676658000000605
1.741000000000001,0.30220144651335434
1.742000000000001,0.3077879000000082
1.7430000000000012,0.3139208600000066
1.7440000000000009,0.3198026400000056
1.745000000000001,0.3248065100000044
1.746000000000001,0.3297569249585105
1.7470000000000012,0.33454782000000544
1.7480000000000009,0.3386247500000025
1.749000000000001,0.34146041000000193
1.750000000000001,0.3436719500000019
1.7510000000000012,0.3450689600000004
1.7520000000000011,0.34542268999999903
1.753000000000001,0.3447276399999983
1.7540000000000011,0.3428043525317428
1.7550000000000012,0.3399296699999953
1.7560000000000011,0.3364477199999957
1.7570000000000008,0.3326024099999952
1.7580000000000011,0.3282717799999939
1.7590000000000012,0.3237018449974962
1.7600000000000011,0.3202518199999965
1.7610000000000008,0.3171222799999981
1.7620000000000011,0.3154793999999979
1.7630000000000012,0.31410921000000097
1.7640000000000011,0.3149634345775432
1.7650000000000008,0.3160549400000039
1.7660000000000011,0.31956568000000485
1.7670000000000012,0.32321042000000616
1.7680000000000011,0.3278266800000053
1.7690000000000008,0.3326080118668183
1.7700000000000014,0.33845517000000763
1.7710000000000012,0.3441810300000068
1.7720000000000011,0.3492847100000068
1.7730000000000008,0.3544218500000046
1.7740000000000014,0.35959491000000643
1.7750000000000012,0.36441225000000543
1.7760000000000011,0.3685096500000048
1.7770000000000008,0.37274599000000497
1.7780000000000014,0.3771742900000056
1.7790000000000012,0.3813249200000043
1.7800000000000011,0.38517436000000455
1.7810000000000008,0.3892571600000047
1.7820000000000014,0.3935283904699583
1.7830000000000013,0.397333090000004
1.7840000000000011,0.4008872200000036
1.7850000000000008,0.4041475100000035
1.7860000000000014,0.4073117400000027
1.7870000000000013,0.4093621372642757
1.7880000000000011,0.4111347800000009
1.7890000000000008,0.4119433200000006
1.7900000000000014,0.4126210499999994
1.7910000000000013,0.4121668599999993
1.7920000000000011,0.4116229643895605
1.7930000000000008,0.4101618199999987
1.7940000000000014,0.4086703399999979
1.7950000000000013,0.40706666999999785
1.7960000000000012,0.4054341899999983
1.7970000000000008,0.4038759258264157
1.7980000000000014,0.4025964399999988
1.7990000000000013,0.4017306899999992
1.8000000000000012,0.4010390599999997
1.8010000000000008,0.4007905099999999
1.8020000000000012,0.40072924000000026
1.8030000000000013,0.4009056400000005
1.8040000000000007,0.4013116400000006
1.8050000000000008,0.4018115735496456
1.8060000000000012,0.4024470700000007
1.8070000000000013,0.4029319300000003
1.8080000000000007,0.4031809
1.8090000000000008,0.4031782999999993
1.8100000000000012,0.4025570798160173
1.8110000000000013,0.40175523999999824
1.8120000000000007,0.4004016499999978
1.8130000000000008,0.3987676499999982
1.8140000000000012,0.3967421099999966
1.8150000000000013,0.39420180403059374
1.8160000000000007,0.3916699599999965
1.8170000000000008,0.3891017399999971
1.8180000000000012,0.3865481299999965
1.8190000000000013,0.3838723899999967
1.8200000000000007,0.3813573515038464
1.8210000000000008,0.3795886299999983
1.8220000000000012,0.3780575099999986
1.8230000000000013,0.3771703199999996
1.8240000000000007,0.37676424000000014
1.8250000000000008,0.3769007000000012
1.8260000000000012,0.3779480200000021
1.8270000000000013,0.37929344000000303
1.8280000000000007,0.38158085299770295
1.8290000000000008,0.3839108300000028
1.8300000000000012,0.38647193000000346
1.8310000000000013,0.3890751600000036
1.8320000000000007,0.3917849700000036
1.8330000000000009,0.3944810250344989
1.8340000000000012,0.3965313700000019
1.8350000000000013,0.39793468000000143
1.8360000000000007,0.3990024600000004
1.8370000000000009,0.3993012900000002
1.8380000000000012,0.39949668046095416
1.8390000000000013,0.3991295399999995
1.8400000000000007,0.39877187999999975
1.8410000000000009,0.3985174899999998
1.8420000000000012,0.3983746200000009
1.8430000000000013,0.3988993275292478
1.8440000000000007,0.399911050000002
1.8450000000000009,0.4016969200000032
1.8460000000000012,0.4045535900000046
1.8470000000000013,0.4075209500000048
1.8480000000000008,0.4111274200000041
1.8490000000000009,0.4148109300000049
1.8500000000000012,0.4191373900000057
1.8510000000000013,0.42339110000000496
1.8520000000000008,0.42707914000000463
1.8530000000000009,0.4305446100000029
1.8540000000000012,0.4338461500000042
1.855000000000001,0.4369995000000037
1.8560000000000008,0.4397332262883735
1.8570000000000009,0.4416961100000022
1.8580000000000012,0.44370991000000254
1.859000000000001,0.44562548000000257
1.8600000000000008,0.447532450000002
1.8610000000000009,0.4493564131646857
1.8620000000000012,0.4511880600000032
1.863000000000001,0.4532760100000025
1.8640000000000008,0.4554763400000023
1.8650000000000009,0.4575258500000021
1.8660000000000012,0.459422760308972
1.867000000000001,0.4613318700000026
1.8680000000000008,0.463338580000002
1.8690000000000009,0.4651279400000013
1.8700000000000012,0.4662673200000013
1.871000000000001,0.4672616605659447
1.8720000000000008,0.4674778
1.8730000000000009,0.4674545199999993
1.8740000000000012,0.4667026699999983
1.875000000000001,0.4654732899999977
1.8760000000000008,0.4637363599999968
1.877000000000001,0.4613303499999968
1.8780000000000012,0.4589520399999965
1.8790000000000011,0.4563232766583306
1.8800000000000008,0.4537898599999967
1.881000000000001,0.4513063099999974
1.8820000000000012,0.4489950499999977
1.8830000000000011,0.4475255599999984
1.8840000000000008,0.4463293463103682
1.885000000000001,0.4456924499999997
1.8860000000000012,0.44544688000000027
1.8870000000000011,0.4456122200000012
1.8880000000000008,0.4463709600000009
1.889000000000001,0.4472260544905519
1.8900000000000012,0.4485674200000019
1.8910000000000011,0.4497870800000013
1.8920000000000008,0.4507962500000013
1.893000000000001,0.4517609200000007
1.8940000000000012,0.4524183542565754
1.8950000000000011,0.4529407600000001
1.8960000000000008,0.4529735999999995
1.897000000000001,0.4526527199999991
1.8980000000000012,0.4519675099999984
1.8990000000000011,0.4507655499999984
1.9000000000000008,0.4494979399999979
1.9010000000000007,0.4478973999999982
1.9020000000000012,0.4462919799999971
1.9030000000000011,0.4444293699999976
1.9040000000000008,0.4426228699999983
1.9050000000000007,0.4410725499999984
1.9060000000000012,0.43960689999999797
1.9070000000000011,0.43830419154984335
1.9080000000000013,0.4371196899999989
1.9090000000000007,0.4361396999999992
1.9100000000000013,0.4354265299999989
1.9110000000000011,0.4347085699999991
1.9120000000000013,0.4340467372902703
1.9130000000000007,0.4334196399999995
1.9140000000000013,0.4329878699999994
1.9150000000000011,0.43254816999999945
1.9160000000000013,0.43211966999999946
1.9170000000000007,0.4317096010068989
1.9180000000000013,0.4314224699999997
1.9190000000000011,0.4312136199999999
1.9200000000000013,0.43112552
1.9210000000000007,0.4311813100000001
1.9220000000000013,0.4312738407469255
1.9230000000000012,0.4314954600000003
1.9240000000000013,0.4316892900000002
1.9250000000000007,0.4318708800000001
1.9260000000000013,0.4319872599999997
1.9270000000000012,0.4318090399999996
1.9280000000000013,0.4315572699999993
1.9290000000000007,0.4310391199999993
1.9300000000000013,0.4303986012708719
1.9310000000000012,0.42971130999999896
1.9320000000000013,0.42895945999999896
1.9330000000000007,0.428168449999999
1.9340000000000013,0.42728670999999896
1.9350000000000012,0.4264848514328559
1.9360000000000013,0.4258991799999992
1.9370000000000007,0.4253289699999995
1.9380000000000013,0.4249569799999995
1.9390000000000012,0.4246163699999998
1.9400000000000013,0.4244418274542544
1.9410000000000007,0.42434096
1.9420000000000013,0.42439562000000025
1.9430000000000012,0.4245778000000005
1.9440000000000013,0.4249266100000008
1.9450000000000007,0.4255071019508057
1.9460000000000013,0.42622927000000177
1.9470000000000012,0.4273653600000018
1.9480000000000013,0.4285100100000016
1.9490000000000007,0.4299271100000016
1.9500000000000013,0.4313629600000026
1.9510000000000012,0.43303353000000255
1.9520000000000013,0.4346873200000019
1.9530000000000007,0.4360980144095605
1.9540000000000013,0.4373421100000015
1.9550000000000012,0.4382948300000009
1.9560000000000013,0.4389383800000005
1.9570000000000007,0.4392733599999997
1.9580000000000013,0.4390397991570838
1.9590000000000012,0.4387313699999989
1.9600000000000013,0.4379134799999989
1.9610000000000007,0.4370889099999984
1.9620000000000013,0.43593376999999817
1.9630000000000012,0.4347414692300752
1.9640000000000013,0.4333459099999981
1.9650000000000007,0.4319431799999987
1.9660000000000013,0.4307881599999984
1.9670000000000012,0.4297956499999985
1.9680000000000013,0.4288311664483539
1.9690000000000007,0.4279189999999991
1.9700000000000013,0.4271396399999992
1.9710000000000012,0.4266529999999992
1.9720000000000013,0.4262057199999998
1.9730000000000008,0.4260276299999998
1.9740000000000013,0.4258998000000003
1.9750000000000012,0.4261423100000004
1.9760000000000013,0.4264342800000007
1.9770000000000008,0.4269138000000007
1.978000000000001,0.4274627000000008
1.9790000000000012,0.4280316800000008
1.980000000000001,0.4286151800000007
1.9810000000000008,0.4291405549585047
1.982000000000001,0.4295901400000005
1.9830000000000012,0.4299269000000001
1.984000000000001,0.4299790900000001
1.9850000000000008,0.43000992999999976
1.986000000000001,0.4298313103619635
1.9870000000000012,0.4296349299999995
1.988000000000001,0.4293025999999996
1.9890000000000008,0.4289521299999995
1.990000000000001,0.4284921299999992
1.9910000000000012,0.42797386182681657
1.992000000000001,0.4273948399999992
1.9930000000000008,0.4267514599999991
1.994000000000001,0.4259066299999983
1.9950000000000012,0.4247823699999984
1.996000000000001,0.4235687913578626
1.9970000000000008,0.42206596999999785
1.9980000000000016,0.42044007999999705
1.9990000000000012,0.4182249899999972
2.0000000000000013,0.4160866699999973
2.001000000000001,0.4141035576554665
2.0020000000000016,0.41218011234452817
2.003000000000001,0.4103915399999977
2.0040000000000013,0.4087488959518084
2.005000000000001,0.4076084140481892
2.0060000000000016,0.4068692299999992
2.007000000000001,0.40640867
2.0080000000000013,0.4063786175254951
2.009000000000001,0.4065538724745053
2.0100000000000016,0.4072237300000014
2.011000000000001,0.4079906196430735
2.0120000000000013,0.4092870503569305
2.013000000000001,0.4105346200000017
2.0140000000000016,0.4117749904759068
2.015000000000001,0.41297974952409705
2.0160000000000013,0.4141201700000015
2.017000000000001,0.4152000800000011
2.0180000000000016,0.4160394175684874
2.019000000000001,0.4167151024315147
2.0200000000000014,0.4173298800000007
2.021000000000001,0.4178655521475711
2.0220000000000016,0.4182870278524301
2.023000000000001,0.41845158000000027
2.0240000000000014,0.41865449019596107
2.025000000000001,0.4188564498040394
2.0260000000000016,0.4190943800000008
2.027000000000001,0.4195280400000009
2.0280000000000014,0.4200210107029305
2.029000000000001,0.42076838000000105
2.0300000000000016,0.4215658300000015
2.031000000000001,0.4223942737002613
2.0320000000000014,0.4232312762997413
2.0330000000000013,0.4241215600000012
2.0340000000000016,0.42501801415516993
2.035000000000001,0.42565956584483206
2.0360000000000014,0.42593396000000017
2.0370000000000013,0.4260572191251746
2.0380000000000016,0.4257484708748246
2.039000000000001,0.42536073999999896
2.0400000000000014,0.4245812899999989
2.0410000000000013,0.4237492393451296
2.0420000000000016,0.4225426906548672
2.043000000000001,0.4214060899999987
2.0440000000000014,0.4204588862007588
2.0450000000000013,0.4196208937992393
2.0460000000000016,0.4190216399999993
2.047000000000001,0.4186150628734252
2.0480000000000014,0.4185437971265746
2.0490000000000013,0.4188002300000006
2.0500000000000016,0.4192512600000015
2.051000000000001,0.42004884024197703
2.0520000000000014,0.42082003000000107
2.0530000000000013,0.42157495000000095
2.0540000000000016,0.4222668011487711
2.055000000000001,0.4227782888512305
2.0560000000000014,0.4231820699999999
2.0570000000000013,0.42308713744951004
2.0580000000000016,0.4229616325504897
2.059000000000001,0.4227368799999997
2.0600000000000014,0.4225209577974404
2.0610000000000013,0.4223989322025593
2.0620000000000016,0.42239353000000057
2.063000000000001,0.4227075600000009
2.0640000000000014,0.4233575738342341
2.0650000000000013,0.4241959161657681
2.0660000000000016,0.4253600200000024
2.067000000000001,0.42667588244651344
2.0680000000000014,0.4284003475534919
2.0690000000000013,0.43003336000000203
2.0700000000000016,0.4315214180783867
2.071000000000001,0.43300220192161787
2.0720000000000014,0.4344512800000018
2.0730000000000013,0.4358126500000013
2.0740000000000016,0.4367269498380175
2.075000000000001,0.4375253300000009
2.0760000000000014,0.4382219000000008
2.0770000000000013,0.4388323492061592
2.0780000000000016,0.4392244107938418
2.079000000000001,0.4394368200000002
2.0800000000000014,0.4395736244451111
2.0810000000000013,0.4396180755548891
2.0820000000000016,0.4396208199999999
2.083000000000001,0.4395257330223952
2.0840000000000014,0.4393559569776042
2.0850000000000013,0.4389585299999995
2.0860000000000016,0.4385750299999992
2.087000000000001,0.438119126801639
2.0880000000000014,0.4376871431983597
2.0890000000000013,0.4373739099999997
2.0900000000000016,0.43711432352229546
2.091000000000001,0.4370495464777044
2.0920000000000014,0.4370680700000002
2.0930000000000013,0.4372276351089785
2.0940000000000016,0.4374787248910222
2.095000000000001,0.4376953500000002
2.0960000000000014,0.43784723
2.0970000000000013,0.4378854457864212
2.0980000000000016,0.4377433099999997
2.099000000000001,0.4375117099999994
2.1000000000000014,0.4370377185802831
2.1010000000000013,0.4365235214197153
2.1020000000000016,0.4357899699999989
2.103000000000001,0.4351295368076378
2.104000000000001,0.4346976131923608
2.1050000000000013,0.4343594900000001
2.1060000000000016,0.4344154226724659
2.107000000000001,0.4346421473275348
2.108000000000001,0.4353599800000013
2.1090000000000013,0.43633085000000216
2.1100000000000017,0.4379360646470739
2.111000000000001,0.4399825353529325
2.112000000000001,0.4422886100000034
2.1130000000000013,0.4448426562977438
2.1140000000000017,0.4477056337022638
2.115000000000001,0.4509980100000042
2.116000000000001,0.4541109079314184
2.1170000000000013,0.4569902220685906
2.1180000000000017,0.4599522100000041
2.119000000000001,0.4630470000000039
2.120000000000001,0.4659278730703894
2.1210000000000013,0.4680585769296173
2.1220000000000017,0.4700593100000025
2.1230000000000016,0.4714339976064806
2.124000000000001,0.472610062393523
2.1250000000000013,0.4729786500000001
2.1260000000000017,0.4730733382413509
2.1270000000000016,0.4725557517586474
2.128000000000001,0.4717391699999986
2.1290000000000013,0.4707190095870812
2.1300000000000017,0.4695148804129156
2.1310000000000016,0.4681534499999974
2.132000000000001,0.4666427099999976
2.1330000000000013,0.4653076913687249
2.1340000000000017,0.4642213786312722
2.1350000000000016,0.4630872899999978
2.136000000000001,0.4618803000629855
2.1370000000000013,0.4606809299370108
2.1380000000000017,0.4595140199999978
2.1390000000000016,0.4582635137292516
2.140000000000001,0.4567008062707435
2.1410000000000013,0.4550785699999975
2.1420000000000017,0.4532069899999965
2.1430000000000016,0.4512800447660432
2.144000000000001,0.4490277052339498
2.1450000000000014,0.4467558899999973
2.1460000000000017,0.4447763804659039
2.1470000000000016,0.4429810395340905
2.148000000000001,0.4413250999999981
2.1490000000000014,0.4398763756198749
2.1500000000000017,0.43893257438012256
2.1510000000000016,0.4385613799999999
2.152000000000001,0.4384840400000009
2.1530000000000014,0.4389476636376369
2.1540000000000017,0.4396868300000024
2.1550000000000016,0.4410666800000027
2.156000000000001,0.4425959390182
2.1570000000000014,0.4447861209818069
2.1580000000000017,0.4468717000000034
2.1590000000000016,0.4487736592641503
2.160000000000001,0.4506663007358556
2.1610000000000014,0.4525412900000023
2.1620000000000017,0.4542897337952428
2.1630000000000016,0.4554276862047608
2.164000000000001,0.4563581600000005
2.1650000000000014,0.4567534600000002
2.1660000000000017,0.4568775013567282
2.1670000000000016,0.4565910686432709
2.168000000000001,0.4559951699999985
2.1690000000000014,0.4548530140431895
2.1700000000000017,0.4531934459568061
2.1710000000000016,0.4512410499999958
2.172000000000001,0.44886304016796175
2.1730000000000014,0.4459647198320293
2.1740000000000017,0.4422417899999934
2.1750000000000016,0.4385338999999933
2.176000000000001,0.4347388095090434
2.1770000000000014,0.4308362599999944
2.1780000000000017,0.4265675199999928
2.1790000000000016,0.4225416274125123
2.180000000000001,0.4193157525874777
2.1810000000000014,0.4160972199999961
2.1820000000000017,0.4131397230453864
2.1830000000000016,0.410370176954605
2.184000000000001,0.40855371999999773
2.1850000000000014,0.4069357890171953
2.1860000000000017,0.4058259609828013
2.1870000000000016,0.4049385199999993
2.188000000000001,0.40454753999999976
2.1890000000000014,0.40438884670165975
2.1900000000000017,0.4044558632983404
2.1910000000000016,0.4046928600000005
2.192000000000001,0.40502049219456177
2.1930000000000014,0.4054424378054395
2.1940000000000017,0.4059928100000013
2.1950000000000016,0.4067198211987616
2.196000000000001,0.40753180880124096
2.1970000000000014,0.4085007600000014
2.1980000000000017,0.4095245000000021
2.1990000000000016,0.4107015634106608
2.200000000000001,0.4118356700000013
2.2010000000000014,0.4128423900000013
2.2020000000000017,0.4138388662397536
2.2030000000000016,0.4148012637602494
2.204000000000001,0.4156695900000006
2.2050000000000014,0.4161146986962614
2.2060000000000017,0.41650166130374
2.2070000000000016,0.41658983
2.208000000000001,0.4165515728504292
2.2090000000000014,0.41608007714956935
2.2100000000000017,0.4153749299999974
2.2110000000000016,0.4139379299999969
2.212000000000001,0.41218042383622944
2.2130000000000014,0.4101187861637642
2.2140000000000017,0.4078440999999953
2.2150000000000016,0.4052094066366681
2.216000000000001,0.4023757733633231
2.2170000000000014,0.3997820299999969
2.2180000000000017,0.3974188060857791
2.2190000000000016,0.3950796639142137
2.220000000000001,0.3928403299999975
2.2210000000000014,0.3909575599999982
2.2220000000000018,0.3896270712998681
2.2230000000000016,0.38844006999999897
2.224000000000001,0.3876537999999991
2.2250000000000014,0.3869926387112574
2.2260000000000018,0.3867797512887418
2.2270000000000016,0.3865445899999998
2.228000000000001,0.3864202010527891
2.229000000000001,0.3862307289472103
2.2300000000000018,0.3858972199999992
2.2310000000000016,0.3854527148000385
2.232000000000001,0.3845007151999586
2.233000000000001,0.3835123499999985
2.2340000000000018,0.3823316399999977
2.2350000000000017,0.3810367623985174
2.236000000000001,0.37926074760147693
2.237000000000001,0.3773722399999974
2.2380000000000018,0.3754004205978769
2.2390000000000017,0.3733063994021164
2.240000000000001,0.3707467899999963
2.241000000000001,0.3679910238832189
2.2420000000000018,0.3652298561167713
2.2430000000000017,0.3623583899999954
2.244000000000001,0.35892769999999485
2.245000000000001,0.3550496356118713
2.2460000000000018,0.3511057543881147
2.2470000000000017,0.3469636999999915
2.2480000000000016,0.3421536657798349
2.249000000000001,0.3365114642201476
2.2500000000000018,0.3307403899999891
2.2510000000000017,0.3246297837512387
2.2520000000000016,0.31776729624874
2.253000000000001,0.3095132999999893
2.2540000000000022,0.30146106347129303
2.2550000000000017,0.2935957765286825
2.2560000000000016,0.28526865999998297
2.257000000000001,0.2756745199999836
2.2580000000000022,0.2664548348850098
2.2590000000000017,0.2583036851149648
2.2600000000000016,0.2498746799999838
2.261000000000001,0.24076661058586865
2.2620000000000022,0.2319724694141001
2.2630000000000017,0.22457305999998664
2.2640000000000016,0.21706238606277495
2.265000000000001,0.20932301393720096
2.2660000000000022,0.20180741999998889
2.2670000000000017,0.19554781999998916
2.2680000000000016,0.18942564758447325
2.269000000000001,0.18330149241550767
2.2700000000000022,0.17742642999999192
2.2710000000000017,0.17287690632472855
2.2720000000000016,0.16884015367525892
2.273000000000001,0.16545842999999605
2.2740000000000022,0.16250626543890875
2.2750000000000017,0.16036065456108456
2.2760000000000016,0.15872881999999802
2.277000000000001,0.15762324999999885
2.2780000000000022,0.1569593963853602
2.2790000000000017,0.1567139500000002
2.2800000000000016,0.15684211000000042
2.281000000000001,0.15707120792241613
2.2820000000000022,0.15745043207758522
2.2830000000000017,0.15789038000000094
2.2840000000000016,0.15842137020595978
2.285000000000001,0.15902342979404208
2.2860000000000023,0.1597314500000011
2.2870000000000017,0.16035916238352413
2.2880000000000016,0.16088299761647748
2.289000000000001,0.16140531000000066
2.2900000000000023,0.16189530000000055
2.2910000000000017,0.1622300304069186
2.2920000000000016,0.1622340995930814
2.293000000000001,0.16196977999999862
2.2940000000000023,0.1609254678334315
2.2950000000000017,0.159803802166565
2.2960000000000016,0.15822432999999686
2.297000000000001,0.15646168246350314
2.2980000000000023,0.1538863175364877
2.2990000000000017,0.1512448899999944
2.3000000000000016,0.14810700999999402
2.301000000000001,0.14473620708028692
2.3020000000000023,0.14007767999999188
2.3030000000000017,0.13549792999999194
2.3040000000000016,0.13096807724454362
2.305000000000001,0.12634052275544197
2.3060000000000023,0.1211857299999912
2.3070000000000017,0.11623262116676038
2.3080000000000016,0.11234428883322753
2.309000000000001,0.10877351999999664
2.3100000000000023,0.10625564317436197
2.3110000000000017,0.10428738682563106
2.3120000000000016,0.10429072000000136
2.313000000000001,0.10504742000000357
2.3140000000000023,0.1077204896950663
2.3150000000000017,0.1110174403049454
2.3160000000000016,0.11490852000000748
2.317000000000001,0.11911881256249528
2.3180000000000023,0.12394443743752186
2.3190000000000017,0.12891865000000766
2.3200000000000016,0.13322879123475953
2.321000000000001,0.13724113876525296
2.3220000000000023,0.14118505000000675
2.3230000000000017,0.14497934000000565
2.3240000000000016,0.1481566486301415
2.325000000000001,0.15094295000000366
2.3260000000000023,0.1536831100000047
2.3270000000000017,0.15632724987302926
2.3280000000000016,0.1587259801269782
2.329000000000001,0.1608991800000028
2.3300000000000023,0.16299742403419715
2.3310000000000017,0.16493776596581058
2.3320000000000016,0.1664115500000017
2.333000000000001,0.16737525017696558
2.3340000000000023,0.16797701982303656
2.3350000000000017,0.16805432999999914
2.3360000000000016,0.16757407999999774
2.337000000000001,0.1663074917386494
2.3380000000000023,0.16452487826134427
2.3390000000000017,0.16193836999999506
2.3400000000000016,0.1591440173775193
2.341000000000001,0.15591779262247069
2.3420000000000023,0.1524030299999929
2.3430000000000017,0.1483980804369068
2.3440000000000016,0.144802449563082
2.345000000000001,0.1418067799999964
2.3460000000000023,0.13908843999999634
2.3470000000000018,0.13702770839615794
2.3480000000000016,0.13551166999999958
2.349000000000001,0.13519713000000022
2.350000000000002,0.13537258003399627
2.3510000000000018,0.13687291996600973
2.3520000000000016,0.13839890000000346
2.353000000000001,0.14034741236253095
2.354000000000002,0.14247103763747662
2.3550000000000018,0.14512360000000427
2.3560000000000016,0.14751947835333235
2.357000000000001,0.1494030116466735
2.358000000000002,0.15123372000000268
2.3590000000000018,0.15274897000000248
2.3600000000000017,0.1541375140081997
2.361000000000001,0.1549775959918029
2.362000000000002,0.15594816000000195
2.3630000000000018,0.15704956553789412
2.3640000000000017,0.15810494446210915
2.365000000000001,0.1590516900000013
2.366000000000002,0.16003026669266365
2.3670000000000018,0.1610971933073406
2.3680000000000017,0.1619733300000003
2.369000000000001,0.1622052500000003
2.370000000000002,0.16244426173465312
2.3710000000000018,0.16246160826534695
2.3720000000000017,0.1622334099999978
2.3730000000000016,0.16099271529593864
2.374000000000002,0.15964567470405658
2.3750000000000018,0.15745061999999627
2.3760000000000017,0.1553360696100746
2.3770000000000016,0.15323217038991888
2.378000000000002,0.15113375999999626
2.3790000000000022,0.1490214696500669
2.3800000000000017,0.14711797034992716
2.3810000000000016,0.1461553899999984
2.382000000000002,0.14525514999999942
2.3830000000000022,0.144996268513297
2.3840000000000017,0.14478140148670232
2.3850000000000016,0.14506787000000046
2.386000000000002,0.14531678880723914
2.3870000000000022,0.145604861192762
2.3880000000000017,0.14580094999999973
2.3890000000000016,0.14564399579284104
2.390000000000002,0.1454019242071581
2.3910000000000022,0.14470467999999884
2.3920000000000017,0.14407053999999905
2.3930000000000016,0.1435276120985795
2.394000000000002,0.14304859790141874
2.3950000000000022,0.14290034999999968
2.3960000000000017,0.1427147477784438
2.3970000000000016,0.1423925322215552
2.398000000000002,0.14222404000000088
2.3990000000000022,0.14272948827934506
2.4000000000000017,0.14331228172065674
2.4010000000000016,0.1443820700000017
2.402000000000001,0.1453288000000011
2.4030000000000022,0.145958477032298
2.4040000000000017,0.14649725000000005
2.4050000000000016,0.14652433999999998
2.406000000000002,0.14651156287942335
2.4070000000000022,0.14614035712057516
2.4080000000000017,0.14583938999999985
2.4090000000000016,0.14574560724955005
2.410000000000001,0.14571810275044988
2.4110000000000023,0.14589362000000045
2.4120000000000017,0.14614765130673962
2.4130000000000016,0.14676071869326227
2.414000000000002,0.14721884000000013
2.4150000000000023,0.1472988400000003
2.4160000000000017,0.14746513543691306
2.4170000000000016,0.14771950456308774
2.418000000000001,0.14812672000000116
2.4190000000000023,0.1490018057148584
2.4200000000000017,0.14985895428514426
2.4210000000000016,0.1507956100000019
2.422000000000002,0.15186888215857164
2.4230000000000023,0.15349046784143486
2.4240000000000017,0.15502320000000264
2.4250000000000016,0.15648423000000208
2.426000000000001,0.1576512033026715
2.4270000000000023,0.1578103799999999
2.4280000000000017,0.15774672999999825
2.4290000000000016,0.15676141043791
2.430000000000002,0.1552657895620847
2.4310000000000023,0.15211608999999468
2.4320000000000017,0.14911141939711556
2.4330000000000016,0.1460053906028748
2.434000000000001,0.14278085999999535
2.4350000000000023,0.13929863550589358
2.4360000000000017,0.13605369449409488
2.4370000000000016,0.13335331999999533
2.438000000000002,0.13073236999999588
2.4390000000000023,0.1284256612987377
2.4400000000000017,0.12683864870125666
2.4410000000000016,0.12683243000000108
2.442000000000001,0.12744253979804376
2.4430000000000023,0.12954052020196366
2.4440000000000017,0.13176502000000473
2.4450000000000016,0.13442399475405442
2.446000000000002,0.13767153524595713
2.4470000000000023,0.1419483100000069
2.4480000000000017,0.1458381400000064
2.4490000000000016,0.1494350307139344
2.450000000000001,0.15304217000000456
2.4510000000000023,0.1564544600000052
2.4520000000000017,0.15938580124775384
2.4530000000000016,0.1614982787522527
2.454000000000002,0.16295087000000089
2.4550000000000023,0.1634491906298732
2.4560000000000017,0.1630554893701252
2.4570000000000016,0.16171760999999707
2.458000000000001,0.16006865317636154
2.4590000000000023,0.15810041682363146
2.4600000000000017,0.1567149799999983
2.4610000000000016,0.15576372999999866
2.462000000000002,0.15500271260047874
2.4630000000000023,0.15442871739951894
2.4640000000000017,0.15434557000000101
2.4650000000000016,0.15491298749550378
2.466000000000001,0.15668794250450174
2.4670000000000023,0.1592014100000052
2.4680000000000017,0.1621384157948463
2.4690000000000016,0.16539636420516385
2.470000000000002,0.1690225300000065
2.4710000000000023,0.17268531000000548
2.4720000000000018,0.17576840584842024
2.4730000000000016,0.1789268900000041
2.474000000000001,0.18200780000000372
2.475000000000002,0.18481019078684527
2.4760000000000018,0.18611805921315988
2.4770000000000016,0.1868326099999994
2.478000000000002,0.18648810178564207
2.479000000000002,0.1861059582143564
2.4800000000000018,0.18625166999999976
2.4810000000000016,0.18611481542291194
2.482000000000001,0.18396904457708135
2.483000000000002,0.1821249999999996
2.4840000000000018,0.18191241
2.4850000000000017,0.18192696739952186
2.486000000000002,0.183000962600482
2.487000000000002,0.18420732000000425
2.4880000000000018,0.18657618786843047
2.4890000000000017,0.1891548721315776
2.490000000000001,0.19104710000000227
2.491000000000002,0.19275350837932695
2.4920000000000018,0.19413730162067852
2.4930000000000017,0.19592437000000335
2.494000000000002,0.19845721000000424
2.495000000000002,0.2008454966466741
2.4960000000000018,0.20251196335333255
2.4970000000000017,0.20318471999999727
2.4980000000000016,0.2016373539482088
2.499000000000002,0.20067683605178774
2.5000000000000018,0.20081422
2.5010000000000017,0.20081422
2.502000000000002,0.20081422
2.503000000000002,0.20081422
2.5040000000000022,0.20081422
2.5050000000000017,0.20081422
2.5060000000000016,0.20081422
2.507000000000002,0.20081422
2.5080000000000022,0.20081422
2.5090000000000017,0.20081422
2.510000000000002,0.20081422
2.511000000000002,0.20081422
2.5120000000000022,0.20081422
2.5130000000000017,0.20081422
2.5140000000000016,0.20081422
2.515000000000002,0.20081422
2.5160000000000022,0.20081422
2.5170000000000017,0.20081422
2.518000000000002,0.20081422
2.519000000000002,0.20081422
2.5200000000000022,0.20081422
2.5210000000000017,0.20081422
2.5220000000000016,0.20081422
2.523000000000002,0.20081422
2.5240000000000022,0.20081422
2.5250000000000017,0.20081422
2.526000000000002,0.20081422
2.527000000000002,0.20081422
2.5280000000000022,0.20081422
2.5290000000000017,0.20081422
2.5300000000000016,0.20081422
2.531000000000002,0.20081422
2.5320000000000022,0.20081422
2.5330000000000017,0.20081422
2.534000000000002,0.20081422
2.535000000000002,0.20081422
2.5360000000000023,0.20081422
2.5370000000000017,0.20081422
2.5380000000000016,0.20081422
2.539000000000002,0.20081422
2.5400000000000023,0.20081422
2.5410000000000017,0.20081422
2.542000000000002,0.20081422
2.543000000000002,0.20081422
2.5440000000000023,0.20081422
2.5450000000000017,0.20081422
2.5460000000000016,0.20081422
2.547000000000002,0.20081422
2.5480000000000023,0.20081422
2.5490000000000017,0.20081422
2.550000000000002,0.20081422
2.551000000000002,0.20081422
2.5520000000000023,0.20081422
2.5530000000000017,0.20081422
2.5540000000000016,0.20081422
2.555000000000002,0.20081422
2.5560000000000023,0.20081422
2.5570000000000017,0.20081422
2.558000000000002,0.20081422
2.559000000000002,0.20081422
2.5600000000000023,0.20081422
2.5610000000000017,0.20081422
2.5620000000000016,0.20081422
2.563000000000002,0.20081422
2.5640000000000023,0.20081422
2.5650000000000017,0.20081422
2.566000000000002,0.20081422
2.567000000000002,0.20081422
2.5680000000000023,0.20081422
2.5690000000000017,0.20081422
2.5700000000000016,0.20081422
2.571000000000002,0.20081422
2.5720000000000023,0.20081422
2.5730000000000017,0.20081422
2.574000000000002,0.20081422
2.575000000000002,0.20081422
2.5760000000000023,0.20081422
2.5770000000000017,0.20081422
2.5780000000000016,0.20081422
2.579000000000002,0.20081422
2.5800000000000023,0.20081422
2.5810000000000017,0.20081422
2.582000000000002,0.20081422
2.583000000000002,0.20081422
2.5840000000000023,0.20081422
2.5850000000000017,0.20081422
2.5860000000000016,0.20081422
2.587000000000002,0.20081422
2.5880000000000023,0.20081422
2.5890000000000017,0.20081422
2.590000000000002,0.20081422
2.591000000000002,0.20081422
2.5920000000000023,0.20081422
2.5930000000000017,0.20081422
2.5940000000000016,0.20081422
2.595000000000002,0.20081422
2.5960000000000023,0.20081422
2.5970000000000018,0.20081422
2.598000000000002,0.20081422
2.599000000000002,0.20081422
