wave,L-Histidine
0.4,0.7907975136128278
0.401,0.7922461106064879
0.402,0.7933067593935121
0.40299999999999997,0.7911692900000001
0.40399999999999997,0.7925143665492345
0.405,0.8010304
0.406,0.7989397784582306
0.407,0.7947856015417691
0.408,0.7959272301338977
0.409,0.8019406198661027
0.41,0.80152935
0.411,0.8023565917275827
0.412,0.80638361
0.413,0.8027741492080079
0.414,0.8046949500000002
0.415,0.8086512679389413
0.416,0.8084451620610588
0.417,0.81099874
0.418,0.815204817939221
0.419,0.8160445699999996
0.42,0.8107942664568356
0.421,0.81443995
0.422,0.8185749083316334
0.423,0.8184080716683667
0.424,0.8196353866753664
0.425,0.8193029233246335
0.4260000000000001,0.8200841500000001
0.4270000000000001,0.8230793515407846
0.4280000000000001,0.8232334300000002
0.4290000000000001,0.8248601870670588
0.4300000000000001,0.8275668929329415
0.4310000000000001,0.8274836881202374
0.4320000000000001,0.8252957118797623
0.4330000000000001,0.8245956900000001
0.4340000000000001,0.8259565794356057
0.4350000000000001,0.8259001400000001
0.4360000000000001,0.8280931896590069
0.4370000000000001,0.8300590903409932
0.4380000000000001,0.8290488563227735
0.4390000000000001,0.8276811336772264
0.4400000000000001,0.8286130400000001
0.4410000000000001,0.8305117310130901
0.4420000000000001,0.8302656999999999
0.4430000000000001,0.8310658323281535
0.4440000000000001,0.8312986476718466
0.4450000000000001,0.8307995830052399
0.4460000000000001,0.8311001069947601
0.4470000000000001,0.83034372
0.4480000000000001,0.8301307621295787
0.4490000000000001,0.8317111700000002
0.4500000000000001,0.8327174819925601
0.4510000000000001,0.8329167380074399
0.4520000000000001,0.8329814817621648
0.4530000000000001,0.8341576982378354
0.4540000000000001,0.8357825300000001
0.4550000000000001,0.8369504683206169
0.4560000000000001,0.83704948
0.4570000000000001,0.8363988928266717
0.4580000000000001,0.8356815600000002
0.4590000000000001,0.8362816216163677
0.4600000000000001,0.8384432583836324
0.4610000000000001,0.83929932
0.4620000000000001,0.8387781452117478
0.4630000000000001,0.8379473700000001
0.4640000000000001,0.8386997778430217
0.4650000000000001,0.84048408
0.4660000000000001,0.8409153743252135
0.4670000000000001,0.8403478956747864
0.4680000000000001,0.8423880340322194
0.4690000000000001,0.8427912559677807
0.4700000000000001,0.8425114800000001
0.4710000000000001,0.8436214472476277
0.4720000000000001,0.84534621
0.4730000000000001,0.8457235107801844
0.4740000000000001,0.8458015292198157
0.4750000000000001,0.8481617112930743
0.4760000000000001,0.8492910187069259
0.4770000000000001,0.84887207
0.4780000000000001,0.8480039282594175
0.4790000000000001,0.8488298700000001
0.4800000000000001,0.8497917235394293
0.4810000000000001,0.851145666460571
0.4820000000000001,0.8530427883242336
0.4830000000000001,0.8538752116757666
0.4840000000000001,0.85367119
0.4850000000000001,0.8541625050868492
0.4860000000000001,0.8571893600000001
0.4870000000000001,0.858620176457371
0.4880000000000001,0.8592659135426293
0.4890000000000001,0.8599005337860243
0.4900000000000001,0.8602791362139758
0.4910000000000001,0.8620836700000002
0.4920000000000001,0.8639815810208901
0.4930000000000001,0.8639007199999998
0.4940000000000001,0.8633346582237178
0.4950000000000001,0.8631570300000001
0.4960000000000001,0.8638527508060841
0.4970000000000001,0.8649333591939162
0.4980000000000001,0.86547112
0.4990000000000001,0.8657457172540275
0.5000000000000001,0.86592621
0.5010000000000001,0.865864647581352
0.5020000000000001,0.8676227927196644
0.5030000000000001,0.8697134481868909
0.5040000000000001,0.8695316918180181
0.5050000000000001,0.8695889700000001
0.5060000000000001,0.8702008253450328
0.5070000000000001,0.8709680769824509
0.5080000000000001,0.8711337366871669
0.5090000000000001,0.8723940800000001
0.5100000000000001,0.8733382156840568
0.5110000000000001,0.8729066363619455
0.5120000000000001,0.8732247336380545
0.5130000000000001,0.8737311349359494
0.5140000000000001,0.8742857600000001
0.5150000000000001,0.875029399892098
0.5160000000000001,0.8760186003302836
0.5170000000000001,0.8766962764464779
0.5180000000000001,0.8768700982618826
0.5190000000000001,0.8770944518209182
0.5200000000000001,0.8772765556764163
0.5210000000000001,0.8780603764853758
0.5220000000000001,0.8795229053745077
0.5230000000000001,0.8800212100000001
0.5240000000000001,0.8810309344637449
0.5250000000000001,0.882477286599136
0.5260000000000001,0.882807243400864
0.5270000000000001,0.8828384296881968
0.5280000000000001,0.8833620000000002
0.5290000000000001,0.8842901569087691
0.5300000000000001,0.8841356184991751
0.5310000000000001,0.8847522576672168
0.5320000000000001,0.8856597409251094
0.5330000000000001,0.8854703272676726
0.5340000000000001,0.8851971036000199
0.5350000000000001,0.88537710459997
0.5360000000000001,0.8859761340095803
0.5370000000000001,0.88604265
0.5380000000000001,0.8855444199862997
0.5390000000000001,0.8855430836154194
0.5400000000000001,0.8866635975897207
0.5410000000000001,0.8872232344037441
0.5420000000000001,0.88718408
0.5430000000000001,0.8872342261127945
0.5440000000000002,0.8880398658308086
0.5450000000000002,0.887845163894639
0.5460000000000002,0.8878696600000001
0.5470000000000002,0.8884727959408594
0.5480000000000002,0.8880668793060278
0.5490000000000002,0.8875321806939721
0.5500000000000002,0.8875366399552995
0.5510000000000002,0.88817984
0.5520000000000002,0.8881983250206005
0.5530000000000002,0.8887003953793312
0.5540000000000002,0.8895463730804462
0.5550000000000002,0.8893996514674146
0.5560000000000002,0.8894681917965179
0.5570000000000002,0.8896478379151042
0.5580000000000002,0.8895435931273437
0.5590000000000002,0.8891264883422835
0.5600000000000002,0.8896278700000001
0.5610000000000002,0.8909108693890941
0.5620000000000002,0.8918497734688614
0.5630000000000002,0.8925232165311389
0.5640000000000002,0.8936412788192885
0.5650000000000002,0.8950948100000001
0.5660000000000002,0.8954968509154092
0.5670000000000002,0.8955426071618418
0.5680000000000002,0.8951146685587719
0.5690000000000002,0.8940294508523083
0.5700000000000002,0.8925905636187359
0.5710000000000002,0.8909524400978948
0.5720000000000002,0.8894573348531569
0.5730000000000002,0.8885412891602831
0.5740000000000002,0.8881914600000002
0.5750000000000002,0.8887321523090232
0.5760000000000002,0.8899630487926484
0.5770000000000002,0.8909026812073519
0.5780000000000002,0.8920591384353845
0.5790000000000002,0.89306831
0.5800000000000002,0.8931367242618424
0.5810000000000002,0.8923498084121791
0.5820000000000002,0.8912968810585468
0.5830000000000002,0.8903230399999997
0.5840000000000002,0.8891681274942748
0.5850000000000002,0.8879175662676865
0.5860000000000002,0.8872309505984699
0.5870000000000002,0.8874670876383528
0.5880000000000002,0.8877320900000001
0.5890000000000002,0.8884443104430091
0.5900000000000002,0.8894886062180892
0.5910000000000002,0.8903625425212741
0.5920000000000002,0.8911804518209183
0.5930000000000002,0.8922302205162054
0.5940000000000002,0.8932818239504026
0.5950000000000002,0.8934793440743963
0.5960000000000002,0.8939341209043091
0.5970000000000002,0.8939709099999997
0.5980000000000002,0.8929624606795068
0.5990000000000002,0.8930304186470542
0.6000000000000002,0.8934627713529459
0.6010000000000002,0.8933749208786087
0.6020000000000002,0.89247787
0.6030000000000002,0.8924284651565032
0.6040000000000002,0.8929441080620969
0.6050000000000002,0.8932128446252687
0.6060000000000002,0.8929856422721227
0.6070000000000002,0.8928711407451074
0.6080000000000002,0.8929456506543674
0.6090000000000002,0.8929783690184491
0.6100000000000002,0.8932406273773476
0.6110000000000002,0.8930727199999999
0.6120000000000002,0.8924824004542046
0.6130000000000002,0.8925278228596856
0.6140000000000002,0.8926708071403144
0.6150000000000002,0.8926163305448054
0.6160000000000002,0.8921408699999999
0.6170000000000002,0.8915348608798088
0.6180000000000002,0.8915788664358784
0.6190000000000002,0.8921267290427479
0.6200000000000002,0.89223665
0.6210000000000002,0.8924242256553565
0.6220000000000002,0.8919897499332031
0.6230000000000002,0.8909864101001947
0.6240000000000002,0.8909572402914058
0.6250000000000002,0.89108354
0.6260000000000002,0.8911967874005479
0.6270000000000002,0.8909368065807706
0.6280000000000002,0.8894894989461524
0.6290000000000002,0.8897170377242772
0.6300000000000002,0.8914750199999999
0.6310000000000002,0.8908879144270786
0.6320000000000002,0.8906092683593819
0.6330000000000002,0.8908045260945611
0.6340000000000002,0.8912849400000001
0.6350000000000002,0.8918924294051941
0.6360000000000002,0.8918329401989918
0.6370000000000002,0.8913428898010078
0.6380000000000002,0.8913128403004029
0.6390000000000002,0.89114869
0.6400000000000002,0.8910110583560671
0.6410000000000002,0.8908466577822107
0.6420000000000002,0.8904393981451927
0.6430000000000002,0.8904251501424014
0.6440000000000002,0.8906081290993909
0.6450000000000002,0.8905180665585721
0.6460000000000002,0.8903459951621419
0.6470000000000002,0.89039575950229
0.6480000000000002,0.8904712799999999
0.6490000000000002,0.8900358083792838
0.6500000000000002,0.8898737448552058
0.6510000000000002,0.8901165051447943
0.6520000000000002,0.8904185869791699
0.6530000000000002,0.89013344
0.6540000000000002,0.8902936660260603
0.6550000000000002,0.8905949515962202
0.6560000000000002,0.8903148256025197
0.6570000000000003,0.8903378797693977
0.6580000000000003,0.8901324851367513
0.6590000000000003,0.8896461665467726
0.6600000000000003,0.8894735051798409
0.6610000000000003,0.8893178115569311
0.6620000000000003,0.8889072499999999
0.6630000000000003,0.8883327804977099
0.6640000000000003,0.8883825508870556
0.6650000000000003,0.8884121194086296
0.6660000000000003,0.8880946031752316
0.6670000000000003,0.8874783499999999
0.6680000000000003,0.8869914421932903
0.6690000000000003,0.8871011067100646
0.6700000000000003,0.8874481230595307
0.6710000000000003,0.8867804399999998
0.6720000000000003,0.8860999293973939
0.6730000000000003,0.8860396790190392
0.6740000000000003,0.8864906309809608
0.6750000000000003,0.8859502754037539
0.6760000000000003,0.8852049699999999
0.6770000000000003,0.8848143205996121
0.6780000000000003,0.8848742800644968
0.6790000000000003,0.8848764299570022
0.6800000000000003,0.8843397553668535
0.6810000000000003,0.8835320505382054
0.6820000000000003,0.8835858643616818
0.6830000000000003,0.8833039484574771
0.6840000000000003,0.8824883863115629
0.6850000000000003,0.8813625599999997
0.6860000000000003,0.8799269633993335
0.6870000000000003,0.8782668815625367
0.6880000000000003,0.8758450084374619
0.6890000000000003,0.8720355980943799
0.6900000000000003,0.8688406299999993
0.6910000000000003,0.8669044399485994
0.6920000000000003,0.8669019442273892
0.6930000000000003,0.8693761905150749
0.6940000000000003,0.8729008647530485
0.6950000000000003,0.8758697045490459
0.6960000000000003,0.8773246071068451
0.6970000000000003,0.8786799493397334
0.6980000000000003,0.8796123206764138
0.6990000000000003,0.8801770800000001
0.7000000000000003,0.8807867836913371
0.7010000000000003,0.8811559162569499
0.7020000000000003,0.8814687637430504
0.7030000000000003,0.8817166075215753
0.7040000000000003,0.88156211
0.7050000000000003,0.8816335226178261
0.7060000000000003,0.8817644026404681
0.7070000000000003,0.8815190849063546
0.7080000000000003,0.8813490299999999
0.7090000000000003,0.8810936782958829
0.7100000000000003,0.880923274882556
0.7110000000000003,0.8811674026761662
0.7120000000000003,0.8810744309298185
0.7130000000000003,0.8807687199999998
0.7140000000000003,0.8804140648142962
0.7150000000000003,0.879895503180441
0.7160000000000003,0.8796681845463726
0.7170000000000003,0.8799354973267733
0.7180000000000003,0.8804197885491855
0.7190000000000003,0.880274703917104
0.7200000000000003,0.8799705591243437
0.7210000000000003,0.8796467264766646
0.7220000000000003,0.8790508499999999
0.7230000000000003,0.8788598189860898
0.7240000000000003,0.8787584209333625
0.7250000000000003,0.8783050890666372
0.7260000000000003,0.8775847072038718
0.7270000000000003,0.8769344099999998
0.7280000000000003,0.876375672660653
0.7290000000000003,0.8756417270910452
0.7300000000000003,0.8745447619393028
0.7310000000000003,0.8734083913637133
0.7320000000000003,0.8722678881695813
0.7330000000000003,0.8710848668625568
0.7340000000000003,0.8709279947061647
0.7350000000000003,0.8709917693621874
0.7360000000000003,0.8707327200000001
0.7370000000000003,0.8709435497674977
0.7380000000000003,0.8709203072107118
0.7390000000000003,0.8712808427892885
0.7400000000000003,0.8725196576116765
0.7410000000000003,0.87291342
0.7420000000000003,0.8729852401276013
0.7430000000000003,0.87299161979811
0.7440000000000003,0.8729848901345932
0.7450000000000003,0.8734788300000003
0.7460000000000003,0.8740021598878989
0.7470000000000003,0.8739909389605518
0.7480000000000003,0.873438966559172
0.7490000000000003,0.8729177152125039
0.7500000000000003,0.87288362
0.7510000000000003,0.8730444206049117
0.7520000000000003,0.8721049201349931
0.7530000000000003,0.8714427532433376
0.7540000000000003,0.8713166712607125
0.7550000000000003,0.8709874699999999
0.7560000000000003,0.8706164336225188
0.7570000000000003,0.8702975595662216
0.7580000000000003,0.8700659946312462
0.7590000000000003,0.86984867
0.7600000000000003,0.8698382965058649
0.7610000000000003,0.8694888740576374
0.7620000000000003,0.8686917559423621
0.7630000000000003,0.8687066998503985
0.7640000000000003,0.86913806
0.7650000000000003,0.8692592943201862
0.7660000000000003,0.8686913333364332
0.7670000000000003,0.8688025477757112
0.7680000000000003,0.8690298177272773
0.7690000000000003,0.8691530206682068
0.7700000000000004,0.8692198245059745
0.7710000000000004,0.8684451232410375
0.7720000000000004,0.8678224162270244
0.7730000000000004,0.86791682
0.7740000000000004,0.8678649124324244
0.7750000000000004,0.8681081458565656
0.7760000000000004,0.8679009741434341
0.7770000000000004,0.8669531994778944
0.7780000000000004,0.86694151
0.7790000000000004,0.8669007320093199
0.7800000000000004,0.8665011990715463
0.7810000000000004,0.8661369172856356
0.7820000000000004,0.8662446089229893
0.7830000000000004,0.8661704064510644
0.7840000000000004,0.8658155199214039
0.7850000000000004,0.8658115901178941
0.7860000000000004,0.8655435426805536
0.7870000000000004,0.8655934900000001
0.7880000000000004,0.8659515345501908
0.7890000000000004,0.8654065571906403
0.7900000000000004,0.8649795785395729
0.7910000000000004,0.8646328434673345
0.7920000000000004,0.8640311999999999
0.7930000000000004,0.8635357596460177
0.7940000000000004,0.8635180605309735
0.7950000000000004,0.8635452994551948
0.7960000000000004,0.8628412499999998
0.7970000000000004,0.8622941998294982
0.7980000000000004,0.8622771488138474
0.7990000000000004,0.8622178411861525
0.8000000000000004,0.8611900902777023
0.8010000000000004,0.86134613
0.8020000000000004,0.8613513591904833
0.8030000000000004,0.8602704197753109
0.8040000000000004,0.8595962634831256
0.8050000000000004,0.8594070118924189
0.8060000000000004,0.8596532313847141
0.8070000000000004,0.8597916884705762
0.8080000000000004,0.859215217294135
0.8090000000000004,0.8587761587810876
0.8100000000000004,0.8585632999999999
0.8110000000000004,0.8581945273082731
0.8120000000000004,0.8579253538406462
0.8130000000000004,0.8576173861593535
0.8140000000000004,0.857337362800228
0.8150000000000004,0.85730922
0.8160000000000004,0.8572087737348371
0.8170000000000004,0.856395507210739
0.8180000000000004,0.8553025318595067
0.8190000000000004,0.8555965370596706
0.8200000000000004,0.855990650308703
0.8210000000000004,0.8560215086375679
0.8220000000000004,0.8554533870436476
0.8230000000000004,0.8547174973589469
0.8240000000000004,0.85479498
0.8250000000000004,0.8548323418865186
0.8260000000000004,0.8540210103945842
0.8270000000000004,0.8540407396054157
0.8280000000000004,0.8534768256392562
0.8290000000000004,0.8524802299999997
0.8300000000000004,0.8519314277433769
0.8310000000000004,0.850818584628468
0.8320000000000004,0.8493062002476869
0.8330000000000004,0.8475910999999993
0.8340000000000004,0.8458373306891062
0.8350000000000004,0.8439062322399871
0.8360000000000004,0.841518231640017
0.8370000000000004,0.8383432917496337
0.8380000000000004,0.8343498699999982
0.8390000000000004,0.8301147900013981
0.8400000000000004,0.8251148980122971
0.8410000000000004,0.8190486413251309
0.8420000000000004,0.8124011864746621
0.8430000000000004,0.8043862258087545
0.8440000000000004,0.7949671008148551
0.8450000000000004,0.7855078437777073
0.8460000000000004,0.7790957782394795
0.8470000000000004,0.77593613
0.8480000000000004,0.7759994664467659
0.8490000000000004,0.7796442306709767
0.8500000000000004,0.7876777793290305
0.8510000000000004,0.7965951308263118
0.8520000000000004,0.8048664300000035
0.8530000000000004,0.8126395320580436
0.8540000000000004,0.8188452927991619
0.8550000000000004,0.8236052648005621
0.8560000000000004,0.8275049510033116
0.8570000000000004,0.8310529248321493
0.8580000000000004,0.8335361382975861
0.8590000000000004,0.8359510175536233
0.8600000000000004,0.8386601529085592
0.8610000000000004,0.8407550500000004
0.8620000000000004,0.8417275528986291
0.8630000000000004,0.8420174174849008
0.8640000000000004,0.8423916625150996
0.8650000000000004,0.8431044728718291
0.8660000000000004,0.8432279199999999
0.8670000000000004,0.8429768060755607
0.8680000000000004,0.8427805894045298
0.8690000000000004,0.8427607403969801
0.8700000000000004,0.8429004499999999
0.8710000000000004,0.8425955758520584
0.8720000000000004,0.8421808107055652
0.8730000000000004,0.8432160889416533
0.8740000000000004,0.8432165999951998
0.8750000000000004,0.84256673
0.8760000000000004,0.8426052337664754
0.8770000000000004,0.8429818665153742
0.8780000000000004,0.8428657123230838
0.8790000000000004,0.8419250294069938
0.8800000000000004,0.8409767700000003
0.8810000000000004,0.8413665815222238
0.8820000000000005,0.8409426927166641
0.8830000000000005,0.8393354721451207
0.8840000000000005,0.8375778799999993
0.8850000000000005,0.8359693097967971
0.8860000000000005,0.8339489909139626
0.8870000000000005,0.8319946890860356
0.8880000000000005,0.8306231037157364
0.8890000000000005,0.8281180899999988
0.8900000000000005,0.8252914197411934
0.8910000000000005,0.8222655203743795
0.8920000000000005,0.8186113330837441
0.8930000000000005,0.8147540485728838
0.8940000000000005,0.8110291677576759
0.8950000000000005,0.8078049480499964
0.8960000000000005,0.8052074479250024
0.8970000000000005,0.8030612114622282
0.8980000000000005,0.8018990199999999
0.8990000000000005,0.801563980205602
0.9000000000000005,0.8015845652331912
0.9010000000000004,0.8028462247668099
0.9020000000000004,0.8045721527406283
0.9030000000000004,0.8064456000000009
0.9040000000000004,0.8084544775472761
0.9050000000000004,0.8098318629071557
0.9060000000000004,0.8119287680618978
0.9070000000000004,0.8146037232503338
0.9080000000000004,0.8160762308005085
0.9090000000000004,0.8171562839646023
0.9100000000000004,0.818354514053098
0.9110000000000004,0.8191637919073387
0.9120000000000004,0.8190061500000008
0.9130000000000004,0.820704773213965
0.9140000000000004,0.8220261379337035
0.9150000000000004,0.8222905947108644
0.9160000000000004,0.8226184167217674
0.9170000000000004,0.8211170999999996
0.9180000000000004,0.8201145395089243
0.9190000000000004,0.8195899857366129
0.9200000000000004,0.8175555906888059
0.9210000000000004,0.8170696499999999
0.9220000000000004,0.8169491847869476
0.9230000000000004,0.8164278819739209
0.9240000000000004,0.8160265780260788
0.9250000000000004,0.8162661776038761
0.9260000000000004,0.8160697799999994
0.9270000000000004,0.8151244446408925
0.9280000000000004,0.8145885670829461
0.9290000000000004,0.8151579986113697
0.9300000000000004,0.8154662269177693
0.9310000000000004,0.8156713926763274
0.9320000000000004,0.8169390117402134
0.9330000000000004,0.8175260223896808
0.9340000000000004,0.8185643892323928
0.9350000000000004,0.81944788
0.9360000000000004,0.8193276638892395
0.9370000000000004,0.8207165614673414
0.9380000000000004,0.8207899285326588
0.9390000000000004,0.8195352125474248
0.9400000000000004,0.8193276500000004
0.9410000000000004,0.8200959198043987
0.9420000000000004,0.8210861060305984
0.9430000000000004,0.8209537926462677
0.9440000000000004,0.8199663298747982
0.9450000000000004,0.8208028592340918
0.9460000000000004,0.8197262621099937
0.9470000000000004,0.8183317618350076
0.9480000000000004,0.8191501418155367
0.9490000000000004,0.8188337700000005
0.9500000000000004,0.8197299290957915
0.9510000000000004,0.8206394771427141
0.9520000000000004,0.8199966128572854
0.9530000000000004,0.8192464775013746
0.9540000000000004,0.8181323399999999
0.9550000000000004,0.8178918129843307
0.9560000000000004,0.8195410213682323
0.9570000000000004,0.8209199624211798
0.9580000000000004,0.8181474199999982
0.9590000000000004,0.8149249011009109
0.9600000000000004,0.8150350280520985
0.9610000000000004,0.816937632921855
0.9620000000000004,0.8189737596386938
0.9630000000000004,0.8175135299999979
0.9640000000000004,0.8139690233611674
0.9650000000000004,0.8143051146761658
0.9660000000000004,0.8137943202158889
0.9670000000000004,0.8136749911932118
0.9680000000000004,0.8129073183608825
0.9690000000000004,0.8107434787041656
0.9700000000000004,0.8121786869437535
0.9710000000000004,0.8108449866756658
0.9720000000000004,0.8082586500000006
0.9730000000000004,0.8095064074810742
0.9740000000000004,0.8082545037200501
0.9750000000000004,0.8064405062799478
0.9760000000000004,0.8052200222047214
0.9770000000000004,0.8052423600000002
0.9780000000000004,0.8054808835010693
0.9790000000000004,0.8038310077864103
0.9800000000000004,0.8027572214757256
0.9810000000000004,0.8035868317035175
0.9820000000000004,0.8027039152053518
0.9830000000000004,0.8022244347980595
0.9840000000000004,0.8009643378029092
0.9850000000000004,0.7987303323403457
0.9860000000000004,0.7979495500000006
0.9870000000000004,0.7988793063986628
0.9880000000000004,0.7965191876418934
0.9890000000000004,0.7949012823581048
0.9900000000000004,0.7993798952126544
0.9910000000000004,0.7951149899999996
0.9920000000000004,0.7946123664223647
0.9930000000000004,0.7954333214066269
0.9940000000000004,0.7908135423955777
0.9950000000000006,0.7909601300000008
0.9960000000000006,0.7923250310407112
0.9970000000000006,0.7934290699607017
0.9980000000000006,0.7929271050589467
0.9990000000000006,0.7905547237243732
1.0000000000000004,0.7900812599999997
1.0010000000000006,0.7892413099999994
1.002000000000001,0.7884139999999995
1.0030000000000006,0.7875071199999992
1.0040000000000004,0.7864215503679627
1.0050000000000006,0.785325229999999
1.006000000000001,0.7838827399999997
1.0070000000000006,0.78330505
1.0080000000000005,0.7834014299999996
1.0090000000000006,0.782616591085891
1.010000000000001,0.7818274499999995
1.0110000000000006,0.7812418299999992
1.0120000000000005,0.7800164799999996
1.0130000000000006,0.7791396399999996
1.014000000000001,0.7785065833056691
1.0150000000000006,0.7783912400000004
1.0160000000000005,0.77894711
1.0170000000000006,0.7789810899999997
1.018000000000001,0.7782211299999996
1.0190000000000006,0.7775673953734623
1.0200000000000005,0.7766523999999989
1.0210000000000006,0.7741614599999993
1.022000000000001,0.77319729
1.0230000000000006,0.7731720199999998
1.0240000000000005,0.7730208000000004
1.0250000000000006,0.7737288499999997
1.0260000000000007,0.7732086799999992
1.0270000000000006,0.7719795699999996
1.0280000000000005,0.7712758199999994
1.0290000000000006,0.7699583199999995
1.0300000000000007,0.7689650699999997
1.0310000000000006,0.7684779799999999
1.0320000000000005,0.768303943167683
1.0330000000000006,0.7678356199999997
1.0340000000000007,0.7673360099999993
1.0350000000000006,0.7663598699999989
1.0360000000000005,0.7648646799999997
1.0370000000000006,0.7642962076232372
1.0380000000000007,0.7634724399999998
1.0390000000000006,0.7631653000000007
1.0400000000000005,0.7645555699999999
1.0410000000000006,0.7643264499999989
1.0420000000000007,0.7626261000349954
1.0430000000000006,0.7622728899999999
1.0440000000000005,0.7620701199999999
1.0450000000000006,0.7617987400000004
1.0460000000000007,0.7622547100000003
1.0470000000000006,0.7628146440065996
1.0480000000000005,0.7628179199999997
1.0490000000000006,0.76198542
1.0500000000000007,0.7620660100000003
1.0510000000000006,0.7626366
1.0520000000000005,0.7626414300000001
1.0530000000000006,0.7628846199999999
1.0540000000000007,0.7627018099999993
1.0550000000000006,0.7616114324177581
1.0560000000000005,0.7613356100000002
1.0570000000000006,0.7615387399999999
1.0580000000000007,0.76139683
1.0590000000000006,0.76142496
1.0600000000000005,0.761426243108689
1.0610000000000006,0.7611573299999994
1.0620000000000007,0.7603388399999993
1.0630000000000006,0.7593010699999998
1.0640000000000005,0.7589644799999997
1.0650000000000006,0.7582506013878607
1.0660000000000007,0.7572693799999993
1.0670000000000006,0.7565544199999995
1.0680000000000005,0.7558440599999998
1.0690000000000006,0.7552475899999997
1.0700000000000007,0.7549893558234174
1.0710000000000006,0.7544168799999997
1.0720000000000005,0.7540410799999997
1.0730000000000006,0.7532105999999991
1.0740000000000007,0.7519422199999991
1.0750000000000006,0.7506515999999993
1.0760000000000003,0.749636889999999
1.0770000000000006,0.7481186399999991
1.0780000000000007,0.7467845443645625
1.0790000000000006,0.7453281899999988
1.0800000000000003,0.7436839299999992
1.0810000000000006,0.7418532399999986
1.0820000000000007,0.7398142799999988
1.0830000000000006,0.737956557951203
1.0840000000000003,0.7353360699999985
1.0850000000000006,0.7319610699999979
1.0860000000000007,0.7288681299999971
1.0870000000000006,0.7255493399999977
1.0880000000000003,0.7220697279612017
1.0890000000000006,0.7184477399999977
1.0900000000000007,0.7149754799999978
1.0910000000000006,0.7117010399999977
1.0920000000000003,0.7081317899999987
1.0930000000000006,0.7052004331356846
1.0940000000000007,0.7020588499999976
1.0950000000000006,0.6983327299999967
1.0960000000000003,0.6934713099999954
1.0970000000000006,0.6865598599999948
1.0980000000000008,0.6787269699999909
1.0990000000000006,0.6685209299999916
1.1000000000000003,0.6558606599999941
1.1010000000000006,0.6425587499999891
1.1020000000000008,0.6260586999999905
1.1030000000000006,0.6118593199999895
1.1040000000000003,0.5961309099999942
1.1050000000000006,0.583236099999994
1.1060000000000008,0.5741686810928863
1.1070000000000009,0.5681796100000002
1.1080000000000003,0.5684524200000021
1.1090000000000009,0.5716906200000045
1.1100000000000008,0.5783494100000058
1.1110000000000009,0.5872074999600113
1.1120000000000003,0.5974071000000049
1.1130000000000009,0.608350520000006
1.1140000000000008,0.6173844900000062
1.1150000000000009,0.626741950000005
1.1160000000000003,0.6342395802369809
1.1170000000000009,0.6396876000000037
1.1180000000000008,0.645106850000004
1.1190000000000009,0.6495909700000029
1.1200000000000006,0.6539586200000022
1.1210000000000009,0.6586615497070322
1.1220000000000008,0.6631850600000034
1.1230000000000009,0.6684100000000034
1.1240000000000006,0.6734103600000019
1.1250000000000009,0.6775668300000024
1.1260000000000008,0.6812177900000029
1.127000000000001,0.6844636800000021
1.1280000000000006,0.6875280700000018
1.129000000000001,0.6901808673062713
1.1300000000000008,0.6928539300000018
1.131000000000001,0.6949612500000011
1.1320000000000006,0.6965314700000006
1.133000000000001,0.6978097600000007
1.1340000000000008,0.6989431336086396
1.135000000000001,0.6994792200000001
1.1360000000000006,0.6995944999999999
1.137000000000001,0.6994678399999994
1.1380000000000008,0.6986175199999984
1.139000000000001,0.6968817035816407
1.1400000000000006,0.6948794699999987
1.141000000000001,0.6929530499999985
1.1420000000000008,0.6907784299999987
1.143000000000001,0.6887306599999988
1.1440000000000006,0.6869205210138976
1.145000000000001,0.6849242999999988
1.1460000000000008,0.6830331099999986
1.147000000000001,0.6814101299999992
1.1480000000000006,0.6802527899999997
1.149000000000001,0.6796758799999993
1.1500000000000008,0.6787450899999996
1.1510000000000007,0.6782706399999993
1.1520000000000006,0.6771485199999991
1.1530000000000007,0.6752656699999988
1.1540000000000008,0.6734572599999983
1.1550000000000007,0.6709164999999979
1.1560000000000006,0.6679060499999981
1.1570000000000007,0.66502412487251
1.1580000000000008,0.6610728499999963
1.1590000000000007,0.6568202399999973
1.1600000000000006,0.6527343399999966
1.1610000000000007,0.6477068699999962
1.1620000000000008,0.6419457520897861
1.1630000000000007,0.6351666499999952
1.1640000000000006,0.6277896799999969
1.1650000000000007,0.6207705099999946
1.1660000000000008,0.6125238499999947
1.1670000000000007,0.6065473576492314
1.1680000000000006,0.6012287099999973
1.1690000000000007,0.5973015399999987
1.1700000000000008,0.5953278499999993
1.1710000000000007,0.5945963300000007
1.1720000000000006,0.5956136182711735
1.1730000000000007,0.5976267500000019
1.1740000000000008,0.6003970500000021
1.1750000000000007,0.6036304200000019
1.1760000000000006,0.6064771400000016
1.1770000000000007,0.6089379800000012
1.1780000000000008,0.6107480500000013
1.1790000000000007,0.6122300000000006
1.1800000000000006,0.6130426004099593
1.1810000000000007,0.6137467000000006
1.1820000000000008,0.614704010000001
1.1830000000000007,0.6158205900000009
1.1840000000000006,0.6172154500000008
1.1850000000000007,0.6189183159904024
1.1860000000000008,0.6208782200000021
1.1870000000000007,0.6232094800000015
1.1880000000000006,0.6254721900000015
1.1890000000000007,0.6278203100000016
1.1900000000000008,0.630079524078594
1.1910000000000007,0.6319500200000016
1.1920000000000006,0.6336982300000009
1.1930000000000007,0.6351113300000006
1.1940000000000008,0.6360418200000004
1.1950000000000007,0.6365537088111193
1.1960000000000006,0.6360888499999992
1.1970000000000007,0.634809319999999
1.1980000000000008,0.6333100799999978
1.1990000000000007,0.6307639499999981
1.2000000000000006,0.6278679999999979
1.2010000000000007,0.6248785899999977
1.2020000000000008,0.6222006099999975
1.2030000000000007,0.619292609987
1.2040000000000006,0.617392479999999
1.2050000000000007,0.6159310299999994
1.2060000000000008,0.6148666699999994
1.2070000000000007,0.6141818199999994
1.2080000000000006,0.6133762401619832
1.2090000000000007,0.6125778599999995
1.2100000000000009,0.6117904799999994
1.2110000000000007,0.6110940599999996
1.2120000000000006,0.6105871800000001
1.2130000000000007,0.6106876599520049
1.2140000000000009,0.6117315900000017
1.2150000000000007,0.6136246300000021
1.2160000000000006,0.6168526400000026
1.2170000000000007,0.6208676100000029
1.2180000000000009,0.6251811886421393
1.2190000000000007,0.6295593400000026
1.2200000000000006,0.6334583200000022
1.2210000000000008,0.6368423100000026
1.2220000000000009,0.6397783200000021
1.2230000000000008,0.6420820400000017
1.2240000000000006,0.6439098100000009
1.2250000000000008,0.6454623300000008
1.2260000000000009,0.6465939300000008
1.2270000000000008,0.6474750600000007
1.2280000000000006,0.6484724900000005
1.2290000000000008,0.6493350300000006
1.2300000000000009,0.6500889700000009
1.2310000000000008,0.6510689861393869
1.2320000000000009,0.6522303800000009
1.2330000000000008,0.6536408700000015
1.2340000000000009,0.6552428000000013
1.2350000000000008,0.6566018500000006
1.2360000000000009,0.6574098785041502
1.2370000000000008,0.6582949200000004
1.2380000000000009,0.6589635600000003
1.2390000000000008,0.6592906700000002
1.2400000000000009,0.6596824500000004
1.2410000000000008,0.6601822500199984
1.2420000000000009,0.6602505399999997
1.2430000000000008,0.6599118100000001
1.2440000000000009,0.6600450899999999
1.2450000000000008,0.6599504899999998
1.2460000000000009,0.6598557294760523
1.2470000000000008,0.6597093899999995
1.2480000000000009,0.6591128699999997
1.2490000000000008,0.6587378999999998
1.2500000000000009,0.6584311699999995
1.2510000000000008,0.6578700499999997
1.252000000000001,0.6575455099999999
1.2530000000000008,0.6572957599999996
1.2540000000000011,0.6568268760353961
1.2550000000000008,0.6564872299999998
1.256000000000001,0.6562694299999997
1.2570000000000008,0.6557122499999997
1.2580000000000011,0.6551359299999995
1.2590000000000008,0.6544630377962198
1.260000000000001,0.6537409999999994
1.2610000000000008,0.652810689999999
1.2620000000000011,0.6516242599999991
1.2630000000000008,0.6506627199999991
1.264000000000001,0.6496158146905303
1.2650000000000008,0.6487986999999995
1.2660000000000011,0.6483040499999992
1.2670000000000008,0.6474252299999992
1.268000000000001,0.6462473899999994
1.2690000000000008,0.6453747472642728
1.2700000000000011,0.6446198199999993
1.2710000000000008,0.6438983699999995
1.272000000000001,0.6432914099999995
1.2730000000000008,0.6425400999999991
1.2740000000000011,0.6414450999999989
1.2750000000000008,0.6402497299999991
1.2760000000000007,0.6393079199999995
1.2770000000000008,0.6384937799999993
1.2780000000000011,0.6375356899999991
1.2790000000000008,0.6365106099999992
1.2800000000000007,0.6353518999999991
1.2810000000000008,0.6339027299999987
1.2820000000000011,0.6325136116648321
1.2830000000000008,0.6310302599999991
1.2840000000000007,0.6297319499999993
1.2850000000000008,0.6284988499999989
1.2860000000000011,0.627247269999999
1.2870000000000008,0.6261113556804309
1.2880000000000007,0.6245681599999987
1.2890000000000008,0.6225840399999988
1.2900000000000011,0.6206908799999983
1.2910000000000008,0.6188077299999986
1.2920000000000007,0.6172024405289461
1.2930000000000008,0.6156164399999989
1.2940000000000011,0.6139071599999985
1.2950000000000008,0.6121937599999984
1.2960000000000007,0.6102622199999987
1.2970000000000008,0.608352081013897
1.2980000000000012,0.6065397899999986
1.2990000000000008,0.6049473899999989
1.3000000000000007,0.603306709999999
1.3010000000000008,0.6018844199999991
1.302000000000001,0.6008518299999988
1.3030000000000008,0.5997722099999994
1.3040000000000007,0.5987284799999993
1.3050000000000008,0.5978065970742918
1.306000000000001,0.5968773399999993
1.3070000000000008,0.5959926199999993
1.3080000000000007,0.5952640799999995
1.3090000000000008,0.5945711699999995
1.310000000000001,0.5936885917708222
1.3110000000000008,0.5929062999999992
1.3120000000000007,0.5920104999999992
1.3130000000000008,0.5910940199999994
1.314000000000001,0.5902132399999993
1.3150000000000008,0.5894553257914202
1.3160000000000007,0.5885704799999995
1.3170000000000008,0.5879244199999998
1.318000000000001,0.5876741999999996
1.3190000000000008,0.5872855799999994
1.3200000000000007,0.5867071178462149
1.3210000000000008,0.5857664299999992
1.322000000000001,0.5848850599999985
1.3230000000000008,0.5836185799999993
1.3240000000000007,0.5826055399999994
1.3250000000000008,0.5817754899999993
1.326000000000001,0.5810233399999992
1.3270000000000008,0.5803238199999993
1.3280000000000007,0.5795044152994695
1.3290000000000008,0.5787574099999993
1.330000000000001,0.5779005299999991
1.3310000000000008,0.5768877899999991
1.3320000000000007,0.5759049099999991
1.3330000000000009,0.5748562500299961
1.334000000000001,0.5739565499999992
1.3350000000000009,0.573119219999999
1.3360000000000007,0.5719692699999991
1.3370000000000009,0.5709485999999994
1.338000000000001,0.5702414607139278
1.3390000000000009,0.5694167599999992
1.3400000000000007,0.5685100599999993
1.3410000000000009,0.5674202999999989
1.342000000000001,0.5661495299999985
1.3430000000000009,0.5647682181311857
1.3440000000000007,0.5633801199999993
1.3450000000000009,0.5622260599999991
1.346000000000001,0.5610932699999986
1.3470000000000009,0.5598688699999989
1.3480000000000008,0.5585701499999992
1.3490000000000009,0.5573545099999989
1.350000000000001,0.5560435099999991
1.3510000000000009,0.5548576699999991
1.3520000000000008,0.553822099999999
1.3530000000000009,0.5527573799999992
1.354000000000001,0.5516542199999992
1.3550000000000009,0.5507587799999993
1.3560000000000008,0.5500125619728021
1.3570000000000009,0.5491322899999994
1.358000000000001,0.5484670999999993
1.3590000000000009,0.5476931899999989
1.3600000000000008,0.5465784099999992
1.3610000000000009,0.5453931275082482
1.362000000000001,0.5443682099999987
1.3630000000000009,0.5431750399999994
1.3640000000000008,0.5421702299999995
1.3650000000000009,0.5415226199999991
1.366000000000001,0.5405167705849405
1.3670000000000009,0.5396966899999993
1.3680000000000008,0.5389202199999992
1.3690000000000009,0.5377051199999989
1.370000000000001,0.5365682799999989
1.3710000000000009,0.5352995468733116
1.3720000000000008,0.533522489999998
1.3730000000000009,0.5312960699999986
1.374000000000001,0.5291548399999977
1.3750000000000009,0.5265303899999979
1.3760000000000008,0.5242164699999982
1.377000000000001,0.5220571199999977
1.378000000000001,0.5199078899999979
1.379000000000001,0.5174935420507932
1.3800000000000008,0.5157140499999985
1.381000000000001,0.5139788399999989
1.3820000000000008,0.5128440299999993
1.383000000000001,0.5122572799999999
1.3840000000000008,0.5121032167533248
1.385000000000001,0.5122707500000008
1.3860000000000008,0.5131245300000015
1.387000000000001,0.5143996500000011
1.3880000000000008,0.5154212100000007
1.389000000000001,0.5165579963213688
1.3900000000000008,0.5173317800000001
1.391000000000001,0.5174230899999995
1.3920000000000008,0.516975219999999
1.393000000000001,0.5158545999999984
1.3940000000000008,0.5141258728727109
1.395000000000001,0.5122752199999983
1.3960000000000008,0.5102919299999985
1.397000000000001,0.5086083399999989
1.3980000000000008,0.5075759299999996
1.399000000000001,0.5071127400000003
1.4000000000000008,0.5075477400000008
1.4010000000000007,0.5084195700000013
1.4020000000000008,0.5102141500000018
1.403000000000001,0.5118231800000022
1.4040000000000008,0.514171660000001
1.4050000000000007,0.5156802500000011
1.4060000000000008,0.5171704900000009
1.407000000000001,0.5180074294300573
1.4080000000000008,0.51830173
1.4090000000000007,0.5182399699999996
1.4100000000000008,0.5175595299999993
1.411000000000001,0.516934629999999
1.4120000000000008,0.5158471294280567
1.4130000000000007,0.5150414099999995
1.4140000000000008,0.5141717199999994
1.415000000000001,0.5135830599999996
1.4160000000000008,0.5132216199999998
1.4170000000000007,0.512972734888511
1.4180000000000008,0.5131086100000003
1.419000000000001,0.5135365700000005
1.4200000000000008,0.5142018200000008
1.4210000000000007,0.5151322500000007
1.4220000000000008,0.5162540178232188
1.423000000000001,0.5174194600000008
1.4240000000000008,0.5182738900000006
1.4250000000000007,0.5190573900000004
1.4260000000000008,0.5197057100000002
1.427000000000001,0.5198634300000002
1.4280000000000008,0.52005309
1.4290000000000007,0.5200012299999996
1.4300000000000008,0.5194240864323563
1.431000000000001,0.5188884099999995
1.4320000000000008,0.5183484599999993
1.4330000000000007,0.5175455199999995
1.4340000000000008,0.5169601399999997
1.435000000000001,0.5165314270942901
1.4360000000000008,0.5161023699999997
1.4370000000000007,0.5157464099999995
1.4380000000000008,0.5152271999999994
1.439000000000001,0.5146535599999995
1.4400000000000008,0.5142053248235172
1.4410000000000007,0.5136737799999995
1.4420000000000008,0.5132211999999997
1.443000000000001,0.5129236599999997
1.4440000000000008,0.5125676399999994
1.4450000000000007,0.5119335134126582
1.4460000000000008,0.5117739400000001
1.447000000000001,0.5118731900000003
1.4480000000000008,0.5121353300000003
1.4490000000000007,0.5126307600000004
1.4500000000000008,0.5133210400000011
1.451000000000001,0.5142893200000013
1.4520000000000008,0.5153668500000012
1.4530000000000007,0.5166296833116699
1.4540000000000008,0.5182628000000018
1.455000000000001,0.5198481700000013
1.4560000000000008,0.5212695000000013
1.4570000000000007,0.5227924600000012
1.4580000000000009,0.5242140387331281
1.459000000000001,0.5255013700000012
1.4600000000000009,0.526821610000001
1.4610000000000007,0.5279315700000008
1.4620000000000009,0.5287605500000009
1.463000000000001,0.5295875473002708
1.4640000000000009,0.5300982000000001
1.4650000000000007,0.5302318900000002
1.4660000000000009,0.53046691
1.467000000000001,0.5304894399999998
1.4680000000000009,0.5302486040835914
1.4690000000000007,0.5300656599999998
1.4700000000000009,0.5297342499999999
1.471000000000001,0.5296528899999999
1.4720000000000009,0.5295829800000001
1.4730000000000008,0.5297282900000003
1.4740000000000009,0.5302380300000005
1.475000000000001,0.5306015000000003
1.4760000000000009,0.5308580400000005
1.4770000000000008,0.5313345800000004
1.4780000000000009,0.5318911100000006
1.479000000000001,0.5325555800000009
1.4800000000000009,0.5335823300000005
1.4810000000000008,0.5342305906119392
1.4820000000000009,0.5348367100000004
1.483000000000001,0.5352710500000001
1.4840000000000009,0.5353507400000003
1.4850000000000008,0.5355978000000001
1.4860000000000009,0.5357930376472356
1.487000000000001,0.5360695100000004
1.4880000000000009,0.5363836900000002
1.4890000000000008,0.5367879900000003
1.4900000000000009,0.5372589800000004
1.491000000000001,0.5375761682811722
1.4920000000000009,0.5377858300000004
1.4930000000000008,0.5381359500000001
1.4940000000000009,0.53837425
1.495000000000001,0.53834546
1.4960000000000009,0.5382837161743825
1.4970000000000008,0.5380743099999996
1.4980000000000009,0.5376717999999999
1.499000000000001,0.5375155199999999
1.5000000000000009,0.5374209899999999
1.5010000000000008,0.5372355
1.5020000000000011,0.5371781599999997
1.503000000000001,0.5370013699999998
1.504000000000001,0.5367135770902907
1.5050000000000008,0.5364844799999998
1.5060000000000011,0.5361958699999996
1.5070000000000008,0.5357913999999997
1.508000000000001,0.5354465199999998
1.5090000000000008,0.5351485029577038
1.5100000000000011,0.5345780799999994
1.5110000000000008,0.5340809199999995
1.512000000000001,0.5336601099999992
1.5130000000000008,0.5329400299999997
1.5140000000000011,0.5324076332396754
1.5150000000000008,0.5318980799999995
1.516000000000001,0.5314041999999997
1.5170000000000008,0.5310105699999995
1.5180000000000011,0.5305101299999994
1.5190000000000008,0.5299387571372857
1.520000000000001,0.5295190199999995
1.5210000000000008,0.5290698399999996
1.5220000000000011,0.5285966399999995
1.5230000000000008,0.5282961099999995
1.524000000000001,0.5277429799999994
1.5250000000000008,0.5271172499999993
1.5260000000000011,0.526356759999999
1.5270000000000008,0.525407309999999
1.528000000000001,0.524463119999999
1.5290000000000008,0.5233388499999994
1.5300000000000011,0.5223522199999989
1.5310000000000008,0.521406589999999
1.532000000000001,0.5204747734396553
1.5330000000000008,0.5197091699999994
1.5340000000000011,0.5186744899999987
1.5350000000000008,0.5174316799999987
1.536000000000001,0.5163428799999988
1.5370000000000008,0.5150923832236769
1.5380000000000011,0.5140246199999989
1.5390000000000008,0.5130603899999994
1.540000000000001,0.5123438199999993
1.5410000000000008,0.5115650899999993
1.5420000000000011,0.5107956669423049
1.5430000000000008,0.5100298499999991
1.544000000000001,0.5090559099999991
1.5450000000000008,0.508080239999999
1.5460000000000012,0.5069982999999988
1.5470000000000008,0.5058592539046083
1.548000000000001,0.5046675199999987
1.5490000000000008,0.503214539999999
1.5500000000000012,0.5017719899999984
1.5510000000000008,0.5003589999999983
1.552000000000001,0.4988865899999985
1.5530000000000008,0.497555819999999
1.5540000000000012,0.4960412699999981
1.5550000000000008,0.4943392732096775
1.556000000000001,0.4926713699999983
1.5570000000000008,0.4908166799999985
1.5580000000000012,0.4890769999999979
1.5590000000000008,0.48710888999999796
1.560000000000001,0.4848312789441037
1.5610000000000008,0.4828207199999981
1.5620000000000012,0.4806040199999971
1.5630000000000008,0.4783922699999985
1.564000000000001,0.4766151899999984
1.5650000000000008,0.4747290986091375
1.5660000000000012,0.4726959199999972
1.5670000000000008,0.4706036199999977
1.568000000000001,0.4684789499999982
1.5690000000000008,0.466444309999998
1.5700000000000012,0.4641669877322239
1.5710000000000008,0.4618244499999974
1.572000000000001,0.4594552199999971
1.5730000000000008,0.4568408099999983
1.5740000000000012,0.4543141999999972
1.5750000000000008,0.4517767399999971
1.576000000000001,0.4491665099999971
1.5770000000000008,0.4465171699999977
1.5780000000000012,0.4439061279722
1.5790000000000008,0.4414858499999971
1.580000000000001,0.4388996099999974
1.5810000000000008,0.4359749899999972
1.5820000000000012,0.4327848299999955
1.5830000000000009,0.4294066733706588
1.584000000000001,0.4258403799999967
1.5850000000000009,0.4221065599999967
1.5860000000000012,0.41838320999999495
1.5870000000000009,0.4145940199999957
1.588000000000001,0.41072544685731016
1.5890000000000009,0.4070769299999968
1.5900000000000012,0.4034225599999958
1.5910000000000009,0.39967336999999614
1.592000000000001,0.3962233999999964
1.5930000000000009,0.3929191804219551
1.5940000000000012,0.3895587599999962
1.5950000000000009,0.3861745899999962
1.596000000000001,0.38278325999999613
1.5970000000000009,0.379385739999997
1.5980000000000012,0.37600278999999626
1.5990000000000009,0.37264629999999616
1.600000000000001,0.3692021699999968
1.6010000000000009,0.3656034799999967
1.6020000000000012,0.3619204499999953
1.6030000000000009,0.35837476999999685
1.604000000000001,0.3548299999999968
1.6050000000000009,0.3511788499999969
1.6060000000000012,0.34767385524147154
1.6070000000000009,0.3440262699999957
1.608000000000001,0.3401931799999967
1.6090000000000009,0.33648868999999665
1.6100000000000012,0.3327256699999956
1.6110000000000009,0.32880042791720354
1.612000000000001,0.3247795999999947
1.6130000000000009,0.3199898599999962
1.6140000000000012,0.3142413199999924
1.6150000000000009,0.3074018999999911
1.616000000000001,0.2994132288671049
1.6170000000000009,0.29096903999999163
1.6180000000000012,0.28154405999998944
1.6190000000000009,0.27204071999999
1.620000000000001,0.2629836199999925
1.6210000000000009,0.2545472436376293
1.6220000000000012,0.247846259999993
1.6230000000000009,0.2425833899999969
1.624000000000001,0.2391158199999984
1.6250000000000009,0.2372908599999993
1.6260000000000012,0.2365832600000005
1.6270000000000011,0.2370075400000015
1.628000000000001,0.23815122000000136
1.629000000000001,0.23970440797620424
1.6300000000000012,0.24168417000000306
1.6310000000000011,0.24396338000000264
1.6320000000000008,0.24631716000000264
1.633000000000001,0.2486868800000021
1.6340000000000012,0.2510754279942031
1.6350000000000011,0.2532553700000018
1.6360000000000008,0.25492316000000154
1.637000000000001,0.25633720000000115
1.6380000000000012,0.2573599800000005
1.6390000000000011,0.257786737324268
1.6400000000000008,0.2579932499999996
1.641000000000001,0.25757181999999923
1.6420000000000012,0.2566779899999989
1.6430000000000011,0.2558442099999985
1.6440000000000008,0.2544982845925393
1.645000000000001,0.2531191099999988
1.6460000000000012,0.2517882299999978
1.6470000000000011,0.2501202799999981
1.6480000000000008,0.2486963699999989
1.649000000000001,0.24743337999999915
1.6500000000000012,0.24645797999999966
1.6510000000000011,0.2461830400000001
1.6520000000000008,0.2462830800000005
1.653000000000001,0.2467953700000009
1.6540000000000012,0.247819070000001
1.6550000000000011,0.24870880000000106
1.6560000000000008,0.2496846600000011
1.657000000000001,0.2506722508739132
1.6580000000000013,0.2512809900000005
1.6590000000000011,0.25173867000000016
1.6600000000000008,0.2518962599999998
1.661000000000001,0.2517359299999996
1.6620000000000013,0.2513057435366457
1.6630000000000011,0.25084110999999937
1.6640000000000008,0.2503003799999993
1.665000000000001,0.24953382999999926
1.6660000000000013,0.2486666699999988
1.6670000000000011,0.24775410125687336
1.6680000000000008,0.2467786499999993
1.669000000000001,0.2460047999999995
1.6700000000000013,0.2454408299999989
1.6710000000000012,0.24458455999999926
1.6720000000000008,0.24387542091390785
1.673000000000001,0.2433762299999994
1.6740000000000013,0.24269279999999946
1.6750000000000012,0.24219341999999944
1.6760000000000008,0.2416817699999991
1.677000000000001,0.2408527099999994
1.6780000000000013,0.2402951099999997
1.6790000000000012,0.2399929499999993
1.6800000000000008,0.23934706403759556
1.681000000000001,0.2385874399999993
1.6820000000000013,0.2378157099999988
1.6830000000000012,0.2368808999999992
1.6840000000000008,0.23617487999999956
1.685000000000001,0.2356538393800613
1.6860000000000013,0.2349476399999991
1.6870000000000012,0.2342743599999994
1.6880000000000008,0.2338405799999993
1.689000000000001,0.2331072699999991
1.6900000000000013,0.23209878084891386
1.6910000000000012,0.2310060099999979
1.6920000000000008,0.229395059999998
1.693000000000001,0.22756868999999816
1.6940000000000013,0.22550789999999665
1.6950000000000012,0.2229779629936974
1.6960000000000008,0.22010428999999648
1.697000000000001,0.2169223399999963
1.6980000000000013,0.2135857499999965
1.6990000000000012,0.21043429999999655
1.7000000000000008,0.20736504999999697
1.701000000000001,0.2046743799999977
1.7020000000000013,0.20265708999999832
1.7030000000000012,0.20138942788121186
1.7040000000000008,0.20136824000000075
1.705000000000001,0.2020368400000012
1.7060000000000013,0.203401730000002
1.7070000000000012,0.20487502000000135
1.7080000000000009,0.20590854731026964
1.709000000000001,0.20648164999999996
1.7100000000000013,0.20640727999999936
1.7110000000000012,0.20592167999999814
1.7120000000000009,0.2045273899999977
1.713000000000001,0.2024622965093469
1.7140000000000013,0.19985810999999645
1.7150000000000012,0.1971901799999972
1.7160000000000009,0.19469464999999786
1.717000000000001,0.19273496999999884
1.7180000000000013,0.1916917443225664
1.7190000000000012,0.1911083900000004
1.7200000000000009,0.19145223000000114
1.721000000000001,0.19248928000000184
1.7220000000000013,0.19410886000000235
1.7230000000000012,0.19588609000000187
1.7240000000000009,0.1975670300000018
1.725000000000001,0.1991887100000012
1.7260000000000013,0.20051801000000094
1.7270000000000012,0.2012516100000002
1.7280000000000009,0.20140785
1.729000000000001,0.20140437999999936
1.730000000000001,0.20073098999999947
1.7310000000000012,0.20032939845515388
1.7320000000000009,0.19981394999999966
1.733000000000001,0.1994942899999996
1.734000000000001,0.1990591300000003
1.7350000000000012,0.1992933500000007
1.7360000000000009,0.19991959459454156
1.737000000000001,0.20076554000000174
1.738000000000001,0.20235957000000104
1.7390000000000012,0.20330536000000096
1.7400000000000009,0.2041721300000009
1.741000000000001,0.20498104910809006
1.742000000000001,0.20557049000000066
1.7430000000000012,0.2060793600000005
1.7440000000000009,0.20650287000000045
1.745000000000001,0.20689937000000014
1.746000000000001,0.20707684225277492
1.7470000000000012,0.20766735000000053
1.7480000000000009,0.20806056000000014
1.749000000000001,0.2082455500000002
1.750000000000001,0.20846131
1.7510000000000012,0.2084215899999996
1.7520000000000011,0.2081183899999995
1.753000000000001,0.20773416999999947
1.7540000000000011,0.2071457426947292
1.7550000000000012,0.2061726899999981
1.7560000000000011,0.204749079999998
1.7570000000000008,0.20291834999999764
1.7580000000000011,0.20079707999999646
1.7590000000000012,0.19815514715528187
1.7600000000000011,0.19592669999999776
1.7610000000000008,0.19390196999999804
1.7620000000000011,0.1921330399999988
1.7630000000000012,0.1913647499999994
1.7640000000000011,0.19080279619537988
1.7650000000000008,0.19086142000000053
1.7660000000000011,0.19133084000000114
1.7670000000000012,0.19217665000000164
1.7680000000000011,0.19339965000000198
1.7690000000000008,0.1951963003349684
1.7700000000000014,0.196333360000001
1.7710000000000012,0.19708665000000108
1.7720000000000011,0.1979090600000008
1.7730000000000008,0.1985104100000004
1.7740000000000014,0.1989299800000006
1.7750000000000012,0.1993746600000002
1.7760000000000011,0.19951769999999955
1.7770000000000008,0.19910405999999994
1.7780000000000014,0.19904296000000005
1.7790000000000012,0.19908348
1.7800000000000011,0.19905737000000004
1.7810000000000008,0.1990799
1.7820000000000014,0.199056077278272
1.7830000000000013,0.19892886000000007
1.7840000000000011,0.19898027000000046
1.7850000000000008,0.19937143999999976
1.7860000000000014,0.19914555999999944
1.7870000000000013,0.19872446744925426
1.7880000000000011,0.19799895999999848
1.7890000000000008,0.19662825999999928
1.7900000000000014,0.19580549999999905
1.7910000000000013,0.19508422999999908
1.7920000000000011,0.19439875854714456
1.7930000000000008,0.19390992999999934
1.7940000000000014,0.19318456999999908
1.7950000000000013,0.1924933599999996
1.7960000000000012,0.19215788999999986
1.7970000000000008,0.1920125345355463
1.7980000000000014,0.1922989500000002
1.7990000000000013,0.1924550799999998
1.8000000000000012,0.19228539000000006
1.8010000000000008,0.19229813999999976
1.8020000000000012,0.1920986600000002
1.8030000000000013,0.19222653000000064
1.8040000000000007,0.19279161000000045
1.8050000000000008,0.19319132914508616
1.8060000000000012,0.1938827800000003
1.8070000000000013,0.19411956999999966
1.8080000000000007,0.19385672000000015
1.8090000000000008,0.1939953100000001
1.8100000000000012,0.19409511033296686
1.8110000000000013,0.19419844000000044
1.8120000000000007,0.19454038000000046
1.8130000000000008,0.19485039000000032
1.8140000000000012,0.19518177000000006
1.8150000000000013,0.1952032578512149
1.8160000000000007,0.19540252999999946
1.8170000000000008,0.1950007999999986
1.8180000000000012,0.1937805699999992
1.8190000000000013,0.19318502999999904
1.8200000000000007,0.1924730311998791
1.8210000000000008,0.19224073000000025
1.8220000000000012,0.19244698000000016
1.8230000000000013,0.1925800300000004
1.8240000000000007,0.19290483000000036
1.8250000000000008,0.19320488000000047
1.8260000000000012,0.1936386700000002
1.8270000000000013,0.1937588500000002
1.8280000000000007,0.1939079667163282
1.8290000000000008,0.1937751300000001
1.8300000000000012,0.193876790000001
1.8310000000000013,0.19462584000000085
1.8320000000000007,0.19525696
1.8330000000000009,0.19523833050794895
1.8340000000000012,0.19504341000000056
1.8350000000000013,0.19548535000000067
1.8360000000000007,0.19597662999999946
1.8370000000000009,0.19554820999999967
1.8380000000000012,0.1952959252284768
1.8390000000000013,0.1948804399999982
1.8400000000000007,0.19354848999999888
1.8410000000000009,0.19255222000000005
1.8420000000000012,0.1926143800000001
1.8430000000000013,0.19268518291970813
1.8440000000000007,0.19210225000000014
1.8450000000000009,0.19225667000000074
1.8460000000000012,0.1929367300000004
1.8470000000000013,0.19318499999999966
1.8480000000000008,0.19293337999999974
1.8490000000000009,0.1927289999999994
1.8500000000000012,0.19219567
1.8510000000000013,0.19215584000000008
1.8520000000000008,0.19222831999999945
1.8530000000000009,0.19181598999999974
1.8540000000000012,0.19157819000000031
1.855000000000001,0.19180945000000016
1.8560000000000008,0.19193785169882968
1.8570000000000009,0.19155484000000056
1.8580000000000012,0.19205606000000144
1.859000000000001,0.19313544
1.8600000000000008,0.19315483999999944
1.8610000000000009,0.19264839428557068
1.8620000000000012,0.1919912499999992
1.863000000000001,0.19146044999999795
1.8640000000000008,0.18962092999999866
1.8650000000000009,0.18839370000000025
1.8660000000000012,0.1885645929107092
1.867000000000001,0.18879447999999968
1.8680000000000008,0.18856145000000074
1.8690000000000009,0.18924363000000108
1.8700000000000012,0.19022912000000006
1.871000000000001,0.1902511277992201
1.8720000000000008,0.19028518000000025
1.8730000000000009,0.1904788500000001
1.8740000000000012,0.1905794700000001
1.875000000000001,0.1906915800000003
1.8760000000000008,0.19091715000000034
1.877000000000001,0.19116604000000034
1.8780000000000012,0.19140957000000056
1.8790000000000011,0.19182306592340806
1.8800000000000008,0.1920823000000006
1.881000000000001,0.19253832000000007
1.8820000000000012,0.19264980000000007
1.8830000000000011,0.19269837000000006
1.8840000000000008,0.19278737679232075
1.885000000000001,0.19275530000000105
1.8860000000000012,0.19367398000000008
1.8870000000000011,0.19373593999999816
1.8880000000000008,0.19255288999999792
1.889000000000001,0.1906697583131667
1.8900000000000012,0.1897502100000012
1.8910000000000011,0.1904939700000022
1.8920000000000008,0.19213420000000206
1.893000000000001,0.19365984000000125
1.8940000000000012,0.19477667831617007
1.8950000000000011,0.19442718999999956
1.8960000000000008,0.19406681000000095
1.897000000000001,0.19479227000000046
1.8980000000000012,0.1951325500000005
1.8990000000000011,0.1954773499999986
1.9000000000000008,0.1944437599999988
1.9010000000000007,0.1935426300000004
1.9020000000000012,0.1938903600000005
1.9030000000000011,0.1942334800000008
1.9040000000000008,0.19483414000000052
1.9050000000000007,0.19534349000000006
1.9060000000000012,0.19540175999999984
1.9070000000000011,0.19530156490650946
1.9080000000000013,0.1953506300000001
1.9090000000000007,0.19544176999999996
1.9100000000000013,0.19540376999999912
1.9110000000000011,0.19483037000000106
1.9120000000000013,0.19562668477952336
1.9130000000000007,0.19677448000000028
1.9140000000000013,0.19703360000000114
1.9150000000000011,0.19788948000000112
1.9160000000000013,0.19872644999999933
1.9170000000000007,0.19823627901709776
1.9180000000000013,0.1981845600000013
1.9190000000000011,0.199147780000001
1.9200000000000013,0.1998980200000015
1.9210000000000007,0.20103313000000075
1.9220000000000013,0.20171258205479556
1.9230000000000012,0.20167825000000034
1.9240000000000013,0.2019288199999982
1.9250000000000007,0.2003099499999987
1.9260000000000013,0.19916697000000175
1.9270000000000012,0.20031668000000094
1.9280000000000013,0.2009459400000001
1.9290000000000007,0.2010482800000015
1.9300000000000013,0.20240975425657556
1.9310000000000012,0.2032523199999988
1.9320000000000013,0.20237537999999927
1.9330000000000007,0.20183854999999992
1.9340000000000013,0.2017721999999996
1.9350000000000012,0.2014387880022013
1.9360000000000013,0.2025188100000001
1.9370000000000007,0.2026041999999989
1.9380000000000013,0.20176293000000173
1.9390000000000012,0.20305836000000133
1.9400000000000013,0.20406527930807047
1.9410000000000007,0.20419820000000014
1.9420000000000013,0.2042818799999993
1.9430000000000012,0.2038356499999999
1.9440000000000013,0.2037613499999998
1.9450000000000007,0.20361047508749106
1.9460000000000013,0.20366925000000133
1.9470000000000012,0.20451909000000226
1.9480000000000013,0.2059764600000001
1.9490000000000007,0.20608930000000045
1.9500000000000013,0.20648202000000074
1.9510000000000012,0.206972999999999
1.9520000000000013,0.2063360499999997
1.9530000000000007,0.20611324047995247
1.9540000000000013,0.20651804000000054
1.9550000000000012,0.2068796800000015
1.9560000000000013,0.2079942800000012
1.9570000000000007,0.20886602
1.9580000000000013,0.2088310495900413
1.9590000000000012,0.2090269500000006
1.9600000000000013,0.20949398000000047
1.9610000000000007,0.20988445000000008
1.9620000000000013,0.20992030000000006
1.9630000000000012,0.2099334386861314
1.9640000000000013,0.210006799999999
1.9650000000000007,0.2092759799999996
1.9660000000000013,0.2089245500000013
1.9670000000000012,0.2097668200000005
1.9680000000000013,0.2100935373282676
1.9690000000000007,0.20929367999999973
1.9700000000000013,0.20904128000000055
1.9710000000000012,0.2094213700000003
1.9720000000000013,0.20962004000000065
1.9730000000000008,0.21008706000000069
1.9740000000000013,0.21071240000000127
1.9750000000000012,0.2115501600000004
1.9760000000000013,0.2118622399999999
1.9770000000000008,0.21177781999999948
1.978000000000001,0.21139094000000008
1.9790000000000012,0.2114467899999999
1.980000000000001,0.21138104999999985
1.9810000000000008,0.21128456715128635
1.982000000000001,0.21255608000000134
1.9830000000000012,0.21343281999999966
1.984000000000001,0.2131778599999997
1.9850000000000008,0.21295003999999906
1.986000000000001,0.21211093405159426
1.9870000000000012,0.2117514500000004
1.988000000000001,0.21202386999999928
1.9890000000000008,0.21136515999999966
1.990000000000001,0.2111178500000016
1.9910000000000012,0.2121468071042911
1.992000000000001,0.21244899999999986
1.9930000000000008,0.2123566000000001
1.994000000000001,0.21241861999999825
1.9950000000000012,0.21127196999999906
1.996000000000001,0.2105430828887102
1.9970000000000008,0.21064527000000008
1.9980000000000016,0.21070342000000192
1.9990000000000012,0.21213563000000105
2.0000000000000013,0.2129303099999994
2.001000000000001,0.21247911254549026
2.0020000000000016,0.21190456745450825
2.003000000000001,0.21179723999999844
2.0040000000000013,0.2106361852749444
2.005000000000001,0.2100889347250544
2.0060000000000016,0.21196845000000164
2.007000000000001,0.2128953199999989
2.0080000000000013,0.2122842135932814
2.009000000000001,0.2123201464067187
2.0100000000000016,0.2121923999999997
2.011000000000001,0.21201863966007026
2.0120000000000013,0.2134152403399341
2.013000000000001,0.2144135099999993
2.0140000000000016,0.213895268578284
2.015000000000001,0.2136810514217153
2.0160000000000013,0.21384383999999973
2.017000000000001,0.21364032
2.0180000000000016,0.2136096216816653
2.019000000000001,0.21462643831833786
2.0200000000000014,0.21518991999999973
2.021000000000001,0.21497581284443104
2.0220000000000016,0.2149042571555688
2.023000000000001,0.21486189999999972
2.0240000000000014,0.2146533238412309
2.025000000000001,0.21389173615876747
2.0260000000000016,0.21354932000000115
2.027000000000001,0.21420887000000025
2.0280000000000014,0.21435077580941927
2.029000000000001,0.21372031
2.0300000000000016,0.21369916000000025
2.031000000000001,0.21382761873425232
2.0320000000000014,0.2133149612657461
2.0330000000000013,0.21267112000000016
2.0340000000000016,0.21281929780143952
2.035000000000001,0.2126973121985601
2.0360000000000014,0.2115672499999985
2.0370000000000013,0.21047344881623606
2.0380000000000016,0.20986161118376234
2.039000000000001,0.2090942899999972
2.0400000000000014,0.2069843399999981
2.0410000000000013,0.20557065879024186
2.0420000000000016,0.20545856120975786
2.043000000000001,0.2049796900000016
2.0440000000000014,0.20619394939212204
2.0450000000000013,0.20658787060787887
2.0460000000000016,0.20492892999999596
2.047000000000001,0.2026301540711833
2.0480000000000014,0.20107086592881196
2.0490000000000013,0.1987538199999976
2.0500000000000016,0.1969711500000012
2.051000000000001,0.1976441027047305
2.0520000000000014,0.19733853999999795
2.0530000000000013,0.1957824499999983
2.0540000000000016,0.19451641537992087
2.055000000000001,0.1925702146200731
2.0560000000000014,0.19068698999999814
2.0570000000000013,0.18931090005498746
2.0580000000000016,0.18801144994500907
2.059000000000001,0.1867911699999984
2.0600000000000014,0.18559372332133411
2.0610000000000013,0.1842269366786622
2.0620000000000016,0.1832651499999983
2.063000000000001,0.18231327999999855
2.0640000000000014,0.1812504103719242
2.0650000000000013,0.18005412962807255
2.0660000000000016,0.17876895999999787
2.067000000000001,0.1775580568546271
2.0680000000000014,0.1763266031453691
2.0690000000000013,0.17491462999999824
2.0700000000000016,0.1736034441211736
2.071000000000001,0.1722446558788222
2.0720000000000014,0.1701652399999976
2.0730000000000013,0.16838211999999794
2.0740000000000016,0.16685356076992075
2.075000000000001,0.16546125999999958
2.0760000000000014,0.16514610999999907
2.0770000000000013,0.16444684142271407
2.0780000000000016,0.16326106857728276
2.079000000000001,0.16197430999999834
2.0800000000000014,0.1607167888142342
2.0810000000000013,0.15890493118576016
2.0820000000000016,0.15725285999999816
2.083000000000001,0.1562217889162148
2.0840000000000014,0.15501095108378146
2.0850000000000013,0.15385923999999804
2.0860000000000016,0.15238695999999607
2.087000000000001,0.1501856825404889
2.0880000000000014,0.1483110874595053
2.0890000000000013,0.1467591799999975
2.0900000000000016,0.14488831320635556
2.091000000000001,0.14292037679363834
2.0920000000000014,0.14115999999999734
2.0930000000000013,0.13918072560487652
2.0940000000000016,0.13703677439511774
2.095000000000001,0.13552964999999748
2.0960000000000014,0.13362493999999786
2.0970000000000013,0.13199211731326746
2.0980000000000016,0.1309652499999979
2.099000000000001,0.12938351999999684
2.1000000000000014,0.12701172450809606
2.1010000000000013,0.12555680549189946
2.1020000000000016,0.1248023699999974
2.103000000000001,0.12334324476704606
2.104000000000001,0.12299091523295287
2.1050000000000013,0.12231562999999568
2.1060000000000016,0.11908208791741227
2.107000000000001,0.11646126208257955
2.108000000000001,0.11464742999999772
2.1090000000000013,0.11293864000000013
2.1100000000000017,0.11303036975204846
2.111000000000001,0.11232789024794937
2.112000000000001,0.11017706999999743
2.1130000000000013,0.10825121889421917
2.1140000000000017,0.10654016110577627
2.115000000000001,0.10310313999999704
2.116000000000001,0.10088842785642836
2.1170000000000013,0.10066699214357094
2.1180000000000017,0.10041076000000118
2.119000000000001,0.10129566000000012
2.120000000000001,0.10140491554488984
2.1210000000000013,0.10066036445510787
2.1220000000000017,0.10014242999999708
2.1230000000000016,0.09849845872095367
2.124000000000001,0.09718566827904224
2.1250000000000013,0.09764572199999974
2.1260000000000017,0.0974488917394492
2.1270000000000016,0.0956462862605452
2.128000000000001,0.09455873799999938
2.1290000000000013,0.09409196721265653
2.1300000000000017,0.0932740937873413
2.1310000000000016,0.0926667899999995
2.132000000000001,0.09238703500000146
2.1330000000000013,0.09321048847310484
2.1340000000000017,0.09276521952689397
2.1350000000000016,0.09162671899999847
2.136000000000001,0.090770255719955
2.1370000000000013,0.09013745528004304
2.1380000000000017,0.0884850319999973
2.1390000000000016,0.0869681727622469
2.140000000000001,0.08656579523775185
2.1410000000000013,0.08622653799999924
2.1420000000000017,0.08564878999999853
2.1430000000000016,0.08481256453089284
2.144000000000001,0.08419787346910526
2.1450000000000014,0.08364486699999905
2.1460000000000017,0.08293639523745053
2.1470000000000016,0.08170876976254565
2.148000000000001,0.08050423899999826
2.1490000000000014,0.07919622980913521
2.1500000000000017,0.07666432119085805
2.1510000000000016,0.07415173899999662
2.152000000000001,0.07224584399999644
2.1530000000000014,0.07024126445795123
2.1540000000000017,0.06751926199999575
2.1550000000000016,0.0651286099999967
2.156000000000001,0.06326932534692714
2.1570000000000014,0.061112794653066176
2.1580000000000017,0.05971051400000054
2.1590000000000016,0.060008028394420675
2.160000000000001,0.05973197260557848
2.1610000000000014,0.05874081299999971
2.1620000000000017,0.058520938872324936
2.1630000000000016,0.05814966212767391
2.164000000000001,0.05808964700000203
2.1650000000000014,0.05960305000000175
2.1660000000000017,0.060920002942913325
2.1670000000000016,0.06209943205709035
2.168000000000001,0.06303270200000094
2.1690000000000014,0.06374209004159243
2.1700000000000017,0.06437250595840928
2.1710000000000016,0.0642521159999999
2.172000000000001,0.06419825389622183
2.1730000000000014,0.06485721610378023
2.1740000000000017,0.06515873999999948
2.1750000000000016,0.06486171499999988
2.176000000000001,0.06478837133436645
2.1770000000000014,0.06379843499999929
2.1780000000000017,0.06326924300000039
2.1790000000000016,0.06348482866986775
2.180000000000001,0.06456152733013559
2.1810000000000014,0.0653011950000013
2.1820000000000017,0.06627135941571809
2.1830000000000016,0.06703551658428429
2.184000000000001,0.06695187100000012
2.1850000000000014,0.06704210804179178
2.1860000000000017,0.06715252595820857
2.1870000000000016,0.06738102400000215
2.188000000000001,0.06859219800000049
2.1890000000000014,0.06896240668056307
2.1900000000000017,0.06825921231943476
2.1910000000000016,0.06793134699999702
2.192000000000001,0.06624787606078608
2.1930000000000014,0.06515848393921052
2.1940000000000017,0.06618842500000105
2.1950000000000016,0.06678045102089719
2.196000000000001,0.06763065997910546
2.1970000000000014,0.06815185399999947
2.1980000000000017,0.06775908199999918
2.1990000000000016,0.06729061310968583
2.200000000000001,0.06529170999999825
2.2010000000000014,0.06397955100000012
2.2020000000000017,0.06407496439752051
2.2030000000000016,0.06408893960247952
2.204000000000001,0.06408240600000173
2.2050000000000014,0.0653772992057601
2.2060000000000017,0.06615935679424267
2.2070000000000016,0.06585720899999968
2.208000000000001,0.06566588099819977
2.2090000000000014,0.0653158630017991
2.2100000000000017,0.06531081300000029
2.2110000000000016,0.06547490500000032
2.212000000000001,0.0656538124241168
2.2130000000000014,0.06665805357588632
2.2140000000000017,0.06729686300000033
2.2150000000000016,0.06747444732843443
2.216000000000001,0.0675477316715658
2.2170000000000014,0.06674510999999961
2.2180000000000017,0.06645077530373962
2.2190000000000016,0.0666838126962611
2.220000000000001,0.06681419200000167
2.2210000000000014,0.06806374300000109
2.2220000000000018,0.06889112482661629
2.2230000000000016,0.0682393909999997
2.224000000000001,0.06801899500000039
2.2250000000000014,0.06830971445180949
2.2260000000000018,0.06821423254819019
2.2270000000000016,0.06909254900000085
2.228000000000001,0.06957161499059827
2.229000000000001,0.06734152100939478
2.2300000000000018,0.06595666700000022
2.2310000000000016,0.06608025619656019
2.232000000000001,0.06577222180343885
2.233000000000001,0.06644844300000119
2.2340000000000018,0.06734670000000023
2.2350000000000017,0.06747026723205117
2.236000000000001,0.06598258776794419
2.237000000000001,0.06520278000000013
2.2380000000000018,0.06529588670965766
2.2390000000000017,0.06504298329034157
2.240000000000001,0.06550253899999972
2.241000000000001,0.06530696243330998
2.2420000000000018,0.06323129556668264
2.2430000000000017,0.0621294529999999
2.244000000000001,0.06204955999999912
2.245000000000001,0.061401025328134684
2.2460000000000018,0.061594306671866
2.2470000000000017,0.061544540999994665
2.2480000000000016,0.05853566716416491
2.249000000000001,0.057137308835830736
2.2500000000000018,0.05918216300000145
2.2510000000000017,0.05999879370465905
2.2520000000000016,0.059985840295340924
2.253000000000001,0.06095331500000044
2.2540000000000022,0.06128085974755065
2.2550000000000017,0.061378335252449664
2.2560000000000016,0.06324958800000341
2.257000000000001,0.06516775500000077
2.2580000000000022,0.06560712566826711
2.2590000000000017,0.06608380833173436
2.2600000000000016,0.06845723800000289
2.261000000000001,0.0700838717372516
2.2620000000000022,0.0694912442627463
2.2630000000000017,0.06938768900000022
2.2640000000000016,0.06951276117526459
2.265000000000001,0.0692845138247347
2.2660000000000022,0.0697950420000009
2.2670000000000017,0.07030551100000018
2.2680000000000016,0.07040508842641424
2.269000000000001,0.07010935257358485
2.2700000000000022,0.06947635099999871
2.2710000000000017,0.06876051622425411
2.2720000000000016,0.06811275877574388
2.273000000000001,0.06672802599999872
2.2740000000000022,0.06577923056968676
2.2750000000000017,0.06621492743031457
2.2760000000000016,0.06562579399999782
2.277000000000001,0.0644021699999975
2.2780000000000022,0.06299266895010225
2.2790000000000017,0.059494371999996236
2.2800000000000016,0.057379395000000125
2.281000000000001,0.0574449575844818
2.2820000000000022,0.05664080241551533
2.2830000000000017,0.05517254399999975
2.2840000000000016,0.05503299066546599
2.285000000000001,0.05446964533453225
2.2860000000000023,0.054652523000006566
2.2870000000000017,0.058344067470610564
2.2880000000000016,0.061258773529398486
2.289000000000001,0.06305128300000233
2.2900000000000023,0.06479540500000297
2.2910000000000017,0.06646866994891212
2.2920000000000016,0.06764815905109155
2.293000000000001,0.06788280600000053
2.2940000000000023,0.06829015697420572
2.2950000000000017,0.06863989902579537
2.2960000000000016,0.06878071299999966
2.297000000000001,0.0685953501808642
2.2980000000000023,0.06882715881913662
2.2990000000000017,0.07093368500000095
2.3000000000000016,0.07147481999999591
2.301000000000001,0.0691767028117154
2.3020000000000023,0.0682863439999978
2.3030000000000017,0.06705428699999727
2.3040000000000016,0.06552108629734356
2.305000000000001,0.06740405970266228
2.3060000000000023,0.06881264599999733
2.3070000000000017,0.06731297263197182
2.3080000000000016,0.06620929236802475
2.309000000000001,0.0653191129999989
2.3100000000000023,0.06449930484523399
2.3110000000000017,0.06637775715477269
2.3120000000000016,0.0668818949999936
2.313000000000001,0.06327950999999737
2.3140000000000023,0.061315879965206176
2.3150000000000017,0.06083553203479211
2.3160000000000016,0.05906886599999964
2.317000000000001,0.058864583180964235
2.3180000000000023,0.05913639281903672
2.3190000000000017,0.05588545299999506
2.3200000000000016,0.05310284730394072
2.321000000000001,0.05403588669606218
2.3220000000000023,0.05437270199999565
2.3230000000000017,0.05191995899999815
2.3240000000000016,0.050877695294569904
2.325000000000001,0.0504806409999995
2.3260000000000023,0.05010782900000445
2.3270000000000017,0.05261121828105248
2.3280000000000016,0.05799402871896426
2.329000000000001,0.06053162000000276
2.3300000000000023,0.0626004894607156
2.3310000000000017,0.06636509653929944
2.3320000000000016,0.0680020750000049
2.333000000000001,0.07076264355429603
2.3340000000000023,0.07502818644571912
2.3350000000000017,0.07749289999999973
2.3360000000000016,0.07733901600000126
2.337000000000001,0.0780472706451722
2.3380000000000023,0.07881372235483053
2.3390000000000017,0.07946605200000388
2.3400000000000016,0.08164767157908609
2.341000000000001,0.08283346242091758
2.3420000000000023,0.08119964600000062
2.3430000000000017,0.0815502262581545
2.3440000000000016,0.08535280774185733
2.345000000000001,0.08609709099999885
2.3460000000000023,0.08522884500000029
2.3470000000000018,0.08539142066832611
2.3480000000000016,0.08102810399999717
2.349000000000001,0.07890777300000731
2.350000000000002,0.08439948980474317
2.3510000000000018,0.08639753719526481
2.3520000000000016,0.08513173499999788
2.353000000000001,0.08393669370235031
2.354000000000002,0.07822371729762938
2.3550000000000018,0.07512892800000355
2.3560000000000016,0.07712809095670818
2.357000000000001,0.07683765804329093
2.358000000000002,0.07664827299999881
2.3590000000000018,0.07597609599999103
2.3600000000000017,0.07092950765816264
2.361000000000001,0.06737608934182633
2.362000000000002,0.06536845899999781
2.3630000000000018,0.06413513699720227
2.3640000000000017,0.06520510900280102
2.365000000000001,0.06542298900000182
2.366000000000002,0.0667916087937417
2.3670000000000018,0.06700954620625918
2.3680000000000017,0.06435681099999646
2.369000000000001,0.0617000649999949
2.370000000000002,0.057875658765340864
2.3710000000000018,0.05492331223464735
2.3720000000000017,0.05169289899999683
2.3730000000000016,0.04990943574375524
2.374000000000002,0.05237687325625354
2.3750000000000018,0.05279418499999651
2.3760000000000017,0.05082825122875381
2.3770000000000016,0.05056053877124536
2.378000000000002,0.049730751999999226
2.3790000000000022,0.049293150540894254
2.3800000000000017,0.05079855945911043
2.3810000000000016,0.0531527030000064
2.382000000000002,0.056752846000004985
2.3830000000000022,0.05899619314407443
2.3840000000000017,0.061007633855931824
2.3850000000000016,0.06414312100000237
2.386000000000002,0.06548375406678919
2.3870000000000022,0.06672442193321576
2.3880000000000017,0.07122112800000632
2.3890000000000016,0.07478388333113557
2.390000000000002,0.07589719466886838
2.3910000000000022,0.07655875400000099
2.3920000000000017,0.07712451400000113
2.3930000000000016,0.07774773843711075
2.394000000000002,0.07661210956288522
2.3950000000000022,0.0765900460000043
2.3960000000000017,0.07901534336353015
2.3970000000000016,0.08078897863647536
2.398000000000002,0.08312581500000177
2.3990000000000022,0.08412147193630934
2.4000000000000017,0.08202083506368411
2.4010000000000016,0.08118224100000335
2.402000000000001,0.08306591999999934
2.4030000000000022,0.08269225036696258
2.4040000000000017,0.07894209799999696
2.4050000000000016,0.07723097499999515
2.406000000000002,0.07450237551359444
2.4070000000000022,0.07312751148640008
2.4080000000000017,0.07836160800000623
2.4090000000000016,0.08186209666816499
2.410000000000001,0.08101877833183238
2.4110000000000023,0.08109094900000427
2.4120000000000017,0.08350000839852059
2.4130000000000016,0.08368399360147998
2.414000000000002,0.08253715899999875
2.4150000000000023,0.08183134299999194
2.4160000000000017,0.07729460835722382
2.4170000000000016,0.07436818064276708
2.418000000000001,0.07577948999999824
2.4190000000000023,0.07445426116206877
2.4200000000000017,0.07518588183793351
2.4210000000000016,0.07732865999999654
2.422000000000002,0.07538109601439688
2.4230000000000023,0.07526123998560265
2.4240000000000017,0.07708772299999607
2.4250000000000016,0.07488271599999997
2.426000000000001,0.07486797247435252
2.4270000000000023,0.07591849599999022
2.4280000000000017,0.07041136199999766
2.4290000000000016,0.06908980406199212
2.430000000000002,0.07189042393801783
2.4310000000000023,0.07063827699999624
2.4320000000000017,0.06852219892221217
2.4330000000000016,0.06642142107778129
2.434000000000001,0.06456146399999635
2.4350000000000023,0.06182728436412922
2.4360000000000017,0.0631009256358753
2.4370000000000016,0.06683118599999723
2.438000000000002,0.06526979799999959
2.4390000000000023,0.06503418661258142
2.4400000000000017,0.06748031238742726
2.4410000000000016,0.06968101900000169
2.442000000000001,0.07063374708858228
2.4430000000000023,0.07063463291141772
2.4440000000000017,0.07317592200000511
2.4450000000000016,0.07605421740182111
2.446000000000002,0.07696823559818214
2.4470000000000023,0.07284041499999434
2.4480000000000017,0.06965330199999935
2.4490000000000016,0.06928700143125628
2.450000000000001,0.0689113140000091
2.4510000000000023,0.07574865200001031
2.4520000000000017,0.08155392896560952
2.4530000000000016,0.08319358503439557
2.454000000000002,0.08336663999999508
2.4550000000000023,0.08058512755258715
2.4560000000000017,0.07945065344740831
2.4570000000000016,0.08029766399999802
2.458000000000001,0.07918457337511939
2.4590000000000023,0.07571832462486829
2.4600000000000017,0.07376410099999367
2.4610000000000016,0.07020383299999347
2.462000000000002,0.06654327338892943
2.4630000000000023,0.07004716261108458
2.4640000000000017,0.07156731899999141
2.4650000000000016,0.06673403669275506
2.466000000000001,0.06277096430723263
2.4670000000000023,0.05714790199999473
2.4680000000000017,0.0541759462855418
2.4690000000000016,0.0534988017144561
2.470000000000002,0.05342876200001257
2.4710000000000023,0.06050326700001112
2.4720000000000018,0.0667620054717564
2.4730000000000016,0.0689767230000052
2.474000000000001,0.07287381600001314
2.475000000000002,0.08274028732643708
2.4760000000000018,0.0838835516735675
2.4770000000000016,0.07096711499999811
2.478000000000002,0.06990605431423236
2.479000000000002,0.06757919668575832
2.4800000000000018,0.08305991400004002
2.4810000000000016,0.10558806974004603
2.482000000000001,0.10188547025994248
2.483000000000002,0.09224103399996804
2.4840000000000018,0.07424467099996282
2.4850000000000017,0.05332859515577287
2.486000000000002,0.055820152844235985
2.487000000000002,0.07566742600005195
2.4880000000000018,0.10491629784546327
2.4890000000000017,0.12499475215459913
2.490000000000001,0.13281101000000073
2.491000000000002,0.13335901493299168
2.4920000000000018,0.12280834506696615
2.4930000000000017,0.11936574999999405
2.494000000000002,0.1148791500000012
2.495000000000002,0.11555759780643148
2.4960000000000018,0.11203566219355446
2.4970000000000017,0.1065966000000173
2.4980000000000016,0.11633067798865113
2.499000000000002,0.0846105650112362
2.5000000000000018,0.08460734800000001
2.5010000000000017,0.08460734800000001
2.502000000000002,0.08460734800000001
2.503000000000002,0.08460734800000001
2.5040000000000022,0.08460734800000001
2.5050000000000017,0.08460734800000001
2.5060000000000016,0.08460734800000001
2.507000000000002,0.08460734800000001
2.5080000000000022,0.08460734800000001
2.5090000000000017,0.08460734800000001
2.510000000000002,0.08460734800000001
2.511000000000002,0.08460734800000001
2.5120000000000022,0.08460734800000001
2.5130000000000017,0.08460734800000001
2.5140000000000016,0.08460734800000001
2.515000000000002,0.08460734800000001
2.5160000000000022,0.08460734800000001
2.5170000000000017,0.08460734800000001
2.518000000000002,0.08460734800000001
2.519000000000002,0.08460734800000001
2.5200000000000022,0.08460734800000001
2.5210000000000017,0.08460734800000001
2.5220000000000016,0.08460734800000001
2.523000000000002,0.08460734800000001
2.5240000000000022,0.08460734800000001
2.5250000000000017,0.08460734800000001
2.526000000000002,0.08460734800000001
2.527000000000002,0.08460734800000001
2.5280000000000022,0.08460734800000001
2.5290000000000017,0.08460734800000001
2.5300000000000016,0.08460734800000001
2.531000000000002,0.08460734800000001
2.5320000000000022,0.08460734800000001
2.5330000000000017,0.08460734800000001
2.534000000000002,0.08460734800000001
2.535000000000002,0.08460734800000001
2.5360000000000023,0.08460734800000001
2.5370000000000017,0.08460734800000001
2.5380000000000016,0.08460734800000001
2.539000000000002,0.08460734800000001
2.5400000000000023,0.08460734800000001
2.5410000000000017,0.08460734800000001
2.542000000000002,0.08460734800000001
2.543000000000002,0.08460734800000001
2.5440000000000023,0.08460734800000001
2.5450000000000017,0.08460734800000001
2.5460000000000016,0.08460734800000001
2.547000000000002,0.08460734800000001
2.5480000000000023,0.08460734800000001
2.5490000000000017,0.08460734800000001
2.550000000000002,0.08460734800000001
2.551000000000002,0.08460734800000001
2.5520000000000023,0.08460734800000001
2.5530000000000017,0.08460734800000001
2.5540000000000016,0.08460734800000001
2.555000000000002,0.08460734800000001
2.5560000000000023,0.08460734800000001
2.5570000000000017,0.08460734800000001
2.558000000000002,0.08460734800000001
2.559000000000002,0.08460734800000001
2.5600000000000023,0.08460734800000001
2.5610000000000017,0.08460734800000001
2.5620000000000016,0.08460734800000001
2.563000000000002,0.08460734800000001
2.5640000000000023,0.08460734800000001
2.5650000000000017,0.08460734800000001
2.566000000000002,0.08460734800000001
2.567000000000002,0.08460734800000001
2.5680000000000023,0.08460734800000001
2.5690000000000017,0.08460734800000001
2.5700000000000016,0.08460734800000001
2.571000000000002,0.08460734800000001
2.5720000000000023,0.08460734800000001
2.5730000000000017,0.08460734800000001
2.574000000000002,0.08460734800000001
2.575000000000002,0.08460734800000001
2.5760000000000023,0.08460734800000001
2.5770000000000017,0.08460734800000001
2.5780000000000016,0.08460734800000001
2.579000000000002,0.08460734800000001
2.5800000000000023,0.08460734800000001
2.5810000000000017,0.08460734800000001
2.582000000000002,0.08460734800000001
2.583000000000002,0.08460734800000001
2.5840000000000023,0.08460734800000001
2.5850000000000017,0.08460734800000001
2.5860000000000016,0.08460734800000001
2.587000000000002,0.08460734800000001
2.5880000000000023,0.08460734800000001
2.5890000000000017,0.08460734800000001
2.590000000000002,0.08460734800000001
2.591000000000002,0.08460734800000001
2.5920000000000023,0.08460734800000001
2.5930000000000017,0.08460734800000001
2.5940000000000016,0.08460734800000001
2.595000000000002,0.08460734800000001
2.5960000000000023,0.08460734800000001
2.5970000000000018,0.08460734800000001
2.598000000000002,0.08460734800000001
2.599000000000002,0.08460734800000001
