wave,L-Proline
0.4,0.6402481258422831
0.401,0.6340045130559389
0.402,0.6323101069440612
0.40299999999999997,0.6322181200000002
0.40399999999999997,0.6370207819733803
0.405,0.64563268
0.406,0.6408401114777702
0.407,0.6349878885222295
0.408,0.6346895227205456
0.409,0.6359615772794543
0.41,0.6362303500000002
0.411,0.6395670466330337
0.412,0.64378494
0.413,0.6381826867553323
0.414,0.6368582200000001
0.415,0.639008935693086
0.416,0.6385782443069138
0.417,0.63639748
0.418,0.6379498044767553
0.419,0.6399744199999998
0.42,0.6356156647662524
0.421,0.63709229
0.422,0.639489404152917
0.423,0.6389046958470831
0.424,0.6372646628285433
0.425,0.6365475171714565
0.4260000000000001,0.6379471999999999
0.4270000000000001,0.6402299952757472
0.4280000000000001,0.63975757
0.4290000000000001,0.6403765853728927
0.4300000000000001,0.6419138746271076
0.4310000000000001,0.6412392700553988
0.4320000000000001,0.6392448099446011
0.4330000000000001,0.63840771
0.4340000000000001,0.6388854325905741
0.4350000000000001,0.6381444900000001
0.4360000000000001,0.6398063432731346
0.4370000000000001,0.6411336567268655
0.4380000000000001,0.6397151346702066
0.4390000000000001,0.6391821553297934
0.4400000000000001,0.6394405400000001
0.4410000000000001,0.6406698677067231
0.4420000000000001,0.64206123
0.4430000000000001,0.6410832816743665
0.4440000000000001,0.6392507183256333
0.4450000000000001,0.6385856395401093
0.4460000000000001,0.6395396504598908
0.4470000000000001,0.63905549
0.4480000000000001,0.6389568409864901
0.4490000000000001,0.64041078
0.4500000000000001,0.6397928570531589
0.4510000000000001,0.6394981729468411
0.4520000000000001,0.6397751043379133
0.4530000000000001,0.6402088956620867
0.4540000000000001,0.6423544900000001
0.4550000000000001,0.6431111024338757
0.4560000000000001,0.64183342
0.4570000000000001,0.6417802580831191
0.4580000000000001,0.64158857
0.4590000000000001,0.6414384235113297
0.4600000000000001,0.6417895564886702
0.4610000000000001,0.64255989
0.4620000000000001,0.6420479451194487
0.4630000000000001,0.6410862800000001
0.4640000000000001,0.6417345435964641
0.4650000000000001,0.64209419
0.4660000000000001,0.6425536980148397
0.4670000000000001,0.6433551819851603
0.4680000000000001,0.6439446724965501
0.4690000000000001,0.6431943275034498
0.4700000000000001,0.6424632100000001
0.4710000000000001,0.6434689328267719
0.4720000000000001,0.64475161
0.4730000000000001,0.6438552578445429
0.4740000000000001,0.6426397121554569
0.4750000000000001,0.6450477309002821
0.4760000000000001,0.646137759099718
0.4770000000000001,0.6453409799999998
0.4780000000000001,0.6434448327729723
0.4790000000000001,0.64272213
0.4800000000000001,0.6431838495708088
0.4810000000000001,0.6451409304291917
0.4820000000000001,0.6471252243261134
0.4830000000000001,0.6455578356738862
0.4840000000000001,0.6443981500000001
0.4850000000000001,0.6450720932605674
0.4860000000000001,0.64588279
0.4870000000000001,0.6463332905366894
0.4880000000000001,0.6473869594633108
0.4890000000000001,0.6487190630252394
0.4900000000000001,0.6480215869747604
0.4910000000000001,0.6482770999999999
0.4920000000000001,0.6492424503464966
0.4930000000000001,0.6490054699999998
0.4940000000000001,0.6472654866360336
0.4950000000000001,0.6469290900000001
0.4960000000000001,0.6482679815735685
0.4970000000000001,0.6484253384264315
0.4980000000000001,0.64822727
0.4990000000000001,0.6485125971467286
0.5000000000000001,0.6489788299999999
0.5010000000000001,0.6478265024409491
0.5020000000000001,0.6490706150541475
0.5030000000000001,0.6509057532972354
0.5040000000000001,0.6495915231429313
0.5050000000000001,0.6488170599999998
0.5060000000000001,0.6482766827141643
0.5070000000000001,0.6479123909287535
0.5080000000000001,0.647987478497985
0.5090000000000001,0.6484288000000001
0.5100000000000001,0.6489980212481125
0.5110000000000001,0.6491228111801527
0.5120000000000001,0.6481818188198472
0.5130000000000001,0.6470474113441133
0.5140000000000001,0.64636999
0.5150000000000001,0.6463784016200325
0.5160000000000001,0.6465403945537723
0.5170000000000001,0.6463588536308185
0.5180000000000001,0.6460045035435353
0.5190000000000001,0.6462409444090439
0.5200000000000001,0.6456818510870457
0.5210000000000001,0.6452362033694314
0.5220000000000001,0.6457729246324928
0.5230000000000001,0.6455406500000002
0.5240000000000001,0.6460694192470926
0.5250000000000001,0.6469941008379664
0.5260000000000001,0.6465359991620334
0.5270000000000001,0.6464672706872069
0.5280000000000001,0.64691108
0.5290000000000001,0.6472916480980809
0.5300000000000001,0.6466965703305835
0.5310000000000001,0.6467075897796111
0.5320000000000001,0.6469047680281803
0.5330000000000001,0.6462507786791868
0.5340000000000001,0.6461187061448928
0.5350000000000001,0.6464259507826609
0.5360000000000001,0.6468037962215245
0.5370000000000001,0.6465961899999999
0.5380000000000001,0.6458403459277184
0.5390000000000001,0.6454331504568773
0.5400000000000001,0.6461150463620821
0.5410000000000001,0.6469192419580196
0.5420000000000001,0.64702064
0.5430000000000001,0.6466926316439178
0.5440000000000002,0.6467748275341233
0.5450000000000002,0.6462803598896988
0.5460000000000002,0.6462923300000001
0.5470000000000002,0.6469327764212641
0.5480000000000002,0.6465749015831367
0.5490000000000002,0.6461540584168634
0.5500000000000002,0.6460325712148122
0.5510000000000002,0.64628375
0.5520000000000002,0.6466270774083482
0.5530000000000002,0.6473679096133194
0.5540000000000002,0.6480216869244538
0.5550000000000002,0.6477560426566265
0.5560000000000002,0.6482127959509596
0.5570000000000002,0.6488078803541824
0.5580000000000002,0.6488255894687265
0.5590000000000002,0.6487785009418094
0.5600000000000002,0.64898109
0.5610000000000002,0.6494793920295203
0.5620000000000002,0.6496823216425341
0.5630000000000002,0.6487644483574655
0.5640000000000002,0.6484205734386344
0.5650000000000002,0.64915347
0.5660000000000002,0.6491462599439994
0.5670000000000002,0.6491434622618869
0.5680000000000002,0.6492188584920754
0.5690000000000002,0.6491765404232043
0.5700000000000002,0.6486364543071429
0.5710000000000002,0.6480671732875355
0.5720000000000002,0.6477315500686965
0.5730000000000002,0.6474717325981519
0.5740000000000002,0.64690191
0.5750000000000002,0.6466583003475035
0.5760000000000002,0.6466930295386182
0.5770000000000002,0.6456699604613813
0.5780000000000002,0.6451999546999468
0.5790000000000002,0.6451788499999999
0.5800000000000002,0.6446459185522855
0.5810000000000002,0.6440735495743213
0.5820000000000002,0.6440593602837857
0.5830000000000002,0.6448721900000002
0.5840000000000002,0.6458396313626137
0.5850000000000002,0.6459758903467827
0.5860000000000002,0.6459932294798261
0.5870000000000002,0.6467625423066463
0.5880000000000002,0.6475206000000001
0.5890000000000002,0.6481297632890658
0.5900000000000002,0.6484586615662217
0.5910000000000002,0.6485108689558522
0.5920000000000002,0.6483852312564126
0.5930000000000002,0.6479693037986379
0.5940000000000002,0.6473491715854206
0.5950000000000002,0.6469284426218689
0.5960000000000002,0.6465640172884728
0.5970000000000002,0.64634651
0.5980000000000002,0.6465439273653738
0.5990000000000002,0.6472804612351507
0.6000000000000002,0.6478422187648495
0.6010000000000002,0.6478356700656006
0.6020000000000002,0.64752293
0.6030000000000002,0.6473242627997561
0.6040000000000002,0.6476042460119995
0.6050000000000002,0.6481379793253339
0.6060000000000002,0.6478906324736247
0.6070000000000002,0.647676587300473
0.6080000000000002,0.6474066276648167
0.6090000000000002,0.6467898685027748
0.6100000000000002,0.6469991779066582
0.6110000000000002,0.6470394699999998
0.6120000000000002,0.6465623407945079
0.6130000000000002,0.6466417939946403
0.6140000000000002,0.6468415260053598
0.6150000000000002,0.6467786406289062
0.6160000000000002,0.6462389199999999
0.6170000000000002,0.6458703939290393
0.6180000000000002,0.6460668483932804
0.6190000000000002,0.6463466244044799
0.6200000000000002,0.64579326
0.6210000000000002,0.6457810390772908
0.6220000000000002,0.6456887626963651
0.6230000000000002,0.6453235809554522
0.6240000000000002,0.6457236359992201
0.6250000000000002,0.64582282
0.6260000000000002,0.6456576587190743
0.6270000000000002,0.6455295489635516
0.6280000000000002,0.6448283340242986
0.6290000000000002,0.6449366789163892
0.6300000000000002,0.64583892
0.6310000000000002,0.6457184565239737
0.6320000000000002,0.6455446552140394
0.6330000000000002,0.6454009428742288
0.6340000000000002,0.6455217000000001
0.6350000000000002,0.6462585321756218
0.6360000000000002,0.6464760847682092
0.6370000000000002,0.6462144952317906
0.6380000000000002,0.6463673684711847
0.6390000000000002,0.64645743
0.6400000000000002,0.6466730224718495
0.6410000000000002,0.6469201975362231
0.6420000000000002,0.6468380716425179
0.6430000000000002,0.6469804585760858
0.6440000000000002,0.6470598572008721
0.6450000000000002,0.6467799519633018
0.6460000000000002,0.6468781170550473
0.6470000000000002,0.6469961388197765
0.6480000000000002,0.6468977299999998
0.6490000000000002,0.6466416090367904
0.6500000000000002,0.6465452905555779
0.6510000000000002,0.6465730694444222
0.6520000000000002,0.6465731899988001
0.6530000000000002,0.64650685
0.6540000000000002,0.6466959743034429
0.6550000000000002,0.6469111346002699
0.6560000000000002,0.6467311435998199
0.6570000000000003,0.646549521816218
0.6580000000000003,0.6464673896315963
0.6590000000000003,0.6464305458828059
0.6600000000000003,0.6462246861757911
0.6610000000000003,0.6460434818120362
0.6620000000000003,0.64590287
0.6630000000000003,0.6457065868314366
0.6640000000000003,0.6453897418611071
0.6650000000000003,0.6454517787592621
0.6660000000000003,0.6456384681330813
0.6670000000000003,0.64532369
0.6680000000000003,0.6451526309583521
0.6690000000000003,0.6452005485624719
0.6700000000000003,0.6452849483119831
0.6710000000000003,0.64504629
0.6720000000000003,0.6449361992310922
0.6730000000000003,0.644859304048238
0.6740000000000003,0.6445617159517618
0.6750000000000003,0.6441435241819417
0.6760000000000003,0.64393514
0.6770000000000003,0.643998501052121
0.6780000000000003,0.6441037131237438
0.6790000000000003,0.6442078379175041
0.6800000000000003,0.6441116909615096
0.6810000000000003,0.6439240619866199
0.6820000000000003,0.644122722781061
0.6830000000000003,0.6442617758284086
0.6840000000000003,0.6442847295409954
0.6850000000000003,0.64427888
0.6860000000000003,0.6441912083244832
0.6870000000000003,0.6440236540694372
0.6880000000000003,0.6437271259305627
0.6890000000000003,0.6433379138921388
0.6900000000000003,0.64325762
0.6910000000000003,0.6432686361555614
0.6920000000000003,0.643076413779511
0.6930000000000003,0.6428690641469926
0.6940000000000003,0.6433238954515547
0.6950000000000003,0.6438534259587594
0.6960000000000003,0.6434492978806058
0.6970000000000003,0.6428433281790908
0.6980000000000003,0.6424324541086821
0.6990000000000003,0.64239365
0.7000000000000003,0.6424248181558815
0.7010000000000003,0.6422404041278348
0.7020000000000003,0.6419467958721651
0.7030000000000003,0.6417350221177212
0.7040000000000003,0.64158112
0.7050000000000003,0.6413968719413192
0.7060000000000003,0.6409939288636567
0.7070000000000003,0.6402893840908952
0.7080000000000003,0.6396548199999997
0.7090000000000003,0.6389080245920458
0.7100000000000003,0.6383672419381031
0.7110000000000003,0.6384641470928454
0.7120000000000003,0.6376308883328664
0.7130000000000003,0.6363255399999996
0.7140000000000003,0.6351901781574628
0.7150000000000003,0.6340059323728809
0.7160000000000003,0.6330850284180787
0.7170000000000003,0.6325323655265551
0.7180000000000003,0.6319735460822605
0.7190000000000003,0.6305817796496171
0.7200000000000003,0.6295642605255733
0.7210000000000003,0.6292528562276621
0.7220000000000003,0.6287032399999999
0.7230000000000003,0.6283110356136561
0.7240000000000003,0.6278723976050956
0.7250000000000003,0.6272526523949039
0.7260000000000003,0.6266683958425582
0.7270000000000003,0.62630695
0.7280000000000003,0.6261544186427728
0.7290000000000003,0.6260186914639267
0.7300000000000003,0.6257341556907153
0.7310000000000003,0.6252997543440434
0.7320000000000003,0.6248408580377803
0.7330000000000003,0.6246446443579822
0.7340000000000003,0.6248625434630269
0.7350000000000003,0.6250070885545711
0.7360000000000003,0.6247118099999999
0.7370000000000003,0.6243555466520664
0.7380000000000003,0.6240207592668293
0.7390000000000003,0.6239841007331706
0.7400000000000003,0.6243541762991631
0.7410000000000003,0.6246168600000002
0.7420000000000003,0.6248627355266554
0.7430000000000003,0.6251390724982752
0.7440000000000003,0.6255556816678167
0.7450000000000003,0.6264868400000003
0.7460000000000003,0.6275883987571879
0.7470000000000003,0.6284641146048701
0.7480000000000003,0.6291943580926956
0.7490000000000003,0.6302297596458932
0.7500000000000003,0.6314032100000003
0.7510000000000003,0.6323442572539454
0.7520000000000003,0.6330696386845659
0.7530000000000003,0.6333591242102896
0.7540000000000003,0.6334215993752937
0.7550000000000003,0.63366604
0.7560000000000003,0.633815536661067
0.7570000000000003,0.6341485900083996
0.7580000000000003,0.6345576518187184
0.7590000000000003,0.634547
0.7600000000000003,0.6346869501508015
0.7610000000000003,0.634702024626215
0.7620000000000003,0.6344333353737851
0.7630000000000003,0.6345156991762917
0.7640000000000003,0.63480037
0.7650000000000003,0.6349611264355286
0.7660000000000003,0.6346046717387128
0.7670000000000003,0.6339959621741911
0.7680000000000003,0.6337961019985199
0.7690000000000003,0.6340104890779907
0.7700000000000004,0.6339182883500825
0.7710000000000004,0.6338357924748762
0.7720000000000004,0.6335821225367506
0.7730000000000004,0.6330953799999999
0.7740000000000004,0.6326757693943938
0.7750000000000004,0.6326152098820047
0.7760000000000004,0.6326093101179953
0.7770000000000004,0.6323422226709265
0.7780000000000004,0.6322498899999999
0.7790000000000004,0.6320121788704886
0.7800000000000004,0.6314557005315732
0.7810000000000004,0.6308067529789508
0.7820000000000004,0.6307516705507055
0.7830000000000004,0.6305621253269531
0.7840000000000004,0.6300948263307834
0.7850000000000004,0.6299113655038248
0.7860000000000004,0.6291324577892554
0.7870000000000004,0.6286336800000001
0.7880000000000004,0.6288081359164182
0.7890000000000004,0.6283997721640916
0.7900000000000004,0.6278052418906053
0.7910000000000004,0.6270932671197709
0.7920000000000004,0.6263534999999999
0.7930000000000004,0.6258866794456277
0.7940000000000004,0.6258589608315583
0.7950000000000004,0.6259493781915819
0.7960000000000004,0.6255097399999997
0.7970000000000004,0.624728076112561
0.7980000000000004,0.6243393362009519
0.7990000000000004,0.6241493837990479
0.8000000000000004,0.6232937685562853
0.8010000000000004,0.6235946400000001
0.8020000000000004,0.6237923413959275
0.8030000000000004,0.6229319387220635
0.8040000000000004,0.6222226741852905
0.8050000000000004,0.6219200530261301
0.8060000000000004,0.6219032386248862
0.8070000000000004,0.6217657227537622
0.8080000000000004,0.6214034108693565
0.8090000000000004,0.6209268695308952
0.8100000000000004,0.62065065
0.8110000000000004,0.6207433289962899
0.8120000000000004,0.6206429586946521
0.8130000000000004,0.6205776913053477
0.8140000000000004,0.6206949888269883
0.8150000000000004,0.62088645
0.8160000000000004,0.6208257027401273
0.8170000000000004,0.6204627116568171
0.8180000000000004,0.6201846055621217
0.8190000000000004,0.6206584552613528
0.8200000000000004,0.6212514620767208
0.8210000000000004,0.6214591236773159
0.8220000000000004,0.6211429894840257
0.8230000000000004,0.6209622618072359
0.8240000000000004,0.62095714
0.8250000000000004,0.6210043421434216
0.8260000000000004,0.6212186983276673
0.8270000000000004,0.6221350816723334
0.8280000000000004,0.6224790165607658
0.8290000000000004,0.6222351800000001
0.8300000000000004,0.6224023799719001
0.8310000000000004,0.6229009611891405
0.8320000000000004,0.6229405992072397
0.8330000000000004,0.62245095
0.8340000000000004,0.6223665540304404
0.8350000000000004,0.6227695970854459
0.8360000000000004,0.6231238693718315
0.8370000000000004,0.6230159410794216
0.8380000000000004,0.6226383399999997
0.8390000000000004,0.6221142360988219
0.8400000000000004,0.6217241233967301
0.8410000000000004,0.6215040144021798
0.8420000000000004,0.6211094939452393
0.8430000000000004,0.6208141976640765
0.8440000000000004,0.6205806055036247
0.8450000000000004,0.6203557867445627
0.8460000000000004,0.6202705517046171
0.8470000000000004,0.6201820999999996
0.8480000000000004,0.6195130175157747
0.8490000000000004,0.6182646136332546
0.8500000000000004,0.6179462763667452
0.8510000000000004,0.6171909075537754
0.8520000000000004,0.6159471899999996
0.8530000000000004,0.6151996856451127
0.8540000000000004,0.6147641828126591
0.8550000000000004,0.6138579381248933
0.8560000000000004,0.6125375132043315
0.8570000000000004,0.6115794079888794
0.8580000000000004,0.6103783005389727
0.8590000000000004,0.60940524919154
0.8600000000000004,0.6086546275061498
0.8610000000000004,0.6075816799999996
0.8620000000000004,0.6065512182851824
0.8630000000000004,0.6053797348944038
0.8640000000000004,0.6041244551055952
0.8650000000000004,0.6030952402921025
0.8660000000000004,0.6017618199999992
0.8670000000000004,0.6000433835978352
0.8680000000000004,0.5982232847586614
0.8690000000000004,0.5967152401608913
0.8700000000000004,0.594904959999999
0.8710000000000004,0.5925351759051579
0.8720000000000004,0.5901257079462019
0.8730000000000004,0.5885230180806953
0.8740000000000004,0.5857638375921508
0.8750000000000004,0.582672059999999
0.8760000000000004,0.5803591909749181
0.8770000000000004,0.5774566875155228
0.8780000000000004,0.5747072049896493
0.8790000000000004,0.5719289477825766
0.8800000000000004,0.5692443299999994
0.8810000000000004,0.5680035677735108
0.8820000000000005,0.5668922433397325
0.8830000000000005,0.5654033697776971
0.8840000000000005,0.5639959599999997
0.8850000000000005,0.5633952525875254
0.8860000000000005,0.5626540106889723
0.8870000000000005,0.5621884593110273
0.8880000000000005,0.5625078668057683
0.8890000000000005,0.5616165399999998
0.8900000000000005,0.5610435559194182
0.8910000000000005,0.5606354734021293
0.8920000000000005,0.5594155443985795
0.8930000000000005,0.5591386627686276
0.8940000000000005,0.5593692749424497
0.8950000000000005,0.5598635174930255
0.8960000000000005,0.5602381687604622
0.8970000000000005,0.5596714056679131
0.8980000000000005,0.5596869000000003
0.8990000000000005,0.5602322777302772
0.9000000000000005,0.5600053178566858
0.9010000000000004,0.5603981521433145
0.9020000000000004,0.5604867891136912
0.9030000000000004,0.5602530800000001
0.9040000000000004,0.5604335061195611
0.9050000000000004,0.560239492741263
0.9060000000000004,0.5603308681724914
0.9070000000000004,0.5609500938076384
0.9080000000000004,0.561991349405095
0.9090000000000004,0.5639318520799966
0.9100000000000004,0.5655358518800069
0.9110000000000004,0.5670270750878025
0.9120000000000004,0.5701562200000017
0.9130000000000004,0.5738739754714112
0.9140000000000004,0.5774210927436642
0.9150000000000004,0.5801792148375594
0.9160000000000004,0.5823131586606877
0.9170000000000004,0.5846206500000012
0.9180000000000004,0.5873817597246146
0.9190000000000004,0.5893679904130804
0.9200000000000004,0.58951836699357
0.9210000000000004,0.5916170500000009
0.9220000000000004,0.5933144790319907
0.9230000000000004,0.5942177029850815
0.9240000000000004,0.5963669570149204
0.9250000000000004,0.5980982626870277
0.9260000000000004,0.5990737100000002
0.9270000000000004,0.5994483253413071
0.9280000000000004,0.5999824666008704
0.9290000000000004,0.6008691622660871
0.9300000000000004,0.6016659020326207
0.9310000000000004,0.6023774201955024
0.9320000000000004,0.6033969651746417
0.9330000000000004,0.6041556972380384
0.9340000000000004,0.6046240806325065
0.9350000000000004,0.6042534099999997
0.9360000000000004,0.6035631465696665
0.9370000000000004,0.6052200810119596
0.9380000000000004,0.6052706789880404
0.9390000000000004,0.60386438406324
0.9400000000000004,0.60395318
0.9410000000000004,0.6039817439143396
0.9420000000000004,0.6046774514417281
0.9430000000000004,0.6050588423721815
0.9440000000000004,0.6045048855397551
0.9450000000000004,0.6051336441622412
0.9460000000000004,0.6045498667554619
0.9470000000000004,0.6038876398668063
0.9480000000000004,0.604529373582272
0.9490000000000004,0.6037175100000001
0.9500000000000004,0.6038774891559919
0.9510000000000004,0.6047930727476902
0.9520000000000004,0.6049304572523101
0.9530000000000004,0.6038590807140066
0.9540000000000004,0.6029961099999999
0.9550000000000004,0.602672350676507
0.9560000000000004,0.6032061990403487
0.9570000000000004,0.604507543973102
0.9580000000000004,0.603488329999999
0.9590000000000004,0.6017854205138051
0.9600000000000004,0.6018368277886114
0.9610000000000004,0.603226258317085
0.9620000000000004,0.6031383908791176
0.9630000000000004,0.6015748999999989
0.9640000000000004,0.5995628068033355
0.9650000000000004,0.5982431653058344
0.9660000000000004,0.5977533597961099
0.9670000000000004,0.5977699798336984
0.9680000000000004,0.5978046082457823
0.9690000000000004,0.5976291762998847
0.9700000000000004,0.5969441705501721
0.9710000000000004,0.5944662595592942
0.9720000000000004,0.5924835800000005
0.9730000000000004,0.5933081982744821
0.9740000000000004,0.5921356534496616
0.9750000000000004,0.5913081365503375
0.9760000000000004,0.5900541025404248
0.9770000000000004,0.5879846800000001
0.9780000000000004,0.5881950231303622
0.9790000000000004,0.5875080272026391
0.9800000000000004,0.5857481151982391
0.9810000000000004,0.5846526709543091
0.9820000000000004,0.5852286633081322
0.9830000000000004,0.5835594422687846
0.9840000000000004,0.5801728815968185
0.9850000000000004,0.5777095246332914
0.9860000000000004,0.5779439799999997
0.9870000000000004,0.5772883120326194
0.9880000000000004,0.5754915936140551
0.9890000000000004,0.5746722963859441
0.9900000000000004,0.5755153215694161
0.9910000000000004,0.5728743100000004
0.9920000000000004,0.5737632134200348
0.9930000000000004,0.5749340500212963
0.9940000000000004,0.5706014266524648
0.9950000000000006,0.56857204
0.9960000000000006,0.5686281404268049
0.9970000000000006,0.5696708019227039
0.9980000000000006,0.5697669371159443
0.9990000000000006,0.5682780248895971
1.0000000000000004,0.5675941699999993
1.0010000000000006,0.5660967799999993
1.002000000000001,0.5651187899999994
1.0030000000000006,0.5642234699999996
1.0040000000000004,0.5637538558154179
1.0050000000000006,0.5627120099999988
1.006000000000001,0.5608662399999996
1.0070000000000006,0.5603510700000001
1.0080000000000005,0.5607219299999997
1.0090000000000006,0.5600438017298267
1.010000000000001,0.5593610999999997
1.0110000000000006,0.5589989999999992
1.0120000000000005,0.5578424299999998
1.0130000000000006,0.5572919800000002
1.014000000000001,0.5576993992580744
1.0150000000000006,0.55789149
1.0160000000000005,0.5579046000000001
1.0170000000000006,0.55804467
1.018000000000001,0.5581094000000002
1.0190000000000006,0.5584997109689033
1.0200000000000005,0.5584123099999998
1.0210000000000006,0.5578571599999999
1.022000000000001,0.5576960999999997
1.0230000000000006,0.55744326
1.0240000000000005,0.5574875500000004
1.0250000000000006,0.55819404
1.0260000000000007,0.5581267499999997
1.0270000000000006,0.5575952499999999
1.0280000000000005,0.5574193599999997
1.0290000000000006,0.5566983199999999
1.0300000000000007,0.5565363800000003
1.0310000000000006,0.5567897600000006
1.0320000000000005,0.5575443845675434
1.0330000000000006,0.5578900600000003
1.0340000000000007,0.5584619000000001
1.0350000000000006,0.5584237599999996
1.0360000000000005,0.5577377100000002
1.0370000000000006,0.5578703512348766
1.0380000000000007,0.5580826999999999
1.0390000000000006,0.5583161700000006
1.0400000000000005,0.55954039
1.0410000000000006,0.5596099499999992
1.0420000000000007,0.5584835326417351
1.0430000000000006,0.5582237199999996
1.0440000000000005,0.55767483
1.0450000000000006,0.5576605200000004
1.0460000000000007,0.5583320300000005
1.0470000000000006,0.5592416190410965
1.0480000000000005,0.5598098000000004
1.0490000000000006,0.5603217500000002
1.0500000000000007,0.5609188100000003
1.0510000000000006,0.5614504800000003
1.0520000000000005,0.5620099900000004
1.0530000000000006,0.5629378600000002
1.0540000000000007,0.5633048999999998
1.0550000000000006,0.5630448297880214
1.0560000000000005,0.5634427100000001
1.0570000000000006,0.5638172000000002
1.0580000000000007,0.5643064400000007
1.0590000000000006,0.5653994100000004
1.0600000000000005,0.5662486181951806
1.0610000000000006,0.5664305700000001
1.0620000000000007,0.5666525999999997
1.0630000000000006,0.5663995099999998
1.0640000000000005,0.56606215
1.0650000000000006,0.5659419420207978
1.0660000000000007,0.5656425400000002
1.0670000000000006,0.5658691500000006
1.0680000000000005,0.5666894300000002
1.0690000000000006,0.5668699700000002
1.0700000000000007,0.5672157654204583
1.0710000000000006,0.5671938699999995
1.0720000000000005,0.5664739000000001
1.0730000000000006,0.5661839799999998
1.0740000000000007,0.5659213699999999
1.0750000000000006,0.5657278300000003
1.0760000000000003,0.5660218000000002
1.0770000000000006,0.5661126999999999
1.0780000000000007,0.5660832042865714
1.0790000000000006,0.56622607
1.0800000000000003,0.5662957399999999
1.0810000000000006,0.5661138300000002
1.0820000000000007,0.5662332200000002
1.0830000000000006,0.5666326451024898
1.0840000000000003,0.5667836700000001
1.0850000000000006,0.5671385499999999
1.0860000000000007,0.5670316799999997
1.0870000000000006,0.5666869299999997
1.0880000000000003,0.5662358851044893
1.0890000000000006,0.5653924899999995
1.0900000000000007,0.5644935399999997
1.0910000000000006,0.5642089199999998
1.0920000000000003,0.56392854
1.0930000000000006,0.5638791349405059
1.0940000000000007,0.5639601899999999
1.0950000000000006,0.5637874599999997
1.0960000000000003,0.5633100299999996
1.0970000000000006,0.5626128299999993
1.0980000000000008,0.5616764999999992
1.0990000000000006,0.5608068699999991
1.1000000000000003,0.5595208399999996
1.1010000000000006,0.5585946999999994
1.1020000000000008,0.5578581699999995
1.1030000000000006,0.5570553499999994
1.1040000000000003,0.5562665499999998
1.1050000000000006,0.5557971599999993
1.1060000000000008,0.5547821603739619
1.1070000000000009,0.5536858999999994
1.1080000000000003,0.5526078899999991
1.1090000000000009,0.5512996899999993
1.1100000000000008,0.5502272199999994
1.1110000000000009,0.5492292762333759
1.1120000000000003,0.5481916099999995
1.1130000000000009,0.546890679999999
1.1140000000000008,0.545410219999999
1.1150000000000009,0.5439482899999988
1.1160000000000003,0.5421025845705418
1.1170000000000009,0.5400643299999983
1.1180000000000008,0.5376201899999977
1.1190000000000009,0.5350019299999978
1.1200000000000006,0.5318119499999984
1.1210000000000009,0.5281282183731604
1.1220000000000008,0.5241472699999973
1.1230000000000009,0.5199187999999973
1.1240000000000006,0.5158583499999981
1.1250000000000009,0.5115885099999974
1.1260000000000008,0.507565439999997
1.127000000000001,0.5042292499999977
1.1280000000000006,0.5008699299999985
1.129000000000001,0.4985548152384749
1.1300000000000008,0.49670719999999796
1.131000000000001,0.4944498199999988
1.1320000000000006,0.4926387999999989
1.133000000000001,0.4900944499999979
1.1340000000000008,0.4868933454394538
1.135000000000001,0.4838477399999979
1.1360000000000006,0.4806732799999977
1.137000000000001,0.4771562499999977
1.1380000000000008,0.4736878599999971
1.139000000000001,0.4704461041755805
1.1400000000000006,0.467273919999998
1.141000000000001,0.4641492399999982
1.1420000000000008,0.4615047599999982
1.143000000000001,0.4587313799999978
1.1440000000000006,0.4553390292350744
1.145000000000001,0.4516145899999968
1.1460000000000008,0.44689294999999535
1.147000000000001,0.4416189499999968
1.1480000000000006,0.4367496099999964
1.149000000000001,0.4312484599999972
1.1500000000000008,0.4269644599999966
1.1510000000000007,0.4231359399999978
1.1520000000000006,0.4199247099999989
1.1530000000000007,0.417537659999999
1.1540000000000008,0.4159997099999996
1.1550000000000007,0.41533178000000015
1.1560000000000006,0.4155463000000009
1.1570000000000007,0.41712006469253204
1.1580000000000008,0.4188669900000017
1.1590000000000007,0.4207148300000013
1.1600000000000006,0.42265719000000057
1.1610000000000007,0.4234727600000002
1.1620000000000008,0.4238163531016894
1.1630000000000007,0.42324736999999896
1.1640000000000006,0.4217218199999992
1.1650000000000007,0.4197857399999979
1.1660000000000008,0.4166351599999978
1.1670000000000007,0.4141491486011384
1.1680000000000006,0.4112637599999985
1.1690000000000007,0.4090306199999992
1.1700000000000008,0.4078560799999996
1.1710000000000007,0.4073317900000004
1.1720000000000006,0.4077927339056097
1.1730000000000007,0.4085595000000004
1.1740000000000008,0.4092655800000004
1.1750000000000007,0.4098003499999999
1.1760000000000006,0.40973186
1.1770000000000007,0.40966147
1.1780000000000008,0.4095816000000004
1.1790000000000007,0.4100962000000009
1.1800000000000006,0.4114469270962914
1.1810000000000007,0.4135178900000021
1.1820000000000008,0.4167180100000033
1.1830000000000007,0.4203130000000023
1.1840000000000006,0.4237685200000017
1.1850000000000007,0.4276189232336792
1.1860000000000008,0.4312512600000029
1.1870000000000007,0.4344466300000018
1.1880000000000006,0.4372377700000016
1.1890000000000007,0.43967909000000144
1.1900000000000008,0.4418387040385979
1.1910000000000007,0.4435143800000014
1.1920000000000006,0.4450788200000008
1.1930000000000007,0.4463000900000008
1.1940000000000008,0.44758886000000137
1.1950000000000007,0.44917427145885547
1.1960000000000006,0.450468870000001
1.1970000000000007,0.4519221500000014
1.1980000000000008,0.4538849000000018
1.1990000000000007,0.4558432400000015
1.2000000000000006,0.4580677400000019
1.2010000000000007,0.4609583000000026
1.2020000000000008,0.4638980900000027
1.2030000000000007,0.4669647496530371
1.2040000000000006,0.4702612800000024
1.2050000000000007,0.4738767700000023
1.2060000000000008,0.4772952200000028
1.2070000000000007,0.4804421100000019
1.2080000000000006,0.4833887897250293
1.2090000000000007,0.4858860400000013
1.2100000000000009,0.4877603700000014
1.2110000000000007,0.4893648300000011
1.2120000000000006,0.4906247000000007
1.2130000000000007,0.4916430881611848
1.2140000000000009,0.492700430000001
1.2150000000000007,0.4937819200000008
1.2160000000000006,0.4949539900000008
1.2170000000000007,0.4961382200000007
1.2180000000000009,0.4971221916028406
1.2190000000000007,0.4980126900000007
1.2200000000000006,0.4990269200000007
1.2210000000000008,0.5000140700000008
1.2220000000000009,0.5008983600000009
1.2230000000000008,0.501900140000001
1.2240000000000006,0.5029742100000005
1.2250000000000008,0.5038121900000004
1.2260000000000009,0.5044802400000006
1.2270000000000008,0.5050634100000002
1.2280000000000006,0.50539917
1.2290000000000008,0.5054363000000001
1.2300000000000009,0.5054843399999999
1.2310000000000008,0.5053815204119588
1.2320000000000009,0.5053856400000002
1.2330000000000008,0.5057534000000004
1.2340000000000009,0.5060818800000001
1.2350000000000008,0.5062595000000001
1.2360000000000009,0.5064736487341269
1.2370000000000008,0.5069609900000003
1.2380000000000009,0.5074236400000003
1.2390000000000008,0.5077371000000002
1.2400000000000009,0.5079805300000001
1.2410000000000008,0.5081119368593141
1.2420000000000009,0.5082223999999999
1.2430000000000008,0.5081223800000002
1.2440000000000009,0.5083515000000002
1.2450000000000008,0.5085595300000001
1.2460000000000009,0.5087465412988702
1.2470000000000008,0.5090770700000001
1.2480000000000009,0.5091881800000002
1.2490000000000008,0.5094961500000004
1.2500000000000009,0.5099282900000001
1.2510000000000008,0.5100626300000001
1.252000000000001,0.5102428800000001
1.2530000000000008,0.5104470800000003
1.2540000000000011,0.5106758633196682
1.2550000000000008,0.5108090600000001
1.256000000000001,0.5109319700000001
1.2570000000000008,0.51111597
1.2580000000000011,0.51107031
1.2590000000000008,0.5110655398450156
1.260000000000001,0.51106399
1.2610000000000008,0.5110434899999999
1.2620000000000011,0.5109012700000001
1.2630000000000008,0.5109812600000001
1.264000000000001,0.5111330048255176
1.2650000000000008,0.5114085700000002
1.2660000000000011,0.5117011700000003
1.2670000000000008,0.51190275
1.268000000000001,0.5118365299999998
1.2690000000000008,0.5117072629267072
1.2700000000000011,0.51174569
1.2710000000000008,0.5117144
1.272000000000001,0.51177031
1.2730000000000008,0.5118355799999997
1.2740000000000011,0.5115681899999998
1.2750000000000008,0.5113362100000001
1.2760000000000007,0.51142198
1.2770000000000008,0.51141417
1.2780000000000011,0.5113455700000001
1.2790000000000008,0.5114181599999998
1.2800000000000007,0.5112616999999997
1.2810000000000008,0.5106950999999996
1.2820000000000011,0.5103553171672829
1.2830000000000008,0.5100269899999997
1.2840000000000007,0.5097729599999999
1.2850000000000008,0.5095634499999999
1.2860000000000011,0.5094392299999999
1.2870000000000008,0.5093124776912307
1.2880000000000007,0.5089893899999997
1.2890000000000008,0.5084854399999997
1.2900000000000011,0.5080768499999996
1.2910000000000008,0.5075901199999998
1.2920000000000007,0.507286040407959
1.2930000000000008,0.5072147299999998
1.2940000000000011,0.5070809099999998
1.2950000000000008,0.5068770599999998
1.2960000000000007,0.5066500299999996
1.2970000000000008,0.5062058444185578
1.2980000000000012,0.5056365099999998
1.2990000000000008,0.5054122799999997
1.3000000000000007,0.5048718499999997
1.3010000000000008,0.5044341099999999
1.302000000000001,0.5042658999999995
1.3030000000000008,0.5037769099999995
1.3040000000000007,0.5029733199999996
1.3050000000000008,0.5025010656514344
1.306000000000001,0.5018575799999996
1.3070000000000008,0.5013422399999998
1.3080000000000007,0.5011013699999999
1.3090000000000008,0.5009224999999996
1.310000000000001,0.5002367435916402
1.3110000000000008,0.4995726599999994
1.3120000000000007,0.4989748299999995
1.3130000000000008,0.4983820299999997
1.314000000000001,0.4979469499999998
1.3150000000000008,0.4976846562293769
1.3160000000000007,0.4973542699999996
1.3170000000000008,0.4969098899999997
1.318000000000001,0.4965914799999998
1.3190000000000008,0.4963898399999996
1.3200000000000007,0.4958885501289867
1.3210000000000008,0.4952636399999995
1.322000000000001,0.4947290399999994
1.3230000000000008,0.4941492399999995
1.3240000000000007,0.4934187499999996
1.3250000000000008,0.4927124699999994
1.326000000000001,0.492007819999999
1.3270000000000008,0.4911582199999992
1.3280000000000007,0.4902693496500345
1.3290000000000008,0.4895658499999992
1.330000000000001,0.488591609999999
1.3310000000000008,0.4873913799999989
1.3320000000000007,0.4861552399999988
1.3330000000000009,0.4848264870222962
1.334000000000001,0.4831967099999985
1.3350000000000009,0.4815247399999986
1.3360000000000007,0.4798812299999984
1.3370000000000009,0.4781621699999982
1.338000000000001,0.4761802481921788
1.3390000000000009,0.474049089999998
1.3400000000000007,0.4717163699999982
1.3410000000000009,0.4689633299999976
1.342000000000001,0.4662511099999969
1.3430000000000009,0.4634013349774999
1.3440000000000007,0.4600563299999978
1.3450000000000009,0.4568123799999972
1.346000000000001,0.4535988899999962
1.3470000000000009,0.4502220499999967
1.3480000000000008,0.4465507599999978
1.3490000000000009,0.44326811999999705
1.350000000000001,0.4398932199999973
1.3510000000000009,0.4368890199999976
1.3520000000000008,0.4341714399999978
1.3530000000000009,0.4316674799999985
1.354000000000001,0.4294139999999981
1.3550000000000009,0.4272896899999983
1.3560000000000008,0.4253886232716715
1.3570000000000009,0.4235213399999986
1.358000000000001,0.4218778599999986
1.3590000000000009,0.4203107999999988
1.3600000000000008,0.4189571699999993
1.3610000000000009,0.4179374703879604
1.362000000000001,0.4171413499999994
1.3630000000000009,0.4165895899999997
1.3640000000000008,0.41619098
1.3650000000000009,0.4162185500000002
1.366000000000001,0.4164128705679434
1.3670000000000009,0.41678363000000057
1.3680000000000008,0.4173783100000002
1.3690000000000009,0.4177051500000005
1.370000000000001,0.4182095800000005
1.3710000000000009,0.4187747234856519
1.3720000000000008,0.41895714
1.3730000000000009,0.4189301400000001
1.374000000000001,0.4190490799999998
1.3750000000000009,0.4188151100000001
1.3760000000000008,0.4188699400000004
1.377000000000001,0.4193152800000001
1.378000000000001,0.41949871000000016
1.379000000000001,0.4196988921007899
1.3800000000000008,0.4197199000000001
1.381000000000001,0.4197684499999996
1.3820000000000008,0.4193604299999992
1.383000000000001,0.4186427299999993
1.3840000000000008,0.4178087123467645
1.385000000000001,0.41663217999999896
1.3860000000000008,0.4154741799999988
1.387000000000001,0.4143322399999984
1.3880000000000008,0.412856879999999
1.389000000000001,0.41132727296070265
1.3900000000000008,0.4096830499999981
1.391000000000001,0.4079922399999985
1.3920000000000008,0.4063175299999985
1.393000000000001,0.4046141799999986
1.3940000000000008,0.4030372276952288
1.395000000000001,0.40181952999999937
1.3960000000000008,0.40114996000000014
1.397000000000001,0.4012909500000012
1.3980000000000008,0.4023894400000015
1.399000000000001,0.4040551200000019
1.4000000000000008,0.406244840000002
1.4010000000000007,0.408488010000002
1.4020000000000008,0.41136444000000255
1.403000000000001,0.4136669900000024
1.4040000000000008,0.4162626000000011
1.4050000000000007,0.41785532000000064
1.4060000000000008,0.4188602300000008
1.407000000000001,0.4195409574282571
1.4080000000000008,0.4194152400000001
1.4090000000000007,0.41945802999999976
1.4100000000000008,0.4191209400000001
1.411000000000001,0.41916096
1.4120000000000008,0.41909051640236
1.4130000000000007,0.4194545400000004
1.4140000000000008,0.4201381800000009
1.415000000000001,0.4210745700000009
1.4160000000000008,0.42216513000000094
1.4170000000000007,0.4232044360693937
1.4180000000000008,0.4242230700000008
1.419000000000001,0.4250823300000006
1.4200000000000008,0.42575088000000055
1.4210000000000007,0.4263578100000004
1.4220000000000008,0.4269536704139592
1.423000000000001,0.4274857000000005
1.4240000000000008,0.4280020300000004
1.4250000000000007,0.4285980200000004
1.4260000000000008,0.4292145100000008
1.427000000000001,0.429925050000001
1.4280000000000008,0.4308717800000006
1.4290000000000007,0.4318291200000005
1.4300000000000008,0.4325665992280779
1.431000000000001,0.43335888000000056
1.4320000000000008,0.4339571300000004
1.4330000000000007,0.4343943900000002
1.4340000000000008,0.43460327
1.435000000000001,0.434672323419658
1.4360000000000008,0.4346065199999996
1.4370000000000007,0.4341317699999998
1.4380000000000008,0.4339654999999997
1.439000000000001,0.4337130200000001
1.4400000000000008,0.4338079605059495
1.4410000000000007,0.4342158700000003
1.4420000000000008,0.4345404500000006
1.443000000000001,0.4350326700000005
1.4440000000000008,0.4355466700000005
1.4450000000000007,0.4360287917878216
1.4460000000000008,0.43657669000000104
1.447000000000001,0.4374996700000005
1.4480000000000008,0.4379389600000001
1.4490000000000007,0.4381343100000001
1.4500000000000008,0.4381994600000001
1.451000000000001,0.43829235
1.4520000000000008,0.4382256899999999
1.4530000000000007,0.4381181628367163
1.4540000000000008,0.4381465299999997
1.455000000000001,0.4379108799999997
1.4560000000000008,0.43757308
1.4570000000000007,0.43752878999999983
1.4580000000000009,0.4373331386951301
1.459000000000001,0.4370200899999999
1.4600000000000009,0.4368368699999996
1.4610000000000007,0.4363802699999996
1.4620000000000009,0.4359154099999999
1.463000000000001,0.43579922161883794
1.4640000000000009,0.43555408999999984
1.4650000000000007,0.4353641600000001
1.4660000000000009,0.43546528
1.467000000000001,0.4354033500000001
1.4680000000000009,0.4354727530596941
1.4690000000000007,0.4357898200000004
1.4700000000000009,0.43635389000000063
1.471000000000001,0.4369108100000009
1.4720000000000009,0.4377341600000006
1.4730000000000008,0.4384066800000005
1.4740000000000009,0.4391949200000005
1.475000000000001,0.4397108600000002
1.4760000000000009,0.4399836400000003
1.4770000000000008,0.4403398000000001
1.4780000000000009,0.4404853000000004
1.479000000000001,0.44085720000000056
1.4800000000000009,0.4414681800000004
1.4810000000000008,0.4419374718268177
1.4820000000000009,0.4424557400000005
1.483000000000001,0.44288939000000027
1.4840000000000009,0.4431910500000003
1.4850000000000008,0.4435397400000002
1.4860000000000009,0.4438296056694335
1.487000000000001,0.4441863000000005
1.4880000000000009,0.4445988200000003
1.4890000000000008,0.4450382300000002
1.4900000000000009,0.4453554500000002
1.491000000000001,0.4455377017748227
1.4920000000000009,0.44559872000000017
1.4930000000000008,0.44579723000000027
1.4940000000000009,0.4461909500000004
1.495000000000001,0.4465667900000004
1.4960000000000009,0.4470197447045299
1.4970000000000008,0.44737372000000014
1.4980000000000009,0.4475376300000003
1.499000000000001,0.4478736500000004
1.5000000000000009,0.4482460000000003
1.5010000000000008,0.4486022300000003
1.5020000000000011,0.4489660900000002
1.503000000000001,0.4491443600000001
1.504000000000001,0.4492748238236178
1.5050000000000008,0.4494130600000001
1.5060000000000011,0.44954425000000015
1.5070000000000008,0.4497066100000001
1.508000000000001,0.44977835
1.5090000000000008,0.44972839080691934
1.5100000000000011,0.4496364600000001
1.5110000000000008,0.4496763900000001
1.512000000000001,0.44976816
1.5130000000000008,0.4497987600000002
1.5140000000000011,0.4500320066753327
1.5150000000000008,0.45019567000000016
1.516000000000001,0.4503649200000003
1.5170000000000008,0.4506678600000001
1.5180000000000011,0.4508221100000001
1.5190000000000008,0.4508510471062894
1.520000000000001,0.4509586400000001
1.5210000000000008,0.4509961300000001
1.5220000000000011,0.4510321000000002
1.5230000000000008,0.4511633199999999
1.524000000000001,0.45112255
1.5250000000000008,0.4510481699999999
1.5260000000000011,0.4508597599999995
1.5270000000000008,0.4504176399999998
1.528000000000001,0.4501942399999999
1.5290000000000008,0.4500175999999999
1.5300000000000011,0.4498515399999999
1.5310000000000008,0.4497461299999999
1.532000000000001,0.4496664435436457
1.5330000000000008,0.44970187999999983
1.5340000000000011,0.4494799999999997
1.5350000000000008,0.44915520999999975
1.536000000000001,0.4488897599999995
1.5370000000000008,0.4483233752994699
1.5380000000000011,0.4480763699999999
1.5390000000000008,0.4479523300000002
1.540000000000001,0.4481903900000001
1.5410000000000008,0.44833499
1.5420000000000011,0.44835808769023106
1.5430000000000008,0.44848081
1.544000000000001,0.4484378399999999
1.5450000000000008,0.44833770000000006
1.5460000000000012,0.44827455
1.5470000000000008,0.4482193055244476
1.548000000000001,0.4480662599999998
1.5490000000000008,0.4478609299999999
1.5500000000000012,0.4477374899999997
1.5510000000000008,0.4474220299999997
1.552000000000001,0.4470781699999998
1.5530000000000008,0.44688486999999977
1.5540000000000012,0.4465774599999997
1.5550000000000008,0.44631821124687504
1.556000000000001,0.4460306799999997
1.5570000000000008,0.4456305799999998
1.5580000000000012,0.4453931499999996
1.5590000000000008,0.4450568299999996
1.560000000000001,0.444619269357064
1.5610000000000008,0.4443128399999997
1.5620000000000012,0.4439243399999995
1.5630000000000008,0.4435484999999999
1.564000000000001,0.44345444
1.5650000000000008,0.4434371317308269
1.5660000000000012,0.4431329099999993
1.5670000000000008,0.4425771799999994
1.568000000000001,0.4420281399999996
1.5690000000000008,0.4415573199999996
1.5700000000000012,0.4410936363683626
1.5710000000000008,0.4405634399999993
1.572000000000001,0.4399492999999991
1.5730000000000008,0.4391904799999994
1.5740000000000012,0.4382706599999992
1.5750000000000008,0.43755438999999946
1.576000000000001,0.4370482899999991
1.5770000000000008,0.4362299399999993
1.5780000000000012,0.4354804660573937
1.5790000000000008,0.4350410399999993
1.580000000000001,0.4343796699999994
1.5810000000000008,0.43368064999999945
1.5820000000000012,0.4330306599999989
1.5830000000000009,0.43217970985901294
1.584000000000001,0.43117829999999896
1.5850000000000009,0.430026709999999
1.5860000000000012,0.4289233999999986
1.5870000000000009,0.4278958399999988
1.588000000000001,0.4267523843455642
1.5890000000000009,0.4256313099999989
1.5900000000000012,0.4244727499999984
1.5910000000000009,0.4230184599999983
1.592000000000001,0.42150315999999854
1.5930000000000009,0.4202186884471543
1.5940000000000012,0.4189163999999987
1.5950000000000009,0.4176880699999985
1.596000000000001,0.4164509499999983
1.5970000000000009,0.4149475999999988
1.5980000000000012,0.4135643799999985
1.5990000000000009,0.4121445999999984
1.600000000000001,0.4107052699999989
1.6010000000000009,0.4094220099999987
1.6020000000000012,0.40796753999999824
1.6030000000000009,0.4066230099999989
1.604000000000001,0.40536477999999865
1.6050000000000009,0.4038644999999987
1.6060000000000012,0.4023343824927489
1.6070000000000009,0.400759309999998
1.608000000000001,0.3989353199999985
1.6090000000000009,0.3972223099999988
1.6100000000000012,0.3957976099999983
1.6110000000000009,0.394200282701728
1.612000000000001,0.39262729999999824
1.6130000000000009,0.3910716499999988
1.6140000000000012,0.3892320699999981
1.6150000000000009,0.3875370599999982
1.616000000000001,0.3859163020757908
1.6170000000000009,0.3841982199999986
1.6180000000000012,0.38264005999999817
1.6190000000000009,0.3810068999999981
1.620000000000001,0.3791971499999985
1.6210000000000009,0.3774821415008485
1.6220000000000012,0.3756086799999972
1.6230000000000009,0.3735203999999984
1.624000000000001,0.3716318899999983
1.6250000000000009,0.3697107999999982
1.6260000000000012,0.36768394999999743
1.6270000000000011,0.365763869999997
1.628000000000001,0.3635332899999977
1.629000000000001,0.3609579864243551
1.6300000000000012,0.3583222299999961
1.6310000000000011,0.35542091999999664
1.6320000000000008,0.35241028999999685
1.633000000000001,0.3495614499999974
1.6340000000000012,0.3466455285711393
1.6350000000000011,0.3436312399999965
1.6360000000000008,0.34047385999999624
1.637000000000001,0.3370866799999961
1.6380000000000012,0.3335924999999961
1.6390000000000011,0.3299734919008061
1.6400000000000008,0.3262615799999958
1.641000000000001,0.3224374399999965
1.6420000000000012,0.3185117199999947
1.6430000000000011,0.3145684899999954
1.6440000000000008,0.31045636121287434
1.645000000000001,0.3065543499999968
1.6460000000000012,0.3029290999999952
1.6470000000000011,0.2993600399999956
1.6480000000000008,0.29605715999999715
1.649000000000001,0.2928833699999973
1.6500000000000012,0.2898505599999964
1.6510000000000011,0.28720229999999736
1.6520000000000008,0.2848524699999975
1.653000000000001,0.2826017099999981
1.6540000000000012,0.28041287999999753
1.6550000000000011,0.2782035799999977
1.6560000000000008,0.2761597899999978
1.657000000000001,0.274174214590539
1.6580000000000013,0.272120119999998
1.6590000000000011,0.2703221399999978
1.6600000000000008,0.2683924099999977
1.661000000000001,0.2662960599999983
1.6620000000000013,0.2643579766083363
1.6630000000000011,0.26192405999999685
1.6640000000000008,0.2590686699999973
1.665000000000001,0.2559890999999967
1.6660000000000013,0.2522475099999945
1.6670000000000011,0.2481149132596697
1.6680000000000008,0.24343966999999544
1.669000000000001,0.2383181799999953
1.6700000000000013,0.2330583799999932
1.6710000000000012,0.2279622699999949
1.6720000000000008,0.22337514871212394
1.673000000000001,0.21968014999999755
1.6740000000000013,0.21693098999999794
1.6750000000000012,0.21507679999999946
1.6760000000000008,0.21457812000000004
1.677000000000001,0.2146068700000009
1.6780000000000013,0.2154174600000016
1.6790000000000012,0.21683003000000128
1.6800000000000008,0.21796412910809024
1.681000000000001,0.21905521000000056
1.6820000000000013,0.21966528999999996
1.6830000000000012,0.21959723999999933
1.6840000000000008,0.21899324999999914
1.685000000000001,0.21802669714528405
1.6860000000000013,0.2164981499999977
1.6870000000000012,0.21477162999999774
1.6880000000000008,0.2131133399999985
1.689000000000001,0.2114328599999987
1.6900000000000013,0.20995525776022209
1.6910000000000012,0.2091496099999999
1.6920000000000008,0.20905820000000092
1.693000000000001,0.20989421000000225
1.6940000000000013,0.21238126000000426
1.6950000000000012,0.215559452180786
1.6960000000000008,0.21938615000000455
1.697000000000001,0.2235151400000044
1.6980000000000013,0.2274370300000041
1.6990000000000012,0.231090230000003
1.7000000000000008,0.23378627000000196
1.701000000000001,0.2355984300000008
1.7020000000000013,0.23633517
1.7030000000000012,0.2363091741855808
1.7040000000000008,0.2357510299999992
1.705000000000001,0.23503359999999926
1.7060000000000013,0.2341247199999989
1.7070000000000012,0.23334258999999966
1.7080000000000009,0.2330806418388161
1.709000000000001,0.23309903000000065
1.7100000000000013,0.2338154600000011
1.7110000000000012,0.23462555000000124
1.7120000000000009,0.2355644900000012
1.713000000000001,0.23663905254374676
1.7140000000000013,0.2372078300000004
1.7150000000000012,0.23750453999999996
1.7160000000000009,0.23745318999999898
1.717000000000001,0.2365614799999983
1.7180000000000013,0.23502645350264775
1.7190000000000012,0.2329397899999969
1.7200000000000009,0.2301383899999969
1.721000000000001,0.2273691399999967
1.7220000000000013,0.22437852999999613
1.7230000000000012,0.22147857999999732
1.7240000000000009,0.21908382999999754
1.725000000000001,0.21684671999999885
1.7260000000000013,0.21554085999999803
1.7270000000000012,0.21403713999999827
1.7280000000000009,0.2127556399999987
1.729000000000001,0.2112988799999985
1.730000000000001,0.20961474999999824
1.7310000000000012,0.2083124174182564
1.7320000000000009,0.2067865999999992
1.733000000000001,0.20609902999999935
1.734000000000001,0.2054266600000012
1.7350000000000012,0.20630863000000216
1.7360000000000009,0.20826999130587254
1.737000000000001,0.21098305000000486
1.738000000000001,0.2153431800000044
1.7390000000000012,0.2192853200000052
1.7400000000000009,0.22392930000000444
1.741000000000001,0.2279639265373505
1.742000000000001,0.2321283200000045
1.7430000000000012,0.2355296500000033
1.7440000000000009,0.23848462000000265
1.745000000000001,0.24083042000000146
1.746000000000001,0.2424430387381283
1.7470000000000012,0.24405044000000176
1.7480000000000009,0.24538299000000066
1.749000000000001,0.24609230000000046
1.750000000000001,0.24659033000000036
1.7510000000000012,0.24683518999999995
1.7520000000000011,0.2468032500000007
1.753000000000001,0.2473281800000003
1.7540000000000011,0.24764470980101974
1.7550000000000012,0.24754272
1.7560000000000011,0.2475623799999999
1.7570000000000008,0.24747477000000026
1.7580000000000011,0.24767500000000076
1.7590000000000012,0.2482176923107693
1.7600000000000011,0.24854080000000006
1.7610000000000008,0.24860086
1.7620000000000011,0.24859628
1.7630000000000012,0.24858347
1.7640000000000011,0.2485805902879712
1.7650000000000008,0.2485610499999997
1.7660000000000011,0.24826557999999946
1.7670000000000012,0.2478539199999993
1.7680000000000011,0.24736095999999946
1.7690000000000008,0.2468620698890105
1.7700000000000014,0.24632758999999854
1.7710000000000012,0.24524671999999956
1.7720000000000011,0.2448998200000002
1.7730000000000008,0.24505724
1.7740000000000014,0.2450423700000009
1.7750000000000012,0.24571578000000005
1.7760000000000011,0.2457489099999993
1.7770000000000008,0.24510976999999975
1.7780000000000014,0.24491376999999995
1.7790000000000012,0.24487240999999954
1.7800000000000011,0.24445929999999935
1.7810000000000008,0.2439092999999997
1.7820000000000014,0.2435978647555237
1.7830000000000013,0.2430454199999996
1.7840000000000011,0.2427028700000004
1.7850000000000008,0.24306584999999944
1.7860000000000014,0.2425335599999985
1.7870000000000013,0.2414139195340456
1.7880000000000011,0.2405092599999987
1.7890000000000008,0.23933182999999894
1.7900000000000014,0.23818668999999865
1.7910000000000013,0.2371666699999984
1.7920000000000011,0.2359729693700617
1.7930000000000008,0.23443577999999896
1.7940000000000014,0.2332882899999989
1.7950000000000013,0.2324490099999988
1.7960000000000012,0.23155404999999926
1.7970000000000008,0.23085535986901234
1.7980000000000014,0.23045895999999924
1.7990000000000013,0.22989684
1.8000000000000012,0.2299045599999999
1.8010000000000008,0.2298115599999997
1.8020000000000012,0.2295662000000001
1.8030000000000013,0.22961314000000066
1.8040000000000007,0.2301942999999999
1.8050000000000008,0.2301414028197178
1.8060000000000012,0.2298695999999997
1.8070000000000013,0.2296308099999987
1.8080000000000007,0.2286716699999996
1.8090000000000008,0.2283202900000001
1.8100000000000012,0.22847478722627745
1.8110000000000013,0.22854705000000036
1.8120000000000007,0.2287886400000003
1.8130000000000008,0.2290000300000003
1.8140000000000012,0.22934002000000014
1.8150000000000013,0.22946867713428676
1.8160000000000007,0.2294965700000001
1.8170000000000008,0.2295612699999999
1.8180000000000012,0.2294499000000001
1.8190000000000013,0.22957192000000046
1.8200000000000007,0.2298914480471957
1.8210000000000008,0.2300311300000003
1.8220000000000012,0.2303037299999997
1.8230000000000013,0.23009256999999936
1.8240000000000007,0.2295524899999996
1.8250000000000008,0.22918809999999934
1.8260000000000012,0.22862676999999945
1.8270000000000013,0.22827101999999935
1.8280000000000007,0.2278057619018091
1.8290000000000008,0.22722477999999915
1.8300000000000012,0.2264769399999984
1.8310000000000013,0.22526146000000005
1.8320000000000007,0.22530818999999935
1.8330000000000009,0.2248518502639729
1.8340000000000012,0.2242544900000012
1.8350000000000013,0.22512597000000106
1.8360000000000007,0.2258872399999982
1.8370000000000009,0.2245514399999985
1.8380000000000012,0.22320738440555746
1.8390000000000013,0.2236648099999999
1.8400000000000007,0.22360498999999984
1.8410000000000009,0.22347634000000072
1.8420000000000012,0.22413485000000125
1.8430000000000013,0.2249296605189491
1.8440000000000007,0.22610140000000106
1.8450000000000009,0.22704171000000026
1.8460000000000012,0.2272423999999997
1.8470000000000013,0.2270512400000004
1.8480000000000008,0.227359460000001
1.8490000000000009,0.2282617200000007
1.8500000000000012,0.22886878000000144
1.8510000000000013,0.2299829300000016
1.8520000000000008,0.2311482400000003
1.8530000000000009,0.2313710599999999
1.8540000000000012,0.23127113
1.855000000000001,0.2312416300000008
1.8560000000000008,0.2318384251774813
1.8570000000000009,0.2309901999999992
1.8580000000000012,0.2302633100000016
1.859000000000001,0.23144244000000094
1.8600000000000008,0.23217729000000004
1.8610000000000009,0.2321945217118291
1.8620000000000012,0.2324116400000003
1.863000000000001,0.2326105999999993
1.8640000000000008,0.2319665299999992
1.8650000000000009,0.23122493999999974
1.8660000000000012,0.2310345190420955
1.867000000000001,0.2303601799999987
1.8680000000000008,0.2293898599999994
1.8690000000000009,0.22883160000000005
1.8700000000000012,0.2288494900000004
1.871000000000001,0.2291445004989505
1.8720000000000008,0.2290700200000001
1.8730000000000009,0.2291206599999999
1.8740000000000012,0.2289957699999985
1.875000000000001,0.2278654899999987
1.8760000000000008,0.2268966099999987
1.877000000000001,0.2259210499999992
1.8780000000000012,0.22529386999999876
1.8790000000000011,0.22433875096790348
1.8800000000000008,0.22454843000000246
1.881000000000001,0.2264004500000013
1.8820000000000012,0.22756287000000106
1.8830000000000011,0.22824813000000094
1.8840000000000008,0.2289682225427465
1.885000000000001,0.22959365000000015
1.8860000000000012,0.2297557000000005
1.8870000000000011,0.2300406500000005
1.8880000000000008,0.2303176500000012
1.889000000000001,0.23137073469153194
1.8900000000000012,0.23176003999999856
1.8910000000000011,0.2308418799999999
1.8920000000000008,0.23075402000000045
1.893000000000001,0.2310871000000001
1.8940000000000012,0.2311452541845816
1.8950000000000011,0.2328064600000009
1.8960000000000008,0.2335004099999969
1.897000000000001,0.2311377399999985
1.8980000000000012,0.2300201099999996
1.8990000000000011,0.22972271999999935
1.9000000000000008,0.2292697900000016
1.9010000000000007,0.2304526600000017
1.9020000000000012,0.23199344999999996
1.9030000000000011,0.2319558299999997
1.9040000000000008,0.23171312000000016
1.9050000000000007,0.2318507700000005
1.9060000000000012,0.2322522600000003
1.9070000000000011,0.2324640836176383
1.9080000000000013,0.23250026000000015
1.9090000000000007,0.2326728900000004
1.9100000000000013,0.23301589000000006
1.9110000000000011,0.23303253999999965
1.9120000000000013,0.23276566126387285
1.9130000000000007,0.2320783
1.9140000000000013,0.2320737400000001
1.9150000000000011,0.23213755999999974
1.9160000000000013,0.23196943000000125
1.9170000000000007,0.23288523841915906
1.9180000000000013,0.2337930899999993
1.9190000000000011,0.2332251499999997
1.9200000000000013,0.2330100500000025
1.9210000000000007,0.23486218000000106
1.9220000000000013,0.23577600861713965
1.9230000000000012,0.2348861099999997
1.9240000000000013,0.23468142999999994
1.9250000000000007,0.2346404799999988
1.9260000000000013,0.2335477599999989
1.9270000000000012,0.23283017000000025
1.9280000000000013,0.2329891500000003
1.9290000000000007,0.2332640100000005
1.9300000000000013,0.2337545065483454
1.9310000000000012,0.2339199900000006
1.9320000000000013,0.2343795300000004
1.9330000000000007,0.23465118999999898
1.9340000000000013,0.2337617099999989
1.9350000000000012,0.23290325032396855
1.9360000000000013,0.2336064899999999
1.9370000000000007,0.2335394299999994
1.9380000000000013,0.23310229000000035
1.9390000000000012,0.23336636999999985
1.9400000000000013,0.23324298233876595
1.9410000000000007,0.23242464999999915
1.9420000000000013,0.2317754199999975
1.9430000000000012,0.2301669899999989
1.9440000000000013,0.22937608000000045
1.9450000000000007,0.2296868989181086
1.9460000000000013,0.22981754000000065
1.9470000000000012,0.23023011000000276
1.9480000000000013,0.23199646000000024
1.9490000000000007,0.2322326899999988
1.9500000000000013,0.2311483499999996
1.9510000000000012,0.23088006999999955
1.9520000000000013,0.23059321999999974
1.9530000000000007,0.23042714486051566
1.9540000000000013,0.2318757500000013
1.9550000000000012,0.2327443499999991
1.9560000000000013,0.2320850599999998
1.9570000000000007,0.23191619000000066
1.9580000000000013,0.23238723132786726
1.9590000000000012,0.2324005099999979
1.9600000000000013,0.2308331600000005
1.9610000000000007,0.2312333400000015
1.9620000000000013,0.232335519999998
1.9630000000000012,0.23106749680231786
1.9640000000000013,0.2303760900000025
1.9650000000000007,0.2322628600000007
1.9660000000000013,0.2328845299999977
1.9670000000000012,0.2313981799999993
1.9680000000000013,0.2309303867793215
1.9690000000000007,0.2303712099999993
1.9700000000000013,0.22972585000000126
1.9710000000000012,0.2305092500000011
1.9720000000000013,0.23121208000000065
1.9730000000000008,0.2316908400000001
1.9740000000000013,0.2318168000000006
1.9750000000000012,0.2322324200000001
1.9760000000000013,0.2322983699999995
1.9770000000000008,0.23192308999999814
1.978000000000001,0.2305506899999989
1.9790000000000012,0.2297652099999993
1.980000000000001,0.22925778999999946
1.9810000000000008,0.22883668153484804
1.982000000000001,0.2301520300000008
1.9830000000000012,0.2306669499999986
1.984000000000001,0.229597879999999
1.9850000000000008,0.2288501999999989
1.986000000000001,0.2278896323007674
1.9870000000000012,0.2263126399999997
1.988000000000001,0.22610621000000125
1.9890000000000008,0.2272244200000003
1.990000000000001,0.22751120000000025
1.9910000000000012,0.2276719539246078
1.992000000000001,0.2275827999999979
1.9930000000000008,0.2259907299999988
1.994000000000001,0.2249177399999996
1.9950000000000012,0.2246693499999994
1.996000000000001,0.22422975395960348
1.9970000000000008,0.22415238999999984
1.9980000000000016,0.22403236999999865
1.9990000000000012,0.22298089999999893
2.0000000000000013,0.2222137499999999
2.001000000000001,0.22215950984803048
2.0020000000000016,0.22225799015196973
2.003000000000001,0.22181033999999905
2.0040000000000013,0.22111118452509432
2.005000000000001,0.22055643547490444
2.0060000000000016,0.21958176999999812
2.007000000000001,0.21853537999999795
2.0080000000000013,0.21738671110477825
2.009000000000001,0.21669775889522025
2.0100000000000016,0.21664463999999906
2.011000000000001,0.21611481067086472
2.0120000000000013,0.21542151932913312
2.013000000000001,0.21522235999999886
2.0140000000000016,0.2143412216126762
2.015000000000001,0.21355734838732132
2.0160000000000013,0.2143554100000009
2.017000000000001,0.21507286000000012
2.0180000000000016,0.21518103397020535
2.019000000000001,0.21482073602979354
2.0200000000000014,0.21461000000000008
2.021000000000001,0.21467968864827
2.0220000000000016,0.2143661713517292
2.023000000000001,0.21288042999999912
2.0240000000000014,0.21220549187462615
2.025000000000001,0.2131242381253759
2.0260000000000016,0.2130057099999995
2.027000000000001,0.21273105
2.0280000000000014,0.2127125718478152
2.029000000000001,0.21132441999999704
2.0300000000000016,0.20909734000000027
2.031000000000001,0.2092488832723472
2.0320000000000014,0.21028160672765606
2.0330000000000013,0.21035879999999973
2.0340000000000016,0.21017463697860425
2.035000000000001,0.2101444230213957
2.0360000000000014,0.20936813999999904
2.0370000000000013,0.20863449092481565
2.0380000000000016,0.2091437390751857
2.039000000000001,0.20922885999999696
2.0400000000000014,0.2069656799999985
2.0410000000000013,0.2058124976414733
2.0420000000000016,0.2071889123585304
2.043000000000001,0.2075394400000007
2.0440000000000014,0.2080841535822843
2.0450000000000013,0.2087199764177171
2.0460000000000016,0.2077203999999968
2.047000000000001,0.20592050376324564
2.0480000000000014,0.20485813623675106
2.0490000000000013,0.20468937999999964
2.0500000000000016,0.20441970000000007
2.051000000000001,0.204458396130387
2.0520000000000014,0.2042270599999998
2.0530000000000013,0.20408249999999947
2.0540000000000016,0.20368989082983116
2.055000000000001,0.20189818917016328
2.0560000000000014,0.20066499999999826
2.0570000000000013,0.19932668013497185
2.0580000000000016,0.1983280298650255
2.059000000000001,0.20048292000000129
2.0600000000000014,0.20144958173565194
2.0610000000000013,0.20066693826434595
2.0620000000000016,0.19935340999999926
2.063000000000001,0.19891409999999907
2.0640000000000014,0.19821545063787105
2.0650000000000013,0.19702182936212576
2.0660000000000016,0.1971608400000001
2.067000000000001,0.19720316459907625
2.0680000000000014,0.1947491554009161
2.0690000000000013,0.19324604000000176
2.0700000000000016,0.19455470642371597
2.071000000000001,0.19501894357628544
2.0720000000000014,0.19519266
2.0730000000000013,0.19522039999999685
2.0740000000000016,0.19286189918107946
2.075000000000001,0.19135371000000054
2.0760000000000014,0.19176421
2.0770000000000013,0.19174221211857573
2.0780000000000016,0.19126339788142302
2.079000000000001,0.19219829000000013
2.0800000000000014,0.19231095989301755
2.0810000000000013,0.18990989010697504
2.0820000000000016,0.18862512999999967
2.083000000000001,0.1884669922475499
2.0840000000000014,0.18808946775244892
2.0850000000000013,0.1884612700000003
2.0860000000000016,0.18869092000000046
2.087000000000001,0.18892503903319305
2.0880000000000014,0.18871537096680632
2.0890000000000013,0.1870118399999988
2.0900000000000016,0.18608500345230974
2.091000000000001,0.18621952654769064
2.0920000000000014,0.1857336799999996
2.0930000000000013,0.1854185800159968
2.0940000000000016,0.1854187399840032
2.095000000000001,0.1855371399999984
2.0960000000000014,0.1843369599999991
2.0970000000000013,0.18366247815318584
2.0980000000000016,0.1846440100000008
2.099000000000001,0.18521795000000016
2.1000000000000014,0.1853379032463508
2.1010000000000013,0.18537036675364926
2.1020000000000016,0.1856804899999997
2.103000000000001,0.18550434975704747
2.104000000000001,0.18480192024295036
2.1050000000000013,0.18390193999999685
2.1060000000000016,0.1815215408738227
2.107000000000001,0.17993027912617238
2.108000000000001,0.17893096999999886
2.1090000000000013,0.17807938000000095
2.1100000000000017,0.17878530809738147
2.111000000000001,0.17936628190262036
2.112000000000001,0.18005885000000044
2.1130000000000013,0.18041905582783427
2.1140000000000017,0.18027733417216532
2.115000000000001,0.1796093399999994
2.116000000000001,0.17916118667466455
2.1170000000000013,0.17882793332533445
2.1180000000000017,0.17809979999999928
2.119000000000001,0.17757641999999912
2.120000000000001,0.17691440991101426
2.1210000000000013,0.1747135200889789
2.1220000000000017,0.17333867999999975
2.1230000000000016,0.17321468105578822
2.124000000000001,0.1728252389442106
2.1250000000000013,0.17438933000000048
2.1260000000000017,0.17473821792840966
2.1270000000000016,0.1718175020715813
2.128000000000001,0.16989732999999793
2.1290000000000013,0.16833083192861195
2.1300000000000017,0.16635011807138278
2.1310000000000016,0.16515223999999884
2.132000000000001,0.16449565999999824
2.1330000000000013,0.1635111973615266
2.1340000000000017,0.1625848126384709
2.1350000000000016,0.16141671999999946
2.136000000000001,0.1611091296390709
2.1370000000000013,0.1603055203609266
2.1380000000000017,0.1580862699999963
2.1390000000000016,0.156006839749046
2.140000000000001,0.1534043302509459
2.1410000000000013,0.1515655699999996
2.1420000000000017,0.1512469199999978
2.1430000000000016,0.15000916862927202
2.144000000000001,0.14869546137072387
2.1450000000000014,0.14751314999999668
2.1460000000000017,0.14501201098079966
2.1470000000000016,0.1424218190191923
2.148000000000001,0.14024608999999744
2.1490000000000014,0.1383222455268927
2.1500000000000017,0.13667751447310292
2.1510000000000016,0.13467752999999585
2.152000000000001,0.13235516999999666
2.1530000000000014,0.1304876767493223
2.1540000000000017,0.12840246999999622
2.1550000000000016,0.12628386999999675
2.156000000000001,0.1244774120915796
2.1570000000000014,0.1231983279084164
2.1580000000000017,0.12244307999999862
2.1590000000000016,0.12166782860227887
2.160000000000001,0.12125385139771985
2.1610000000000014,0.12216037000000092
2.1620000000000017,0.12284422391121864
2.1630000000000016,0.12338333608878305
2.164000000000001,0.1237970699999994
2.1650000000000014,0.1233638400000002
2.1660000000000017,0.12351871627174756
2.1670000000000016,0.12468143372825607
2.168000000000001,0.12528667000000104
2.1690000000000014,0.12607885217556586
2.1700000000000017,0.12690060782443635
2.1710000000000016,0.1262865499999994
2.172000000000001,0.125947847064588
2.1730000000000014,0.12651849293541378
2.1740000000000017,0.12702423000000196
2.1750000000000016,0.12813728000000152
2.176000000000001,0.1289908046475365
2.1770000000000014,0.1286159900000001
2.1780000000000017,0.12867214000000093
2.1790000000000016,0.12919883884923095
2.180000000000001,0.12968733115077058
2.1810000000000014,0.12991020000000067
2.1820000000000017,0.13042240858528406
2.1830000000000016,0.13110826141471807
2.184000000000001,0.13072439000000036
2.1850000000000014,0.13099525997500747
2.1860000000000017,0.13309501002499907
2.1870000000000016,0.13450453000000318
2.188000000000001,0.13628177000000133
2.1890000000000014,0.13727645965906596
2.1900000000000017,0.13537305034092814
2.1910000000000016,0.13467838000000132
2.192000000000001,0.13542432438312346
2.1930000000000014,0.1354681556168767
2.1940000000000017,0.13622536000000154
2.1950000000000016,0.137120010996801
2.196000000000001,0.13732997900319968
2.1970000000000014,0.1369983099999989
2.1980000000000017,0.1361726399999994
2.1990000000000016,0.13583039605539354
2.200000000000001,0.13529094999999866
2.2010000000000014,0.13428645000000095
2.2020000000000017,0.13499498512797448
2.2030000000000016,0.13504626487202567
2.204000000000001,0.13406557999999624
2.2050000000000014,0.13124618384922762
2.2060000000000017,0.1296846761507668
2.2070000000000016,0.12922873999999845
2.208000000000001,0.1283387369886035
2.2090000000000014,0.12910862301139886
2.2100000000000017,0.12885845999999482
2.2110000000000016,0.12594389999999647
2.212000000000001,0.12395236676864475
2.2130000000000014,0.12302005323135233
2.2140000000000017,0.12145355999999675
2.2150000000000016,0.1196202564827013
2.216000000000001,0.11828508351729455
2.2170000000000014,0.11688420999999773
2.2180000000000017,0.1151801953339312
2.2190000000000016,0.11393353466606493
2.220000000000001,0.11286957999999833
2.2210000000000014,0.1116115099999978
2.2220000000000018,0.1099507805049458
2.2230000000000016,0.1076558299999979
2.224000000000001,0.10607812999999863
2.2250000000000014,0.10505269682263302
2.2260000000000018,0.10352092317736156
2.2270000000000016,0.10259628999999867
2.228000000000001,0.10185343343631086
2.229000000000001,0.10068779656368552
2.2300000000000018,0.09899431499999573
2.2310000000000016,0.0965774253312307
2.232000000000001,0.0946807376687634
2.233000000000001,0.09286119799999684
2.2340000000000018,0.09048707799999696
2.2350000000000017,0.08877410074985052
2.236000000000001,0.08908159925015043
2.237000000000001,0.08852744099999837
2.2380000000000018,0.08730440864786794
2.2390000000000017,0.08577088735212728
2.240000000000001,0.08220802199999742
2.241000000000001,0.08026600174795118
2.2420000000000018,0.08074348125205053
2.2430000000000017,0.07983799299999855
2.244000000000001,0.07875963299999937
2.245000000000001,0.07829614806858244
2.2460000000000018,0.0759168339314091
2.2470000000000017,0.07400000800000217
2.2480000000000016,0.07523079662547558
2.249000000000001,0.07564705137452572
2.2500000000000018,0.07268854999999795
2.2510000000000017,0.07153601319676306
2.2520000000000016,0.07303798080324159
2.253000000000001,0.07367830000000257
2.2540000000000022,0.07560785027674764
2.2550000000000017,0.07746061772325813
2.2560000000000016,0.07665917299999947
2.257000000000001,0.07636563500000199
2.2580000000000022,0.07748392636762798
2.2590000000000017,0.07841760263237492
2.2600000000000016,0.08040958600000228
2.261000000000001,0.0816959417671452
2.2620000000000022,0.0808536132328518
2.2630000000000017,0.08071488899999943
2.2640000000000016,0.08039245982553422
2.265000000000001,0.07997071517446447
2.2660000000000022,0.08185492500000259
2.2670000000000017,0.08331673600000022
2.2680000000000016,0.08343923014277131
2.269000000000001,0.08336065785722843
2.2700000000000022,0.08393694499999761
2.2710000000000017,0.08258946267456424
2.2720000000000016,0.08206620832543413
2.273000000000001,0.0833312200000004
2.2740000000000022,0.08363077235852724
2.2750000000000017,0.08297435764147072
2.2760000000000016,0.0834710900000008
2.277000000000001,0.08392456200000117
2.2780000000000022,0.08458934752144914
2.2790000000000017,0.0872989670000043
2.2800000000000016,0.08972351300000211
2.281000000000001,0.09090902623785507
2.2820000000000022,0.09254140476215074
2.2830000000000017,0.09477983400000416
2.2840000000000016,0.0971299297428563
2.285000000000001,0.10014735825715307
2.2860000000000023,0.10254772000000427
2.2870000000000017,0.1049457563367358
2.2880000000000016,0.10690912366327028
2.289000000000001,0.10752963000000083
2.2900000000000023,0.10816400000000001
2.2910000000000017,0.1081587897950418
2.2920000000000016,0.10865674020495976
2.293000000000001,0.10980707000000137
2.2940000000000023,0.11083273007498824
2.2950000000000017,0.11283347992501801
2.2960000000000016,0.11437034000000312
2.297000000000001,0.11612469701059913
2.2980000000000023,0.11689480298940362
2.2990000000000017,0.11476147999999807
2.3000000000000016,0.11368400999999966
2.301000000000001,0.1134741209889008
2.3020000000000023,0.11246045000000167
2.3030000000000017,0.11339523000000053
2.3040000000000016,0.11368657788641626
2.305000000000001,0.10966544211357128
2.3060000000000023,0.10684178000000023
2.3070000000000017,0.10697507377624353
2.3080000000000016,0.10621283622375413
2.309000000000001,0.1038604299999988
2.3100000000000023,0.10295624237552654
2.3110000000000017,0.10397999762447713
2.3120000000000016,0.1036649999999998
2.313000000000001,0.10355045000000086
2.3140000000000023,0.10419795421515446
2.3150000000000017,0.10264010578484
2.3160000000000016,0.1007575199999998
2.317000000000001,0.10064927305438948
2.3180000000000023,0.10087981694561132
2.3190000000000017,0.10061714999999877
2.3200000000000016,0.09992541345800997
2.321000000000001,0.10088999354199303
2.3220000000000023,0.10110058999999512
2.3230000000000017,0.09836057599999544
2.3240000000000016,0.09579114176731936
2.325000000000001,0.09335881499999572
2.3260000000000023,0.09015218899999436
2.3270000000000017,0.08697762600899776
2.3280000000000016,0.0867077159910014
2.329000000000001,0.08659632499999759
2.3300000000000023,0.08477933281303288
2.3310000000000017,0.08257746318695833
2.3320000000000016,0.0803025739999983
2.333000000000001,0.07934153731713726
2.3340000000000023,0.07977470868286428
2.3350000000000017,0.08044218300000575
2.3360000000000016,0.08367968400000253
2.337000000000001,0.08509191655688582
2.3380000000000023,0.08335748544310803
2.3390000000000017,0.08343856000000059
2.3400000000000016,0.08377434482053664
2.341000000000001,0.08424255017946479
2.3420000000000023,0.08764692400000408
2.3430000000000017,0.08993553516596635
2.3440000000000016,0.08964719483403276
2.345000000000001,0.09009230100000236
2.3460000000000023,0.09186108400000073
2.3470000000000018,0.09227679566683236
2.3480000000000016,0.09167346399999972
2.349000000000001,0.09146770799999653
2.350000000000002,0.08885949274504977
2.3510000000000018,0.08827694325494788
2.3520000000000016,0.09293706000000257
2.353000000000001,0.09438731901229412
2.354000000000002,0.09226744198769836
2.3550000000000018,0.09265996499999893
2.3560000000000016,0.0920547047918406
2.357000000000001,0.0914126232081574
2.358000000000002,0.09586668800000547
2.3590000000000018,0.09894247399999774
2.3600000000000017,0.09766946239312116
2.361000000000001,0.09754339360687844
2.362000000000002,0.0983735320000023
2.3630000000000018,0.09966975367796968
2.3640000000000017,0.10293653332204047
2.365000000000001,0.10445477000000153
2.366000000000002,0.1055878864527102
2.3670000000000018,0.10595241354729124
2.3680000000000017,0.10261809999999633
2.369000000000001,0.09986021399999813
2.370000000000002,0.09845720477474187
2.3710000000000018,0.09691495222525197
2.3720000000000017,0.09336399999999816
2.3730000000000016,0.09232651837612832
2.374000000000002,0.09453027962387947
2.3750000000000018,0.09558746200000867
2.3760000000000017,0.10048120538892602
2.3770000000000016,0.10283509461108133
2.378000000000002,0.098160698999996
2.3790000000000022,0.09591134748430184
2.3800000000000017,0.09510619051569563
2.3810000000000016,0.09374477000000336
2.382000000000002,0.09563846900000064
2.3830000000000022,0.09591660586372017
2.3840000000000017,0.09151524313626616
2.3850000000000016,0.08910783399999841
2.386000000000002,0.08821507319365937
2.3870000000000022,0.08729700980633695
2.3880000000000017,0.08821791400000152
2.3890000000000016,0.0890724290426917
2.390000000000002,0.08922285595730882
2.3910000000000022,0.08922278100000171
2.3920000000000017,0.09018193200000076
2.3930000000000016,0.09061419723905036
2.394000000000002,0.08947658776094561
2.3950000000000022,0.08882536699999857
2.3960000000000017,0.08803236764827027
2.3970000000000016,0.08798885035172957
2.398000000000002,0.08776626000000108
2.3990000000000022,0.08836992799280853
2.4000000000000017,0.09275985600720513
2.4010000000000016,0.09538315999999887
2.402000000000001,0.0947579150000044
2.4030000000000022,0.09723970782072276
2.4040000000000017,0.1022058000000036
2.4050000000000016,0.10423592000000703
2.406000000000002,0.1081998325205007
2.4070000000000022,0.1105250374795086
2.4080000000000017,0.10449268999999498
2.4090000000000016,0.10166488066286923
2.410000000000001,0.10277150933713422
2.4110000000000023,0.1042646200000129
2.4120000000000017,0.1115253303339374
2.4130000000000016,0.11412866966607067
2.414000000000002,0.10981960999999757
2.4150000000000023,0.10846148999999553
2.4160000000000017,0.10594920743050806
2.4170000000000016,0.10232351256948068
2.418000000000001,0.10294881000000136
2.4190000000000023,0.10397073484562368
2.4200000000000017,0.09951919115436247
2.4210000000000016,0.1052443500000106
2.422000000000002,0.11120932832732544
2.4230000000000023,0.10679260167265688
2.4240000000000017,0.10779024999999727
2.4250000000000016,0.10625171999999126
2.426000000000001,0.10133830134185846
2.4270000000000023,0.10429438000000477
2.4280000000000017,0.10697635000000108
2.4290000000000016,0.1075750034323152
2.430000000000002,0.10860932656768847
2.4310000000000023,0.10833908999999868
2.4320000000000017,0.1075886388612242
2.4330000000000016,0.10537725113876892
2.434000000000001,0.10251138999999933
2.4350000000000023,0.10200625613876993
2.4360000000000017,0.10056764386122496
2.4370000000000016,0.09960282600000303
2.438000000000002,0.10130290999999328
2.4390000000000023,0.09751187220605527
2.4400000000000017,0.09534393279393699
2.4410000000000016,0.1008609499999992
2.442000000000001,0.10040385894190386
2.4430000000000023,0.09559327805807903
2.4440000000000017,0.09248921999999107
2.4450000000000016,0.08747248458248423
2.446000000000002,0.08792830941751738
2.4470000000000023,0.0958004300000145
2.4480000000000017,0.10395826000000337
2.4490000000000016,0.10586350632236817
2.450000000000001,0.10612673000000516
2.4510000000000023,0.10998951000000147
2.4520000000000017,0.11081956554287828
2.4530000000000016,0.1026749944570964
2.454000000000002,0.09795581499999166
2.4550000000000023,0.09326344814576182
2.4560000000000017,0.08887490585422064
2.4570000000000016,0.0929781420000077
2.458000000000001,0.09731623760688804
2.4590000000000023,0.10315230639313268
2.4600000000000017,0.10573684999999523
2.4610000000000016,0.10305551999999492
2.462000000000002,0.1001979679181945
2.4630000000000023,0.08957715008176305
2.4640000000000017,0.08303143800000372
2.4650000000000016,0.08512117455668981
2.466000000000001,0.08583674144331242
2.4670000000000023,0.09043989300000127
2.4680000000000017,0.09116885837751224
2.4690000000000016,0.08357263362246414
2.470000000000002,0.07997486700000411
2.4710000000000023,0.0822842789999995
2.4720000000000018,0.08200330180461374
2.4730000000000016,0.07841134799999701
2.474000000000001,0.07616196599997914
2.475000000000002,0.06051101320684831
2.4760000000000018,0.055493081793131636
2.4770000000000016,0.0832873430000242
2.478000000000002,0.09691582830735927
2.479000000000002,0.10699890169268103
2.4800000000000018,0.09812703699996143
2.4810000000000016,0.07642930177686556
2.482000000000001,0.08940707022317479
2.483000000000002,0.10011727000002003
2.4840000000000018,0.11140586000002556
2.4850000000000017,0.12579734309834426
2.486000000000002,0.10342832690157627
2.487000000000002,0.09362653599999804
2.4880000000000018,0.0925126024259008
2.4890000000000017,0.08381686157407219
2.490000000000001,0.09001894299999627
2.491000000000002,0.08722435758331769
2.4920000000000018,0.10392019041674903
2.4930000000000017,0.1212186699999954
2.494000000000002,0.11776890000003605
2.495000000000002,0.13807284550291865
2.4960000000000018,0.14742787449711872
2.4970000000000017,0.1413039000000119
2.4980000000000016,0.1479831478594118
2.499000000000002,0.13786174214055225
2.5000000000000018,0.13786064
2.5010000000000017,0.13786064
2.502000000000002,0.13786064
2.503000000000002,0.13786064
2.5040000000000022,0.13786064
2.5050000000000017,0.13786064
2.5060000000000016,0.13786064
2.507000000000002,0.13786064
2.5080000000000022,0.13786064
2.5090000000000017,0.13786064
2.510000000000002,0.13786064
2.511000000000002,0.13786064
2.5120000000000022,0.13786064
2.5130000000000017,0.13786064
2.5140000000000016,0.13786064
2.515000000000002,0.13786064
2.5160000000000022,0.13786064
2.5170000000000017,0.13786064
2.518000000000002,0.13786064
2.519000000000002,0.13786064
2.5200000000000022,0.13786064
2.5210000000000017,0.13786064
2.5220000000000016,0.13786064
2.523000000000002,0.13786064
2.5240000000000022,0.13786064
2.5250000000000017,0.13786064
2.526000000000002,0.13786064
2.527000000000002,0.13786064
2.5280000000000022,0.13786064
2.5290000000000017,0.13786064
2.5300000000000016,0.13786064
2.531000000000002,0.13786064
2.5320000000000022,0.13786064
2.5330000000000017,0.13786064
2.534000000000002,0.13786064
2.535000000000002,0.13786064
2.5360000000000023,0.13786064
2.5370000000000017,0.13786064
2.5380000000000016,0.13786064
2.539000000000002,0.13786064
2.5400000000000023,0.13786064
2.5410000000000017,0.13786064
2.542000000000002,0.13786064
2.543000000000002,0.13786064
2.5440000000000023,0.13786064
2.5450000000000017,0.13786064
2.5460000000000016,0.13786064
2.547000000000002,0.13786064
2.5480000000000023,0.13786064
2.5490000000000017,0.13786064
2.550000000000002,0.13786064
2.551000000000002,0.13786064
2.5520000000000023,0.13786064
2.5530000000000017,0.13786064
2.5540000000000016,0.13786064
2.555000000000002,0.13786064
2.5560000000000023,0.13786064
2.5570000000000017,0.13786064
2.558000000000002,0.13786064
2.559000000000002,0.13786064
2.5600000000000023,0.13786064
2.5610000000000017,0.13786064
2.5620000000000016,0.13786064
2.563000000000002,0.13786064
2.5640000000000023,0.13786064
2.5650000000000017,0.13786064
2.566000000000002,0.13786064
2.567000000000002,0.13786064
2.5680000000000023,0.13786064
2.5690000000000017,0.13786064
2.5700000000000016,0.13786064
2.571000000000002,0.13786064
2.5720000000000023,0.13786064
2.5730000000000017,0.13786064
2.574000000000002,0.13786064
2.575000000000002,0.13786064
2.5760000000000023,0.13786064
2.5770000000000017,0.13786064
2.5780000000000016,0.13786064
2.579000000000002,0.13786064
2.5800000000000023,0.13786064
2.5810000000000017,0.13786064
2.582000000000002,0.13786064
2.583000000000002,0.13786064
2.5840000000000023,0.13786064
2.5850000000000017,0.13786064
2.5860000000000016,0.13786064
2.587000000000002,0.13786064
2.5880000000000023,0.13786064
2.5890000000000017,0.13786064
2.590000000000002,0.13786064
2.591000000000002,0.13786064
2.5920000000000023,0.13786064
2.5930000000000017,0.13786064
2.5940000000000016,0.13786064
2.595000000000002,0.13786064
2.5960000000000023,0.13786064
2.5970000000000018,0.13786064
2.598000000000002,0.13786064
2.599000000000002,0.13786064
