wave,Nonane
0.4,0.7342706917690647
0.401,0.7341209724454508
0.402,0.7343655175545489
0.40299999999999997,0.73419809
0.40399999999999997,0.7339009029718703
0.405,0.73369449
0.406,0.7338309297091058
0.407,0.7338018402908942
0.408,0.7335445311699765
0.409,0.7336615288300234
0.41,0.73376203
0.411,0.7337897397229027
0.412,0.73359746
0.413,0.7335974002228979
0.414,0.73361969
0.415,0.7336023390291194
0.416,0.7335052509708806
0.417,0.73343468
0.418,0.7333926604201958
0.419,0.73337913
0.42,0.7333464592436076
0.421,0.73327082
0.422,0.733121809100018
0.423,0.7330318108999819
0.424,0.7330430209231815
0.425,0.7331353390768185
0.4260000000000001,0.73306817
0.4270000000000001,0.7330447998635015
0.4280000000000001,0.73303115
0.4290000000000001,0.73298221950351
0.4300000000000001,0.7329325704964901
0.4310000000000001,0.7328931697270055
0.4320000000000001,0.7328658702729945
0.4330000000000001,0.73276377
0.4340000000000001,0.7328004207390926
0.4350000000000001,0.73287433
0.4360000000000001,0.7327020189223215
0.4370000000000001,0.7325942510776784
0.4380000000000001,0.7325535404124917
0.4390000000000001,0.7325947895875083
0.4400000000000001,0.7325182
0.4410000000000001,0.7324756404255958
0.4420000000000001,0.73246342
0.4430000000000001,0.7324007700417992
0.4440000000000001,0.7324049499582009
0.4450000000000001,0.7323853385039302
0.4460000000000001,0.7322357314960699
0.4470000000000001,0.73225069
0.4480000000000001,0.7322661298456015
0.4490000000000001,0.73225337
0.4500000000000001,0.7322484895547089
0.4510000000000001,0.7322039604452911
0.4520000000000001,0.7321594404099918
0.4530000000000001,0.7322004395900081
0.4540000000000001,0.73217148
0.4550000000000001,0.7321671800429996
0.4560000000000001,0.73222876
0.4570000000000001,0.7322049702479975
0.4580000000000001,0.73222977
0.4590000000000001,0.7322868701680967
0.4600000000000001,0.7323036798319034
0.4610000000000001,0.73228753
0.4620000000000001,0.7322734601406986
0.4630000000000001,0.73228705
0.4640000000000001,0.7322786999530004
0.4650000000000001,0.732274
0.4660000000000001,0.7322790603730925
0.4670000000000001,0.7323163696269075
0.4680000000000001,0.7323456402473951
0.4690000000000001,0.7323703797526049
0.4700000000000001,0.73239684
0.4710000000000001,0.7324357601495985
0.4720000000000001,0.73245072
0.4730000000000001,0.732430880151897
0.4740000000000001,0.7324460698481031
0.4750000000000001,0.7325159908981821
0.4760000000000001,0.732605809101818
0.4770000000000001,0.73262459
0.4780000000000001,0.7326492704141959
0.4790000000000001,0.73269069
0.4800000000000001,0.7327585804309914
0.4810000000000001,0.7328016795690087
0.4820000000000001,0.7328561506627868
0.4830000000000001,0.7329224293372133
0.4840000000000001,0.73298323
0.4850000000000001,0.7330211996203038
0.4860000000000001,0.73306876
0.4870000000000001,0.7331670506991861
0.4880000000000001,0.7332369693008142
0.4890000000000001,0.7332922204392913
0.4900000000000001,0.7333361495607088
0.4910000000000001,0.73342943
0.4920000000000001,0.7335067992263078
0.4930000000000001,0.7335822
0.4940000000000001,0.7336856708487914
0.4950000000000001,0.73377055
0.4960000000000001,0.7338365304392913
0.4970000000000001,0.7338804595607088
0.4980000000000001,0.7339794
0.4990000000000001,0.7341114886791132
0.5000000000000001,0.73425341
0.5010000000000001,0.7343254109817197
0.5020000000000001,0.7344235828786561
0.5030000000000001,0.734519538080896
0.5040000000000001,0.7345929692656926
0.5050000000000001,0.734685
0.5060000000000001,0.7347785218537073
0.5070000000000001,0.7348712072194391
0.5080000000000001,0.7349495284335843
0.5090000000000001,0.73505902
0.5100000000000001,0.7351760910037101
0.5110000000000001,0.7352764618989241
0.5120000000000001,0.7353714081010759
0.5130000000000001,0.7354677890361904
0.5140000000000001,0.73556942
0.5150000000000001,0.7356519108750175
0.5160000000000001,0.7357394130073497
0.5170000000000001,0.7358396579951003
0.5180000000000001,0.7359794986015861
0.5190000000000001,0.7360982910502105
0.5200000000000001,0.7362033118453079
0.5210000000000001,0.7362955772320383
0.5220000000000001,0.7363925590301806
0.5230000000000001,0.73649377
0.5240000000000001,0.7365958108112081
0.5250000000000001,0.7366769311193553
0.5260000000000001,0.7367328988806449
0.5270000000000001,0.7367994193347933
0.5280000000000001,0.73691577
0.5290000000000001,0.7369877113960139
0.5300000000000001,0.7370575122258887
0.5310000000000001,0.7371317085160742
0.5320000000000001,0.7372075892411925
0.5330000000000001,0.7372663005222053
0.5340000000000001,0.7373185212635368
0.5350000000000001,0.7373816981046947
0.5360000000000001,0.7374457093598873
0.5370000000000001,0.7375055
0.5380000000000001,0.7375592607057142
0.5390000000000001,0.7376298313196341
0.5400000000000001,0.7376738191202441
0.5410000000000001,0.737704039697797
0.5420000000000001,0.73776555
0.5430000000000001,0.7377955304113795
0.5440000000000002,0.7378160993829308
0.5450000000000002,0.7378389795423954
0.5460000000000002,0.73790365
0.5470000000000002,0.7379598604405044
0.5480000000000002,0.7380039108809647
0.5490000000000002,0.7380479591190352
0.5500000000000002,0.7380830596489966
0.5510000000000002,0.7381205
0.5520000000000002,0.7381759305245106
0.5530000000000002,0.7382283811033449
0.5540000000000002,0.7382651592644368
0.5550000000000002,0.7382827398241983
0.5560000000000002,0.7383260105859059
0.5570000000000002,0.7383846013483325
0.5580000000000002,0.7384520179775012
0.5590000000000002,0.7385163887125872
0.5600000000000002,0.73857272
0.5610000000000002,0.7386286305871059
0.5620000000000002,0.7386873410251591
0.5630000000000002,0.738738598974841
0.5640000000000002,0.7388048193377934
0.5650000000000002,0.73887634
0.5660000000000002,0.7388964912946129
0.5670000000000002,0.7389612224709764
0.5680000000000002,0.7390435883526824
0.5690000000000002,0.7391245991898919
0.5700000000000002,0.7391845607456075
0.5710000000000002,0.7392591218585072
0.5720000000000002,0.7393520472122395
0.5730000000000002,0.7394190993294866
0.5740000000000002,0.73948199
0.5750000000000002,0.7395353903058031
0.5760000000000002,0.7395659710703573
0.5770000000000002,0.7396194889296429
0.5780000000000002,0.7396659895349954
0.5790000000000002,0.73969436
0.5800000000000002,0.7397649916880169
0.5810000000000002,0.7398493927553623
0.5820000000000002,0.7399412381630918
0.5830000000000002,0.7400164
0.5840000000000002,0.7400942406336064
0.5850000000000002,0.7401576006317684
0.5860000000000002,0.7401891890523474
0.5870000000000002,0.7401438404535091
0.5880000000000002,0.74013472
0.5890000000000002,0.740157249201884
0.5900000000000002,0.7400774397780111
0.5910000000000002,0.7400700401479926
0.5920000000000002,0.7401192195081949
0.5930000000000002,0.7402301991857918
0.5940000000000002,0.7401487789272536
0.5950000000000002,0.7400951416091195
0.5960000000000002,0.7401200495017951
0.5970000000000002,0.74025911
0.5980000000000002,0.7403660407302073
0.5990000000000002,0.7404390603873845
0.6000000000000002,0.7404584296126155
0.6010000000000002,0.7404805997782977
0.6020000000000002,0.74045271
0.6030000000000002,0.7403389786511729
0.6040000000000002,0.7402040960518974
0.6050000000000002,0.7400724926320683
0.6060000000000002,0.7399386813381134
0.6070000000000002,0.7397648098390984
0.6080000000000002,0.7397487222754863
0.6090000000000002,0.7398624965867706
0.6100000000000002,0.7401361472634453
0.6110000000000002,0.74040794
0.6120000000000002,0.7406340217000171
0.6130000000000002,0.7408040216389344
0.6140000000000002,0.7408859683610656
0.6150000000000002,0.7409606592530926
0.6160000000000002,0.74102366
0.6170000000000002,0.7410594796899969
0.6180000000000002,0.7410439788789561
0.6190000000000002,0.7410066107473626
0.6200000000000002,0.74095446
0.6210000000000002,0.7408571191303913
0.6220000000000002,0.7407701582536873
0.6230000000000002,0.7406828426194689
0.6240000000000002,0.7405549312791255
0.6250000000000002,0.74045384
0.6260000000000002,0.7403563889085781
0.6270000000000002,0.7402472467886606
0.6280000000000002,0.7401402021408928
0.6290000000000002,0.7400222411796118
0.6300000000000002,0.73989284
0.6310000000000002,0.7397633781892905
0.6320000000000002,0.7396728427160641
0.6330000000000002,0.7396049513578136
0.6340000000000002,0.7395528
0.6350000000000002,0.7395363502938029
0.6360000000000002,0.7395657315865366
0.6370000000000002,0.7396450584134634
0.6380000000000002,0.7397632588179882
0.6390000000000002,0.73986387
0.6400000000000002,0.7399288996023922
0.6410000000000002,0.7398891378044097
0.6420000000000002,0.7398159514637268
0.6430000000000002,0.7397165909936099
0.6440000000000002,0.739588978511585
0.6450000000000002,0.739440137681516
0.6460000000000002,0.7393242134777261
0.6470000000000002,0.739243810804016
0.6480000000000002,0.73920733
0.6490000000000002,0.739281301389914
0.6500000000000002,0.7394202937824487
0.6510000000000002,0.7396094162175513
0.6520000000000002,0.7398435476586767
0.6530000000000002,0.7401171300000001
0.6540000000000002,0.7404231453132532
0.6550000000000002,0.7406888067427629
0.6560000000000002,0.7409135655048248
0.6570000000000003,0.7411017981176813
0.6580000000000003,0.7412432411927119
0.6590000000000003,0.7413625118299085
0.6600000000000003,0.7414540072551372
0.6610000000000003,0.7415128394116882
0.6620000000000003,0.74158269
0.6630000000000003,0.7416451005305107
0.6640000000000003,0.7416981509779511
0.6650000000000003,0.7417307493480326
0.6660000000000003,0.741750119806298
0.6670000000000003,0.74176395
0.6680000000000003,0.7417754500513974
0.6690000000000003,0.7417780199229039
0.6700000000000003,0.7418087093861939
0.6710000000000003,0.74186516
0.6720000000000003,0.7419191007749077
0.6730000000000003,0.7419965930110796
0.6740000000000003,0.7421471469889205
0.6750000000000003,0.742457266898769
0.6760000000000003,0.74256074
0.6770000000000003,0.7424709172205444
0.6780000000000003,0.7421929747361632
0.6790000000000003,0.7420175135092245
0.6800000000000003,0.74191779099721
0.6810000000000003,0.7418736199320993
0.6820000000000003,0.7418668300725964
0.6830000000000003,0.7418704598911054
0.6840000000000003,0.7418836397363974
0.6850000000000003,0.74190867
0.6860000000000003,0.7419071798962991
0.6870000000000003,0.7418968099534018
0.6880000000000003,0.7418944800465982
0.6890000000000003,0.7419810891338914
0.6900000000000003,0.7425368400000003
0.6910000000000003,0.7434954293686942
0.6920000000000003,0.7449638207100645
0.6930000000000003,0.7449874895266236
0.6940000000000003,0.7442404674703745
0.6950000000000003,0.7429187842552425
0.6960000000000003,0.7423443148908553
0.6970000000000003,0.7420888576637168
0.6980000000000003,0.7420256106324127
0.6990000000000003,0.74205381
0.7000000000000003,0.7421039904715048
0.7010000000000003,0.7421511407271709
0.7020000000000003,0.7421874992728291
0.7030000000000003,0.7422152197227971
0.7040000000000003,0.7422386999999999
0.7050000000000003,0.7422595604602047
0.7060000000000003,0.7422825707133643
0.7070000000000003,0.7423063495244238
0.7080000000000003,0.7423352
0.7090000000000003,0.7423725700656006
0.7100000000000003,0.7423791302229888
0.7110000000000003,0.7423902796655167
0.7120000000000003,0.7424015398873978
0.7130000000000003,0.74236411
0.7140000000000003,0.7423033092382848
0.7150000000000003,0.7422271373160342
0.7160000000000003,0.7421376717893104
0.7170000000000003,0.7420539308374083
0.7180000000000003,0.7419865095380954
0.7190000000000003,0.7419403203969801
0.7200000000000003,0.7419601694045298
0.7210000000000003,0.7419789996233962
0.7220000000000003,0.74198788
0.7230000000000003,0.7419613592328923
0.7240000000000003,0.74188464775049
0.7250000000000003,0.74177217224951
0.7260000000000003,0.7416240614811148
0.7270000000000003,0.74146533
0.7280000000000003,0.741317628454369
0.7290000000000003,0.7411630626728664
0.7300000000000003,0.7409188248847557
0.7310000000000003,0.7405917632706327
0.7320000000000003,0.7402151758187581
0.7330000000000003,0.7397970501942901
0.7340000000000003,0.7393067647085645
0.7350000000000003,0.7388136449311985
0.7360000000000003,0.7383069999999997
0.7370000000000003,0.7375795706277061
0.7380000000000003,0.7366423380568774
0.7390000000000003,0.7355451819431219
0.7400000000000003,0.7342853125987256
0.7410000000000003,0.7333468799999998
0.7420000000000003,0.7326688118591185
0.7430000000000003,0.7322617639004048
0.7440000000000003,0.7317251107330632
0.7450000000000003,0.7312917099999999
0.7460000000000003,0.7310456629242293
0.7470000000000003,0.7313380917868109
0.7480000000000003,0.7319274323197842
0.7490000000000003,0.7324728945453911
0.7500000000000003,0.7327859999999998
0.7510000000000003,0.7325919852690052
0.7520000000000003,0.7321188779981999
0.7530000000000003,0.7313854846678663
0.7540000000000003,0.7302995408595083
0.7550000000000003,0.7290393099999996
0.7560000000000003,0.7276991928955547
0.7570000000000003,0.7263439706566668
0.7580000000000003,0.7252614116510161
0.7590000000000003,0.7245612699999999
0.7600000000000003,0.7242965142713428
0.7610000000000003,0.7247236557147717
0.7620000000000003,0.7255093942852289
0.7630000000000003,0.726664408449785
0.7640000000000003,0.7283836600000007
0.7650000000000003,0.7303956407148151
0.7660000000000003,0.7324671217357139
0.7670000000000003,0.7345249788428585
0.7680000000000003,0.7362333929159298
0.7690000000000003,0.7376741318423189
0.7700000000000004,0.7388583577505127
0.7710000000000004,0.7397458833742316
0.7720000000000004,0.7404336231226627
0.7730000000000004,0.7409910600000001
0.7740000000000004,0.7414221832651329
0.7750000000000004,0.7417486956263749
0.7760000000000004,0.7420300143736251
0.7770000000000004,0.7422771975281753
0.7780000000000004,0.7425305800000002
0.7790000000000004,0.7427170331054311
0.7800000000000004,0.7428723048222591
0.7810000000000004,0.7430330467851608
0.7820000000000004,0.7431614387160872
0.7830000000000004,0.7432734409751097
0.7840000000000004,0.7433709512825358
0.7850000000000004,0.7434350780761962
0.7860000000000004,0.7434962993877879
0.7870000000000004,0.74355203
0.7880000000000004,0.7435929805394108
0.7890000000000004,0.7436469212551372
0.7900000000000004,0.7436887591632418
0.7910000000000004,0.7437016398711987
0.7920000000000004,0.74368298
0.7930000000000004,0.7436461989726513
0.7940000000000004,0.7435948315410229
0.7950000000000004,0.7435363511696116
0.7960000000000004,0.74345487
0.7970000000000004,0.7433407882857828
0.7980000000000004,0.7431693659315627
0.7990000000000004,0.7429659440684372
0.8000000000000004,0.7427606020534204
0.8010000000000004,0.7425565699999999
0.8020000000000004,0.742331857305246
0.8030000000000004,0.7420623808792559
0.8040000000000004,0.7417583560804959
0.8050000000000004,0.7414228333552334
0.8060000000000004,0.7411492476485764
0.8070000000000004,0.7409141060279985
0.8080000000000004,0.7407155059580021
0.8090000000000004,0.7406012422852228
0.8100000000000004,0.74051768
0.8110000000000004,0.7404542592560925
0.8120000000000004,0.7403798684348626
0.8130000000000004,0.7403016115651374
0.8140000000000004,0.7402192408237082
0.8150000000000004,0.7401306
0.8160000000000004,0.7400444682261822
0.8170000000000004,0.7399557771123443
0.8180000000000004,0.7398595219251037
0.8190000000000004,0.7397176614186142
0.8200000000000004,0.7395554180210799
0.8210000000000004,0.7393575245642717
0.8220000000000004,0.7390857381535922
0.8230000000000004,0.7387568432889656
0.8240000000000004,0.7384414099999999
0.8250000000000004,0.7381598381396813
0.8260000000000004,0.7379738082380704
0.8270000000000004,0.7378857117619295
0.8280000000000004,0.7378869699873999
0.8290000000000004,0.7379989600000001
0.8300000000000004,0.7382470462024622
0.8310000000000004,0.7385571704868759
0.8320000000000004,0.7389067330087498
0.8330000000000004,0.7392308700000001
0.8340000000000004,0.7395172724837249
0.8350000000000004,0.7397656440661968
0.8360000000000004,0.7399689539007049
0.8370000000000004,0.7401869878196564
0.8380000000000004,0.7403904200000001
0.8390000000000004,0.7405440210312206
0.8400000000000004,0.740647142701665
0.8410000000000004,0.7407371981988901
0.8420000000000004,0.7408252991189912
0.8430000000000004,0.7409857522406225
0.8440000000000004,0.7412098152901356
0.8450000000000004,0.7414743220647968
0.8460000000000004,0.7417532144221444
0.8470000000000004,0.7419558800000001
0.8480000000000004,0.7421215813512135
0.8490000000000004,0.7422567010513579
0.8500000000000004,0.7423092689486421
0.8510000000000004,0.7423285198074981
0.8520000000000004,0.74231714
0.8530000000000004,0.7422717196775935
0.8540000000000004,0.7422394798674066
0.8550000000000004,0.7422350600883956
0.8560000000000004,0.7422764895856958
0.8570000000000004,0.7423676807797078
0.8580000000000004,0.7424456510965451
0.8590000000000004,0.7425004783551823
0.8600000000000004,0.7424804602002041
0.8610000000000004,0.7423530799999999
0.8620000000000004,0.7421425570405703
0.8630000000000004,0.7418466110811566
0.8640000000000004,0.7414006689188429
0.8650000000000004,0.740907794928749
0.8660000000000004,0.7403960199999999
0.8670000000000004,0.740134886604966
0.8680000000000004,0.7399651355353232
0.8690000000000004,0.7398163129764511
0.8700000000000004,0.7395152999999998
0.8710000000000004,0.7389838040591403
0.8720000000000004,0.7383897181321931
0.8730000000000004,0.7377963278017097
0.8740000000000004,0.7373214447487948
0.8750000000000004,0.7367898799999997
0.8760000000000004,0.7361399391499824
0.8770000000000004,0.7350549251987393
0.8780000000000004,0.7335615498675059
0.8790000000000004,0.7318621469940693
0.8800000000000004,0.7300634399999995
0.8810000000000004,0.7287341828894551
0.8820000000000005,0.7278786556658163
0.8830000000000005,0.7275211271502714
0.8840000000000005,0.7277855300000001
0.8850000000000005,0.7279139184990849
0.8860000000000005,0.7277638139276426
0.8870000000000005,0.7269601960723567
0.8880000000000005,0.7255978736233356
0.8890000000000005,0.7240854499999994
0.8900000000000005,0.7225388154740088
0.8910000000000005,0.7210862146050689
0.8920000000000005,0.7195730502632861
0.8930000000000005,0.7179815359151583
0.8940000000000005,0.7162294193133921
0.8950000000000005,0.7141607507058637
0.8960000000000005,0.7116960439412017
0.8970000000000005,0.7086732702279029
0.8980000000000005,0.7045912699999979
0.8990000000000005,0.7000819523581212
0.9000000000000005,0.6953177797968063
0.9010000000000004,0.6913076202031901
0.9020000000000004,0.6881292217838162
0.9030000000000004,0.6852921199999986
0.9040000000000004,0.6823732605464038
0.9050000000000004,0.6784005605159721
0.9060000000000004,0.6737510929893484
0.9070000000000004,0.6684734127769251
0.9080000000000004,0.6629613070115675
0.9090000000000004,0.6576624710397458
0.9100000000000004,0.6527144584403755
0.9110000000000004,0.6486798903454049
0.9120000000000004,0.6465691899999997
0.9130000000000004,0.6458243766842341
0.9140000000000004,0.646492831676317
0.9150000000000004,0.6482153755491233
0.9160000000000004,0.6496657554962557
0.9170000000000004,0.6506071699999998
0.9180000000000004,0.650019074763561
0.9190000000000004,0.6482572528546562
0.9200000000000004,0.6456901913417122
0.9210000000000004,0.6423653999999979
0.9220000000000004,0.6385172797461955
0.9230000000000004,0.6344918968787231
0.9240000000000004,0.6303358331212733
0.9250000000000004,0.6262142512158101
0.9260000000000004,0.6223239299999979
0.9270000000000004,0.6187524510441195
0.9280000000000004,0.6158568978584062
0.9290000000000004,0.6141188447610612
0.9300000000000004,0.6132506186820864
0.9310000000000004,0.6133099994807958
0.9320000000000004,0.6152581010355498
0.9330000000000004,0.6183098784466792
0.9340000000000004,0.6224547371021729
0.9350000000000004,0.6280969400000029
0.9360000000000004,0.6348128436560402
0.9370000000000004,0.6421784577372949
0.9380000000000004,0.6500653222627131
0.9390000000000004,0.6581489791633957
0.9400000000000004,0.6660696300000042
0.9410000000000004,0.6737338466105699
0.9420000000000004,0.6805643572854387
0.9430000000000004,0.6868072051430457
0.9440000000000004,0.6925323027491304
0.9450000000000004,0.6975557633747359
0.9460000000000004,0.7018932283320855
0.9470000000000004,0.7058098325018769
0.9480000000000004,0.7092973851246042
0.9490000000000004,0.7121195200000011
0.9500000000000004,0.7146692528806301
0.9510000000000004,0.7169573081620746
0.9520000000000004,0.7188654118379276
0.9530000000000004,0.7204636140180409
0.9540000000000004,0.7219126800000005
0.9550000000000004,0.7232371217666183
0.9560000000000004,0.7243254505810715
0.9570000000000004,0.72534481961262
0.9580000000000004,0.7262969000000005
0.9590000000000004,0.727138407867879
0.9600000000000004,0.7279251944856758
0.9610000000000004,0.7286494782714867
0.9620000000000004,0.7292776637181747
0.9630000000000004,0.7298556600000004
0.9640000000000004,0.7304238155660115
0.9650000000000004,0.7309804146422682
0.9660000000000004,0.7314684902384885
0.9670000000000004,0.7319401452834531
0.9680000000000004,0.7324034645889461
0.9690000000000004,0.7328623593385333
0.9700000000000004,0.7333292859922007
0.9710000000000004,0.7337814509567098
0.9720000000000004,0.7342058400000002
0.9730000000000004,0.7345625832436325
0.9740000000000004,0.7348869453069878
0.9750000000000004,0.7351522946930125
0.9760000000000004,0.7352476690462906
0.9770000000000004,0.7353031
0.9780000000000004,0.7353219997257945
0.9790000000000004,0.7352945803200841
0.9800000000000004,0.7353052497866107
0.9810000000000004,0.7352433806187062
0.9820000000000004,0.7350891168045679
0.9830000000000004,0.7347695719967999
0.9840000000000004,0.7343694120047997
0.9850000000000004,0.7339038846552928
0.9860000000000004,0.7333648199999997
0.9870000000000004,0.7327462931853316
0.9880000000000004,0.7320648250541975
0.9890000000000004,0.7313175349458018
0.9900000000000004,0.7304297188781883
0.9910000000000004,0.7294880199999995
0.9920000000000004,0.7285029099033985
0.9930000000000004,0.7274980776472171
0.9940000000000004,0.726419651568521
0.9950000000000006,0.7251911199999992
0.9960000000000006,0.7237548041676407
0.9970000000000006,0.7221715705878697
0.9980000000000006,0.7207009641181933
0.9990000000000006,0.7190920860888209
1.0000000000000004,0.7174839399999993
1.0010000000000006,0.7156624799999988
1.002000000000001,0.7138332699999985
1.0030000000000006,0.7116172899999985
1.0040000000000004,0.7094127879842006
1.0050000000000006,0.7073926299999986
1.006000000000001,0.7054387899999984
1.0070000000000006,0.7031843699999989
1.0080000000000005,0.7007938599999987
1.0090000000000006,0.6977866425137472
1.010000000000001,0.6949117799999984
1.0110000000000006,0.6926227799999986
1.0120000000000005,0.690410729999999
1.0130000000000006,0.6882309899999988
1.014000000000001,0.6864116219368052
1.0150000000000006,0.6849616199999993
1.0160000000000005,0.6838193499999996
1.0170000000000006,0.6827787799999997
1.018000000000001,0.6820601799999997
1.0190000000000006,0.6815784481731825
1.0200000000000005,0.6814814799999999
1.0210000000000006,0.6812955699999997
1.022000000000001,0.6810404099999999
1.0230000000000006,0.6809039099999998
1.0240000000000005,0.6807982899999999
1.0250000000000006,0.6805743599999998
1.0260000000000007,0.6803087599999997
1.0270000000000006,0.6800451299999997
1.0280000000000005,0.6794138599999997
1.0290000000000006,0.6786757099999997
1.0300000000000007,0.6778644899999994
1.0310000000000006,0.6768730299999994
1.0320000000000005,0.6760227739946002
1.0330000000000006,0.6754627199999996
1.0340000000000007,0.6748808599999997
1.0350000000000006,0.6743382799999996
1.0360000000000005,0.6738386799999999
1.0370000000000006,0.6736449722477752
1.0380000000000007,0.6737674500000002
1.0390000000000006,0.6739966900000001
1.0400000000000005,0.6741750800000003
1.0410000000000006,0.6746736200000005
1.0420000000000007,0.6755797593860621
1.0430000000000006,0.6768271300000009
1.0440000000000005,0.6780855700000006
1.0450000000000006,0.6793175900000009
1.0460000000000007,0.6805992700000009
1.0470000000000006,0.6819880411228886
1.0480000000000005,0.6834593400000005
1.0490000000000006,0.6848215500000007
1.0500000000000007,0.686246510000001
1.0510000000000006,0.6877092700000009
1.0520000000000005,0.6889953000000006
1.0530000000000006,0.6903486300000009
1.0540000000000007,0.6917269800000009
1.0550000000000006,0.6930285132266779
1.0560000000000005,0.6942607800000006
1.0570000000000006,0.6954838600000008
1.0580000000000007,0.696854050000001
1.0590000000000006,0.6983915600000007
1.0600000000000005,0.6998952739486057
1.0610000000000006,0.7012347600000007
1.0620000000000007,0.7024601700000008
1.0630000000000006,0.7036131600000007
1.0640000000000005,0.7047509600000006
1.0650000000000006,0.7060281522807726
1.0660000000000007,0.7072942900000007
1.0670000000000006,0.7080372000000004
1.0680000000000005,0.7086584000000004
1.0690000000000006,0.7093631600000004
1.0700000000000007,0.7100364526707335
1.0710000000000006,0.7107072500000005
1.0720000000000005,0.7112979300000002
1.0730000000000006,0.7118677500000004
1.0740000000000007,0.7123871400000004
1.0750000000000006,0.7128943800000005
1.0760000000000003,0.7135168900000004
1.0770000000000006,0.7142220100000004
1.0780000000000007,0.714953915714429
1.0790000000000006,0.7157110600000005
1.0800000000000003,0.7166158000000005
1.0810000000000006,0.7175083200000004
1.0820000000000007,0.7181932300000005
1.0830000000000006,0.7188512419908015
1.0840000000000003,0.7197711500000005
1.0850000000000006,0.7208641800000005
1.0860000000000007,0.7217122300000004
1.0870000000000006,0.7222511800000004
1.0880000000000003,0.7228676683511653
1.0890000000000006,0.7236508100000004
1.0900000000000007,0.7243541500000004
1.0910000000000006,0.7248232400000003
1.0920000000000003,0.7252419600000002
1.0930000000000006,0.7258236418318171
1.0940000000000007,0.7264167100000002
1.0950000000000006,0.7268080700000003
1.0960000000000003,0.7271234400000001
1.0970000000000006,0.7273170900000001
1.0980000000000008,0.72743917
1.0990000000000006,0.72743797
1.1000000000000003,0.7274487
1.1010000000000006,0.7273502299999999
1.1020000000000008,0.7271453099999998
1.1030000000000006,0.7268934199999999
1.1040000000000003,0.7267008399999999
1.1050000000000006,0.7264072299999997
1.1060000000000008,0.7260487892760721
1.1070000000000009,0.7256415499999996
1.1080000000000003,0.7251819399999998
1.1090000000000009,0.7248609699999998
1.1100000000000008,0.7245491699999997
1.1110000000000009,0.7241925362673731
1.1120000000000003,0.7239552099999998
1.1130000000000009,0.7237210899999997
1.1140000000000008,0.7234606099999998
1.1150000000000009,0.72323495
1.1160000000000003,0.7231986536296371
1.1170000000000009,0.7232004400000002
1.1180000000000008,0.7232930700000001
1.1190000000000009,0.72338396
1.1200000000000006,0.72341293
1.1210000000000009,0.7234491063823618
1.1220000000000008,0.7231661699999998
1.1230000000000009,0.7227699799999996
1.1240000000000006,0.7221076499999997
1.1250000000000009,0.7213867299999992
1.1260000000000008,0.7202234899999986
1.127000000000001,0.7186922999999988
1.1280000000000006,0.7169246699999987
1.129000000000001,0.7149453089241059
1.1300000000000008,0.7125345499999972
1.131000000000001,0.7094554899999979
1.1320000000000006,0.7062289699999983
1.133000000000001,0.7024946199999973
1.1340000000000008,0.6984900671742785
1.135000000000001,0.6929618099999963
1.1360000000000006,0.687485099999996
1.137000000000001,0.681537509999996
1.1380000000000008,0.6755235199999928
1.139000000000001,0.66744700765123
1.1400000000000006,0.6593525999999945
1.141000000000001,0.6512230599999946
1.1420000000000008,0.6431885999999939
1.143000000000001,0.6339785499999937
1.1440000000000006,0.6245358442705672
1.145000000000001,0.6161426299999948
1.1460000000000008,0.6083009799999932
1.147000000000001,0.6007127799999951
1.1480000000000006,0.593340219999996
1.149000000000001,0.5872578599999968
1.1500000000000008,0.5824599299999961
1.1510000000000007,0.5780603299999975
1.1520000000000006,0.5742870599999984
1.1530000000000007,0.5708203899999981
1.1540000000000008,0.5680373899999981
1.1550000000000007,0.5651858399999978
1.1560000000000006,0.5619347099999977
1.1570000000000007,0.5586518398260146
1.1580000000000008,0.5548500999999967
1.1590000000000007,0.5510482199999965
1.1600000000000006,0.5458978399999965
1.1610000000000007,0.5407565799999966
1.1620000000000008,0.5355405423077655
1.1630000000000007,0.5303636199999963
1.1640000000000006,0.5247328299999975
1.1650000000000007,0.5190289599999968
1.1660000000000008,0.514176009999996
1.1670000000000007,0.5096612914718501
1.1680000000000006,0.5051992499999971
1.1690000000000007,0.5007839799999975
1.1700000000000008,0.4969020499999969
1.1710000000000007,0.4934803799999977
1.1720000000000006,0.4899572723107668
1.1730000000000007,0.4863043399999976
1.1740000000000008,0.4827116399999977
1.1750000000000007,0.4792154099999975
1.1760000000000006,0.4754177299999969
1.1770000000000007,0.4707230599999969
1.1780000000000008,0.4659418199999953
1.1790000000000007,0.4606522899999964
1.1800000000000006,0.4552506467443221
1.1810000000000007,0.4483180899999954
1.1820000000000008,0.4413994599999944
1.1830000000000007,0.4351135199999958
1.1840000000000006,0.4288487699999972
1.1850000000000007,0.4225519314838471
1.1860000000000008,0.4162667699999959
1.1870000000000007,0.4116145399999971
1.1880000000000006,0.4073702699999978
1.1890000000000007,0.4041356999999981
1.1900000000000008,0.4013182617438233
1.1910000000000007,0.3997485899999993
1.1920000000000006,0.3989250999999997
1.1930000000000007,0.3984727599999999
1.1940000000000008,0.3983299999999998
1.1950000000000007,0.39810108289171053
1.1960000000000006,0.3977427199999996
1.1970000000000007,0.3970843599999992
1.1980000000000008,0.39584913999999866
1.1990000000000007,0.3943507699999986
1.2000000000000006,0.3921513599999984
1.2010000000000007,0.3897134399999969
1.2020000000000008,0.3861855299999968
1.2030000000000007,0.3826415274472527
1.2040000000000006,0.3791159999999976
1.2050000000000007,0.37556370999999744
1.2060000000000008,0.3717487199999966
1.2070000000000007,0.3679394399999983
1.2080000000000006,0.365354113922606
1.2090000000000007,0.3628933399999991
1.2100000000000009,0.36155494999999904
1.2110000000000007,0.3604677000000003
1.2120000000000006,0.3607759500000005
1.2130000000000007,0.3615411034846522
1.2140000000000009,0.3638657900000028
1.2150000000000007,0.3669809100000027
1.2160000000000006,0.3710474400000032
1.2170000000000007,0.3757728600000039
1.2180000000000009,0.3817474825377512
1.2190000000000007,0.38896963000000495
1.2200000000000006,0.3963993200000051
1.2210000000000008,0.4040572300000074
1.2220000000000009,0.4123532800000085
1.2230000000000008,0.4218892500000083
1.2240000000000006,0.43124685000000573
1.2250000000000008,0.4399844100000059
1.2260000000000009,0.4488947700000086
1.2270000000000008,0.4585660700000063
1.2280000000000006,0.4680191900000053
1.2290000000000008,0.4759408800000053
1.2300000000000009,0.4838197800000072
1.2310000000000008,0.4918611256844374
1.2320000000000009,0.4998179700000043
1.2330000000000008,0.5062753000000055
1.2340000000000009,0.5125232900000055
1.2350000000000008,0.5188074700000043
1.2360000000000009,0.5250714832516786
1.2370000000000008,0.5302040000000032
1.2380000000000009,0.5349839900000043
1.2390000000000008,0.5398067800000033
1.2400000000000009,0.5446642600000029
1.2410000000000008,0.5489593604899545
1.2420000000000009,0.5528708700000036
1.2430000000000008,0.5568460200000036
1.2440000000000009,0.5608959200000025
1.2450000000000008,0.5646578700000022
1.2460000000000009,0.5680730484821547
1.2470000000000008,0.5715082300000023
1.2480000000000009,0.5750355700000023
1.2490000000000008,0.5784027000000019
1.2500000000000009,0.5813926500000026
1.2510000000000008,0.5844330800000029
1.252000000000001,0.5877432200000021
1.2530000000000008,0.5909379700000025
1.2540000000000011,0.5936625935286497
1.2550000000000008,0.5963978800000027
1.256000000000001,0.5993863300000021
1.2570000000000008,0.6023322900000018
1.2580000000000011,0.6049881600000023
1.2590000000000008,0.6076174861393882
1.260000000000001,0.6104788800000018
1.2610000000000008,0.6133298300000021
1.2620000000000011,0.6157337400000021
1.2630000000000008,0.6180427700000022
1.264000000000001,0.6205330409729043
1.2650000000000008,0.6230093200000018
1.2660000000000011,0.6250196100000016
1.2670000000000008,0.6268426200000012
1.268000000000001,0.6287126500000012
1.2690000000000008,0.6306045508099206
1.2700000000000011,0.6322964400000013
1.2710000000000008,0.6338524200000013
1.272000000000001,0.635413110000001
1.2730000000000008,0.6369023300000011
1.2740000000000011,0.638200880000001
1.2750000000000008,0.6393265700000009
1.2760000000000007,0.6404281900000006
1.2770000000000008,0.6414639900000007
1.2780000000000011,0.6424628500000008
1.2790000000000008,0.6433094700000006
1.2800000000000007,0.6441627700000006
1.2810000000000008,0.6450219800000007
1.2820000000000011,0.6458190132756729
1.2830000000000008,0.6464517700000004
1.2840000000000007,0.6470897800000005
1.2850000000000008,0.6478475300000006
1.2860000000000011,0.6486007000000005
1.2870000000000008,0.6492372222207784
1.2880000000000007,0.6498594300000005
1.2890000000000008,0.6505364200000004
1.2900000000000011,0.6512224100000006
1.2910000000000008,0.6518607100000006
1.2920000000000007,0.6524737486961308
1.2930000000000008,0.6531614700000005
1.2940000000000011,0.6538600300000006
1.2950000000000008,0.6544301500000005
1.2960000000000007,0.6549666500000004
1.2970000000000008,0.6556136552994706
1.2980000000000012,0.6563285600000006
1.2990000000000008,0.6570199100000005
1.3000000000000007,0.6576681700000004
1.3010000000000008,0.6584151400000008
1.302000000000001,0.6592755900000009
1.3030000000000008,0.6600672000000005
1.3040000000000007,0.6608290100000006
1.3050000000000008,0.6616860968063201
1.306000000000001,0.6626541600000009
1.3070000000000008,0.6636456300000009
1.3080000000000007,0.6646798800000007
1.3090000000000008,0.6657171800000007
1.310000000000001,0.6667939278982112
1.3110000000000008,0.6678729100000009
1.3120000000000007,0.6688495300000009
1.3130000000000008,0.6698146500000006
1.314000000000001,0.6708435400000009
1.3150000000000008,0.6718472996240384
1.3160000000000007,0.6727010600000007
1.3170000000000008,0.6735321300000008
1.318000000000001,0.6743698700000007
1.3190000000000008,0.6751801400000006
1.3200000000000007,0.6757932286911313
1.3210000000000008,0.6763387300000003
1.322000000000001,0.6767398100000005
1.3230000000000008,0.6770913000000003
1.3240000000000007,0.6774549500000002
1.3250000000000008,0.6778659200000005
1.326000000000001,0.6783062200000004
1.3270000000000008,0.6787033100000003
1.3280000000000007,0.6790219838046198
1.3290000000000008,0.6793600300000003
1.330000000000001,0.6796988800000002
1.3310000000000008,0.6799553600000001
1.3320000000000007,0.6801217800000001
1.3330000000000009,0.6802445748985102
1.334000000000001,0.6802935599999999
1.3350000000000009,0.6802257299999998
1.3360000000000007,0.6799836199999997
1.3370000000000009,0.6795549999999995
1.338000000000001,0.6789919663033691
1.3390000000000009,0.6781468999999991
1.3400000000000007,0.6771980499999992
1.3410000000000009,0.676068899999999
1.342000000000001,0.6748033199999979
1.3430000000000009,0.6729877615558431
1.3440000000000007,0.6709921399999983
1.3450000000000009,0.6684400399999973
1.346000000000001,0.6654856199999952
1.3470000000000009,0.6612068399999959
1.3480000000000008,0.6565209599999963
1.3490000000000009,0.6509062599999944
1.350000000000001,0.6446806199999928
1.3510000000000009,0.6365017299999923
1.3520000000000008,0.6278495199999921
1.3530000000000009,0.6188102999999938
1.354000000000001,0.6094592799999906
1.3550000000000009,0.5988469099999905
1.3560000000000008,0.5881285117728159
1.3570000000000009,0.5786462399999921
1.358000000000001,0.5695909899999921
1.3590000000000009,0.5607655599999924
1.3600000000000008,0.5522468699999955
1.3610000000000009,0.5456275956044339
1.362000000000001,0.5396836399999939
1.3630000000000009,0.5342563399999964
1.3640000000000008,0.528966959999997
1.3650000000000009,0.5245215899999963
1.366000000000001,0.5203520669523004
1.3670000000000009,0.5157070199999956
1.3680000000000008,0.5107136399999966
1.3690000000000009,0.5057656199999956
1.370000000000001,0.500827609999995
1.3710000000000009,0.4952346292980656
1.3720000000000008,0.4891442399999949
1.3730000000000009,0.4833388899999964
1.374000000000001,0.477865159999995
1.3750000000000009,0.4721898999999948
1.3760000000000008,0.4663211099999952
1.377000000000001,0.4608687499999946
1.378000000000001,0.4560503399999956
1.379000000000001,0.4511389676062345
1.3800000000000008,0.4460150299999956
1.381000000000001,0.44110550999999604
1.3820000000000008,0.4365989599999947
1.383000000000001,0.4318240599999952
1.3840000000000008,0.4264159582121749
1.385000000000001,0.4210980799999956
1.3860000000000008,0.4161697599999945
1.387000000000001,0.4111736999999943
1.3880000000000008,0.4060114299999968
1.389000000000001,0.4011929418488111
1.3900000000000008,0.3976333699999965
1.391000000000001,0.3945431699999983
1.3920000000000008,0.3926185699999989
1.393000000000001,0.3913493200000003
1.3940000000000008,0.3916852464073596
1.395000000000001,0.3926543900000022
1.3960000000000008,0.3950805100000025
1.397000000000001,0.3979095200000036
1.3980000000000008,0.4011037600000029
1.399000000000001,0.404362320000003
1.4000000000000008,0.4077340700000029
1.4010000000000007,0.4109226500000015
1.4020000000000008,0.413165960000002
1.403000000000001,0.4149500400000007
1.4040000000000008,0.4156842800000002
1.4050000000000007,0.4159717899999996
1.4060000000000008,0.4153998799999991
1.407000000000001,0.41453986954004457
1.4080000000000008,0.4130352699999989
1.4090000000000007,0.41138627999999894
1.4100000000000008,0.4099256699999986
1.411000000000001,0.4086365099999992
1.4120000000000008,0.4077630040045992
1.4130000000000007,0.4072030500000001
1.4140000000000008,0.4072541300000003
1.415000000000001,0.4076574400000008
1.4160000000000008,0.4085812000000011
1.4170000000000007,0.4098544926707337
1.4180000000000008,0.4112544700000012
1.419000000000001,0.4126328800000013
1.4200000000000008,0.4140612200000013
1.4210000000000007,0.4154727200000008
1.4220000000000008,0.4166454427277285
1.423000000000001,0.4175510700000008
1.4240000000000008,0.4183469700000004
1.4250000000000007,0.4190172000000004
1.4260000000000008,0.4195952100000005
1.427000000000001,0.4200540500000005
1.4280000000000008,0.4205119300000004
1.4290000000000007,0.4211024900000005
1.4300000000000008,0.4217685440185989
1.431000000000001,0.4226087300000009
1.4320000000000008,0.4235892900000013
1.4330000000000007,0.42500085000000104
1.4340000000000008,0.4265247900000016
1.435000000000001,0.4282848637316287
1.4360000000000008,0.4302221800000022
1.4370000000000007,0.4326376600000021
1.4380000000000008,0.4350897100000022
1.439000000000001,0.43753740000000224
1.4400000000000008,0.4400866150784943
1.4410000000000007,0.4429061700000024
1.4420000000000008,0.4456728100000028
1.443000000000001,0.4482103900000023
1.4440000000000008,0.4507864400000025
1.4450000000000007,0.453617706873315
1.4460000000000008,0.4563925900000028
1.447000000000001,0.4588708900000028
1.4480000000000008,0.4613529100000018
1.4490000000000007,0.4640237400000018
1.4500000000000008,0.4666536500000026
1.451000000000001,0.4689862700000025
1.4520000000000008,0.4712587900000021
1.4530000000000007,0.4736360259544063
1.4540000000000008,0.4759955700000023
1.455000000000001,0.4780879900000018
1.4560000000000008,0.480135170000002
1.4570000000000007,0.482359380000002
1.4580000000000009,0.4846091957764249
1.459000000000001,0.486766960000002
1.4600000000000009,0.4889340700000022
1.4610000000000007,0.4913958900000023
1.4620000000000009,0.4939344200000027
1.463000000000001,0.4963881046315394
1.4640000000000009,0.4988298400000024
1.4650000000000007,0.5015286800000017
1.4660000000000009,0.5042672200000028
1.467000000000001,0.5067417600000027
1.4680000000000009,0.5091158725887431
1.4690000000000007,0.5115759400000016
1.4700000000000009,0.5140780800000025
1.471000000000001,0.5163520600000024
1.4720000000000009,0.5185232200000021
1.4730000000000008,0.5209047200000017
1.4740000000000009,0.5233562000000025
1.475000000000001,0.525621120000002
1.4760000000000009,0.5278093800000021
1.4770000000000008,0.5301230500000021
1.4780000000000009,0.5324878700000019
1.479000000000001,0.5346162300000018
1.4800000000000009,0.5365980900000018
1.4810000000000008,0.5385978385471467
1.4820000000000009,0.5405833100000018
1.483000000000001,0.5422136200000012
1.4840000000000009,0.5435966800000012
1.4850000000000008,0.5448160800000008
1.4860000000000009,0.5459355914478561
1.487000000000001,0.5467500700000006
1.4880000000000009,0.5473606000000003
1.4890000000000008,0.5478380900000003
1.4900000000000009,0.5482291000000002
1.491000000000001,0.5484406188481155
1.4920000000000009,0.54852444
1.4930000000000008,0.54854131
1.4940000000000009,0.5484889099999999
1.495000000000001,0.5483756699999999
1.4960000000000009,0.5482371538516148
1.4970000000000008,0.5480023599999998
1.4980000000000009,0.5476973699999997
1.499000000000001,0.5474095299999998
1.5000000000000009,0.5471830399999998
1.5010000000000008,0.54708523
1.5020000000000011,0.5471315400000002
1.503000000000001,0.5473188200000003
1.504000000000001,0.5477197319588049
1.5050000000000008,0.5484393200000011
1.5060000000000011,0.5495808100000014
1.5070000000000008,0.5508275600000014
1.508000000000001,0.5521514400000014
1.5090000000000008,0.5536338576212391
1.5100000000000011,0.5553100700000017
1.5110000000000008,0.5568398800000013
1.512000000000001,0.5580856200000013
1.5130000000000008,0.5592432000000006
1.5140000000000011,0.5602214521747835
1.5150000000000008,0.5610000500000004
1.516000000000001,0.5614177600000002
1.5170000000000008,0.5616730999999999
1.5180000000000011,0.5616586199999998
1.5190000000000008,0.5614957962823716
1.520000000000001,0.5611050099999996
1.5210000000000008,0.5606051699999993
1.5220000000000011,0.559882999999999
1.5230000000000008,0.5591227399999992
1.524000000000001,0.5583068099999993
1.5250000000000008,0.5574014799999991
1.5260000000000011,0.556405839999999
1.5270000000000008,0.5554712399999991
1.528000000000001,0.5546235999999992
1.5290000000000008,0.5536992499999993
1.5300000000000011,0.5526469899999988
1.5310000000000008,0.551643669999999
1.532000000000001,0.550746168552144
1.5330000000000008,0.5498316899999994
1.5340000000000011,0.5489184299999991
1.5350000000000008,0.5481074999999994
1.536000000000001,0.5476121299999996
1.5370000000000008,0.5472486686661335
1.5380000000000011,0.5473353300000003
1.5390000000000008,0.5476658300000009
1.540000000000001,0.5486183800000011
1.5410000000000008,0.5498957000000019
1.5420000000000011,0.5520516844015622
1.5430000000000008,0.5544115300000024
1.544000000000001,0.5572018600000027
1.5450000000000008,0.5602456900000032
1.5460000000000012,0.5638625000000039
1.5470000000000008,0.5674120850414996
1.548000000000001,0.5706349600000029
1.5490000000000008,0.5738559400000021
1.5500000000000012,0.5770137300000032
1.5510000000000008,0.5799357300000025
1.552000000000001,0.5821941500000024
1.5530000000000008,0.5843929600000013
1.5540000000000012,0.5864056900000021
1.5550000000000008,0.5882387997350278
1.556000000000001,0.5896361500000012
1.5570000000000008,0.5909966200000012
1.5580000000000012,0.5923268800000014
1.5590000000000008,0.593593900000001
1.560000000000001,0.5946909146145397
1.5610000000000008,0.5958370600000011
1.5620000000000012,0.5971384000000016
1.5630000000000008,0.5984072700000009
1.564000000000001,0.5995724800000011
1.5650000000000008,0.6007701702309779
1.5660000000000012,0.6021192100000018
1.5670000000000008,0.6034648400000014
1.568000000000001,0.6047579600000013
1.5690000000000008,0.6061259500000014
1.5700000000000012,0.6076625863363683
1.5710000000000008,0.6091553000000016
1.572000000000001,0.6105470700000015
1.5730000000000008,0.6119409800000009
1.5740000000000012,0.6133100400000014
1.5750000000000008,0.6146039400000012
1.576000000000001,0.6156967900000012
1.5770000000000008,0.6167508400000009
1.5780000000000012,0.617744001739827
1.5790000000000008,0.6186614000000008
1.580000000000001,0.6193994900000007
1.5810000000000008,0.6201157000000005
1.5820000000000012,0.6207917300000008
1.5830000000000009,0.6213995086091396
1.584000000000001,0.6218856000000004
1.5850000000000009,0.6223637500000004
1.5860000000000012,0.6228416000000006
1.5870000000000009,0.6232564400000004
1.588000000000001,0.6235456810758927
1.5890000000000009,0.6238523700000004
1.5900000000000012,0.6241838300000003
1.5910000000000009,0.6244744700000002
1.592000000000001,0.6247052600000003
1.5930000000000009,0.6249354269833018
1.5940000000000012,0.6251968700000002
1.5950000000000009,0.6254433400000002
1.596000000000001,0.6256423600000003
1.5970000000000009,0.6258955000000003
1.5980000000000012,0.6262196300000004
1.5990000000000009,0.6265509100000003
1.600000000000001,0.6268839800000002
1.6010000000000009,0.6271774200000002
1.6020000000000012,0.6274155400000001
1.6030000000000009,0.6275180599999999
1.604000000000001,0.6274349099999997
1.6050000000000009,0.6271778899999996
1.6060000000000012,0.6267261412588733
1.6070000000000009,0.626038729999999
1.608000000000001,0.6250905399999988
1.6090000000000009,0.6236770199999984
1.6100000000000012,0.6217675199999975
1.6110000000000009,0.6194392732726697
1.612000000000001,0.6167719999999962
1.6130000000000009,0.6133314399999972
1.6140000000000012,0.6092283099999953
1.6150000000000009,0.6049857699999952
1.616000000000001,0.6006756010168938
1.6170000000000009,0.5959539999999955
1.6180000000000012,0.5909863099999951
1.6190000000000009,0.5865664499999955
1.620000000000001,0.5825357399999966
1.6210000000000009,0.5787906245115457
1.6220000000000012,0.5752401399999966
1.6230000000000009,0.5726700399999982
1.624000000000001,0.5706263799999987
1.6250000000000009,0.569170769999999
1.6260000000000012,0.5680099699999991
1.6270000000000011,0.5673701199999994
1.628000000000001,0.5669311899999998
1.629000000000001,0.5666587683721626
1.6300000000000012,0.5664424899999998
1.6310000000000011,0.5662626599999998
1.6320000000000008,0.5660896299999998
1.633000000000001,0.5658613999999998
1.6340000000000012,0.5656106789491047
1.6350000000000011,0.5653001699999997
1.6360000000000008,0.5649729999999994
1.637000000000001,0.5645169599999994
1.6380000000000012,0.5640221199999993
1.6390000000000011,0.5634578464273566
1.6400000000000008,0.5628887399999992
1.641000000000001,0.5621666299999993
1.6420000000000012,0.5614075699999986
1.6430000000000011,0.5604001299999989
1.6440000000000008,0.5593651934936495
1.645000000000001,0.5580778699999988
1.6460000000000012,0.5567576899999981
1.6470000000000011,0.5553440999999981
1.6480000000000008,0.5539140699999985
1.649000000000001,0.5521964399999985
1.6500000000000012,0.5504691599999979
1.6510000000000011,0.5488880299999982
1.6520000000000008,0.5472978399999981
1.653000000000001,0.5455976699999986
1.6540000000000012,0.5439148499999983
1.6550000000000011,0.5424501899999984
1.6560000000000008,0.5409648399999982
1.657000000000001,0.5393387900009984
1.6580000000000013,0.5377387999999985
1.6590000000000011,0.5363137699999984
1.6600000000000008,0.5348569199999982
1.661000000000001,0.5332614799999985
1.6620000000000013,0.5316903908599123
1.6630000000000011,0.5301989899999983
1.6640000000000008,0.5286405699999984
1.665000000000001,0.5268979099999984
1.6660000000000013,0.5251507799999977
1.6670000000000011,0.5233893961383843
1.6680000000000008,0.521466019999998
1.669000000000001,0.519181129999998
1.6700000000000013,0.5168873099999969
1.6710000000000012,0.5145780399999971
1.6720000000000008,0.5119841893850587
1.673000000000001,0.5089266899999972
1.6740000000000013,0.5058073999999965
1.6750000000000012,0.5026050199999957
1.6760000000000008,0.498783259999995
1.677000000000001,0.4942223099999945
1.6780000000000013,0.4892113799999938
1.6790000000000012,0.4837276599999918
1.6800000000000008,0.4763270258424072
1.681000000000001,0.4672854499999909
1.6820000000000013,0.4570249899999852
1.6830000000000012,0.4458885199999842
1.6840000000000008,0.4316552299999857
1.685000000000001,0.41554230025795896
1.6860000000000013,0.3994448799999786
1.6870000000000012,0.38334717999997703
1.6880000000000008,0.3660567099999842
1.689000000000001,0.34825434999998706
1.6900000000000013,0.3336686485701244
1.6910000000000012,0.3201152699999844
1.6920000000000008,0.3083963999999875
1.693000000000001,0.29710760999999364
1.6940000000000013,0.28994333999999145
1.6950000000000012,0.28351687264672715
1.6960000000000008,0.2784241699999945
1.697000000000001,0.2734699799999957
1.6980000000000013,0.2695918699999957
1.6990000000000012,0.2657598299999953
1.7000000000000008,0.2615146899999953
1.701000000000001,0.2572458099999959
1.7020000000000013,0.25355413999999504
1.7030000000000012,0.24985523298969686
1.7040000000000008,0.24628512999999616
1.705000000000001,0.2428459799999979
1.7060000000000013,0.2404629399999969
1.7070000000000012,0.2381564199999975
1.7080000000000009,0.2362569581911788
1.709000000000001,0.23443886999999866
1.7100000000000013,0.2329183099999977
1.7110000000000012,0.23120785999999705
1.7120000000000009,0.2290018899999974
1.713000000000001,0.2266394162473728
1.7140000000000013,0.2239711599999958
1.7150000000000012,0.2208342899999957
1.7160000000000009,0.2169348899999956
1.717000000000001,0.2129961099999956
1.7180000000000013,0.20901881772922198
1.7190000000000012,0.2046935999999948
1.7200000000000009,0.19999818999999516
1.721000000000001,0.1956142499999954
1.7220000000000013,0.19149599999999456
1.7230000000000012,0.18742034999999552
1.7240000000000009,0.1833630799999964
1.725000000000001,0.1801171899999975
1.7260000000000013,0.17730128999999714
1.7270000000000012,0.1751567899999975
1.7280000000000009,0.17328294999999955
1.729000000000001,0.17279470999999993
1.730000000000001,0.17273651000000198
1.7310000000000012,0.17422511384261788
1.7320000000000009,0.17606354000000352
1.733000000000001,0.179237200000003
1.734000000000001,0.18261626000000694
1.7350000000000012,0.187854040000006
1.7360000000000009,0.19325691546346024
1.737000000000001,0.1989115500000064
1.738000000000001,0.2046730400000076
1.7390000000000012,0.21148637000000756
1.7400000000000009,0.2182570100000068
1.741000000000001,0.22435007069393698
1.742000000000001,0.2305837100000089
1.7430000000000012,0.2372978000000072
1.7440000000000009,0.2437485300000061
1.745000000000001,0.2492736600000049
1.746000000000001,0.2547428230836986
1.7470000000000012,0.2600436800000061
1.7480000000000009,0.264634130000003
1.749000000000001,0.2679867100000023
1.750000000000001,0.2705773400000021
1.7510000000000012,0.27217394000000045
1.7520000000000011,0.27248891999999875
1.753000000000001,0.2715159699999979
1.7540000000000011,0.26911130882411266
1.7550000000000012,0.2655995499999945
1.7560000000000011,0.261469959999995
1.7570000000000008,0.2569629499999944
1.7580000000000011,0.25192045999999296
1.7590000000000012,0.2466182082771676
1.7600000000000011,0.24260097999999594
1.7610000000000008,0.2389479399999977
1.7620000000000011,0.2368830599999973
1.7630000000000012,0.23510672000000074
1.7640000000000011,0.23578731194080665
1.7650000000000008,0.23673274000000394
1.7660000000000011,0.2402797000000049
1.7670000000000012,0.2439655700000063
1.7680000000000011,0.24866962000000545
1.7690000000000008,0.2535502519368115
1.7700000000000014,0.2595527800000078
1.7710000000000012,0.2654477100000071
1.7720000000000011,0.2707772000000072
1.7730000000000008,0.2761823200000049
1.7740000000000014,0.28174725000000683
1.7750000000000012,0.2868913700000057
1.7760000000000011,0.2911704500000048
1.7770000000000008,0.2954591200000048
1.7780000000000014,0.2997670500000051
1.7790000000000012,0.3036057100000037
1.7800000000000011,0.30693951000000363
1.7810000000000008,0.3101740500000035
1.7820000000000014,0.3133418482201816
1.7830000000000013,0.3159240500000025
1.7840000000000011,0.31818381000000223
1.7850000000000008,0.3202000300000022
1.7860000000000014,0.3221320500000018
1.7870000000000013,0.3234450158484165
1.7880000000000011,0.3246035000000007
1.7890000000000008,0.3252645700000005
1.7900000000000014,0.3258559099999997
1.7910000000000013,0.3256586499999997
1.7920000000000011,0.3254034455204477
1.7930000000000008,0.32454311999999924
1.7940000000000014,0.3236589999999987
1.7950000000000013,0.3226535599999987
1.7960000000000012,0.32166918999999883
1.7970000000000008,0.3206190350154974
1.7980000000000014,0.3195980799999991
1.7990000000000013,0.3189284199999993
1.8000000000000012,0.3183090099999993
1.8010000000000008,0.3177308099999994
1.8020000000000012,0.3172500399999996
1.8030000000000013,0.3169547899999997
1.8040000000000007,0.3166843099999997
1.8050000000000008,0.3163699468933103
1.8060000000000012,0.3160388799999995
1.8070000000000013,0.3156328799999993
1.8080000000000007,0.3150710799999992
1.8090000000000008,0.31434335999999896
1.8100000000000012,0.3131710579502033
1.8110000000000013,0.3119505599999983
1.8120000000000007,0.3106932299999982
1.8130000000000008,0.3093592799999987
1.8140000000000012,0.3078525399999977
1.8150000000000013,0.3061455107029275
1.8160000000000007,0.3045756499999982
1.8170000000000008,0.3032218499999986
1.8180000000000012,0.30196865999999856
1.8190000000000013,0.30090522999999875
1.8200000000000007,0.2999420863143673
1.8210000000000008,0.2993976499999996
1.8220000000000012,0.2989871199999997
1.8230000000000013,0.29880029
1.8240000000000007,0.2987990100000002
1.8250000000000008,0.29899427000000056
1.8260000000000012,0.29950544000000096
1.8270000000000013,0.3001267300000013
1.8280000000000007,0.3010864367643247
1.8290000000000008,0.3020540800000012
1.8300000000000012,0.30308390000000146
1.8310000000000013,0.3041751100000017
1.8320000000000007,0.3054729700000018
1.8330000000000009,0.30682457643535804
1.8340000000000012,0.3080889300000016
1.8350000000000013,0.3092891300000017
1.8360000000000007,0.3105291700000017
1.8370000000000009,0.3118174700000014
1.8380000000000012,0.313080183728629
1.8390000000000013,0.31431073000000165
1.8400000000000007,0.3155807900000016
1.8410000000000009,0.3170339800000016
1.8420000000000012,0.3184829400000022
1.8430000000000013,0.3199053477592259
1.8440000000000007,0.32135743000000183
1.8450000000000009,0.32299814000000204
1.8460000000000012,0.3248659400000028
1.8470000000000013,0.32666174000000225
1.8480000000000008,0.328358890000002
1.8490000000000009,0.3301213100000023
1.8500000000000012,0.33217779000000275
1.8510000000000013,0.33425912000000285
1.8520000000000008,0.3363850400000029
1.8530000000000009,0.33855841000000225
1.8540000000000012,0.3410940800000038
1.855000000000001,0.3439469900000037
1.8560000000000008,0.34671349070293284
1.8570000000000009,0.3494205200000031
1.8580000000000012,0.35217419000000394
1.859000000000001,0.3551605300000037
1.8600000000000008,0.3579912500000024
1.8610000000000009,0.36019373012399003
1.8620000000000012,0.3622949700000028
1.863000000000001,0.36412227000000186
1.8640000000000008,0.36579064000000144
1.8650000000000009,0.36707851000000097
1.8660000000000012,0.36791688616238505
1.867000000000001,0.3686716000000007
1.8680000000000008,0.3691628900000006
1.8690000000000009,0.3696609100000004
1.8700000000000012,0.3700329400000005
1.871000000000001,0.370393093984602
1.8720000000000008,0.3707261400000004
1.8730000000000009,0.3710500600000001
1.8740000000000012,0.37128323000000013
1.875000000000001,0.37144643
1.8760000000000008,0.3714620199999998
1.877000000000001,0.3713089799999997
1.8780000000000012,0.3710798599999994
1.8790000000000011,0.3706485700979895
1.8800000000000008,0.3701495499999988
1.881000000000001,0.36925520999999895
1.8820000000000012,0.3683455899999984
1.8830000000000011,0.3672873699999985
1.8840000000000008,0.3661656854764507
1.885000000000001,0.3648204499999984
1.8860000000000012,0.3633359099999977
1.8870000000000011,0.3618617999999977
1.8880000000000008,0.3603772799999984
1.889000000000001,0.3588537323547629
1.8900000000000012,0.3571398899999976
1.8910000000000011,0.3555672499999985
1.8920000000000008,0.3544558299999987
1.893000000000001,0.3534353099999995
1.8940000000000012,0.3529679067403253
1.8950000000000011,0.35269219000000035
1.8960000000000008,0.3529338800000008
1.897000000000001,0.3535467100000012
1.8980000000000012,0.3544525500000018
1.8990000000000011,0.3558191700000018
1.9000000000000008,0.357154430000002
1.9010000000000007,0.3586018100000015
1.9020000000000012,0.35997036000000177
1.9030000000000011,0.3611183800000014
1.9040000000000008,0.3621548100000005
1.9050000000000007,0.3625344300000002
1.9060000000000012,0.36269852999999946
1.9070000000000011,0.3623565014438547
1.9080000000000013,0.3616709399999989
1.9090000000000007,0.3606916399999984
1.9100000000000013,0.35929879999999753
1.9110000000000011,0.3577420099999972
1.9120000000000013,0.3556157674932483
1.9130000000000007,0.3535906999999979
1.9140000000000013,0.35168370999999743
1.9150000000000011,0.3497740899999974
1.9160000000000013,0.3478229899999975
1.9170000000000007,0.3459390483941586
1.9180000000000013,0.3445377299999985
1.9190000000000011,0.3434273899999989
1.9200000000000013,0.3425852399999993
1.9210000000000007,0.34206777999999965
1.9220000000000013,0.3417480019778017
1.9230000000000012,0.34190297000000025
1.9240000000000013,0.3421061300000008
1.9250000000000007,0.3427841100000007
1.9260000000000013,0.3434140700000011
1.9270000000000012,0.34410724000000104
1.9280000000000013,0.3448000600000008
1.9290000000000007,0.3454814000000008
1.9300000000000013,0.3461304436616344
1.9310000000000012,0.3465670600000003
1.9320000000000013,0.3468001200000001
1.9330000000000007,0.3468887799999998
1.9340000000000013,0.3467118399999997
1.9350000000000012,0.34647018348865033
1.9360000000000013,0.3459050699999992
1.9370000000000007,0.3453280899999989
1.9380000000000013,0.3444769399999989
1.9390000000000012,0.3436504599999991
1.9400000000000013,0.3429735976862305
1.9410000000000007,0.34237676999999944
1.9420000000000013,0.34197005999999963
1.9430000000000012,0.3417232
1.9440000000000013,0.3417308600000005
1.9450000000000007,0.3420932537606244
1.9460000000000013,0.3425751300000014
1.9470000000000012,0.3434791600000013
1.9480000000000013,0.34433311000000105
1.9490000000000007,0.3452346000000009
1.9500000000000013,0.34608993000000104
1.9510000000000012,0.34676749000000096
1.9520000000000013,0.3473577200000004
1.9530000000000007,0.3476424006649337
1.9540000000000013,0.3477490499999999
1.9550000000000012,0.34767451999999965
1.9560000000000013,0.34740402999999953
1.9570000000000007,0.3470813299999994
1.9580000000000013,0.3466293384661527
1.9590000000000012,0.3462139999999995
1.9600000000000013,0.3458630699999995
1.9610000000000007,0.34549247999999944
1.9620000000000013,0.3450626399999993
1.9630000000000012,0.3446253937246269
1.9640000000000013,0.3442119699999994
1.9650000000000007,0.3438064499999995
1.9660000000000013,0.3433728799999993
1.9670000000000012,0.3429121399999992
1.9680000000000013,0.34241752946105325
1.9690000000000007,0.34187960999999945
1.9700000000000013,0.3413836999999993
1.9710000000000012,0.3409680699999994
1.9720000000000013,0.34057098999999963
1.9730000000000008,0.3402717099999997
1.9740000000000013,0.34000953999999994
1.9750000000000012,0.33997595
1.9760000000000013,0.33995464
1.9770000000000008,0.33994511
1.978000000000001,0.33993229
1.9790000000000012,0.3398767699999999
1.980000000000001,0.3397811699999998
1.9810000000000008,0.33961663326967273
1.982000000000001,0.3393493299999996
1.9830000000000012,0.33905073999999946
1.984000000000001,0.3386519799999995
1.9850000000000008,0.3382693799999996
1.986000000000001,0.3379127348185176
1.9870000000000012,0.3375609199999995
1.988000000000001,0.3372541099999997
1.9890000000000008,0.3369669299999997
1.990000000000001,0.3367410899999997
1.9910000000000012,0.3365295111578839
1.992000000000001,0.3362830299999996
1.9930000000000008,0.3360020199999996
1.994000000000001,0.3356664499999994
1.9950000000000012,0.3352634899999993
1.996000000000001,0.3347824681021892
1.9970000000000008,0.3341006599999989
1.9980000000000016,0.3333215999999984
1.9990000000000012,0.3320978899999984
2.0000000000000013,0.3308753099999982
2.001000000000001,0.32954500328834074
2.0020000000000016,0.3281778867116556
2.003000000000001,0.32659694999999783
2.0040000000000013,0.32497140990601703
2.005000000000001,0.3234704700939796
2.0060000000000016,0.3220498599999975
2.007000000000001,0.3206474799999976
2.0080000000000013,0.3193134734303126
2.009000000000001,0.31814777656968485
2.0100000000000016,0.3173387899999988
2.011000000000001,0.3166375576014793
2.0120000000000013,0.31641357239852
2.013000000000001,0.3162662100000005
2.0140000000000016,0.3166498390721864
2.015000000000001,0.3171405609278152
2.0160000000000013,0.3181123100000015
2.017000000000001,0.3192281100000016
2.0180000000000016,0.32044670814537296
2.019000000000001,0.32172816185463105
2.0200000000000014,0.32313052000000203
2.021000000000001,0.324646365287944
2.0220000000000016,0.3259992447120596
2.023000000000001,0.3270807600000014
2.0240000000000014,0.3281133375005008
2.025000000000001,0.3288883424995009
2.0260000000000016,0.32959810000000056
2.027000000000001,0.32993811000000056
2.0280000000000014,0.3302510387071297
2.029000000000001,0.3303856000000001
2.0300000000000016,0.3304859399999999
2.031000000000001,0.3304561917786441
2.0320000000000014,0.3303739782213556
2.0330000000000013,0.3302886799999999
2.0340000000000016,0.3302098179174165
2.035000000000001,0.33018899208258345
2.0360000000000014,0.3302478500000002
2.0370000000000013,0.3303867605678868
2.0380000000000016,0.3306924394321141
2.039000000000001,0.3309971700000005
2.0400000000000014,0.3313671400000005
2.0410000000000013,0.3317445101509704
2.0420000000000016,0.33224601984903096
2.043000000000001,0.3327361300000005
2.0440000000000014,0.3330907181933617
2.0450000000000013,0.3333726518066389
2.0460000000000016,0.3334470399999999
2.047000000000001,0.33340083614377103
2.0480000000000014,0.3332622738562285
2.0490000000000013,0.3329977699999995
2.0500000000000016,0.3325640899999988
2.051000000000001,0.33188283812518643
2.0520000000000014,0.3312330499999991
2.0530000000000013,0.3305621999999992
2.0540000000000016,0.32994623788242283
2.055000000000001,0.3295250621175759
2.0560000000000014,0.32912420999999964
2.0570000000000013,0.3288737044821034
2.0580000000000016,0.3287185255178962
2.059000000000001,0.3289463200000005
2.0600000000000014,0.3293388885162975
2.0610000000000013,0.3300240514837043
2.0620000000000016,0.3308932800000021
2.063000000000001,0.33206937000000203
2.0640000000000014,0.3335552805968824
2.0650000000000013,0.33506124940312165
2.0660000000000016,0.3366073400000028
2.067000000000001,0.33819734176464983
2.0680000000000014,0.3399149882353555
2.0690000000000013,0.3415012100000016
2.0700000000000016,0.3426905256188781
2.071000000000001,0.3438467143811255
2.0720000000000014,0.34477189000000114
2.0730000000000013,0.3456224800000006
2.0740000000000016,0.3460823029077098
2.075000000000001,0.34641138000000005
2.0760000000000014,0.3464546199999999
2.0770000000000013,0.3463813293151368
2.0780000000000016,0.3462744806848629
2.079000000000001,0.34614715
2.0800000000000014,0.3461312557378527
2.0810000000000013,0.3462886342621478
2.0820000000000016,0.3465547600000009
2.083000000000001,0.3470444663417326
2.0840000000000014,0.3476078836582692
2.0850000000000013,0.3484943500000012
2.0860000000000016,0.3493710500000016
2.087000000000001,0.3502862814447125
2.0880000000000014,0.35120072855529033
2.0890000000000013,0.3522049800000013
2.0900000000000016,0.35321334778544444
2.091000000000001,0.3541912022145585
2.0920000000000014,0.3551788900000014
2.0930000000000013,0.3562230061287755
2.0940000000000016,0.3572842938712273
2.095000000000001,0.3583272700000013
2.0960000000000014,0.3593340800000013
2.0970000000000013,0.3603462112848727
2.0980000000000016,0.3613590600000012
2.099000000000001,0.3622168300000007
2.1000000000000014,0.36275436515297016
2.1010000000000013,0.3632058948470313
2.1020000000000016,0.3632750799999999
2.103000000000001,0.3632068516296729
2.104000000000001,0.3625231483703249
2.1050000000000013,0.3617612099999984
2.1060000000000016,0.36055899346930426
2.107000000000001,0.3593936865306921
2.108000000000001,0.35844227999999895
2.1090000000000013,0.3576807099999997
2.1100000000000017,0.3574469310357932
2.111000000000001,0.35765728896420745
2.112000000000001,0.35855070000000216
2.1130000000000013,0.36019012103479586
2.1140000000000017,0.3626004689652105
2.115000000000001,0.3661725800000048
2.116000000000001,0.3697415763137434
2.1170000000000013,0.3735047136862684
2.1180000000000017,0.3773660100000056
2.119000000000001,0.3815606800000052
2.120000000000001,0.3854392629104225
2.1210000000000013,0.3882683670895863
2.1220000000000017,0.3909377200000033
2.1230000000000016,0.3928245429954035
2.124000000000001,0.3944544970046016
2.1250000000000013,0.3950630100000004
2.1260000000000017,0.3953605022145567
2.1270000000000016,0.3950826477854425
2.128000000000001,0.3945126199999989
2.1290000000000013,0.3937346238622264
2.1300000000000017,0.39277324613777104
2.1310000000000016,0.3915567699999974
2.132000000000001,0.39007919999999735
2.1330000000000013,0.3885856221265728
2.1340000000000017,0.38700688787342297
2.1350000000000016,0.3853197999999965
2.136000000000001,0.3833240205068956
2.1370000000000013,0.38142908949309856
2.1380000000000017,0.3797212799999971
2.1390000000000016,0.37809806528994
2.140000000000001,0.37685096471005614
2.1410000000000013,0.3757657999999994
2.1420000000000017,0.3753401299999995
2.1430000000000016,0.3750439078694263
2.144000000000001,0.37512260213057397
2.1450000000000014,0.3753194500000005
2.1460000000000017,0.3756818318996208
2.1470000000000016,0.3761008281003805
2.148000000000001,0.3765442100000006
2.1490000000000014,0.3769875827574489
2.1500000000000017,0.377315157242552
2.1510000000000016,0.3775357000000004
2.152000000000001,0.3777442300000004
2.1530000000000014,0.3779288615368466
2.1540000000000017,0.3780911900000001
2.1550000000000016,0.37813154000000015
2.156000000000001,0.378217535430914
2.1570000000000014,0.3783718445690864
2.1580000000000017,0.3785239200000004
2.1590000000000016,0.3787091561167769
2.160000000000001,0.3788703238832236
2.1610000000000014,0.3788737099999999
2.1620000000000017,0.37883750778944175
2.1630000000000016,0.3786154022105576
2.164000000000001,0.37832319999999936
2.1650000000000014,0.3778674299999992
2.1660000000000017,0.3772864689452097
2.1670000000000016,0.37647592105478783
2.168000000000001,0.37549980999999816
2.1690000000000014,0.37411481619475895
2.1700000000000017,0.3723767638052364
2.1710000000000016,0.3705737299999965
2.172000000000001,0.36861909892321176
2.1730000000000014,0.3664083310767813
2.1740000000000017,0.3638058599999954
2.1750000000000016,0.3612563599999956
2.176000000000001,0.35879254638135816
2.1770000000000014,0.3562708799999965
2.1780000000000017,0.3536159399999957
2.1790000000000016,0.3511663114177136
2.180000000000001,0.3493804885822809
2.1810000000000014,0.3476701999999985
2.1820000000000017,0.3465461604659052
2.1830000000000016,0.3455508195340917
2.184000000000001,0.3451869799999997
2.1850000000000014,0.3449599566326737
2.1860000000000017,0.3451262833673269
2.1870000000000016,0.34543294000000085
2.188000000000001,0.34590742000000074
2.1890000000000014,0.3464416344581091
2.1900000000000017,0.3470862155418929
2.1910000000000016,0.3477956700000011
2.192000000000001,0.34843578741451803
2.1930000000000014,0.3490099325854837
2.1940000000000017,0.3495212800000007
2.1950000000000016,0.3499378353679269
2.196000000000001,0.3502915146320741
2.1970000000000014,0.35050151000000024
2.1980000000000017,0.3506834200000002
2.1990000000000016,0.3507916982961705
2.200000000000001,0.3508746600000001
2.2010000000000014,0.35090633999999993
2.2020000000000017,0.3508673895990797
2.2030000000000016,0.3505633804009193
2.204000000000001,0.3502291999999994
2.2050000000000014,0.3497732051629665
2.2060000000000017,0.34922483483703154
2.2070000000000016,0.3483185799999983
2.208000000000001,0.347338844510096
2.2090000000000014,0.3460839454899001
2.2100000000000017,0.3446688099999966
2.2110000000000016,0.34275835999999626
2.212000000000001,0.34066587767346185
2.2130000000000014,0.33854261232653154
2.2140000000000017,0.3363749999999959
2.2150000000000016,0.3340751565846793
2.216000000000001,0.3317410034153135
2.2170000000000014,0.32965108999999754
2.2180000000000017,0.3278096709298113
2.2190000000000016,0.3261189690701834
2.220000000000001,0.3246568999999985
2.2210000000000014,0.32347407999999905
2.2220000000000018,0.3227677279222068
2.2230000000000016,0.32214694999999954
2.224000000000001,0.3218071199999997
2.2250000000000014,0.3215422606018797
2.2260000000000018,0.3215482793981204
2.2270000000000016,0.3214445099999994
2.228000000000001,0.3211079389082177
2.229000000000001,0.32069702109178105
2.2300000000000018,0.3199230999999984
2.2310000000000016,0.31905037991801416
2.232000000000001,0.31764956008198153
2.233000000000001,0.3162271999999979
2.2340000000000018,0.3146542299999971
2.2350000000000017,0.3130263860817805
2.236000000000001,0.31108720391821343
2.237000000000001,0.3090978899999975
2.2380000000000018,0.30721660154768743
2.2390000000000017,0.3053320784523067
2.240000000000001,0.30330690999999715
2.241000000000001,0.3011875835802803
2.2420000000000018,0.2989233864197117
2.2430000000000017,0.29647731999999605
2.244000000000001,0.2935143399999955
2.245000000000001,0.29013321665966235
2.2460000000000018,0.286599813340325
2.2470000000000017,0.2828118499999922
2.2480000000000016,0.2784514406128692
2.249000000000001,0.2733575693871149
2.2500000000000018,0.26818003999999035
2.2510000000000017,0.2627572105028897
2.2520000000000016,0.25676223949709165
2.253000000000001,0.24968476999999084
2.2540000000000022,0.24281331218955146
2.2550000000000017,0.2362352078104281
2.2560000000000016,0.22926435999998585
2.257000000000001,0.2212788799999863
2.2580000000000022,0.21356230244549965
2.2590000000000017,0.20658675755447867
2.2600000000000016,0.1993269199999856
2.261000000000001,0.1912306177734327
2.2620000000000022,0.1834083522265395
2.2630000000000017,0.17667877999998785
2.2640000000000016,0.16983193305637714
2.265000000000001,0.16266249694360055
2.2660000000000022,0.15564648999998926
2.2670000000000017,0.14958559999998944
2.2680000000000016,0.14362990083682298
2.269000000000001,0.13763826916315838
2.2700000000000022,0.13185476999999174
2.2710000000000017,0.12721287716556007
2.2720000000000016,0.1229845328344268
2.273000000000001,0.11920424999999547
2.2740000000000022,0.1158036577334494
2.2750000000000017,0.11338099226654308
2.2760000000000016,0.11154421999999756
2.277000000000001,0.1101737199999983
2.2780000000000022,0.109214405931405
2.2790000000000017,0.10866585999999973
2.2800000000000016,0.10850465000000012
2.281000000000001,0.10857932445011052
2.2820000000000022,0.10892382554989068
2.2830000000000017,0.1092977500000008
2.2840000000000016,0.1097470701409726
2.285000000000001,0.11024847985902894
2.2860000000000023,0.11082922000000088
2.2870000000000017,0.11130983289442163
2.2880000000000016,0.1116387771055794
2.289000000000001,0.1119156300000002
2.2900000000000023,0.11206379999999992
2.2910000000000017,0.1120166004998992
2.2920000000000016,0.11152159950009924
2.293000000000001,0.11083050999999823
2.2940000000000023,0.10951897704758816
2.2950000000000017,0.10808945295240738
2.2960000000000016,0.10614904999999618
2.297000000000001,0.10399915902818936
2.2980000000000023,0.1008894409717996
2.2990000000000017,0.09782508799999434
2.3000000000000016,0.09463807199999402
2.301000000000001,0.091273376469548
2.3020000000000023,0.08707437699999268
2.3030000000000017,0.08294586799999296
2.3040000000000016,0.0789829318133308
2.305000000000001,0.0749310651866566
2.3060000000000023,0.0704975129999923
2.3070000000000017,0.06616245153758646
2.3080000000000016,0.062427827462401934
2.309000000000001,0.0588570199999959
2.3100000000000023,0.05577887185992369
2.3110000000000017,0.05309747114006679
2.3120000000000016,0.05199268799999925
2.313000000000001,0.05156673900000193
2.3140000000000023,0.05301283959978352
2.3150000000000017,0.055168837400224144
2.3160000000000016,0.05841218700000676
2.317000000000001,0.062216753835340775
2.3180000000000023,0.06708510716467651
2.3190000000000017,0.07233928900000876
2.3200000000000016,0.07726719160258717
2.321000000000001,0.08203321739742765
2.3220000000000023,0.0865997670000076
2.3230000000000017,0.0908829870000058
2.3240000000000016,0.09414578948595548
2.325000000000001,0.09668064900000264
2.3260000000000023,0.0986586210000026
2.3270000000000017,0.10012993377524662
2.3280000000000016,0.1011676862247566
2.329000000000001,0.10179514000000067
2.3300000000000023,0.10231034759848108
2.3310000000000017,0.10268633240152042
2.3320000000000016,0.10308051000000072
2.333000000000001,0.10348347170166053
2.3340000000000023,0.10400048829834134
2.3350000000000017,0.10461508000000087
2.3360000000000016,0.1051084700000006
2.337000000000001,0.1054510705098982
2.3380000000000023,0.1055561694901022
2.3390000000000017,0.10529659999999877
2.3400000000000016,0.1046003409648048
2.341000000000001,0.1032099890351909
2.3420000000000023,0.10137194999999533
2.3430000000000017,0.09873249429603648
2.3440000000000016,0.0960554547039552
2.345000000000001,0.09316289399999596
2.3460000000000023,0.09013016499999413
2.3470000000000018,0.08682165623177196
2.3480000000000016,0.08380397399999666
2.349000000000001,0.08129726399999705
2.350000000000002,0.07907391840201647
2.3510000000000018,0.07755793859797748
2.3520000000000016,0.07643067799999992
2.353000000000001,0.07638083780613943
2.354000000000002,0.07678889919386203
2.3550000000000018,0.07857886700000316
2.3560000000000016,0.08035745729034545
2.357000000000001,0.08254036070966134
2.358000000000002,0.08475638900000433
2.3590000000000018,0.08719135800000392
2.3600000000000017,0.08939461851519956
2.361000000000001,0.09099977048480544
2.362000000000002,0.09252437900000192
2.3630000000000018,0.0936086906400734
2.3640000000000017,0.09448509135992933
2.365000000000001,0.094456866
2.366000000000002,0.09444478982803364
2.3670000000000018,0.0940830701719649
2.3680000000000017,0.09381592999999984
2.369000000000001,0.09368589499999984
2.370000000000002,0.09356085324845033
2.3710000000000018,0.09357333775154973
2.3720000000000017,0.09353334499999974
2.3730000000000016,0.09338785292521452
2.374000000000002,0.09312710507478454
2.3750000000000018,0.09241106399999864
2.3760000000000017,0.09164341460577716
2.3770000000000016,0.09058947239421958
2.378000000000002,0.08941730899999675
2.3790000000000022,0.08758797195280663
2.3800000000000017,0.08584750004718797
2.3810000000000016,0.08433647499999729
2.382000000000002,0.08281148199999662
2.3830000000000022,0.08129342538182145
2.3840000000000017,0.07993724361817432
2.3850000000000016,0.07928225399999901
2.386000000000002,0.07871662600469934
2.3870000000000022,0.0788466729953012
2.3880000000000017,0.07895729700000045
2.3890000000000016,0.07921407495480942
2.390000000000002,0.07945362304519142
2.3910000000000022,0.07974926400000035
2.3920000000000017,0.07994671199999971
2.3930000000000016,0.07978429764787008
2.394000000000002,0.07957077635212917
2.3950000000000022,0.0789304519999989
2.3960000000000017,0.07831419629943921
2.3970000000000016,0.07775719070055906
2.398000000000002,0.07722274199999916
2.3990000000000022,0.0767548132762441
2.4000000000000017,0.07635757572375465
2.4010000000000016,0.07631634199999993
2.402000000000001,0.07627418600000001
2.4030000000000022,0.07628326809179084
2.4040000000000017,0.07630332600000024
2.4050000000000016,0.07644622800000032
2.406000000000002,0.07662442757578555
2.4070000000000022,0.07697018542421584
2.4080000000000017,0.07730662800000057
2.4090000000000016,0.07763023469226224
2.410000000000001,0.0780571573077391
2.4110000000000023,0.07877662000000127
2.4120000000000017,0.07949876839292275
2.4130000000000016,0.08032269760707983
2.414000000000002,0.08115416000000156
2.4150000000000023,0.08202611700000136
2.4160000000000017,0.08279513188042469
2.4170000000000016,0.08327393611957681
2.418000000000001,0.08373224700000019
2.4190000000000023,0.08387337326864648
2.4200000000000017,0.0839960597313539
2.4210000000000016,0.084037296
2.422000000000002,0.08403585609318084
2.4230000000000023,0.08378678790681815
2.4240000000000017,0.0834820269999991
2.4250000000000016,0.08297234799999914
2.426000000000001,0.08248611962283699
2.4270000000000023,0.08202563199999921
2.4280000000000017,0.08158274699999928
2.4290000000000016,0.08117625484512997
2.430000000000002,0.0805447061548678
2.4310000000000023,0.07937151199999813
2.4320000000000017,0.07830597587962253
2.4330000000000016,0.0773547721203745
2.434000000000001,0.07634437099999854
2.4350000000000023,0.0752543396904604
2.4360000000000017,0.07432124430953628
2.4370000000000016,0.07374735199999934
2.438000000000002,0.07337408500000016
2.4390000000000023,0.07346344249510114
2.4400000000000017,0.07356839350489923
2.4410000000000016,0.07394591700000115
2.442000000000001,0.07459147795381099
2.4430000000000023,0.0756910160461929
2.4440000000000017,0.07716701200000378
2.4450000000000016,0.0792936150083018
2.446000000000002,0.08144369799170582
2.4470000000000023,0.08382002300000414
2.4480000000000017,0.08615228500000413
2.4490000000000016,0.08848748386891682
2.450000000000001,0.09079617300000274
2.4510000000000023,0.09286215900000246
2.4520000000000017,0.09424446601029866
2.4530000000000016,0.09469456898970273
2.454000000000002,0.0947829409999992
2.4550000000000023,0.0943374888542274
2.4560000000000017,0.09347603114576918
2.4570000000000016,0.0921749849999972
2.458000000000001,0.0906078900010968
2.4590000000000023,0.08875790099889662
2.4600000000000017,0.08737085799999827
2.4610000000000016,0.08639811699999952
2.462000000000002,0.08613252842101643
2.4630000000000023,0.08644673857898481
2.4640000000000017,0.0870909170000021
2.4650000000000016,0.08827996980254331
2.466000000000001,0.09065799519746406
2.4670000000000023,0.09371249400000506
2.4680000000000017,0.09656663992282012
2.4690000000000016,0.0994758680771889
2.470000000000002,0.10291035000000674
2.4710000000000023,0.10670635000000736
2.4720000000000018,0.11085705660934612
2.4730000000000016,0.11522315000000533
2.474000000000001,0.11921719000000496
2.475000000000002,0.1229228353929277
2.4760000000000018,0.1259767646070845
2.4770000000000016,0.12893055000000356
2.478000000000002,0.130925195130977
2.479000000000002,0.1324765048690292
2.4800000000000018,0.13272080000000025
2.4810000000000016,0.132874841176764
2.482000000000001,0.13248660882323476
2.483000000000002,0.1316847099999963
2.4840000000000018,0.12958703999999646
2.4850000000000017,0.12759867132373254
2.486000000000002,0.12591190867626148
2.487000000000002,0.12434465999999887
2.4880000000000018,0.12372266621675562
2.4890000000000017,0.1230848337832424
2.490000000000001,0.1224338000000001
2.491000000000002,0.12251590787242958
2.4920000000000018,0.12449463212757833
2.4930000000000017,0.12700267000000626
2.494000000000002,0.1316916200000069
2.495000000000002,0.13556858193961646
2.4960000000000018,0.13768797806039199
2.4970000000000017,0.1409843000000089
2.4980000000000016,0.1459956117716528
2.499000000000002,0.1504133282283629
2.5000000000000018,0.15333104
2.5010000000000017,0.15333104
2.502000000000002,0.15333104
2.503000000000002,0.15333104
2.5040000000000022,0.15333104
2.5050000000000017,0.15333104
2.5060000000000016,0.15333104
2.507000000000002,0.15333104
2.5080000000000022,0.15333104
2.5090000000000017,0.15333104
2.510000000000002,0.15333104
2.511000000000002,0.15333104
2.5120000000000022,0.15333104
2.5130000000000017,0.15333104
2.5140000000000016,0.15333104
2.515000000000002,0.15333104
2.5160000000000022,0.15333104
2.5170000000000017,0.15333104
2.518000000000002,0.15333104
2.519000000000002,0.15333104
2.5200000000000022,0.15333104
2.5210000000000017,0.15333104
2.5220000000000016,0.15333104
2.523000000000002,0.15333104
2.5240000000000022,0.15333104
2.5250000000000017,0.15333104
2.526000000000002,0.15333104
2.527000000000002,0.15333104
2.5280000000000022,0.15333104
2.5290000000000017,0.15333104
2.5300000000000016,0.15333104
2.531000000000002,0.15333104
2.5320000000000022,0.15333104
2.5330000000000017,0.15333104
2.534000000000002,0.15333104
2.535000000000002,0.15333104
2.5360000000000023,0.15333104
2.5370000000000017,0.15333104
2.5380000000000016,0.15333104
2.539000000000002,0.15333104
2.5400000000000023,0.15333104
2.5410000000000017,0.15333104
2.542000000000002,0.15333104
2.543000000000002,0.15333104
2.5440000000000023,0.15333104
2.5450000000000017,0.15333104
2.5460000000000016,0.15333104
2.547000000000002,0.15333104
2.5480000000000023,0.15333104
2.5490000000000017,0.15333104
2.550000000000002,0.15333104
2.551000000000002,0.15333104
2.5520000000000023,0.15333104
2.5530000000000017,0.15333104
2.5540000000000016,0.15333104
2.555000000000002,0.15333104
2.5560000000000023,0.15333104
2.5570000000000017,0.15333104
2.558000000000002,0.15333104
2.559000000000002,0.15333104
2.5600000000000023,0.15333104
2.5610000000000017,0.15333104
2.5620000000000016,0.15333104
2.563000000000002,0.15333104
2.5640000000000023,0.15333104
2.5650000000000017,0.15333104
2.566000000000002,0.15333104
2.567000000000002,0.15333104
2.5680000000000023,0.15333104
2.5690000000000017,0.15333104
2.5700000000000016,0.15333104
2.571000000000002,0.15333104
2.5720000000000023,0.15333104
2.5730000000000017,0.15333104
2.574000000000002,0.15333104
2.575000000000002,0.15333104
2.5760000000000023,0.15333104
2.5770000000000017,0.15333104
2.5780000000000016,0.15333104
2.579000000000002,0.15333104
2.5800000000000023,0.15333104
2.5810000000000017,0.15333104
2.582000000000002,0.15333104
2.583000000000002,0.15333104
2.5840000000000023,0.15333104
2.5850000000000017,0.15333104
2.5860000000000016,0.15333104
2.587000000000002,0.15333104
2.5880000000000023,0.15333104
2.5890000000000017,0.15333104
2.590000000000002,0.15333104
2.591000000000002,0.15333104
2.5920000000000023,0.15333104
2.5930000000000017,0.15333104
2.5940000000000016,0.15333104
2.595000000000002,0.15333104
2.5960000000000023,0.15333104
2.5970000000000018,0.15333104
2.598000000000002,0.15333104
2.599000000000002,0.15333104
