wave,Octane
0.4,0.7191402312957741
0.401,0.7191998375276495
0.402,0.7189526024723505
0.40299999999999997,0.71905357
0.40399999999999997,0.7191137093986061
0.405,0.71871156
0.406,0.7186678098569029
0.407,0.718653500143097
0.408,0.7186098093950121
0.409,0.7185493106049878
0.41,0.71843612
0.411,0.7183126212349876
0.412,0.71825427
0.413,0.7183017702848971
0.414,0.71833026
0.415,0.7182900292716146
0.416,0.7182171907283854
0.417,0.71822041
0.418,0.7182720294838051
0.419,0.7182669
0.42,0.7181901893378065
0.421,0.71812397
0.422,0.7181331501930961
0.423,0.7181524598069039
0.424,0.7181109190719186
0.425,0.7180181109280814
0.4260000000000001,0.71805727
0.4270000000000001,0.7181249902895971
0.4280000000000001,0.71815395
0.4290000000000001,0.7180262192776145
0.4300000000000001,0.7179539807223856
0.4310000000000001,0.7179510607092858
0.4320000000000001,0.7180219892907141
0.4330000000000001,0.71800667
0.4340000000000001,0.7179830697180027
0.4350000000000001,0.71795487
0.4360000000000001,0.7179317506150876
0.4370000000000001,0.7179932593849123
0.4380000000000001,0.7180247293277134
0.4390000000000001,0.7179575006722866
0.4400000000000001,0.71790349
0.4410000000000001,0.7179067099678003
0.4420000000000001,0.71796072
0.4430000000000001,0.718028840099598
0.4440000000000001,0.7180387999004021
0.4450000000000001,0.7180281300166996
0.4460000000000001,0.7180297999833004
0.4470000000000001,0.71808833
0.4480000000000001,0.7181031698516015
0.4490000000000001,0.71805727
0.4500000000000001,0.7180427900834984
0.4510000000000001,0.7180511399165017
0.4520000000000001,0.7180804005411893
0.4530000000000001,0.7181345194588108
0.4540000000000001,0.71818817
0.4550000000000001,0.7182054498272018
0.4560000000000001,0.71816462
0.4570000000000001,0.7182863405542945
0.4580000000000001,0.71834177
0.4590000000000001,0.7183335993915121
0.4600000000000001,0.7182727506084878
0.4610000000000001,0.71834958
0.4620000000000001,0.7184246792490075
0.4630000000000001,0.71839076
0.4640000000000001,0.7183888003211969
0.4650000000000001,0.71842092
0.4660000000000001,0.7184876809822803
0.4670000000000001,0.7185859090177197
0.4680000000000001,0.7185835797616048
0.4690000000000001,0.7185597402383952
0.4700000000000001,0.71862602
0.4710000000000001,0.7187248506150938
0.4720000000000001,0.71878636
0.4730000000000001,0.7187889799774004
0.4740000000000001,0.7187867200225996
0.4750000000000001,0.7188997915269695
0.4760000000000001,0.7190524884730306
0.4770000000000001,0.71903718
0.4780000000000001,0.7190470102216978
0.4790000000000001,0.71906918
0.4800000000000001,0.7190993404380912
0.4810000000000001,0.7191431495619087
0.4820000000000001,0.7192338711515771
0.4830000000000001,0.7193490288484229
0.4840000000000001,0.71933705
0.4850000000000001,0.7193592197783022
0.4860000000000001,0.71942151
0.4870000000000001,0.7195516801716966
0.4880000000000001,0.7195688498283035
0.4890000000000001,0.7196251711563769
0.4900000000000001,0.7197408088436231
0.4910000000000001,0.7198143
0.4920000000000001,0.7198671094719054
0.4930000000000001,0.71990615
0.4940000000000001,0.7199413205929941
0.4950000000000001,0.72000062
0.4960000000000001,0.7200775709471811
0.4970000000000001,0.7201722890528192
0.4980000000000001,0.72023988
0.4990000000000001,0.7203153392454075
0.5000000000000001,0.72039557
0.5010000000000001,0.720474300695014
0.5020000000000001,0.7205438017846107
0.5030000000000001,0.7206032888102595
0.5040000000000001,0.7206481095517955
0.5050000000000001,0.72074586
0.5060000000000001,0.7208252011621419
0.5070000000000001,0.7208833082567873
0.5080000000000001,0.7209578785085852
0.5090000000000001,0.72105104
0.5100000000000001,0.7211548711337114
0.5110000000000001,0.7212682412313508
0.5120000000000001,0.7213298087686493
0.5130000000000001,0.7213969193288933
0.5140000000000001,0.72148591
0.5150000000000001,0.7215764507135143
0.5160000000000001,0.7216478018668068
0.5170000000000001,0.7217100287554622
0.5180000000000001,0.7217864392358924
0.5190000000000001,0.7218910510740107
0.5200000000000001,0.7219984519753012
0.5210000000000001,0.7220972170370481
0.5220000000000001,0.7221012699594992
0.5230000000000001,0.72215557
0.5240000000000001,0.7222565409114091
0.5250000000000001,0.7223476812397505
0.5260000000000001,0.7224096687602496
0.5270000000000001,0.7224570495261953
0.5280000000000001,0.72249931
0.5290000000000001,0.7225591514150141
0.5300000000000001,0.7226299023479826
0.5310000000000001,0.7227081684346782
0.5320000000000001,0.7227436896447965
0.5330000000000001,0.7227760603606037
0.5340000000000001,0.7228121211025448
0.5350000000000001,0.7228672483461827
0.5360000000000001,0.7229098095743914
0.5370000000000001,0.72294378
0.5380000000000001,0.7229700104351088
0.5390000000000001,0.7230135210175491
0.5400000000000001,0.7230474393216341
0.5410000000000001,0.7230743197311974
0.5420000000000001,0.72310185
0.5430000000000001,0.7231285005279735
0.5440000000000002,0.7231548992080397
0.5450000000000002,0.7231815494669946
0.5460000000000002,0.72320765
0.5470000000000002,0.723249910592506
0.5480000000000002,0.7233091614531418
0.5490000000000002,0.7233818185468581
0.5500000000000002,0.7234380794373944
0.5510000000000002,0.72348034
0.5520000000000002,0.7235056801651033
0.5530000000000002,0.7235221910370481
0.5540000000000002,0.7235567593086346
0.5550000000000002,0.7236157094104941
0.5560000000000002,0.7236273904804048
0.5570000000000002,0.7236754313517324
0.5580000000000002,0.7237430179724014
0.5590000000000002,0.7237941589771898
0.5600000000000002,0.72384185
0.5610000000000002,0.7238958506711067
0.5620000000000002,0.7239629608725652
0.5630000000000002,0.7240065891274349
0.5640000000000002,0.7240592794730947
0.5650000000000002,0.72411644
0.5660000000000002,0.7241441003136031
0.5670000000000002,0.7241597809170541
0.5680000000000002,0.7241903493886306
0.5690000000000002,0.7242669492339923
0.5700000000000002,0.7242812503010029
0.5710000000000002,0.7243113511467427
0.5720000000000002,0.7243686882798861
0.5730000000000002,0.7244192994938898
0.5740000000000002,0.72448939
0.5750000000000002,0.7245650905793058
0.5760000000000002,0.7246230205043799
0.5770000000000002,0.7246482394956202
0.5780000000000002,0.7246599798825988
0.5790000000000002,0.72466302
0.5800000000000002,0.7245058990499905
0.5810000000000002,0.7244584009599521
0.5820000000000002,0.7244903993600321
0.5830000000000002,0.72450203
0.5840000000000002,0.7245175205168052
0.5850000000000002,0.7245692024710764
0.5860000000000002,0.7246927562933854
0.5870000000000002,0.7247537393901878
0.5880000000000002,0.72483879
0.5890000000000002,0.7249422700781015
0.5900000000000002,0.7249500812086396
0.5910000000000002,0.7249903691942403
0.5920000000000002,0.7249745701580016
0.5930000000000002,0.7247576687107871
0.5940000000000002,0.7246287505041749
0.5950000000000002,0.7246539592437379
0.5960000000000002,0.7248537460041601
0.5970000000000002,0.72507381
0.5980000000000002,0.7252501209805098
0.5990000000000002,0.7253481679210831
0.6000000000000002,0.7252442220789168
0.6010000000000002,0.7252533999081991
0.6020000000000002,0.7253759500000001
0.6030000000000002,0.725636240348707
0.6040000000000002,0.7256711082603869
0.6050000000000002,0.7256131211597421
0.6060000000000002,0.7255164409668097
0.6070000000000002,0.7256290915640157
0.6080000000000002,0.725785490860757
0.6090000000000002,0.7258285287088646
0.6100000000000002,0.7255718725666513
0.6110000000000002,0.72531229
0.6120000000000002,0.7252116207224072
0.6130000000000002,0.7252838599988001
0.6140000000000002,0.7252838000012
0.6150000000000002,0.7253014398235982
0.6160000000000002,0.72536898
0.6170000000000002,0.7255729441700418
0.6180000000000002,0.7257814447757612
0.6190000000000002,0.7259406368161593
0.6200000000000002,0.72602654
0.6210000000000002,0.7260797601097011
0.6220000000000002,0.7260907296782161
0.6230000000000002,0.7260746404826759
0.6240000000000002,0.7260717700287006
0.6250000000000002,0.72603738
0.6260000000000002,0.7259917295183903
0.6270000000000002,0.7259435672356381
0.6280000000000002,0.7258514218429079
0.6290000000000002,0.7257459810544106
0.6300000000000002,0.72563571
0.6310000000000002,0.7255676383584821
0.6320000000000002,0.7254855624622768
0.6330000000000002,0.7254096915174152
0.6340000000000002,0.7253713
0.6350000000000002,0.7253482902170022
0.6360000000000002,0.7253699914697412
0.6370000000000002,0.7254434785302588
0.6380000000000002,0.7255228192065921
0.6390000000000002,0.72557878
0.6400000000000002,0.7256127599600992
0.6410000000000002,0.7256087691273436
0.6420000000000002,0.7255796805817708
0.6430000000000002,0.7255328304685047
0.6440000000000002,0.7254673791649916
0.6450000000000002,0.7253838791000451
0.6460000000000002,0.7253388813499325
0.6470000000000002,0.7253302900859018
0.6480000000000002,0.72534108
0.6490000000000002,0.7253911509179092
0.6500000000000002,0.7254829430170794
0.6510000000000002,0.7256337969829209
0.6520000000000002,0.7257944883930839
0.6530000000000002,0.72596323
0.6540000000000002,0.7261381733784339
0.6550000000000002,0.7263070942537874
0.6560000000000002,0.7264488871641418
0.6570000000000003,0.7265769787190872
0.6580000000000003,0.7267072804941049
0.6590000000000003,0.7267566909869506
0.6600000000000003,0.7268060385195741
0.6610000000000003,0.7268796592637853
0.6620000000000003,0.72695076
0.6630000000000003,0.7269917702456049
0.6640000000000003,0.7270163314645268
0.6650000000000003,0.7270651490236488
0.6660000000000003,0.7270969696817968
0.6670000000000003,0.72712409
0.6680000000000003,0.727153599839008
0.6690000000000003,0.727145550241488
0.6700000000000003,0.7271489499319993
0.6710000000000003,0.72717065
0.6720000000000003,0.7272424106622066
0.6730000000000003,0.7273086320527179
0.6740000000000003,0.7274112679472822
0.6750000000000003,0.7276127879847799
0.6760000000000003,0.7277300999999999
0.6770000000000003,0.7277142984210684
0.6780000000000003,0.7275564064112795
0.6790000000000003,0.7274367823924803
0.6800000000000003,0.7273913004548046
0.6810000000000003,0.7273920200655006
0.6820000000000003,0.7273985706211691
0.6830000000000003,0.7274296290682466
0.6840000000000003,0.7274556794789948
0.6850000000000003,0.72746468
0.6860000000000003,0.727505860209202
0.6870000000000003,0.7275267803123876
0.6880000000000003,0.7275423996876126
0.6890000000000003,0.7276303191207912
0.6900000000000003,0.7280677600000002
0.6910000000000003,0.7287776105400057
0.6920000000000003,0.7298045807757613
0.6930000000000003,0.7298304394828259
0.6940000000000003,0.7293333449710496
0.6950000000000003,0.7284469559462593
0.6960000000000003,0.7280415856168191
0.6970000000000003,0.7278224265747711
0.6980000000000003,0.7277332508917178
0.6990000000000003,0.72775424
0.7000000000000003,0.7278132405180052
0.7010000000000003,0.7278650406175753
0.7020000000000003,0.7278959193824247
0.7030000000000003,0.7279186197729977
0.7040000000000003,0.72794664
0.7050000000000003,0.727973520093001
0.7060000000000003,0.7279781705489725
0.7070000000000003,0.7279964696340183
0.7080000000000003,0.72801453
0.7090000000000003,0.7280241303153031
0.7100000000000003,0.7280556603873807
0.7110000000000003,0.7280750294189291
0.7120000000000003,0.7280780099701994
0.7130000000000003,0.72805023
0.7140000000000003,0.728024299699594
0.7150000000000003,0.7279942587358632
0.7160000000000003,0.7279521208427578
0.7170000000000003,0.7279108804124041
0.7180000000000003,0.7278772597674976
0.7190000000000003,0.7278540101097946
0.7200000000000003,0.7278594998353082
0.7210000000000003,0.7278687998139981
0.7220000000000003,0.72787535
0.7230000000000003,0.7278628294283942
0.7240000000000003,0.7278056686280548
0.7250000000000003,0.7277370713719451
0.7260000000000003,0.7276671506992071
0.7270000000000003,0.72757721
0.7280000000000003,0.7274626486516729
0.7290000000000003,0.7273278156658166
0.7300000000000003,0.7271833428894554
0.7310000000000003,0.7269703721297213
0.7320000000000003,0.726703046706167
0.7330000000000003,0.7263736626869655
0.7340000000000003,0.7260080109695514
0.7350000000000003,0.7256543035370707
0.7360000000000003,0.7253038299999998
0.7370000000000003,0.7247964032473322
0.7380000000000003,0.7241211345572175
0.7390000000000003,0.7233489954427821
0.7400000000000003,0.7225399680902806
0.7410000000000003,0.7220222899999998
0.7420000000000003,0.7216478549025491
0.7430000000000003,0.7213929815836208
0.7440000000000003,0.7211124356109194
0.7450000000000003,0.72094846
0.7460000000000003,0.7209425636096363
0.7470000000000003,0.7213035302134895
0.7480000000000003,0.7218142046797661
0.7490000000000003,0.7222640455016102
0.7500000000000003,0.72252834
0.7510000000000003,0.7224342773004458
0.7520000000000003,0.7221643171492425
0.7530000000000003,0.7217359585671715
0.7540000000000003,0.7211138662209621
0.7550000000000003,0.7204167799999998
0.7560000000000003,0.7196817250125491
0.7570000000000003,0.7189323524811757
0.7580000000000003,0.71838153101631
0.7590000000000003,0.71806741
0.7600000000000003,0.7180160334541347
0.7610000000000003,0.7183614511503542
0.7620000000000003,0.7189189688496462
0.7630000000000003,0.7196620625690259
0.7640000000000003,0.7206234300000003
0.7650000000000003,0.7217490817000345
0.7660000000000003,0.7229190853871311
0.7670000000000003,0.72409865640858
0.7680000000000003,0.7250872201144015
0.7690000000000003,0.7259449472366726
0.7700000000000004,0.7266686105576723
0.7710000000000004,0.727196494163492
0.7720000000000004,0.7275794661703235
0.7730000000000004,0.7278933500000001
0.7740000000000004,0.7281692019759198
0.7750000000000004,0.7283667934760609
0.7760000000000004,0.7285405965239391
0.7770000000000004,0.7286969984359845
0.7780000000000004,0.72883445
0.7790000000000004,0.7289717224616247
0.7800000000000004,0.7290948024784761
0.7810000000000004,0.7291774183476826
0.7820000000000004,0.7292410093640936
0.7830000000000004,0.7293011005966059
0.7840000000000004,0.7293607606865657
0.7850000000000004,0.7293950889701515
0.7860000000000004,0.7294250697001942
0.7870000000000004,0.72945458
0.7880000000000004,0.7294935604655093
0.7890000000000004,0.7295401109815509
0.7900000000000004,0.7295728293456327
0.7910000000000004,0.7295767099611996
0.7920000000000004,0.72957194
0.7930000000000004,0.7295603196304186
0.7940000000000004,0.7295418405543723
0.7950000000000004,0.7295104906270062
0.7960000000000004,0.72945595
0.7970000000000004,0.7293851391207912
0.7980000000000004,0.7292972178758849
0.7990000000000004,0.729191012124115
0.8000000000000004,0.7290650012601125
0.8010000000000004,0.7289193299999999
0.8020000000000004,0.7287720384300685
0.8030000000000004,0.7286150449056547
0.8040000000000004,0.7284452333962301
0.8050000000000004,0.7282508019443195
0.8060000000000004,0.7280722285938859
0.8070000000000004,0.7279316182226888
0.8080000000000004,0.7278427526659667
0.8090000000000004,0.7278056107428074
0.8100000000000004,0.72778201
0.8110000000000004,0.7277674098163982
0.8120000000000004,0.7277490501645935
0.8130000000000004,0.7277572798354065
0.8140000000000004,0.7277586499862998
0.8150000000000004,0.72772634
0.8160000000000004,0.7276989196387964
0.8170000000000004,0.7276808596478176
0.8180000000000004,0.7276691202347882
0.8190000000000004,0.7276321103701038
0.8200000000000004,0.7275603989938899
0.8210000000000004,0.7274597872797359
0.8220000000000004,0.727323774080396
0.8230000000000004,0.7272083211545229
0.8240000000000004,0.72708195
0.8250000000000004,0.7269380693335933
0.8260000000000004,0.7268714294456221
0.8270000000000004,0.7268437105543778
0.8280000000000004,0.7268578998580987
0.8290000000000004,0.7269436700000002
0.8300000000000004,0.7271226042106421
0.8310000000000004,0.7273331365369732
0.8320000000000004,0.7275510356420181
0.8330000000000004,0.7277532800000001
0.8340000000000004,0.7279241713977141
0.8350000000000004,0.7280639421300935
0.8360000000000004,0.7281704468048599
0.8370000000000004,0.7283120785836718
0.8380000000000004,0.72844768
0.8390000000000004,0.7285338004304087
0.8400000000000004,0.7285768416862157
0.8410000000000004,0.7286330488758562
0.8420000000000004,0.7287148191822919
0.8430000000000004,0.7288532916009159
0.8440000000000004,0.729013383421229
0.8450000000000004,0.7291844448681567
0.8460000000000004,0.729349196704967
0.8470000000000004,0.7295104900000001
0.8480000000000004,0.7296505010770108
0.8490000000000004,0.7297582007211709
0.8500000000000004,0.7297942592788289
0.8510000000000004,0.7298220397221972
0.8520000000000004,0.72983551
0.8530000000000004,0.7298033195118903
0.8540000000000004,0.7297545095617219
0.8550000000000004,0.7297399002921854
0.8560000000000004,0.7298031993669936
0.8570000000000004,0.7299081708774088
0.8580000000000004,0.7299959111717415
0.8590000000000004,0.7300544982423879
0.8600000000000004,0.7300106904381087
0.8610000000000004,0.7299076899999999
0.8620000000000004,0.7297522977963778
0.8630000000000004,0.7295319345906163
0.8640000000000004,0.7292614654093835
0.8650000000000004,0.7289705329093291
0.8660000000000004,0.72867006
0.8670000000000004,0.7285579979949799
0.8680000000000004,0.7284577464382781
0.8690000000000004,0.7283390223744811
0.8700000000000004,0.7281141899999999
0.8710000000000004,0.72774880601656
0.8720000000000004,0.7273504622279884
0.8730000000000004,0.726961861658017
0.8740000000000004,0.7266796228223563
0.8750000000000004,0.7263426199999998
0.8760000000000004,0.7259187033807672
0.8770000000000004,0.7252567717219135
0.8780000000000004,0.7243141688520569
0.8790000000000004,0.7232328808129077
0.8800000000000004,0.7220908399999997
0.8810000000000004,0.7212865303814807
0.8820000000000005,0.7208056044277784
0.8830000000000005,0.7206605129016289
0.8840000000000005,0.7209198500000001
0.8850000000000005,0.7210549692167921
0.8860000000000005,0.7209766390916361
0.8870000000000005,0.7204312209083634
0.8880000000000005,0.7195156291559911
0.8890000000000005,0.7185218899999996
0.8900000000000005,0.7175367415663308
0.8910000000000005,0.7166933730667463
0.8920000000000005,0.7157955979555018
0.8930000000000005,0.7148307696482961
0.8940000000000005,0.7137365163563629
0.8950000000000005,0.7123721460032991
0.8960000000000005,0.7106723109950493
0.8970000000000005,0.7084991517317335
0.8980000000000005,0.7055880999999985
0.8990000000000005,0.7023563657150554
0.9000000000000005,0.6989278825146982
0.9010000000000004,0.6960536174852993
0.9020000000000004,0.6937966025700245
0.9030000000000004,0.6918227099999991
0.9040000000000004,0.6898694675808746
0.9050000000000004,0.6872484979082032
0.9060000000000004,0.6841787713945289
0.9070000000000004,0.6806910348774471
0.9080000000000004,0.6772023664470628
0.9090000000000004,0.6738470781500911
0.9100000000000004,0.6707545827748597
0.9110000000000004,0.6684091934536679
0.9120000000000004,0.66748291
0.9130000000000004,0.6675383005198109
0.9140000000000004,0.6685903013133352
0.9150000000000004,0.6703007457911112
0.9160000000000004,0.6717573854336552
0.9170000000000004,0.67279971
0.9180000000000004,0.6727189215259233
0.9190000000000004,0.671795217711114
0.9200000000000004,0.6703181595414947
0.9210000000000004,0.6683513499999987
0.9220000000000004,0.6660426659683586
0.9230000000000004,0.663639500748169
0.9240000000000004,0.6611769092518288
0.9250000000000004,0.6587624741443402
0.9260000000000004,0.6565004599999988
0.9270000000000004,0.6544431836727727
0.9280000000000004,0.6528104838464073
0.9290000000000004,0.6519386974357279
0.9300000000000004,0.6516356530303301
0.9310000000000004,0.6519387547778485
0.9320000000000004,0.6534165531278447
0.9330000000000004,0.6555729453082357
0.9340000000000004,0.6583997034644359
0.9350000000000004,0.6621384000000021
0.9360000000000004,0.6665183176996793
0.9370000000000004,0.6712882916135382
0.9380000000000004,0.6763689683864669
0.9390000000000004,0.6814786889027916
0.9400000000000004,0.6864309300000027
0.9410000000000004,0.6911793649624519
0.9420000000000004,0.695427475377533
0.9430000000000004,0.6992733930816476
0.9440000000000004,0.7028102546314481
0.9450000000000004,0.7059888466411677
0.9460000000000004,0.7086529576230202
0.9470000000000004,0.7110341085654729
0.9480000000000004,0.7131414789263796
0.9490000000000004,0.7148685500000007
0.9500000000000004,0.7164135138844395
0.9510000000000004,0.7178019541138362
0.9520000000000004,0.7190076458861652
0.9530000000000004,0.7199585304912054
0.9540000000000004,0.7208235300000003
0.9550000000000004,0.7216491234935353
0.9560000000000004,0.7223237991588424
0.9570000000000004,0.7229624272274391
0.9580000000000004,0.7235676600000003
0.9590000000000004,0.7241186550700509
0.9600000000000004,0.7246256591679419
0.9610000000000004,0.7250840562480878
0.9620000000000004,0.7254701261393229
0.9630000000000004,0.7258910500000002
0.9640000000000004,0.7262815235066703
0.9650000000000004,0.7266321900290986
0.9660000000000004,0.7269664933139345
0.9670000000000004,0.7272837768271685
0.9680000000000004,0.7276043935536357
0.9690000000000004,0.7279597561270938
0.9700000000000004,0.7282661108093597
0.9710000000000004,0.728541904484145
0.9720000000000004,0.7287870600000002
0.9730000000000004,0.7290870023967241
0.9740000000000004,0.7293266734830607
0.9750000000000004,0.7295008265169394
0.9760000000000004,0.7295706293019929
0.9770000000000004,0.72957128
0.9780000000000004,0.7295793906395128
0.9790000000000004,0.729643341459127
0.9800000000000004,0.7296919790272487
0.9810000000000004,0.7296460304595045
0.9820000000000004,0.7295058982600826
0.9830000000000004,0.7293319062295884
0.9840000000000004,0.7291433856556171
0.9850000000000004,0.7288947124867495
0.9860000000000004,0.7285057299999997
0.9870000000000004,0.7280614356475562
0.9880000000000004,0.7276261917023317
0.9890000000000004,0.7272113082976679
0.9900000000000004,0.7267329747833476
0.9910000000000004,0.7261375799999996
0.9920000000000004,0.7254845981504812
0.9930000000000004,0.7248921226683662
0.9940000000000004,0.724314401554422
0.9950000000000006,0.7236093899999995
0.9960000000000006,0.7226932500137996
0.9970000000000006,0.7216946329122539
0.9980000000000006,0.7208402456316179
0.9990000000000006,0.7200762076403524
1.0000000000000004,0.7193128499999996
1.0010000000000006,0.7182374599999993
1.002000000000001,0.7172265099999992
1.0030000000000006,0.7158958299999991
1.0040000000000004,0.7144902073982595
1.0050000000000006,0.7130641899999991
1.006000000000001,0.711701449999999
1.0070000000000006,0.7101914299999993
1.0080000000000005,0.7086707399999993
1.0090000000000006,0.7071879237986194
1.010000000000001,0.7057259099999991
1.0110000000000006,0.7044165099999993
1.0120000000000005,0.7032406899999996
1.0130000000000006,0.7022512599999994
1.014000000000001,0.7013129338326162
1.0150000000000006,0.7003652499999996
1.0160000000000005,0.6997067899999998
1.0170000000000006,0.6992032499999998
1.018000000000001,0.6986824299999996
1.0190000000000006,0.6982336448785118
1.0200000000000005,0.69821483
1.0210000000000006,0.69826561
1.022000000000001,0.6983274200000001
1.0230000000000006,0.6984523500000002
1.0240000000000005,0.6986823700000001
1.0250000000000006,0.6988399600000001
1.0260000000000007,0.69892478
1.0270000000000006,0.6989679899999998
1.0280000000000005,0.6985727499999997
1.0290000000000006,0.6981501599999997
1.0300000000000007,0.6977689299999997
1.0310000000000006,0.6973637299999997
1.0320000000000005,0.6971136130146984
1.0330000000000006,0.6969437599999998
1.0340000000000007,0.6965658099999996
1.0350000000000006,0.6960291299999998
1.0360000000000005,0.69576693
1.0370000000000006,0.6958111054064594
1.0380000000000007,0.6959651700000002
1.0390000000000006,0.6963068800000001
1.0400000000000005,0.6966218400000002
1.0410000000000006,0.6969014400000003
1.0420000000000007,0.6973990302409762
1.0430000000000006,0.6981975400000004
1.0440000000000005,0.6989211400000004
1.0450000000000006,0.6995928900000006
1.0460000000000007,0.7004148400000005
1.0470000000000006,0.7011803834456559
1.0480000000000005,0.7018418300000003
1.0490000000000006,0.7026826700000004
1.0500000000000007,0.7036707400000005
1.0510000000000006,0.7045077100000005
1.0520000000000005,0.7051354100000004
1.0530000000000006,0.7058776000000005
1.0540000000000007,0.7066613400000004
1.0550000000000006,0.7072207258564146
1.0560000000000005,0.7077792900000003
1.0570000000000006,0.7085279200000005
1.0580000000000007,0.7093686500000006
1.0590000000000006,0.7102593800000004
1.0600000000000005,0.7111582986881315
1.0610000000000006,0.7119451800000004
1.0620000000000007,0.7126317600000004
1.0630000000000006,0.7132610700000005
1.0640000000000005,0.7139126100000003
1.0650000000000006,0.7146414371172887
1.0660000000000007,0.7151864800000004
1.0670000000000006,0.7156696900000005
1.0680000000000005,0.7162540600000002
1.0690000000000006,0.7166845800000002
1.0700000000000007,0.717096048853115
1.0710000000000006,0.7174400100000001
1.0720000000000005,0.7176572700000001
1.0730000000000006,0.7178974700000001
1.0740000000000007,0.7181325000000002
1.0750000000000006,0.7184310600000003
1.0760000000000003,0.7189241600000004
1.0770000000000006,0.7194614400000003
1.0780000000000007,0.7199339731016902
1.0790000000000006,0.7203649900000002
1.0800000000000003,0.7207757800000002
1.0810000000000006,0.7211638700000003
1.0820000000000007,0.7215794300000004
1.0830000000000006,0.7220801597290275
1.0840000000000003,0.7225774500000002
1.0850000000000006,0.7230293200000003
1.0860000000000007,0.7235984200000004
1.0870000000000006,0.7241326600000002
1.0880000000000003,0.7245419190740929
1.0890000000000006,0.7248624000000002
1.0900000000000007,0.7251502300000002
1.0910000000000006,0.7254815100000003
1.0920000000000003,0.72579795
1.0930000000000006,0.7259096988251176
1.0940000000000007,0.7259796300000002
1.0950000000000006,0.7262714500000003
1.0960000000000003,0.7266421300000001
1.0970000000000006,0.7268874600000002
1.0980000000000008,0.7270194299999999
1.0990000000000006,0.72695357
1.1000000000000003,0.72687209
1.1010000000000006,0.7269859300000001
1.1020000000000008,0.7271631999999999
1.1030000000000006,0.7270484599999999
1.1040000000000003,0.7268368000000001
1.1050000000000006,0.7266040399999999
1.1060000000000008,0.726381395189481
1.1070000000000009,0.7261332899999998
1.1080000000000003,0.7258344899999998
1.1090000000000009,0.7254968899999997
1.1100000000000008,0.7250903199999997
1.1110000000000009,0.7248321210608939
1.1120000000000003,0.72484273
1.1130000000000009,0.7247896799999999
1.1140000000000008,0.7246699899999999
1.1150000000000009,0.7245547799999998
1.1160000000000003,0.7244293225457453
1.1170000000000009,0.7243065199999998
1.1180000000000008,0.7242209299999999
1.1190000000000009,0.72414708
1.1200000000000006,0.72411126
1.1210000000000009,0.7240825928667133
1.1220000000000008,0.7237672799999998
1.1230000000000009,0.7233549399999997
1.1240000000000006,0.7228679699999998
1.1250000000000009,0.7223510099999996
1.1260000000000008,0.7216034499999993
1.127000000000001,0.7207490799999994
1.1280000000000006,0.7196969999999991
1.129000000000001,0.7184058634226566
1.1300000000000008,0.7168400899999983
1.131000000000001,0.7148056599999986
1.1320000000000006,0.7126986999999989
1.133000000000001,0.7104066599999983
1.1340000000000008,0.707958657265271
1.135000000000001,0.7045313099999977
1.1360000000000006,0.7010967699999974
1.137000000000001,0.6971510599999974
1.1380000000000008,0.6931692999999953
1.139000000000001,0.6879192450054963
1.1400000000000006,0.6826564699999964
1.141000000000001,0.6773993999999967
1.1420000000000008,0.672194179999996
1.143000000000001,0.6661578399999959
1.1440000000000006,0.6599835974242538
1.145000000000001,0.6544181099999965
1.1460000000000008,0.6491627099999956
1.147000000000001,0.6441959099999969
1.1480000000000006,0.6394706399999973
1.149000000000001,0.6355444199999979
1.1500000000000008,0.6324270399999975
1.1510000000000007,0.6295897999999983
1.1520000000000006,0.627160549999999
1.1530000000000007,0.6249607199999989
1.1540000000000008,0.6232584099999988
1.1550000000000007,0.6214854099999986
1.1560000000000006,0.6193952599999986
1.1570000000000007,0.6172902573432639
1.1580000000000008,0.6148636899999977
1.1590000000000007,0.6124246099999977
1.1600000000000006,0.6089447699999977
1.1610000000000007,0.6054729799999976
1.1620000000000008,0.6018108041535819
1.1630000000000007,0.5981523399999972
1.1640000000000006,0.5940476099999981
1.1650000000000007,0.5898647899999975
1.1660000000000008,0.5860697599999968
1.1670000000000007,0.5824374632296748
1.1680000000000006,0.5787076999999974
1.1690000000000007,0.5749304299999978
1.1700000000000008,0.5715958499999974
1.1710000000000007,0.5686407699999979
1.1720000000000006,0.5654676173152666
1.1730000000000007,0.5620187499999978
1.1740000000000008,0.5587175499999979
1.1750000000000007,0.5556744299999978
1.1760000000000006,0.5523670299999972
1.1770000000000007,0.5482734399999972
1.1780000000000008,0.5441133999999961
1.1790000000000007,0.5395564399999969
1.1800000000000006,0.5349073492810689
1.1810000000000007,0.5290001599999962
1.1820000000000008,0.5231032399999951
1.1830000000000007,0.5175448699999964
1.1840000000000006,0.5120022899999975
1.1850000000000007,0.5065889315918369
1.1860000000000008,0.5012048499999966
1.1870000000000007,0.4972738899999976
1.1880000000000006,0.4937120999999983
1.1890000000000007,0.4910949799999985
1.1900000000000008,0.4888603534626519
1.1910000000000007,0.4877913299999997
1.1920000000000006,0.4874216300000001
1.1930000000000007,0.4874935700000002
1.1940000000000008,0.4879409100000003
1.1950000000000007,0.4883389701939809
1.1960000000000006,0.48864761
1.1970000000000007,0.4886473699999997
1.1980000000000008,0.4880674799999992
1.1990000000000007,0.4872018999999989
1.2000000000000006,0.4855320999999987
1.2010000000000007,0.4836503299999975
1.2020000000000008,0.4808634799999975
1.2030000000000007,0.4780381565443434
1.2040000000000006,0.475003599999998
1.2050000000000007,0.4719448399999977
1.2060000000000008,0.468547279999997
1.2070000000000007,0.4651471699999985
1.2080000000000006,0.4628826652894695
1.2090000000000007,0.4607355599999993
1.2100000000000009,0.4596655399999993
1.2110000000000007,0.4588438900000004
1.2120000000000006,0.4592902700000006
1.2130000000000007,0.4601391551114896
1.2140000000000009,0.4624021100000026
1.2150000000000007,0.4653960800000026
1.2160000000000006,0.469244600000003
1.2170000000000007,0.4736865200000037
1.2180000000000009,0.4792705815938452
1.2190000000000007,0.4859609300000046
1.2200000000000006,0.4927707000000046
1.2210000000000008,0.4996981900000066
1.2220000000000009,0.5071556000000075
1.2230000000000008,0.5156670200000073
1.2240000000000006,0.523936030000005
1.2250000000000008,0.5314045500000051
1.2260000000000009,0.5390173800000072
1.2270000000000008,0.5472007400000053
1.2280000000000006,0.5551616500000042
1.2290000000000008,0.5615544300000043
1.2300000000000009,0.5678963700000058
1.2310000000000008,0.5743840227597287
1.2320000000000009,0.5808116200000034
1.2330000000000008,0.5859710600000044
1.2340000000000009,0.5909440500000043
1.2350000000000008,0.5957334600000032
1.2360000000000009,0.6004683079692059
1.2370000000000008,0.6043480000000024
1.2380000000000009,0.6079891900000032
1.2390000000000008,0.6115535500000023
1.2400000000000009,0.6150438200000021
1.2410000000000008,0.6180040239796045
1.2420000000000009,0.6206638800000024
1.2430000000000008,0.6234285200000026
1.2440000000000009,0.6262913300000018
1.2450000000000008,0.6289296700000016
1.2460000000000009,0.6313122517418278
1.2470000000000008,0.6336973300000015
1.2480000000000009,0.6360683400000016
1.2490000000000008,0.6383237800000013
1.2500000000000009,0.6403893200000019
1.2510000000000008,0.6424869900000021
1.252000000000001,0.6447686000000014
1.2530000000000008,0.6469754600000015
1.2540000000000011,0.6487854706619355
1.2550000000000008,0.6505920900000017
1.256000000000001,0.6525929600000013
1.2570000000000008,0.6545914400000012
1.2580000000000011,0.6564804300000017
1.2590000000000008,0.6583337263293684
1.260000000000001,0.6601970200000012
1.2610000000000008,0.6620526900000014
1.2620000000000011,0.6637156000000014
1.2630000000000008,0.6653028700000013
1.264000000000001,0.6668355767293279
1.2650000000000008,0.6683765100000012
1.2660000000000011,0.6697797200000011
1.2670000000000008,0.6710717700000007
1.268000000000001,0.6722872300000008
1.2690000000000008,0.6734935593670642
1.2700000000000011,0.6745606100000008
1.2710000000000008,0.6754739300000008
1.272000000000001,0.6763690100000006
1.2730000000000008,0.6772772700000008
1.2740000000000011,0.6781184100000006
1.2750000000000008,0.6788712700000007
1.2760000000000007,0.6796088800000004
1.2770000000000008,0.6802909400000005
1.2780000000000011,0.6809282900000004
1.2790000000000008,0.6814294500000003
1.2800000000000007,0.6819021700000003
1.2810000000000008,0.6823811500000004
1.2820000000000011,0.6828437844675537
1.2830000000000008,0.6832884600000003
1.2840000000000007,0.6837698800000004
1.2850000000000008,0.6842819500000005
1.2860000000000011,0.6847515100000003
1.2870000000000008,0.6851367783271676
1.2880000000000007,0.6855200500000003
1.2890000000000008,0.6858900800000002
1.2900000000000011,0.6862566500000004
1.2910000000000008,0.6865792300000002
1.2920000000000007,0.6868846694560546
1.2930000000000008,0.6872311800000003
1.2940000000000011,0.6875973300000003
1.2950000000000008,0.6879383900000003
1.2960000000000007,0.6882777800000003
1.2970000000000008,0.6887149962783725
1.2980000000000012,0.6891773300000004
1.2990000000000008,0.6896027900000002
1.3000000000000007,0.6899904000000002
1.3010000000000008,0.6903945200000005
1.302000000000001,0.6909082500000006
1.3030000000000008,0.6914241300000004
1.3040000000000007,0.6919094300000004
1.3050000000000008,0.692458026714329
1.306000000000001,0.6930251700000004
1.3070000000000008,0.6935710900000004
1.3080000000000007,0.6940870900000004
1.3090000000000008,0.6946236500000005
1.310000000000001,0.6953223463683638
1.3110000000000008,0.6959860300000005
1.3120000000000007,0.6964805700000004
1.3130000000000008,0.6969847100000003
1.314000000000001,0.6975528000000004
1.3150000000000008,0.6980848367963207
1.3160000000000007,0.6984247600000003
1.3170000000000008,0.6987483500000004
1.318000000000001,0.6991584900000003
1.3190000000000008,0.6995647500000002
1.3200000000000007,0.6998398024947508
1.3210000000000008,0.7000850400000003
1.322000000000001,0.7002898500000002
1.3230000000000008,0.7004683600000001
1.3240000000000007,0.7006006800000001
1.3250000000000008,0.7007308600000001
1.326000000000001,0.7008928100000003
1.3270000000000008,0.7010585100000001
1.3280000000000007,0.7011243136416359
1.3290000000000008,0.7011607300000001
1.330000000000001,0.7012279
1.3310000000000008,0.70125932
1.3320000000000007,0.7013053300000001
1.3330000000000009,0.7014248434686532
1.334000000000001,0.7014595299999999
1.3350000000000009,0.7013446699999998
1.3360000000000007,0.7011240699999997
1.3370000000000009,0.7008065599999996
1.338000000000001,0.7004173789181077
1.3390000000000009,0.6998950799999994
1.3400000000000007,0.6992909899999994
1.3410000000000009,0.6984490199999992
1.342000000000001,0.6975178699999985
1.3430000000000009,0.6962511066763313
1.3440000000000007,0.6948457399999988
1.3450000000000009,0.6930076499999981
1.346000000000001,0.6908695099999964
1.3470000000000009,0.6877098699999968
1.3480000000000008,0.6842716299999974
1.3490000000000009,0.680260359999996
1.350000000000001,0.6757906699999947
1.3510000000000009,0.6698014699999943
1.3520000000000008,0.663447439999994
1.3530000000000009,0.6567550299999954
1.354000000000001,0.649817879999993
1.3550000000000009,0.6418831899999929
1.3560000000000008,0.6338415757514198
1.3570000000000009,0.6266990899999939
1.358000000000001,0.6198752499999941
1.3590000000000009,0.6132313599999943
1.3600000000000008,0.6068401299999967
1.3610000000000009,0.6018738440055953
1.362000000000001,0.5974138999999956
1.3630000000000009,0.5934175799999974
1.3640000000000008,0.5895674799999979
1.3650000000000009,0.5864077199999973
1.366000000000001,0.5834576450074961
1.3670000000000009,0.5802221899999969
1.3680000000000008,0.5767604699999975
1.3690000000000009,0.5731674999999967
1.370000000000001,0.5694664699999962
1.3710000000000009,0.5652535012968668
1.3720000000000008,0.560603319999996
1.3730000000000009,0.5561196799999972
1.374000000000001,0.5518911499999961
1.3750000000000009,0.5474747399999959
1.3760000000000008,0.5428659899999961
1.377000000000001,0.5385436999999956
1.378000000000001,0.5346823299999964
1.379000000000001,0.5307434249065054
1.3800000000000008,0.5265924899999964
1.381000000000001,0.5226131099999968
1.3820000000000008,0.5189987399999958
1.383000000000001,0.5151906599999961
1.3840000000000008,0.5108393858594109
1.385000000000001,0.5064979799999964
1.3860000000000008,0.5023443099999954
1.387000000000001,0.4981247799999952
1.3880000000000008,0.4938451599999973
1.389000000000001,0.4898684376722295
1.3900000000000008,0.4869351099999972
1.391000000000001,0.4844216099999987
1.3920000000000008,0.4829963999999992
1.393000000000001,0.4821454300000004
1.3940000000000008,0.48266387815518497
1.395000000000001,0.4837423600000022
1.3960000000000008,0.4861843000000025
1.397000000000001,0.4889946600000034
1.3980000000000008,0.4920953800000029
1.399000000000001,0.4952547800000029
1.4000000000000008,0.4985035100000027
1.4010000000000007,0.5015600900000015
1.4020000000000008,0.503728690000002
1.403000000000001,0.5055041300000009
1.4040000000000008,0.5065305800000004
1.4050000000000007,0.5071964299999998
1.4060000000000008,0.5069003099999994
1.407000000000001,0.5062920476692321
1.4080000000000008,0.5051687399999991
1.4090000000000007,0.5039149499999993
1.4100000000000008,0.5028504699999989
1.411000000000001,0.5019711299999996
1.4120000000000008,0.5014176103909607
1.4130000000000007,0.5011215200000002
1.4140000000000008,0.5013958800000006
1.415000000000001,0.5019999700000011
1.4160000000000008,0.5031738300000014
1.4170000000000007,0.5046937180111998
1.4180000000000008,0.5063237000000015
1.419000000000001,0.5079637200000015
1.4200000000000008,0.5096486800000015
1.4210000000000007,0.511337820000001
1.4220000000000008,0.512779265855416
1.423000000000001,0.5138840100000008
1.4240000000000008,0.5148415600000006
1.4250000000000007,0.5156151100000004
1.4260000000000008,0.5161898100000004
1.427000000000001,0.5165419000000004
1.4280000000000008,0.5168975000000002
1.4290000000000007,0.5173003700000003
1.4300000000000008,0.5177276108449161
1.431000000000001,0.5183360600000007
1.4320000000000008,0.5190956600000011
1.4330000000000007,0.5202359000000011
1.4340000000000008,0.5214886700000013
1.435000000000001,0.5230135793080708
1.4360000000000008,0.5247066600000019
1.4370000000000007,0.5267904400000019
1.4380000000000008,0.5288769600000018
1.439000000000001,0.530969020000002
1.4400000000000008,0.5331902678752143
1.4410000000000007,0.5357139100000022
1.4420000000000008,0.5381840500000026
1.443000000000001,0.540444490000002
1.4440000000000008,0.5427206800000022
1.4450000000000007,0.5452104710209
1.4460000000000008,0.5476953400000025
1.447000000000001,0.5500196200000026
1.4480000000000008,0.5523597000000017
1.4490000000000007,0.5548720400000017
1.4500000000000008,0.5573564800000025
1.451000000000001,0.5595948100000024
1.4520000000000008,0.5617721700000021
1.4530000000000007,0.5639767439406075
1.4540000000000008,0.566116150000002
1.455000000000001,0.5679317100000015
1.4560000000000008,0.5696967800000017
1.4570000000000007,0.5715658700000017
1.4580000000000009,0.5734297503339686
1.459000000000001,0.5751330900000016
1.4600000000000009,0.5768248400000018
1.4610000000000007,0.5787907200000018
1.4620000000000009,0.5808410600000022
1.463000000000001,0.5828261214938527
1.4640000000000009,0.5848193800000021
1.4650000000000007,0.5872322900000017
1.4660000000000009,0.5897467100000026
1.467000000000001,0.5920329100000025
1.4680000000000009,0.5942288204089611
1.4690000000000007,0.5966389200000016
1.4700000000000009,0.5991188900000024
1.471000000000001,0.6012895700000023
1.4720000000000009,0.6033292400000019
1.4730000000000008,0.6054948600000014
1.4740000000000009,0.6076805000000023
1.475000000000001,0.6096356500000016
1.4760000000000009,0.6115180300000018
1.4770000000000008,0.6135443400000019
1.4780000000000009,0.6156381400000017
1.479000000000001,0.6176037800000017
1.4800000000000009,0.6194935400000018
1.4810000000000008,0.6215250184941521
1.4820000000000009,0.6236099600000021
1.483000000000001,0.6253938700000015
1.4840000000000009,0.6269880500000015
1.4850000000000008,0.628554280000001
1.4860000000000009,0.6300741387861228
1.487000000000001,0.6312620000000011
1.4880000000000009,0.6322166900000006
1.4890000000000008,0.6331088500000005
1.4900000000000009,0.6339688900000008
1.491000000000001,0.6346241744715535
1.4920000000000009,0.6351280200000003
1.4930000000000008,0.6355457900000002
1.4940000000000009,0.6358729000000003
1.495000000000001,0.6360973700000001
1.4960000000000009,0.6362551342235777
1.4970000000000008,0.6363882400000002
1.4980000000000009,0.63648516
1.499000000000001,0.63654244
1.5000000000000009,0.6366021000000001
1.5010000000000008,0.6367448600000002
1.5020000000000011,0.6370176100000005
1.503000000000001,0.6373916300000004
1.504000000000001,0.6378930284791526
1.5050000000000008,0.6385778200000009
1.5060000000000011,0.6395178400000011
1.5070000000000008,0.6405509700000013
1.508000000000001,0.6416813700000011
1.5090000000000008,0.6428946998170193
1.5100000000000011,0.6441928700000014
1.5110000000000008,0.6454035000000011
1.512000000000001,0.6464282300000012
1.5130000000000008,0.6473999600000006
1.5140000000000011,0.6482373862573751
1.5150000000000008,0.6489065300000004
1.516000000000001,0.6493127300000002
1.5170000000000008,0.6496094500000001
1.5180000000000011,0.64969862
1.5190000000000008,0.6496558842735726
1.520000000000001,0.6494225299999997
1.5210000000000008,0.6491073999999996
1.5220000000000011,0.6485999199999992
1.5230000000000008,0.6480373699999994
1.524000000000001,0.6474090199999993
1.5250000000000008,0.6467181999999994
1.5260000000000011,0.6459275499999991
1.5270000000000008,0.6451525099999992
1.528000000000001,0.6444298599999994
1.5290000000000008,0.6437032799999994
1.5300000000000011,0.6429290199999991
1.5310000000000008,0.6421675699999992
1.532000000000001,0.6415147730166977
1.5330000000000008,0.6408449399999996
1.5340000000000011,0.6401488199999993
1.5350000000000008,0.6395604599999997
1.536000000000001,0.6392971299999999
1.5370000000000008,0.6391558286541347
1.5380000000000011,0.6393423700000005
1.5390000000000008,0.6396948700000008
1.540000000000001,0.640540660000001
1.5410000000000008,0.6416569400000016
1.5420000000000011,0.6434814875452474
1.5430000000000008,0.6454574500000021
1.544000000000001,0.6477561600000022
1.5450000000000008,0.6502587800000026
1.5460000000000012,0.6531857800000032
1.5470000000000008,0.656028585719431
1.548000000000001,0.6585589100000022
1.5490000000000008,0.6611137400000017
1.5500000000000012,0.6636633900000026
1.5510000000000008,0.6660471600000021
1.552000000000001,0.6679622500000021
1.5530000000000008,0.6697917000000011
1.5540000000000012,0.6714132400000017
1.5550000000000008,0.6728903028677143
1.556000000000001,0.674018980000001
1.5570000000000008,0.6751377600000009
1.5580000000000012,0.6761714800000012
1.5590000000000008,0.6771247400000008
1.560000000000001,0.6779801590760933
1.5610000000000008,0.6788709200000008
1.5620000000000012,0.6797931200000011
1.5630000000000008,0.6806581000000007
1.564000000000001,0.6814240800000007
1.5650000000000008,0.6822228201259881
1.5660000000000012,0.6830959900000011
1.5670000000000008,0.6839529900000009
1.568000000000001,0.6847720700000007
1.5690000000000008,0.6855946800000008
1.5700000000000012,0.6864294765203489
1.5710000000000008,0.6872291600000008
1.572000000000001,0.6879059100000008
1.5730000000000008,0.6885702000000004
1.5740000000000012,0.6892425400000006
1.5750000000000008,0.6898759600000005
1.576000000000001,0.6904064400000005
1.5770000000000008,0.6909105200000003
1.5780000000000012,0.6913273066893315
1.5790000000000008,0.6916942000000003
1.580000000000001,0.6919530600000002
1.5810000000000008,0.6921601300000001
1.5820000000000012,0.6922596700000001
1.5830000000000009,0.6923090770262974
1.584000000000001,0.6922793399999999
1.5850000000000009,0.6921959499999999
1.5860000000000012,0.6920117099999996
1.5870000000000009,0.6917725199999997
1.588000000000001,0.6914269645555441
1.5890000000000009,0.6910407499999996
1.5900000000000012,0.6906083799999996
1.5910000000000009,0.6901835199999996
1.592000000000001,0.6897883399999996
1.5930000000000009,0.6894002988041192
1.5940000000000012,0.6889885699999996
1.5950000000000009,0.6886036999999996
1.596000000000001,0.6882708099999996
1.5970000000000009,0.6879023899999996
1.5980000000000012,0.6875097799999996
1.5990000000000009,0.6872044199999998
1.600000000000001,0.6870043899999998
1.6010000000000009,0.6867982699999998
1.6020000000000012,0.6865872099999998
1.6030000000000009,0.6863927199999997
1.604000000000001,0.6861967999999998
1.6050000000000009,0.6859705999999998
1.6060000000000012,0.6857068720777917
1.6070000000000009,0.6853276499999994
1.608000000000001,0.6847985399999993
1.6090000000000009,0.6839991799999989
1.6100000000000012,0.6829234399999985
1.6110000000000009,0.6815608256924288
1.612000000000001,0.6799177499999973
1.6130000000000009,0.6775649799999979
1.6140000000000012,0.6746338599999965
1.6150000000000009,0.6714576499999962
1.616000000000001,0.6680944363213643
1.6170000000000009,0.6641458899999961
1.6180000000000012,0.6598282499999956
1.6190000000000009,0.6558715699999959
1.620000000000001,0.6521787599999967
1.6210000000000009,0.6486140464713499
1.6220000000000012,0.6451484599999966
1.6230000000000009,0.6425761599999981
1.624000000000001,0.6405030499999986
1.6250000000000009,0.6389743699999989
1.6260000000000012,0.6377162899999991
1.6270000000000011,0.6370767999999994
1.628000000000001,0.6366926399999999
1.629000000000001,0.6365232413158683
1.6300000000000012,0.6364364000000001
1.6310000000000011,0.6365103700000001
1.6320000000000008,0.6366266600000001
1.633000000000001,0.6367143400000002
1.6340000000000012,0.6367871299170085
1.6350000000000011,0.6368863000000001
1.6360000000000008,0.63698882
1.637000000000001,0.63703281
1.6380000000000012,0.6370585599999999
1.6390000000000011,0.6369605198040195
1.6400000000000008,0.6368394499999998
1.641000000000001,0.6366378099999997
1.6420000000000012,0.6364231699999995
1.6430000000000011,0.6360101699999996
1.6440000000000008,0.6355667543415654
1.645000000000001,0.6349744199999995
1.6460000000000012,0.6343617399999991
1.6470000000000011,0.6336575199999991
1.6480000000000008,0.6329391599999991
1.649000000000001,0.6319182499999991
1.6500000000000012,0.6308787499999987
1.6510000000000011,0.6298605199999989
1.6520000000000008,0.6288147599999985
1.653000000000001,0.6274442699999988
1.6540000000000012,0.6260569699999984
1.6550000000000011,0.6246026199999983
1.6560000000000008,0.6231100599999979
1.657000000000001,0.6213108912278755
1.6580000000000013,0.6195231699999981
1.6590000000000011,0.6178582299999981
1.6600000000000008,0.6161586599999979
1.661000000000001,0.6142968499999985
1.6620000000000013,0.6124986063073675
1.6630000000000011,0.6109616799999982
1.6640000000000008,0.6093798899999985
1.665000000000001,0.6076719199999986
1.6660000000000013,0.6060171099999979
1.6670000000000011,0.6045029514158569
1.6680000000000008,0.6028659299999983
1.669000000000001,0.6009514299999983
1.6700000000000013,0.5990310299999975
1.6710000000000012,0.5970997199999976
1.6720000000000008,0.5949073792340743
1.673000000000001,0.5922905199999977
1.6740000000000013,0.5896078899999969
1.6750000000000012,0.5868312099999963
1.6760000000000008,0.5834513299999955
1.677000000000001,0.579341229999995
1.6780000000000013,0.5748171199999944
1.6790000000000012,0.5698640899999925
1.6800000000000008,0.5630147927567164
1.681000000000001,0.5545423599999912
1.6820000000000013,0.5446823799999856
1.6830000000000012,0.5338215199999845
1.6840000000000008,0.5197836799999858
1.685000000000001,0.5038136866823166
1.6860000000000013,0.4877805099999786
1.6870000000000012,0.4717151499999769
1.6880000000000008,0.4543983599999841
1.689000000000001,0.436548799999987
1.6900000000000013,0.421938960983883
1.6910000000000012,0.4083653999999845
1.6920000000000008,0.3966602399999875
1.693000000000001,0.3854004699999938
1.6940000000000013,0.3783948999999917
1.6950000000000012,0.3721466648235097
1.6960000000000008,0.3671530199999946
1.697000000000001,0.3622882099999957
1.6980000000000013,0.3583936099999957
1.6990000000000012,0.35453262999999496
1.7000000000000008,0.3499618199999949
1.701000000000001,0.3453668399999956
1.7020000000000013,0.34141933999999474
1.7030000000000012,0.3374650653024654
1.7040000000000008,0.333718089999996
1.705000000000001,0.330137309999998
1.7060000000000013,0.3278421799999971
1.7070000000000012,0.325671879999998
1.7080000000000009,0.3241383771512832
1.709000000000001,0.32270988999999906
1.7100000000000013,0.32165747999999833
1.7110000000000012,0.3204125799999977
1.7120000000000009,0.3186545399999977
1.713000000000001,0.31662869258473936
1.7140000000000013,0.31405996999999586
1.7150000000000012,0.3109298099999955
1.7160000000000009,0.30688625999999536
1.717000000000001,0.3027019499999952
1.7180000000000013,0.2983465355414403
1.7190000000000012,0.2935533199999942
1.7200000000000009,0.28829261999999456
1.721000000000001,0.283415499999995
1.7220000000000013,0.27886798999999396
1.7230000000000012,0.274356249999995
1.7240000000000009,0.2698558299999961
1.725000000000001,0.2663192999999973
1.7260000000000013,0.2632958299999971
1.7270000000000012,0.26114624999999764
1.7280000000000009,0.25935145999999965
1.729000000000001,0.25897112000000005
1.730000000000001,0.2590305500000025
1.7310000000000012,0.2609188802799747
1.7320000000000009,0.263221680000004
1.733000000000001,0.26684356000000337
1.734000000000001,0.270671520000008
1.7350000000000012,0.2766710200000069
1.7360000000000009,0.2828613443625713
1.737000000000001,0.2893049700000073
1.738000000000001,0.2958789200000088
1.7390000000000012,0.3037942100000087
1.7400000000000009,0.31166130000000786
1.741000000000001,0.3187625198780197
1.742000000000001,0.3260403600000105
1.7430000000000012,0.3339330600000084
1.7440000000000009,0.341475220000007
1.745000000000001,0.3477981700000056
1.746000000000001,0.354069972819726
1.7470000000000012,0.360185680000007
1.7480000000000009,0.3654207900000033
1.749000000000001,0.3691205400000025
1.750000000000001,0.37191287000000217
1.7510000000000012,0.3735207000000004
1.7520000000000011,0.3738006399999986
1.753000000000001,0.3727435799999977
1.7540000000000011,0.3700936419977948
1.7550000000000012,0.36621361999999397
1.7560000000000011,0.36170711999999455
1.7570000000000008,0.35681646999999395
1.7580000000000011,0.3513846999999924
1.7590000000000012,0.34568723177981703
1.7600000000000011,0.3414050299999957
1.7610000000000008,0.3375259599999976
1.7620000000000011,0.33533098999999705
1.7630000000000012,0.33344477000000083
1.7640000000000011,0.3341739370832925
1.7650000000000008,0.3351802200000041
1.7660000000000011,0.3388987800000052
1.7670000000000012,0.3427667300000067
1.7680000000000011,0.3477487300000058
1.7690000000000008,0.3529390309699085
1.7700000000000014,0.3594915600000086
1.7710000000000012,0.3659468600000079
1.7720000000000011,0.371864710000008
1.7730000000000008,0.3778590600000055
1.7740000000000014,0.3840124300000076
1.7750000000000012,0.3897267300000065
1.7760000000000011,0.3945444800000053
1.7770000000000008,0.39936417000000535
1.7780000000000014,0.4041832100000057
1.7790000000000012,0.4084374000000041
1.7800000000000011,0.41209289000000393
1.7810000000000008,0.415686910000004
1.7820000000000014,0.4192374543415698
1.7830000000000013,0.4220808700000027
1.7840000000000011,0.4245363200000024
1.7850000000000008,0.4266534700000022
1.7860000000000014,0.4286454300000015
1.7870000000000013,0.4297660004229588
1.7880000000000011,0.4306702300000003
1.7890000000000008,0.43097401000000013
1.7900000000000014,0.43119361999999933
1.7910000000000013,0.43076821999999937
1.7920000000000011,0.43029861696030347
1.7930000000000008,0.42949217999999934
1.7940000000000014,0.4287113199999993
1.7950000000000013,0.4281885899999993
1.7960000000000012,0.4276710499999994
1.7970000000000008,0.4271421628887106
1.7980000000000014,0.4266753799999995
1.7990000000000013,0.4262966199999996
1.8000000000000012,0.4259247499999996
1.8010000000000008,0.4255072799999995
1.8020000000000012,0.4250904899999993
1.8030000000000013,0.4246694699999995
1.8040000000000007,0.4242145999999993
1.8050000000000008,0.4235777352564735
1.8060000000000012,0.4227302999999989
1.8070000000000013,0.4218740199999987
1.8080000000000007,0.4209302099999989
1.8090000000000008,0.4198833399999988
1.8100000000000012,0.4185263598750106
1.8110000000000013,0.4171251099999981
1.8120000000000007,0.4157172999999981
1.8130000000000008,0.4143103999999987
1.8140000000000012,0.41282486999999785
1.8150000000000013,0.4111985126357344
1.8160000000000007,0.4096632599999981
1.8170000000000008,0.4082623699999985
1.8180000000000012,0.4069331299999984
1.8190000000000013,0.4057321299999985
1.8200000000000007,0.4046268105319454
1.8210000000000008,0.40391385999999935
1.8220000000000012,0.4033127399999993
1.8230000000000013,0.40286120999999975
1.8240000000000007,0.4025925999999999
1.8250000000000008,0.4024783400000001
1.8260000000000012,0.4025508800000003
1.8270000000000013,0.40273833000000064
1.8280000000000007,0.40323331848115257
1.8290000000000008,0.40381813000000105
1.8300000000000012,0.4047052600000013
1.8310000000000013,0.4056805400000018
1.8320000000000007,0.4070400900000021
1.8330000000000009,0.4085932461573861
1.8340000000000012,0.4101548200000021
1.8350000000000013,0.41176507000000223
1.8360000000000007,0.4134501500000025
1.8370000000000009,0.4152969700000019
1.8380000000000012,0.417011118585144
1.8390000000000013,0.4184158400000018
1.8400000000000007,0.4197841300000014
1.8410000000000009,0.4210702200000014
1.8420000000000012,0.42231286000000173
1.8430000000000013,0.4234776235236491
1.8440000000000007,0.4246201800000014
1.8450000000000009,0.4258947700000015
1.8460000000000012,0.4273099300000024
1.8470000000000013,0.4288029700000022
1.8480000000000008,0.430483190000002
1.8490000000000009,0.4323030400000028
1.8500000000000012,0.43476295000000337
1.8510000000000013,0.4372905200000036
1.8520000000000008,0.4400067600000037
1.8530000000000009,0.4428097600000028
1.8540000000000012,0.4459977700000047
1.855000000000001,0.4495374300000045
1.8560000000000008,0.4528634984171619
1.8570000000000009,0.4559476700000034
1.8580000000000012,0.4590205800000042
1.859000000000001,0.4621293800000039
1.8600000000000008,0.4650761800000025
1.8610000000000009,0.4672906039946029
1.8620000000000012,0.4693305500000025
1.863000000000001,0.4708985100000014
1.8640000000000008,0.47222227000000105
1.8650000000000009,0.4731155300000004
1.8660000000000012,0.4734823933136692
1.867000000000001,0.47377795
1.8680000000000008,0.4737817600000001
1.8690000000000009,0.4738734700000003
1.8700000000000012,0.4741107200000003
1.871000000000001,0.4743718238896114
1.8720000000000008,0.4747869100000006
1.8730000000000009,0.4752295300000004
1.8740000000000012,0.4756919400000006
1.875000000000001,0.4761448500000005
1.8760000000000008,0.4765332900000005
1.877000000000001,0.4768880600000003
1.8780000000000012,0.4771486800000001
1.8790000000000011,0.4771907599050095
1.8800000000000008,0.4771898099999996
1.881000000000001,0.4769127999999997
1.8820000000000012,0.4766135799999993
1.8830000000000011,0.4761659199999993
1.8840000000000008,0.4756398306119379
1.885000000000001,0.474845949999999
1.8860000000000012,0.4738872899999984
1.8870000000000011,0.4728381599999982
1.8880000000000008,0.4716725599999986
1.889000000000001,0.4703708101749811
1.8900000000000012,0.4686225999999973
1.8910000000000011,0.4669418899999978
1.8920000000000008,0.4652889099999978
1.893000000000001,0.4636533299999982
1.8940000000000012,0.4620553397990177
1.8950000000000011,0.4605359699999987
1.8960000000000008,0.4595665299999992
1.897000000000001,0.4589824399999998
1.8980000000000012,0.4588188800000005
1.8990000000000011,0.4592397800000007
1.9000000000000008,0.4597879900000014
1.9010000000000007,0.4608610900000012
1.9020000000000012,0.4619608800000025
1.9030000000000011,0.463555810000002
1.9040000000000008,0.4650516800000013
1.9050000000000007,0.4662042000000012
1.9060000000000012,0.4672398600000012
1.9070000000000011,0.4679928961063902
1.9080000000000013,0.4685539600000002
1.9090000000000007,0.4687854899999998
1.9100000000000013,0.4685795899999993
1.9110000000000011,0.4681571099999986
1.9120000000000013,0.4671147641195868
1.9130000000000007,0.4660559599999984
1.9140000000000013,0.46458532999999796
1.9150000000000011,0.4630797199999975
1.9160000000000013,0.4611884399999974
1.9170000000000007,0.4592357152724707
1.9180000000000013,0.4573230399999975
1.9190000000000011,0.4554303899999975
1.9200000000000013,0.4535491499999975
1.9210000000000007,0.4516678999999983
1.9220000000000013,0.4500964371462831
1.9230000000000012,0.4491152799999989
1.9240000000000013,0.4482448099999998
1.9250000000000007,0.4481022699999999
1.9260000000000013,0.4479890500000007
1.9270000000000012,0.4484377500000009
1.9280000000000013,0.4490205300000011
1.9290000000000007,0.45005578000000135
1.9300000000000013,0.4512802646105406
1.9310000000000012,0.4524263700000015
1.9320000000000013,0.4535178500000014
1.9330000000000007,0.4546009300000013
1.9340000000000013,0.4557030500000013
1.9350000000000012,0.4566696518718136
1.9360000000000013,0.4571883700000007
1.9370000000000007,0.4577104200000004
1.9380000000000013,0.4580059600000003
1.9390000000000012,0.4582698900000002
1.9400000000000013,0.4584024667423259
1.9410000000000007,0.45848167
1.9420000000000013,0.4584565799999998
1.9430000000000012,0.4583546799999999
1.9440000000000013,0.4582549599999999
1.9450000000000007,0.4581512603699629
1.9460000000000013,0.4579929999999996
1.9470000000000012,0.4576930399999996
1.9480000000000013,0.4574153099999997
1.9490000000000007,0.4571545699999997
1.9500000000000013,0.4569190099999998
1.9510000000000012,0.4567770099999998
1.9520000000000013,0.4566727300000001
1.9530000000000007,0.456710261511849
1.9540000000000013,0.4568253800000003
1.9550000000000012,0.4570561900000005
1.9560000000000013,0.4574124200000005
1.9570000000000007,0.4578189000000008
1.9580000000000013,0.4583524456554354
1.9590000000000012,0.4589090000000009
1.9600000000000013,0.4595809000000009
1.9610000000000007,0.4602212600000008
1.9620000000000013,0.4608004400000008
1.9630000000000012,0.4613379562483761
1.9640000000000013,0.4617357600000005
1.9650000000000007,0.4620747900000002
1.9660000000000013,0.4622689200000002
1.9670000000000012,0.46235615
1.9680000000000013,0.4623661889961005
1.9690000000000007,0.4622676699999999
1.9700000000000013,0.4621016099999995
1.9710000000000012,0.4617886199999994
1.9720000000000013,0.4614342499999992
1.9730000000000008,0.4608468999999994
1.9740000000000013,0.4602830099999991
1.9750000000000012,0.4597140799999993
1.9760000000000013,0.4591303799999991
1.9770000000000008,0.4584612299999991
1.978000000000001,0.4577691899999992
1.9790000000000012,0.4571614299999993
1.980000000000001,0.4566342499999994
1.9810000000000008,0.4561954988181178
1.982000000000001,0.4558836799999997
1.9830000000000012,0.4556682100000001
1.984000000000001,0.45571256
1.9850000000000008,0.4557586300000002
1.986000000000001,0.4559590672092793
1.9870000000000012,0.4561311600000002
1.988000000000001,0.4562762700000002
1.9890000000000008,0.4564140400000001
1.990000000000001,0.4565116200000001
1.9910000000000012,0.4565507760843916
1.992000000000001,0.4563912699999996
1.9930000000000008,0.4560695299999995
1.994000000000001,0.455598289999999
1.9950000000000012,0.45490386999999893
1.996000000000001,0.4541465457324258
1.9970000000000008,0.4531817999999986
1.9980000000000016,0.4521148799999979
1.9990000000000012,0.450574099999998
2.0000000000000013,0.4490707499999981
2.001000000000001,0.4476235563037376
2.0020000000000016,0.4461865936962586
2.003000000000001,0.444674819999998
2.0040000000000013,0.4431543086312721
2.005000000000001,0.4417406213687248
2.0060000000000016,0.4404024499999976
2.007000000000001,0.43901341999999743
2.0080000000000013,0.4375818661207744
2.009000000000001,0.4363430738792229
2.0100000000000016,0.43550857999999865
2.011000000000001,0.4347485823465301
2.0120000000000013,0.4343720476534687
2.013000000000001,0.43408114000000025
2.0140000000000016,0.43428683565786896
2.015000000000001,0.4346434143421321
2.0160000000000013,0.4357403800000018
2.017000000000001,0.4371155800000024
2.0180000000000016,0.4388719103179397
2.019000000000001,0.44087508968206657
2.0200000000000014,0.4430915100000033
2.021000000000001,0.4455430325075011
2.0220000000000016,0.4477681074925048
2.023000000000001,0.4495941400000023
2.0240000000000014,0.45132676635773
2.025000000000001,0.4525903436422729
2.0260000000000016,0.4537049200000006
2.027000000000001,0.4540349500000005
2.0280000000000014,0.454325410953905
2.029000000000001,0.4541928799999997
2.0300000000000016,0.4539929299999994
2.031000000000001,0.4536477782283536
2.0320000000000014,0.453230061771645
2.0330000000000013,0.4527651699999993
2.0340000000000016,0.4522695273085374
2.035000000000001,0.4517426126914609
2.0360000000000014,0.4511572999999993
2.0370000000000013,0.4505735890701853
2.0380000000000016,0.4499642909298132
2.039000000000001,0.4493760199999993
2.0400000000000014,0.44887449999999934
2.0410000000000013,0.4483917052359524
2.0420000000000016,0.4480440647640467
2.043000000000001,0.4477850800000001
2.0440000000000014,0.4478552790012
2.0450000000000013,0.4480452909988004
2.0460000000000016,0.4484217500000009
2.047000000000001,0.4489142046160777
2.0480000000000014,0.4495603653839242
2.0490000000000013,0.4503658100000011
2.0500000000000016,0.4512290100000017
2.051000000000001,0.4521845544455569
2.0520000000000014,0.453071920000001
2.0530000000000013,0.453800380000001
2.0540000000000016,0.4544900598280352
2.055000000000001,0.4549883401719664
2.0560000000000014,0.4554293200000003
2.0570000000000013,0.4556203692451512
2.0580000000000016,0.4558128207548493
2.059000000000001,0.4559710600000002
2.0600000000000014,0.4561235425924817
2.0610000000000013,0.4562494674075186
2.0620000000000016,0.4563806400000005
2.063000000000001,0.4566677800000006
2.0640000000000014,0.4571224933473311
2.0650000000000013,0.4575559666526701
2.0660000000000016,0.4579636200000009
2.067000000000001,0.4584226562077593
2.0680000000000014,0.4589847337922424
2.0690000000000013,0.4595007300000006
2.0700000000000016,0.4599348152249557
2.071000000000001,0.4603870647750457
2.0720000000000014,0.4608620700000007
2.0730000000000013,0.4613571800000007
2.0740000000000016,0.4618861963323677
2.075000000000001,0.46244952000000106
2.0760000000000014,0.4632163300000012
2.0770000000000013,0.4641147388012409
2.0780000000000016,0.4651027511987618
2.079000000000001,0.4661574700000016
2.0800000000000014,0.4673345831893642
2.0810000000000013,0.4686664768106398
2.0820000000000016,0.4698460400000017
2.083000000000001,0.4707741958138386
2.0840000000000014,0.4716323341861641
2.0850000000000013,0.4722122600000007
2.0860000000000016,0.4727266100000002
2.087000000000001,0.4728587084293143
2.0880000000000014,0.47294300157068603
2.0890000000000013,0.4727881599999998
2.0900000000000016,0.4726177032863425
2.091000000000001,0.472450566713657
2.0920000000000014,0.4723359
2.0930000000000013,0.4723371975234954
2.0940000000000016,0.4724124324765048
2.095000000000001,0.4726031100000004
2.0960000000000014,0.4729081700000005
2.0970000000000013,0.47322622810419
2.0980000000000016,0.4736072700000005
2.099000000000001,0.4739674000000004
2.1000000000000014,0.4742613709318141
2.1010000000000013,0.4745706890681869
2.1020000000000016,0.4748819800000005
2.103000000000001,0.4751606185722858
2.104000000000001,0.4753463414277148
2.1050000000000013,0.4755593500000005
2.1060000000000016,0.4759055477224561
2.107000000000001,0.476282772277545
2.108000000000001,0.4766480300000006
2.1090000000000013,0.4770679500000009
2.1100000000000017,0.4777471961887636
2.111000000000001,0.478609083811239
2.112000000000001,0.4796729700000016
2.1130000000000013,0.480936291228756
2.1140000000000017,0.482448578771248
2.115000000000001,0.4843305300000024
2.116000000000001,0.4861579805338961
2.1170000000000013,0.4879633194661095
2.1180000000000017,0.4898904900000031
2.119000000000001,0.4921642200000029
2.120000000000001,0.4943234633403349
2.1210000000000013,0.4961568666596708
2.1220000000000017,0.4979381000000027
2.1230000000000016,0.4995079872655493
2.124000000000001,0.5009806427344553
2.1250000000000013,0.5019651100000011
2.1260000000000017,0.5028028569996013
2.1270000000000016,0.5034728530004009
2.128000000000001,0.5039994700000002
2.1290000000000013,0.5041355896070783
2.1300000000000017,0.5039316603929211
2.1310000000000016,0.5034029499999984
2.132000000000001,0.5024946899999984
2.1330000000000013,0.501537870688861
2.1340000000000017,0.5004447593111362
2.1350000000000016,0.499200819999997
2.136000000000001,0.497478141506696
2.1370000000000013,0.4957932084932988
2.1380000000000017,0.494096039999997
2.1390000000000016,0.4923853016326706
2.140000000000001,0.4906016283673239
2.1410000000000013,0.488894549999998
2.1420000000000017,0.4873932899999976
2.1430000000000016,0.4860157020115961
2.144000000000001,0.4850358179884008
2.1450000000000014,0.4842420499999995
2.1460000000000017,0.4838652441041789
2.1470000000000016,0.4837062858958206
2.148000000000001,0.4837739500000003
2.1490000000000014,0.4840417601979609
2.1500000000000017,0.4844437398020402
2.1510000000000016,0.4849726300000009
2.152000000000001,0.4854642200000008
2.1530000000000014,0.4859404723747632
2.1540000000000017,0.4864348500000008
2.1550000000000016,0.4869068300000009
2.156000000000001,0.487362596357729
2.1570000000000014,0.4877261736422721
2.1580000000000017,0.4880664600000004
2.1590000000000016,0.4882708130443915
2.160000000000001,0.4885012569556092
2.1610000000000014,0.4887456300000003
2.1620000000000017,0.4890009111607682
2.1630000000000016,0.4892125188392325
2.164000000000001,0.4894007700000001
2.1650000000000014,0.48948926
2.1660000000000017,0.489513449374125
2.1670000000000016,0.4894071906258747
2.168000000000001,0.4891269199999991
2.1690000000000014,0.4884059468666253
2.1700000000000017,0.4872746131333716
2.1710000000000016,0.4859007299999969
2.172000000000001,0.4841559773795207
2.1730000000000014,0.4820297726204728
2.1740000000000017,0.47929119999999503
2.1750000000000016,0.4764539899999945
2.176000000000001,0.4733663887601194
2.1770000000000014,0.4701245399999949
2.1780000000000017,0.4663079999999937
2.1790000000000016,0.4627540594671021
2.180000000000001,0.4599487305328893
2.1810000000000014,0.4571673599999968
2.1820000000000017,0.4546932766726619
2.1830000000000016,0.4524600033273312
2.184000000000001,0.4513636499999989
2.1850000000000014,0.4505042760797837
2.1860000000000017,0.4502650739202155
2.1870000000000016,0.4502467800000006
2.188000000000001,0.4505803300000006
2.1890000000000014,0.4510604381423722
2.1900000000000017,0.4516418618576296
2.1910000000000016,0.4522448800000007
2.192000000000001,0.4526075525924817
2.1930000000000014,0.4527334774075187
2.1940000000000017,0.4527347099999997
2.1950000000000016,0.4525467988322334
2.196000000000001,0.4524351211677662
2.1970000000000014,0.4524174000000001
2.1980000000000017,0.4524459200000003
2.1990000000000016,0.4526407940805924
2.200000000000001,0.4528816000000006
2.2010000000000014,0.4533199400000005
2.2020000000000017,0.4537328642951417
2.2030000000000016,0.4541758157048597
2.204000000000001,0.4545301500000001
2.2050000000000014,0.4546067076074785
2.2060000000000017,0.4545827823925215
2.2070000000000016,0.4540978099999989
2.208000000000001,0.4534973117586466
2.2090000000000014,0.4525148982413503
2.2100000000000017,0.4513700299999972
2.2110000000000016,0.44980978999999705
2.212000000000001,0.4481239766506672
2.2130000000000014,0.4464904833493277
2.2140000000000017,0.4448666599999971
2.2150000000000016,0.4432289497580458
2.216000000000001,0.4416265302419492
2.2170000000000014,0.4401882899999983
2.2180000000000017,0.4389201405698841
2.2190000000000016,0.4377258394301122
2.220000000000001,0.43664893999999865
2.2210000000000014,0.4356586899999989
2.2220000000000018,0.4348141738436141
2.2230000000000016,0.4338526099999985
2.224000000000001,0.4326773599999985
2.2250000000000014,0.43155871761047626
2.2260000000000018,0.4305348223895201
2.2270000000000016,0.429355799999997
2.228000000000001,0.42767252068186107
2.229000000000001,0.426079339318134
2.2300000000000018,0.42466949999999737
2.2310000000000016,0.4231971593201332
2.232000000000001,0.4214903606798615
2.233000000000001,0.4198472799999981
2.2340000000000018,0.4184388199999975
2.2350000000000017,0.417030486363725
2.236000000000001,0.4155941236362706
2.237000000000001,0.4141599799999983
2.2380000000000018,0.4128531055918795
2.2390000000000017,0.4115090244081164
2.240000000000001,0.4098261899999975
2.241000000000001,0.4079451796170732
2.2420000000000018,0.4058413503829193
2.2430000000000017,0.4035016899999961
2.244000000000001,0.4005571299999954
2.245000000000001,0.39708424875524295
2.2460000000000018,0.3933718012447439
2.2470000000000017,0.3892625299999912
2.2480000000000016,0.3843381455588786
2.249000000000001,0.3783937344411029
2.2500000000000018,0.3722849499999885
2.2510000000000017,0.3657794159398004
2.2520000000000016,0.3585388140601771
2.253000000000001,0.3498847499999889
2.2540000000000022,0.34149497394019895
2.2550000000000017,0.333434376059776
2.2560000000000016,0.324797359999982
2.257000000000001,0.3146739899999826
2.2580000000000022,0.3048587645750704
2.2590000000000017,0.2958045154249015
2.2600000000000016,0.2864107199999814
2.261000000000001,0.2759512933153205
2.2620000000000022,0.2657844466846433
2.2630000000000017,0.2567737399999837
2.2640000000000016,0.2476202796750495
2.265000000000001,0.23801703032492064
2.2660000000000022,0.2286593899999859
2.2670000000000017,0.22072977999998625
2.2680000000000016,0.2129770399240028
2.269000000000001,0.2052762800759733
2.2700000000000022,0.19791660999999008
2.2710000000000017,0.19232073848329545
2.2720000000000016,0.1874055715166893
2.273000000000001,0.18329266999999524
2.2740000000000022,0.17973871609577707
2.2750000000000017,0.17739967390421565
2.2760000000000016,0.17579520999999804
2.277000000000001,0.1746944599999988
2.2780000000000022,0.17402229721627707
2.2790000000000017,0.17372315000000005
2.2800000000000016,0.17374925000000022
2.281000000000001,0.17387005432813474
2.2820000000000022,0.1741133356718661
2.2830000000000017,0.1742698000000001
2.2840000000000016,0.1743541658878227
2.285000000000001,0.1745130441121778
2.2860000000000023,0.1747687000000006
2.2870000000000017,0.17510823921815716
2.2880000000000016,0.17560042078184435
2.289000000000001,0.1760931000000007
2.2900000000000023,0.17661403000000056
2.2910000000000017,0.1769219477004597
2.2920000000000016,0.1767989522995399
2.293000000000001,0.1763804399999983
2.2940000000000023,0.17511044212957172
2.2950000000000017,0.1736317378704237
2.2960000000000016,0.17131426999999527
2.297000000000001,0.16866066694960327
2.2980000000000023,0.16443016305038172
2.2990000000000017,0.16028451999999224
2.3000000000000016,0.15591443999999186
2.301000000000001,0.15132679876411673
2.3020000000000023,0.14569343999999013
2.3030000000000017,0.14012713999999035
2.3040000000000016,0.13468947381722754
2.305000000000001,0.12912764618275513
2.3060000000000023,0.12298190999998937
2.3070000000000017,0.11700688874424307
2.3080000000000016,0.11199433125574136
2.309000000000001,0.10729816999999517
2.3100000000000023,0.10368089753848743
2.3110000000000017,0.10065628246150184
2.3120000000000016,0.099796236
2.313000000000001,0.09979839600000298
2.3140000000000023,0.10203500707758943
2.3150000000000017,0.10510578292242148
2.3160000000000016,0.10942154000000874
2.317000000000001,0.11434452382824392
2.3180000000000023,0.12028280617177715
2.3190000000000017,0.12657568000001035
2.3200000000000016,0.13240837461808547
2.321000000000001,0.13805455538193204
2.3220000000000023,0.1436889900000097
2.3230000000000017,0.14915918000000805
2.3240000000000016,0.15368419318268808
2.325000000000001,0.1576160200000052
2.3260000000000023,0.16150559000000658
2.3270000000000017,0.16521066870026474
2.3280000000000016,0.16819767129974453
2.329000000000001,0.1705389200000026
2.3300000000000023,0.17248564634973307
2.3310000000000017,0.17394914365027278
2.3320000000000016,0.17492616000000066
2.333000000000001,0.1753073638262345
2.3340000000000023,0.17514562617376495
2.3350000000000017,0.17426709999999776
2.3360000000000016,0.17299660999999664
2.337000000000001,0.1711234835642835
2.3380000000000023,0.16885912643570847
2.3390000000000017,0.16601150999999498
2.3400000000000016,0.1631878815176918
2.341000000000001,0.16030305848229925
2.3420000000000023,0.1573773799999947
2.3430000000000017,0.15439539265246505
2.3440000000000016,0.15162191734752636
2.345000000000001,0.14920456999999665
2.3460000000000023,0.1466878799999954
2.3470000000000018,0.1441052637506213
2.3480000000000016,0.1418427699999978
2.349000000000001,0.14018949999999808
2.350000000000002,0.13874632460107802
2.3510000000000018,0.13789233539891854
2.3520000000000016,0.13734147000000052
2.353000000000001,0.13764209114477202
2.354000000000002,0.13825353885523015
2.3550000000000018,0.13982791000000291
2.3560000000000016,0.141471250336936
2.357000000000001,0.14357461966307053
2.358000000000002,0.145685670000004
2.3590000000000018,0.14795044000000382
2.3600000000000017,0.15011106013697567
2.361000000000001,0.15201242986303026
2.362000000000002,0.15385002000000272
2.3630000000000018,0.1553814304949033
2.3640000000000017,0.1567863795051011
2.365000000000001,0.15760301000000107
2.366000000000002,0.15841809658968325
2.3670000000000018,0.15898399341031902
2.3680000000000017,0.1595039800000003
2.369000000000001,0.15974195000000022
2.370000000000002,0.15991744588982176
2.3710000000000018,0.1597763441101777
2.3720000000000017,0.15950577999999846
2.3730000000000016,0.15861502909317973
2.374000000000002,0.15760596090681667
2.3750000000000018,0.15581808999999705
2.3760000000000017,0.15416041767046362
2.3770000000000016,0.15273712232953196
2.378000000000002,0.15131753999999767
2.3790000000000022,0.1500047407578465
2.3800000000000017,0.1488123192421498
2.3810000000000016,0.14823843999999886
2.382000000000002,0.14760168999999868
2.3830000000000022,0.14699712038592205
2.3840000000000017,0.14650097961407646
2.3850000000000016,0.14649465999999975
2.386000000000002,0.14636100621175674
2.3870000000000022,0.14592312378824152
2.3880000000000017,0.14544788999999878
2.3890000000000016,0.1447653655648858
2.390000000000002,0.14402101443511153
2.3910000000000022,0.14294269999999826
2.3920000000000017,0.14196493999999893
2.3930000000000016,0.14135083507298435
2.394000000000002,0.14070156492701336
2.3950000000000022,0.1400400499999988
2.3960000000000017,0.13936449966006698
2.3970000000000016,0.1387611003399311
2.398000000000002,0.13806512999999812
2.3990000000000022,0.13699803140371766
2.4000000000000017,0.1360120685962793
2.4010000000000016,0.1352559499999989
2.402000000000001,0.13463608999999993
2.4030000000000022,0.13458617499150075
2.4040000000000017,0.13476095000000188
2.4050000000000016,0.1358263000000021
2.406000000000002,0.13702018515197384
2.4070000000000022,0.13907170484803436
2.4080000000000017,0.14124712000000506
2.4090000000000016,0.14407845326735094
2.410000000000001,0.14681112673265756
2.4110000000000023,0.14939699000000392
2.4120000000000017,0.1516064078074396
2.4130000000000016,0.1522844821925625
2.414000000000002,0.15282168999999907
2.4150000000000023,0.15228656999999887
2.4160000000000017,0.15163828901319526
2.4170000000000016,0.1503284209868007
2.418000000000001,0.14890080999999708
2.4190000000000023,0.14670309359527775
2.4200000000000017,0.14473904640471613
2.4210000000000016,0.14340492999999788
2.422000000000002,0.14219849739052062
2.4230000000000023,0.14157240260947687
2.4240000000000017,0.1410739600000004
2.4250000000000016,0.14131327000000088
2.426000000000001,0.14181639968703205
2.4270000000000023,0.14327179000000215
2.4280000000000017,0.14448072000000167
2.4290000000000016,0.14541965697760573
2.430000000000002,0.146189433022397
2.4310000000000023,0.14635158999999962
2.4320000000000017,0.1461342355738834
2.4330000000000016,0.14498997442611306
2.434000000000001,0.14370581999999738
2.4350000000000023,0.1417187963057359
2.4360000000000017,0.1398818536942576
2.4370000000000016,0.13817746999999705
2.438000000000002,0.13652568999999726
2.4390000000000023,0.13498041331133584
2.4400000000000017,0.13381352668866
2.4410000000000016,0.13355121000000064
2.442000000000001,0.13391810851230027
2.4430000000000023,0.1356032314877057
2.4440000000000017,0.13765492000000512
2.4450000000000016,0.1405420279814087
2.446000000000002,0.14362184201860226
2.4470000000000023,0.14718191000000572
2.4480000000000017,0.15039620000000492
2.4490000000000016,0.15314944785921808
2.450000000000001,0.15562804000000247
2.4510000000000023,0.15748699000000213
2.4520000000000017,0.15869346094081233
2.4530000000000016,0.15900286905918862
2.454000000000002,0.15887744999999873
2.4550000000000023,0.1581532558648255
2.4560000000000017,0.15741190413517153
2.4570000000000016,0.15652887999999776
2.458000000000001,0.15526365174164924
2.4590000000000023,0.15378106825834545
2.4600000000000017,0.15283496999999904
2.4610000000000016,0.15229637999999962
2.462000000000002,0.1520838277884427
2.4630000000000023,0.15226171221155804
2.4640000000000017,0.15338436000000333
2.4650000000000016,0.15525642631974002
2.466000000000001,0.15771962368026765
2.4670000000000023,0.1606807100000058
2.4680000000000017,0.1639499556138828
2.4690000000000016,0.16740609438612794
2.470000000000002,0.17147787000000772
2.4710000000000023,0.17582856000000602
2.4720000000000018,0.17921971329867567
2.4730000000000016,0.182652700000006
2.474000000000001,0.18712582000000635
2.475000000000002,0.19186628354629906
2.4760000000000018,0.19590174645371708
2.4770000000000016,0.19947740000000366
2.478000000000002,0.20156450402719794
2.479000000000002,0.20320477597280864
2.4800000000000018,0.20342931000000006
2.4810000000000016,0.2034422576954594
2.482000000000001,0.2025192123045377
2.483000000000002,0.20164760999999784
2.4840000000000018,0.20042439999999745
2.4850000000000017,0.1989643395780825
2.486000000000002,0.19776012042191327
2.487000000000002,0.19689548000000068
2.4880000000000018,0.1972641689712064
2.4890000000000017,0.19765388102879486
2.490000000000001,0.19788323000000152
2.491000000000002,0.19903663115577627
2.4920000000000018,0.20264818884423816
2.4930000000000017,0.20611970000000546
2.494000000000002,0.2102053800000072
2.495000000000002,0.21425760938713012
2.4960000000000018,0.2179514806128846
2.4970000000000017,0.2212128200000038
2.4980000000000016,0.22334844534693474
2.499000000000002,0.22590191465307435
2.5000000000000018,0.22802199
2.5010000000000017,0.22802199
2.502000000000002,0.22802199
2.503000000000002,0.22802199
2.5040000000000022,0.22802199
2.5050000000000017,0.22802199
2.5060000000000016,0.22802199
2.507000000000002,0.22802199
2.5080000000000022,0.22802199
2.5090000000000017,0.22802199
2.510000000000002,0.22802199
2.511000000000002,0.22802199
2.5120000000000022,0.22802199
2.5130000000000017,0.22802199
2.5140000000000016,0.22802199
2.515000000000002,0.22802199
2.5160000000000022,0.22802199
2.5170000000000017,0.22802199
2.518000000000002,0.22802199
2.519000000000002,0.22802199
2.5200000000000022,0.22802199
2.5210000000000017,0.22802199
2.5220000000000016,0.22802199
2.523000000000002,0.22802199
2.5240000000000022,0.22802199
2.5250000000000017,0.22802199
2.526000000000002,0.22802199
2.527000000000002,0.22802199
2.5280000000000022,0.22802199
2.5290000000000017,0.22802199
2.5300000000000016,0.22802199
2.531000000000002,0.22802199
2.5320000000000022,0.22802199
2.5330000000000017,0.22802199
2.534000000000002,0.22802199
2.535000000000002,0.22802199
2.5360000000000023,0.22802199
2.5370000000000017,0.22802199
2.5380000000000016,0.22802199
2.539000000000002,0.22802199
2.5400000000000023,0.22802199
2.5410000000000017,0.22802199
2.542000000000002,0.22802199
2.543000000000002,0.22802199
2.5440000000000023,0.22802199
2.5450000000000017,0.22802199
2.5460000000000016,0.22802199
2.547000000000002,0.22802199
2.5480000000000023,0.22802199
2.5490000000000017,0.22802199
2.550000000000002,0.22802199
2.551000000000002,0.22802199
2.5520000000000023,0.22802199
2.5530000000000017,0.22802199
2.5540000000000016,0.22802199
2.555000000000002,0.22802199
2.5560000000000023,0.22802199
2.5570000000000017,0.22802199
2.558000000000002,0.22802199
2.559000000000002,0.22802199
2.5600000000000023,0.22802199
2.5610000000000017,0.22802199
2.5620000000000016,0.22802199
2.563000000000002,0.22802199
2.5640000000000023,0.22802199
2.5650000000000017,0.22802199
2.566000000000002,0.22802199
2.567000000000002,0.22802199
2.5680000000000023,0.22802199
2.5690000000000017,0.22802199
2.5700000000000016,0.22802199
2.571000000000002,0.22802199
2.5720000000000023,0.22802199
2.5730000000000017,0.22802199
2.574000000000002,0.22802199
2.575000000000002,0.22802199
2.5760000000000023,0.22802199
2.5770000000000017,0.22802199
2.5780000000000016,0.22802199
2.579000000000002,0.22802199
2.5800000000000023,0.22802199
2.5810000000000017,0.22802199
2.582000000000002,0.22802199
2.583000000000002,0.22802199
2.5840000000000023,0.22802199
2.5850000000000017,0.22802199
2.5860000000000016,0.22802199
2.587000000000002,0.22802199
2.5880000000000023,0.22802199
2.5890000000000017,0.22802199
2.590000000000002,0.22802199
2.591000000000002,0.22802199
2.5920000000000023,0.22802199
2.5930000000000017,0.22802199
2.5940000000000016,0.22802199
2.595000000000002,0.22802199
2.5960000000000023,0.22802199
2.5970000000000018,0.22802199
2.598000000000002,0.22802199
2.599000000000002,0.22802199
