wave,Perylene
0.4,0.059683723590828186
0.401,0.059604313034049276
0.402,0.058507717965950674
0.40299999999999997,0.058310918999999975
0.40399999999999997,0.05798265628262717
0.405,0.056489545999999995
0.406,0.05690658703977914
0.407,0.055610564960220786
0.408,0.05350725905125904
0.409,0.05481238494874103
0.41,0.054236374999999976
0.411,0.05370491531459685
0.412,0.053800967000000005
0.413,0.05213216456535436
0.414,0.05228870000000002
0.415,0.0526090821813163
0.416,0.051127213818683535
0.417,0.051123962
0.418,0.050825721982400165
0.419,0.05047061700000005
0.42,0.05119348326651732
0.421,0.050820135
0.422,0.05051774891763165
0.423,0.05050951208236836
0.424,0.04966158342869144
0.425,0.0500044525713086
0.4260000000000001,0.050365495999999975
0.4270000000000001,0.04983053185047151
0.4280000000000001,0.05041557899999999
0.4290000000000001,0.05017559751514967
0.4300000000000001,0.049627112484850265
0.4310000000000001,0.05030454204440911
0.4320000000000001,0.05020898295559088
0.4330000000000001,0.050148617000000006
0.4340000000000001,0.050302524977440206
0.4350000000000001,0.050000269000000035
0.4360000000000001,0.0502052222899042
0.4370000000000001,0.050134212710095785
0.4380000000000001,0.04945980686409274
0.4390000000000001,0.0497462161359073
0.4400000000000001,0.04964638099999998
0.4410000000000001,0.04923302713353864
0.4420000000000001,0.04923621199999998
0.4430000000000001,0.048865490231195366
0.4440000000000001,0.048588609768804615
0.4450000000000001,0.04840007271142575
0.4460000000000001,0.047871215288574194
0.4470000000000001,0.047972851
0.4480000000000001,0.04797321899632003
0.4490000000000001,0.04747416800000002
0.4500000000000001,0.04783704028862424
0.4510000000000001,0.04806590271137578
0.4520000000000001,0.04835036918161642
0.4530000000000001,0.049268530818383685
0.4540000000000001,0.049775906000000085
0.4550000000000001,0.05051694058965415
0.4560000000000001,0.05148793000000002
0.4570000000000001,0.051919525062839415
0.4580000000000001,0.052825809000000085
0.4590000000000001,0.05358335138742226
0.4600000000000001,0.05372209361257775
0.4610000000000001,0.05421159
0.4620000000000001,0.05430768003909961
0.4630000000000001,0.05429208300000005
0.4640000000000001,0.05470385471197285
0.4650000000000001,0.054375051999999986
0.4660000000000001,0.05423001086089282
0.4670000000000001,0.05451610013910724
0.4680000000000001,0.05439816077043464
0.4690000000000001,0.05477520422956543
0.4700000000000001,0.05497109499999996
0.4710000000000001,0.05466886917927828
0.4720000000000001,0.055386797000000036
0.4730000000000001,0.055981948693166216
0.4740000000000001,0.05665126530683391
0.4750000000000001,0.05820951323502543
0.4760000000000001,0.05943301576497484
0.4770000000000001,0.06124102000000015
0.4780000000000001,0.06380786742743598
0.4790000000000001,0.06605061100000033
0.4800000000000001,0.06904012350668022
0.4810000000000001,0.07239079149332052
0.4820000000000001,0.07564582058727867
0.4830000000000001,0.0795045484127222
0.4840000000000001,0.0831895320000004
0.4850000000000001,0.08682221967312369
0.4860000000000001,0.09101665800000043
0.4870000000000001,0.09471337443231173
0.4880000000000001,0.09835660556768906
0.4890000000000001,0.10208193175726518
0.4900000000000001,0.10525765824273553
0.4910000000000001,0.10843056000000033
0.4920000000000001,0.11131276117798856
0.4930000000000001,0.11361735000000027
0.4940000000000001,0.11604357860801412
0.4950000000000001,0.11790438000000016
0.4960000000000001,0.11939269955160918
0.4970000000000001,0.12134786044839127
0.4980000000000001,0.12275638000000015
0.4990000000000001,0.12430930447075547
0.5000000000000001,0.12631109000000015
0.5010000000000001,0.12783564869677425
0.5020000000000001,0.12970532962501907
0.5030000000000001,0.13169283024998776
0.5040000000000001,0.13333448358353592
0.5050000000000001,0.13542129000000022
0.5060000000000001,0.1374761433098347
0.5070000000000001,0.1396416350352484
0.5080000000000001,0.14263849006240098
0.5090000000000001,0.14558171000000034
0.5100000000000001,0.14893800133471402
0.5110000000000001,0.1530714743580261
0.5120000000000001,0.15728937564197482
0.5130000000000001,0.16208080208562167
0.5140000000000001,0.16722099000000054
0.5150000000000001,0.17221283382927746
0.5160000000000001,0.17759575643077927
0.5170000000000001,0.182810115712815
0.5180000000000001,0.18777947030650394
0.5190000000000001,0.1931385996706975
0.5200000000000001,0.198105666770162
0.5210000000000001,0.20294417484475866
0.5220000000000001,0.20805417889987887
0.5230000000000001,0.2130208600000006
0.5240000000000001,0.21825995434494436
0.5250000000000001,0.2236944447440108
0.5260000000000001,0.2289316452559904
0.5270000000000001,0.2345342539738407
0.5280000000000001,0.24020013000000065
0.5290000000000001,0.24579974775977814
0.5300000000000001,0.2516877275071255
0.5310000000000001,0.25727129832858425
0.5320000000000001,0.2626351763612645
0.5330000000000001,0.2680339690077909
0.5340000000000001,0.27293474408049645
0.5350000000000001,0.2776387688792569
0.5360000000000001,0.28213874500030073
0.5370000000000001,0.2860920700000004
0.5380000000000001,0.28993481512220304
0.5390000000000001,0.293447021850308
0.5400000000000001,0.29650869876646196
0.5410000000000001,0.2995826592603931
0.5420000000000001,0.30229610000000023
0.5430000000000001,0.3047139481129946
0.5440000000000002,0.3071195978305089
0.5450000000000002,0.3092032883263835
0.5460000000000002,0.3112299100000002
0.5470000000000002,0.313219506473665
0.5480000000000002,0.3148668782170715
0.5490000000000002,0.3167777317829289
0.5500000000000002,0.3187952998242986
0.5510000000000002,0.3206777900000003
0.5520000000000002,0.3229913049256989
0.5530000000000002,0.3254838840785965
0.5540000000000002,0.3282865039476029
0.5550000000000002,0.3317844850200508
0.5560000000000002,0.33540106946099524
0.5570000000000002,0.3393471780811969
0.5580000000000002,0.3437512378782069
0.5590000000000002,0.34824082020830266
0.5600000000000002,0.35303801000000057
0.5610000000000002,0.3579963085004858
0.5620000000000002,0.3628463594772219
0.5630000000000002,0.3678202205227797
0.5640000000000002,0.3726925112771136
0.5650000000000002,0.37737465000000103
0.5660000000000002,0.381962053613637
0.5670000000000002,0.3861427293979307
0.5680000000000002,0.3901226604013805
0.5690000000000002,0.3941154400722015
0.5700000000000002,0.3977668659115597
0.5710000000000002,0.40135802157082223
0.5720000000000002,0.4049365626437685
0.5730000000000002,0.40841271523850536
0.5740000000000002,0.4121631400000009
0.5750000000000002,0.4160480890059907
0.5760000000000002,0.4199486897800097
0.5770000000000002,0.4239376902199921
0.5780000000000002,0.4276583127938286
0.5790000000000002,0.4311346700000007
0.5800000000000002,0.43449097828378347
0.5810000000000002,0.43740516008849606
0.5820000000000002,0.4400747766076702
0.5830000000000002,0.4425763800000005
0.5840000000000002,0.44486960465744696
0.5850000000000002,0.4473353489765517
0.5860000000000002,0.4497841765351737
0.5870000000000002,0.4520039378024564
0.5880000000000002,0.4542621700000005
0.5890000000000002,0.4565072944591896
0.5900000000000002,0.4589532281742917
0.5910000000000002,0.4618923712171398
0.5920000000000002,0.4650530183934845
0.5930000000000002,0.4685146862012626
0.5940000000000002,0.4721348061392937
0.5950000000000002,0.475441770791061
0.5960000000000002,0.478525098333584
0.5970000000000002,0.4812607800000006
0.5980000000000002,0.4836398945582461
0.5990000000000002,0.4860957160683577
0.6000000000000002,0.4883991339316433
0.6010000000000002,0.4905784482068825
0.6020000000000002,0.4928775400000005
0.6030000000000002,0.4948703292871861
0.6040000000000002,0.4967990488528576
0.6050000000000002,0.4987608107647622
0.6060000000000002,0.5002803648045483
0.6070000000000002,0.5018164652583528
0.6080000000000002,0.5033422959149045
0.6090000000000002,0.5046380411276439
0.6100000000000002,0.5061426049542993
0.6110000000000002,0.5076807100000004
0.6120000000000002,0.5091290045400456
0.6130000000000002,0.5105830092386308
0.6140000000000002,0.51204494076137
0.6150000000000002,0.51354770497235
0.6160000000000002,0.5150620300000003
0.6170000000000002,0.5164742803951043
0.6180000000000002,0.517994038969252
0.6190000000000002,0.5196263473538327
0.6200000000000002,0.5212020900000003
0.6210000000000002,0.5228815861243618
0.6220000000000002,0.5244940209118547
0.6230000000000002,0.5260396136322187
0.6240000000000002,0.5278312420836421
0.6250000000000002,0.5295073400000003
0.6260000000000002,0.5312350004507096
0.6270000000000002,0.533280067349933
0.6280000000000002,0.5351917317667121
0.6290000000000002,0.5372817290999914
0.6300000000000002,0.5396508000000007
0.6310000000000002,0.5421376191546429
0.6320000000000002,0.5450953512680371
0.6330000000000002,0.5484598827091279
0.6340000000000002,0.5520800400000009
0.6350000000000002,0.5559330399558007
0.6360000000000002,0.5599286232798697
0.6370000000000002,0.5640926167201321
0.6380000000000002,0.5683934869912711
0.6390000000000002,0.5723728500000009
0.6400000000000002,0.5762108372142454
0.6410000000000002,0.57993224921734
0.6420000000000002,0.5832394938551079
0.6430000000000002,0.5865042473524744
0.6440000000000002,0.5896691400017008
0.6450000000000002,0.5926693132468384
0.6460000000000002,0.5958316551297445
0.6470000000000002,0.5987931203854086
0.6480000000000002,0.6016145300000006
0.6490000000000002,0.6047556114531153
0.6500000000000002,0.6079009237290515
0.6510000000000002,0.6110873762709499
0.6520000000000002,0.6143145877278782
0.6530000000000002,0.6174620400000007
0.6540000000000002,0.6205886628298289
0.6550000000000002,0.62373015521554
0.6560000000000002,0.6269040065229746
0.6570000000000003,0.6300526585134859
0.6580000000000003,0.6329862181926827
0.6590000000000003,0.6358054912489383
0.6600000000000003,0.6388679381265946
0.6610000000000003,0.6417537611418237
0.6620000000000003,0.6444633000000006
0.6630000000000003,0.6470086823903485
0.6640000000000003,0.6492477139979006
0.6650000000000003,0.6513809773347338
0.6660000000000003,0.6533546802630031
0.6670000000000003,0.6550037300000003
0.6680000000000003,0.6565271235904206
0.6690000000000003,0.6577066446143696
0.6700000000000003,0.6585243136468366
0.6710000000000003,0.6592546100000001
0.6720000000000003,0.6596206413924139
0.6730000000000003,0.6597598809821607
0.6740000000000003,0.6598089890178394
0.6750000000000003,0.6595483426065261
0.6760000000000003,0.6593022899999998
0.6770000000000003,0.6590041433372665
0.6780000000000003,0.6583378699076045
0.6790000000000003,0.6576681233949301
0.6800000000000003,0.6568566681145809
0.6810000000000003,0.6559570333314331
0.6820000000000003,0.6552901711955399
0.6830000000000003,0.6543499482066895
0.6840000000000003,0.6532012429742295
0.6850000000000003,0.6520312399999997
0.6860000000000003,0.6505715649622492
0.6870000000000003,0.6490677869493214
0.6880000000000003,0.6474152530506776
0.6890000000000003,0.6452562415902153
0.6900000000000003,0.6430059099999992
0.6910000000000003,0.6406309091186904
0.6920000000000003,0.6380868399058041
0.6930000000000003,0.6354170333961295
0.6940000000000003,0.632548358686786
0.6950000000000003,0.6296398917895172
0.6960000000000003,0.6268188393958293
0.6970000000000003,0.6237886309062537
0.6980000000000003,0.6209075188110754
0.6990000000000003,0.6182651499999995
0.7000000000000003,0.6156515266019654
0.7010000000000003,0.6133117255295781
0.7020000000000003,0.6110882044704204
0.7030000000000003,0.6090407604744041
0.7040000000000003,0.6076638699999998
0.7050000000000003,0.6065730857150569
0.7060000000000003,0.605858855839208
0.7070000000000003,0.6057201627738612
0.7080000000000003,0.6058300100000003
0.7090000000000003,0.6064525329081295
0.7100000000000003,0.6077433581200946
0.7110000000000003,0.6096493628198596
0.7120000000000003,0.6121498049954006
0.7130000000000003,0.6151677400000012
0.7140000000000003,0.6186698508043171
0.7150000000000003,0.6227502997075159
0.7160000000000003,0.6274072168616586
0.7170000000000003,0.6326074079979814
0.7180000000000003,0.6382361089012907
0.7190000000000003,0.6441262460063018
0.7200000000000003,0.6504265609905524
0.7210000000000003,0.6571429856712591
0.7220000000000003,0.6641067300000024
0.7230000000000003,0.6714238046353483
0.7240000000000003,0.678887339759012
0.7250000000000003,0.6863752902409929
0.7260000000000003,0.6940781929709319
0.7270000000000003,0.7018690100000027
0.7280000000000003,0.709746979495092
0.7290000000000003,0.7176964858794082
0.7300000000000003,0.7255591327470653
0.7310000000000003,0.7334837707536098
0.7320000000000003,0.7414151570922729
0.7330000000000003,0.749124384988053
0.7340000000000003,0.7568737875179264
0.7350000000000003,0.764619992537953
0.7360000000000003,0.7722560800000025
0.7370000000000003,0.7796307291611936
0.7380000000000003,0.7865468444244251
0.7390000000000003,0.7932680655755793
0.7400000000000003,0.8000390422902248
0.7410000000000003,0.8062624300000021
0.7420000000000003,0.8122024443063449
0.7430000000000003,0.8179177508420599
0.7440000000000003,0.8232791527719632
0.7450000000000003,0.8284927600000017
0.7460000000000003,0.8334794469337711
0.7470000000000003,0.8381728188947567
0.7480000000000003,0.8426175566578684
0.7490000000000003,0.846762918546472
0.7500000000000003,0.8506282000000012
0.7510000000000003,0.8542403937976772
0.7520000000000003,0.8576201602864869
0.7530000000000003,0.8609630431423441
0.7540000000000003,0.8641360682697834
0.7550000000000003,0.8668875700000009
0.7560000000000003,0.8696604934305293
0.7570000000000003,0.872332019854208
0.7580000000000003,0.8748539795608964
0.7590000000000003,0.8772938800000006
0.7600000000000003,0.8794129705107059
0.7610000000000003,0.8814640429542825
0.7620000000000003,0.8836117570457189
0.7630000000000003,0.8855277708399092
0.7640000000000003,0.8875690700000006
0.7650000000000003,0.8894985446075927
0.7660000000000003,0.8909593074693272
0.7670000000000003,0.8925416183537829
0.7680000000000003,0.8941942334738353
0.7690000000000003,0.895902827028071
0.7700000000000004,0.8976056275586225
0.7710000000000004,0.8989835586620674
0.7720000000000004,0.9002221676139528
0.7730000000000004,0.9015423100000004
0.7740000000000004,0.902952265142752
0.7750000000000004,0.9044665398750056
0.7760000000000004,0.9059602901249956
0.7770000000000004,0.9073543960589612
0.7780000000000004,0.9088249800000004
0.7790000000000004,0.9102842483494841
0.7800000000000004,0.9117017208390584
0.7810000000000004,0.9130630227739618
0.7820000000000004,0.9143207574226748
0.7830000000000004,0.9156119936454371
0.7840000000000004,0.9169765372462382
0.7850000000000004,0.918338849130644
0.7860000000000004,0.9198087853006066
0.7870000000000004,0.9212035500000004
0.7880000000000004,0.9224529431650638
0.7890000000000004,0.923769445087146
0.7900000000000004,0.9249390166085699
0.7910000000000004,0.9261008983811844
0.7920000000000004,0.9274104200000004
0.7930000000000004,0.9286118934426284
0.7940000000000004,0.9297840248360588
0.7950000000000004,0.930876348153582
0.7960000000000004,0.9318427400000004
0.7970000000000004,0.9329489619752204
0.7980000000000004,0.9341464863609459
0.7990000000000004,0.9354645336390548
0.8000000000000004,0.9369034656106568
0.8010000000000004,0.9379947800000004
0.8020000000000004,0.9390531322483454
0.8030000000000004,0.9402779615020254
0.8040000000000004,0.9413280289986504
0.8050000000000004,0.9424582586976876
0.8060000000000004,0.943572649772898
0.8070000000000004,0.9445499396364186
0.8080000000000004,0.9455317605453732
0.8090000000000004,0.9464360919134196
0.8100000000000004,0.9473059200000004
0.8110000000000004,0.9482041680812809
0.8120000000000004,0.9490122959757612
0.8130000000000004,0.9498110840242392
0.8140000000000004,0.9506223118877192
0.8150000000000004,0.9513877600000004
0.8160000000000004,0.9520904524157244
0.8170000000000004,0.9527112382954854
0.8180000000000004,0.9533210878030101
0.8190000000000004,0.95402568295403
0.8200000000000004,0.9546251960207603
0.8210000000000004,0.9552272725197744
0.8220000000000004,0.9558532612203392
0.8230000000000004,0.9562654458782176
0.8240000000000004,0.95674306
0.8250000000000004,0.9572112637449376
0.8260000000000004,0.9575857611027562
0.8270000000000004,0.9581408988972444
0.8280000000000004,0.95864390496995
0.8290000000000004,0.9591170500000002
0.8300000000000004,0.9596933801187014
0.8310000000000004,0.9601993161709916
0.8320000000000004,0.9607383492193392
0.8330000000000004,0.96125239
0.8340000000000004,0.9616019143035432
0.8350000000000004,0.9620322673094348
0.8360000000000004,0.9623977390358484
0.8370000000000004,0.9627358866185324
0.8380000000000004,0.9632917000000002
0.8390000000000004,0.9637266442975859
0.8400000000000004,0.9641564017261138
0.8410000000000004,0.9645472721825912
0.8420000000000004,0.9646139093336932
0.8430000000000004,0.9648816036645368
0.8440000000000004,0.9652480560900956
0.8450000000000004,0.965552560864857
0.8460000000000004,0.9659812914253144
0.8470000000000004,0.96615314
0.8480000000000004,0.9662951838260384
0.8490000000000004,0.9666777822471102
0.8500000000000004,0.96679013775289
0.8510000000000004,0.9669716381849821
0.8520000000000004,0.96716994
0.8530000000000004,0.967184421401328
0.8540000000000004,0.967324551720114
0.8550000000000004,0.9673818888532574
0.8560000000000004,0.9673252105668056
0.8570000000000004,0.9672468269446692
0.8580000000000004,0.9669412926021698
0.8590000000000004,0.966571401096745
0.8600000000000004,0.966150054213484
0.8610000000000004,0.9655598999999998
0.8620000000000004,0.965105524811448
0.8630000000000004,0.9645866670031196
0.8640000000000004,0.9639368229968798
0.8650000000000004,0.9633370659975596
0.8660000000000004,0.9625457499999996
0.8670000000000004,0.9618961729975298
0.8680000000000004,0.9615460483812808
0.8690000000000004,0.9611587577458124
0.8700000000000004,0.96101415
0.8710000000000004,0.9608095270763708
0.8720000000000004,0.9605171750923456
0.8730000000000004,0.960771792361482
0.8740000000000004,0.9609247384705696
0.8750000000000004,0.9612101300000004
0.8760000000000004,0.9619023863176266
0.8770000000000004,0.9625341558749066
0.8780000000000004,0.9633966527500628
0.8790000000000004,0.9642743412231124
0.8800000000000004,0.9650071900000003
0.8810000000000004,0.9660792588256591
0.8820000000000005,0.9670205417615124
0.8830000000000005,0.9678691430280306
0.8840000000000005,0.9688005400000004
0.8850000000000005,0.9694861880043804
0.8860000000000005,0.9702866254381828
0.8870000000000005,0.9710585345618178
0.8880000000000005,0.9715370452149524
0.8890000000000005,0.97217828
0.8900000000000005,0.9725158224128484
0.8910000000000005,0.9727571181112948
0.8920000000000005,0.9733608279258041
0.8930000000000005,0.9736311972963732
0.8940000000000005,0.9739170126279264
0.8950000000000005,0.9741798000453976
0.8960000000000005,0.9741820699319034
0.8970000000000005,0.9743648781718636
0.8980000000000005,0.97447896
0.8990000000000005,0.9746029434326344
0.9000000000000005,0.9749462008093676
0.9010000000000004,0.9749866691906324
0.9020000000000004,0.9751710881557816
0.9030000000000004,0.97541916
0.9040000000000004,0.9752959042164424
0.9050000000000004,0.9755067255359232
0.9060000000000004,0.9756912563093846
0.9070000000000004,0.975810528807288
0.9080000000000004,0.9761034308416084
0.9090000000000004,0.9761875971164444
0.9100000000000004,0.9765434193253342
0.9110000000000004,0.9770287251469032
0.9120000000000004,0.9770039900000002
0.9130000000000004,0.9771869814460291
0.9140000000000004,0.9773315846113696
0.9150000000000004,0.977485296925754
0.9160000000000004,0.9778625362275624
0.9170000000000004,0.97793633
0.9180000000000004,0.9781836964476778
0.9190000000000004,0.9785060803284836
0.9200000000000004,0.9783597629266292
0.9210000000000004,0.97853935
0.9220000000000004,0.9787398024223244
0.9230000000000004,0.9789820402683894
0.9240000000000004,0.979495459731611
0.9250000000000004,0.9796996679579796
0.9260000000000004,0.9799218200000002
0.9270000000000004,0.9801321597555952
0.9280000000000004,0.9801077298593072
0.9290000000000004,0.9804363734271287
0.9300000000000004,0.9806318280454804
0.9310000000000004,0.9807896645276456
0.9320000000000004,0.9812424179305034
0.9330000000000004,0.9811389431042448
0.9340000000000004,0.9812585676073762
0.9350000000000004,0.98159248
0.9360000000000004,0.9816943452536528
0.9370000000000004,0.9822197019453224
0.9380000000000004,0.9823169680546778
0.9390000000000004,0.9821624815449154
0.9400000000000004,0.98244637
0.9410000000000004,0.9825613569344696
0.9420000000000004,0.9829080796679168
0.9430000000000004,0.9832303435547224
0.9440000000000004,0.9831999503040032
0.9450000000000004,0.9834530421266212
0.9460000000000004,0.9836657029276537
0.9470000000000004,0.9838120856085196
0.9480000000000004,0.9840047380734616
0.9490000000000004,0.98418188
0.9500000000000004,0.9842347480264804
0.9510000000000004,0.9840373956037756
0.9520000000000004,0.9838175843962241
0.9530000000000004,0.9840918772569728
0.9540000000000004,0.98407263
0.9550000000000004,0.984100703300833
0.9560000000000004,0.984265728955452
0.9570000000000004,0.9838975773630316
0.9580000000000004,0.98426276
0.9590000000000004,0.9842099445014448
0.9600000000000004,0.9836601142770866
0.9610000000000004,0.9843739685843712
0.9620000000000004,0.9839991937480748
0.9630000000000004,0.9839918600000004
0.9640000000000004,0.9845851055718112
0.9650000000000004,0.9841423060794962
0.9660000000000004,0.9843449559470028
0.9670000000000004,0.9845735377141772
0.9680000000000004,0.9846479905364054
0.9690000000000004,0.9847016196783158
0.9700000000000004,0.9841855354825256
0.9710000000000004,0.9842997177159772
0.9720000000000004,0.9845611999999996
0.9730000000000004,0.9842045376586768
0.9740000000000004,0.9849703828692851
0.9750000000000004,0.9846138471307144
0.9760000000000004,0.9839922262162618
0.9770000000000004,0.98446959
0.9780000000000004,0.9842295110061202
0.9790000000000004,0.9843301215359233
0.9800000000000004,0.9843813189760512
0.9810000000000004,0.9842692611206112
0.9820000000000004,0.9846990076467764
0.9830000000000004,0.9844636923912804
0.9840000000000004,0.9845832564130794
0.9850000000000004,0.9849183566489332
0.9860000000000004,0.9843522300000008
0.9870000000000004,0.9855231606098059
0.9880000000000004,0.985584120613775
0.9890000000000004,0.984614809386224
0.9900000000000004,0.9851123050247504
0.9910000000000004,0.9848572
0.9920000000000004,0.9847648134298344
0.9930000000000004,0.984936308764962
0.9940000000000004,0.9852284741566923
0.9950000000000006,0.9856622799999996
0.9960000000000006,0.985042683256232
0.9970000000000006,0.9843683265002752
0.9980000000000006,0.9846933402495875
0.9990000000000006,0.9850191467419348
1.0000000000000004,0.9850859
1.0010000000000006,0.98499221
1.002000000000001,0.98495609
1.0030000000000006,0.98494852
1.0040000000000004,0.984949359959004
1.0050000000000006,0.98504895
1.006000000000001,0.98526406
1.0070000000000006,0.98534483
1.0080000000000005,0.98540723
1.0090000000000006,0.9855300757624236
1.010000000000001,0.9854877000000002
1.0110000000000006,0.9857006700000004
1.0120000000000005,0.98638833
1.0130000000000006,0.9865756
1.014000000000001,0.9864982477352264
1.0150000000000006,0.98658216
1.0160000000000005,0.98657978
1.0170000000000006,0.98635614
1.018000000000001,0.9863970300000002
1.0190000000000006,0.986749614741526
1.0200000000000005,0.9867968
1.0210000000000006,0.98658139
1.022000000000001,0.9867507800000004
1.0230000000000006,0.98717213
1.0240000000000005,0.98728848
1.0250000000000006,0.98749131
1.0260000000000007,0.9875767799999998
1.0270000000000006,0.98718601
1.0280000000000005,0.9872078900000002
1.0290000000000006,0.98760277
1.0300000000000007,0.9877796800000002
1.0310000000000006,0.9879195700000002
1.0320000000000005,0.988214678761124
1.0330000000000006,0.98830229
1.0340000000000007,0.98821294
1.0350000000000006,0.98817986
1.0360000000000005,0.98802906
1.0370000000000006,0.9881305926117391
1.0380000000000007,0.98835671
1.0390000000000006,0.98848778
1.0400000000000005,0.98877949
1.0410000000000006,0.98893428
1.0420000000000007,0.9889453088971104
1.0430000000000006,0.98897225
1.0440000000000005,0.98898786
1.0450000000000006,0.98901689
1.0460000000000007,0.98900241
1.0470000000000006,0.9889910211388862
1.0480000000000005,0.98897177
1.0490000000000006,0.98895061
1.0500000000000007,0.98897803
1.0510000000000006,0.98896575
1.0520000000000005,0.98905951
1.0530000000000006,0.98930287
1.0540000000000007,0.98944747
1.0550000000000006,0.9896194391010898
1.0560000000000005,0.98971045
1.0570000000000006,0.98964107
1.0580000000000007,0.9897021700000002
1.0590000000000006,0.98985082
1.0600000000000005,0.989934325058494
1.0610000000000006,0.98988491
1.0620000000000007,0.99003464
1.0630000000000006,0.99009818
1.0640000000000005,0.99017274
1.0650000000000006,0.9903281744565544
1.0660000000000007,0.99071151
1.0670000000000006,0.99081326
1.0680000000000005,0.99073666
1.0690000000000006,0.99081773
1.0700000000000007,0.9908847732956704
1.0710000000000006,0.99094486
1.0720000000000005,0.99104881
1.0730000000000006,0.99120563
1.0740000000000007,0.99142486
1.0750000000000006,0.9914678300000002
1.0760000000000003,0.99162304
1.0770000000000006,0.99182349
1.0780000000000007,0.9917137641835816
1.0790000000000006,0.9917556000000002
1.0800000000000003,0.99187708
1.0810000000000006,0.9920476700000002
1.0820000000000007,0.9921963800000002
1.0830000000000006,0.9925411953164684
1.0840000000000003,0.99259436
1.0850000000000006,0.99244022
1.0860000000000007,0.9924264000000002
1.0870000000000006,0.99233609
1.0880000000000003,0.9922616574432556
1.0890000000000006,0.99227291
1.0900000000000007,0.99226618
1.0910000000000006,0.99208093
1.0920000000000003,0.99202001
1.0930000000000006,0.9919365683441655
1.0940000000000007,0.9917278899999998
1.0950000000000006,0.99157304
1.0960000000000003,0.99137253
1.0970000000000006,0.99117935
1.0980000000000008,0.9910641299999998
1.0990000000000006,0.9907887599999998
1.1000000000000003,0.99040687
1.1010000000000006,0.9900386299999996
1.1020000000000008,0.9895440899999998
1.1030000000000006,0.9891534399999998
1.1040000000000003,0.98884022
1.1050000000000006,0.9885335599999998
1.1060000000000008,0.9881235302389756
1.1070000000000009,0.9874259199999994
1.1080000000000003,0.9866204299999994
1.1090000000000009,0.9858068199999994
1.1100000000000008,0.9849234199999994
1.1110000000000009,0.9841017805649428
1.1120000000000003,0.9830074299999996
1.1130000000000009,0.9816870099999989
1.1140000000000008,0.9801933199999988
1.1150000000000009,0.9785454299999988
1.1160000000000003,0.9765702075222464
1.1170000000000009,0.9744747299999984
1.1180000000000008,0.9719789599999976
1.1190000000000009,0.969245489999998
1.1200000000000006,0.9660695799999984
1.1210000000000009,0.9624218447735204
1.1220000000000008,0.958407879999997
1.1230000000000009,0.9538386499999966
1.1240000000000006,0.9486923799999976
1.1250000000000009,0.943075119999996
1.1260000000000008,0.9369538399999944
1.127000000000001,0.9306155399999958
1.1280000000000006,0.924337689999996
1.129000000000001,0.9181160962953662
1.1300000000000008,0.9121790499999952
1.131000000000001,0.9067022799999964
1.1320000000000006,0.901324029999998
1.133000000000001,0.8966428599999973
1.1340000000000008,0.8924647995050469
1.135000000000001,0.8887598499999979
1.1360000000000006,0.8855166999999982
1.137000000000001,0.8827680899999985
1.1380000000000008,0.8804447099999985
1.139000000000001,0.8786570387671222
1.1400000000000006,0.8773307199999996
1.141000000000001,0.87662125
1.1420000000000008,0.8766591000000005
1.143000000000001,0.8773620700000009
1.1440000000000006,0.87872098410859
1.145000000000001,0.8807094700000017
1.1460000000000008,0.8832644800000028
1.147000000000001,0.8864246600000024
1.1480000000000006,0.8900903500000029
1.149000000000001,0.8944056000000031
1.1500000000000008,0.8990494000000047
1.1510000000000007,0.9041659800000036
1.1520000000000006,0.9096578400000024
1.1530000000000007,0.9152730700000038
1.1540000000000008,0.9209282400000036
1.1550000000000007,0.9265820400000034
1.1560000000000006,0.9317812300000032
1.1570000000000007,0.9366905735836452
1.1580000000000008,0.941526410000004
1.1590000000000007,0.9458494200000028
1.1600000000000006,0.9497820100000024
1.1610000000000007,0.953470350000002
1.1620000000000008,0.9566101261683853
1.1630000000000007,0.9593718100000016
1.1640000000000006,0.9618646500000011
1.1650000000000007,0.9641375500000012
1.1660000000000008,0.9660839400000016
1.1670000000000007,0.9679337650174994
1.1680000000000006,0.9695953700000011
1.1690000000000007,0.9711377600000008
1.1700000000000008,0.9724918600000012
1.1710000000000007,0.9737830800000008
1.1720000000000006,0.9750614721607846
1.1730000000000007,0.9762277000000008
1.1740000000000008,0.9772362700000006
1.1750000000000007,0.9780992900000004
1.1760000000000006,0.9787978500000004
1.1770000000000007,0.9794058200000004
1.1780000000000008,0.9801389000000008
1.1790000000000007,0.9808535600000003
1.1800000000000006,0.981483884264574
1.1810000000000007,0.9821265300000004
1.1820000000000008,0.9827211500000006
1.1830000000000007,0.9833012200000004
1.1840000000000006,0.9838855300000002
1.1850000000000007,0.984498261923808
1.1860000000000008,0.9851175000000004
1.1870000000000007,0.9856471400000004
1.1880000000000006,0.9861044900000002
1.1890000000000007,0.9865199300000002
1.1900000000000008,0.9867400279902012
1.1910000000000007,0.9869423500000002
1.1920000000000006,0.98718083
1.1930000000000007,0.9874160900000002
1.1940000000000008,0.9877669800000004
1.1950000000000007,0.9880825584421559
1.1960000000000006,0.9883566500000002
1.1970000000000007,0.9886325
1.1980000000000008,0.9888629900000002
1.1990000000000007,0.9890663000000002
1.2000000000000006,0.98923177
1.2010000000000007,0.98937076
1.2020000000000008,0.98949623
1.2030000000000007,0.9895906446675332
1.2040000000000006,0.9896373200000002
1.2050000000000007,0.98976219
1.2060000000000008,0.9899353400000002
1.2070000000000007,0.9900526400000002
1.2080000000000006,0.9902088668783122
1.2090000000000007,0.99027765
1.2100000000000009,0.99026567
1.2110000000000007,0.99024463
1.2120000000000006,0.99025398
1.2130000000000007,0.9903010652914708
1.2140000000000009,0.99035269
1.2150000000000007,0.99046499
1.2160000000000006,0.9905563000000002
1.2170000000000007,0.99065435
1.2180000000000009,0.990818123622638
1.2190000000000007,0.99097484
1.2200000000000006,0.99113923
1.2210000000000008,0.9913798600000002
1.2220000000000009,0.9916906400000002
1.2230000000000008,0.9919922400000004
1.2240000000000006,0.9923088000000002
1.2250000000000008,0.9926526500000002
1.2260000000000009,0.9929215900000002
1.2270000000000008,0.9931805700000002
1.2280000000000006,0.99334085
1.2290000000000008,0.99339455
1.2300000000000009,0.99351335
1.2310000000000008,0.993548512819718
1.2320000000000009,0.99357671
1.2330000000000008,0.99378514
1.2340000000000009,0.99386907
1.2350000000000008,0.99387723
1.2360000000000009,0.9940118894880512
1.2370000000000008,0.99410677
1.2380000000000009,0.99417156
1.2390000000000008,0.99432153
1.2400000000000009,0.9944346
1.2410000000000008,0.9945193415258476
1.2420000000000009,0.99457216
1.2430000000000008,0.99462754
1.2440000000000009,0.99461424
1.2450000000000008,0.99463558
1.2460000000000009,0.9946806954884512
1.2470000000000008,0.99473685
1.2480000000000009,0.9948687
1.2490000000000008,0.99493611
1.2500000000000009,0.99499106
1.2510000000000008,0.99500775
1.252000000000001,0.9950071
1.2530000000000008,0.99508005
1.2540000000000011,0.9951108169253076
1.2550000000000008,0.99518007
1.256000000000001,0.9952988000000002
1.2570000000000008,0.99533445
1.2580000000000011,0.99534905
1.2590000000000008,0.9953654389331068
1.260000000000001,0.99535477
1.2610000000000008,0.99536508
1.2620000000000011,0.99544436
1.2630000000000008,0.99540359
1.264000000000001,0.9953112692320768
1.2650000000000008,0.9951908000000002
1.2660000000000011,0.99504238
1.2670000000000008,0.99491423
1.268000000000001,0.99489301
1.2690000000000008,0.9948214971512848
1.2700000000000011,0.9947347
1.2710000000000008,0.99463207
1.272000000000001,0.99454844
1.2730000000000008,0.99453914
1.2740000000000011,0.9944824000000001
1.2750000000000008,0.99435663
1.2760000000000007,0.99419242
1.2770000000000008,0.9940156299999998
1.2780000000000011,0.9937281599999996
1.2790000000000008,0.99346721
1.2800000000000007,0.99325335
1.2810000000000008,0.9930405
1.2820000000000011,0.9927856760723928
1.2830000000000008,0.9926463999999998
1.2840000000000007,0.9923469999999996
1.2850000000000008,0.9919273299999996
1.2860000000000011,0.9914833899999996
1.2870000000000008,0.9910134779762021
1.2880000000000007,0.9904932399999996
1.2890000000000008,0.9900123499999997
1.2900000000000011,0.9895014199999994
1.2910000000000008,0.9889259899999996
1.2920000000000007,0.9884168409149082
1.2930000000000008,0.9878709899999996
1.2940000000000011,0.9874288399999998
1.2950000000000008,0.9871485199999998
1.2960000000000007,0.98686308
1.2970000000000008,0.9866663396740324
1.2980000000000012,0.9863735399999995
1.2990000000000008,0.9860211599999996
1.3000000000000007,0.9857392299999996
1.3010000000000008,0.9854432299999996
1.302000000000001,0.9851121299999998
1.3030000000000008,0.98489106
1.3040000000000007,0.98476338
1.3050000000000008,0.9845410395520446
1.306000000000001,0.9843365599999998
1.3070000000000008,0.9841257899999998
1.3080000000000007,0.98385286
1.3090000000000008,0.98363274
1.310000000000001,0.9834363900819916
1.3110000000000008,0.9832372099999998
1.3120000000000007,0.9829548599999998
1.3130000000000008,0.9826787099999996
1.314000000000001,0.9824155599999996
1.3150000000000008,0.9821144601099888
1.3160000000000007,0.9819283499999998
1.3170000000000008,0.9817251599999998
1.318000000000001,0.98150527
1.3190000000000008,0.9813568599999998
1.3200000000000007,0.9811500506809318
1.3210000000000008,0.9808650599999996
1.322000000000001,0.9805652499999996
1.3230000000000008,0.9801866999999996
1.3240000000000007,0.9798692499999998
1.3250000000000008,0.9795899399999998
1.326000000000001,0.9792849399999995
1.3270000000000008,0.9789658199999998
1.3280000000000007,0.978702100056994
1.3290000000000008,0.9784026699999998
1.330000000000001,0.9781371399999996
1.3310000000000008,0.97794873
1.3320000000000007,0.9777688999999996
1.3330000000000009,0.977446999516048
1.334000000000001,0.9771421599999996
1.3350000000000009,0.9767745099999996
1.3360000000000007,0.9764588499999998
1.3370000000000009,0.9761778699999996
1.338000000000001,0.975842803506649
1.3390000000000009,0.9755316999999994
1.3400000000000007,0.9750655299999996
1.3410000000000009,0.9746364999999998
1.342000000000001,0.9743336399999994
1.3430000000000009,0.9738693664273568
1.3440000000000007,0.9734283099999996
1.3450000000000009,0.9729987999999996
1.346000000000001,0.9724500799999994
1.3470000000000009,0.9719988699999996
1.3480000000000008,0.9715990399999996
1.3490000000000009,0.9712316999999996
1.350000000000001,0.9708505299999998
1.3510000000000009,0.9705743199999998
1.3520000000000008,0.970384
1.3530000000000009,0.97023046
1.354000000000001,0.9701636999999996
1.3550000000000009,0.97007602
1.3560000000000008,0.9700551481581842
1.3570000000000009,0.96993673
1.358000000000001,0.96977687
1.3590000000000009,0.9696627299999998
1.3600000000000008,0.9694704399999998
1.3610000000000009,0.9691591540495946
1.362000000000001,0.9687996499999996
1.3630000000000009,0.9683889699999996
1.3640000000000008,0.9679660199999998
1.3650000000000009,0.9676396299999996
1.366000000000001,0.967326251337866
1.3670000000000009,0.9670356499999998
1.3680000000000008,0.9667931799999998
1.3690000000000009,0.9665394399999998
1.370000000000001,0.9663007899999998
1.3710000000000009,0.966085391539846
1.3720000000000008,0.96592313
1.3730000000000009,0.96575546
1.374000000000001,0.9656654
1.3750000000000009,0.96564394
1.3760000000000008,0.96567005
1.377000000000001,0.96574235
1.378000000000001,0.9658329500000002
1.379000000000001,0.966064997622238
1.3800000000000008,0.96614122
1.381000000000001,0.96619207
1.3820000000000008,0.9661690000000001
1.383000000000001,0.9661063599999998
1.3840000000000008,0.9659046818398158
1.385000000000001,0.9656230799999996
1.3860000000000008,0.9652535299999996
1.387000000000001,0.9647475499999992
1.3880000000000008,0.9641496499999996
1.389000000000001,0.9636014048245172
1.3900000000000008,0.9630663999999995
1.391000000000001,0.9625783599999996
1.3920000000000008,0.9621578499999996
1.393000000000001,0.9616988299999996
1.3940000000000008,0.9611782320597936
1.395000000000001,0.9606388199999994
1.3960000000000008,0.9600251899999992
1.397000000000001,0.9593204899999992
1.3980000000000008,0.9586478499999994
1.399000000000001,0.9579728199999994
1.4000000000000008,0.9573455999999996
1.4010000000000007,0.9568458199999996
1.4020000000000008,0.9564674499999996
1.403000000000001,0.9561093399999998
1.4040000000000008,0.95580816
1.4050000000000007,0.95559537
1.4060000000000008,0.9554043999999998
1.407000000000001,0.9553524411268874
1.4080000000000008,0.95546371
1.4090000000000007,0.95557523
1.4100000000000008,0.9557351500000002
1.411000000000001,0.9559742200000002
1.4120000000000008,0.9562662534236578
1.4130000000000007,0.9566004900000002
1.4140000000000008,0.9570118200000004
1.415000000000001,0.9575032600000004
1.4160000000000008,0.9579139900000004
1.4170000000000007,0.9583165197470256
1.4180000000000008,0.9587571000000004
1.419000000000001,0.9591158000000004
1.4200000000000008,0.9594855300000004
1.4210000000000007,0.95984441
1.4220000000000008,0.9600608683541648
1.423000000000001,0.9603400800000004
1.4240000000000008,0.96062458
1.4250000000000007,0.9608434400000002
1.4260000000000008,0.9611775900000004
1.427000000000001,0.9615123300000004
1.4280000000000008,0.9618324000000004
1.4290000000000007,0.96215928
1.4300000000000008,0.9623537803699632
1.431000000000001,0.96245748
1.4320000000000008,0.96245342
1.4330000000000007,0.9623120999999998
1.4340000000000008,0.9621301899999998
1.435000000000001,0.9618800555514444
1.4360000000000008,0.9615355699999996
1.4370000000000007,0.9611065399999996
1.4380000000000008,0.9606108099999996
1.439000000000001,0.9599888899999994
1.4400000000000008,0.9593752013688628
1.4410000000000007,0.9587217599999992
1.4420000000000008,0.9580238499999992
1.443000000000001,0.9572859999999994
1.4440000000000008,0.9565212699999992
1.4450000000000007,0.9556662655004492
1.4460000000000008,0.9548654599999992
1.447000000000001,0.9540394499999992
1.4480000000000008,0.9532831299999994
1.4490000000000007,0.9525301499999996
1.4500000000000008,0.9518690099999996
1.451000000000001,0.9513315599999996
1.4520000000000008,0.9508843399999998
1.4530000000000007,0.9505989428057192
1.4540000000000008,0.950427
1.455000000000001,0.95035923
1.4560000000000008,0.95035273
1.4570000000000007,0.95038962
1.4580000000000009,0.9503548612928706
1.459000000000001,0.9502677899999998
1.4600000000000009,0.95018739
1.4610000000000007,0.9500121499999998
1.4620000000000009,0.9497979299999996
1.463000000000001,0.9494909306999296
1.4640000000000009,0.9490382699999996
1.4650000000000007,0.9484887699999996
1.4660000000000009,0.9478884899999992
1.467000000000001,0.9471879599999992
1.4680000000000009,0.9463981589801014
1.4690000000000007,0.9455724999999996
1.4700000000000009,0.9446859399999988
1.471000000000001,0.9437290999999988
1.4720000000000009,0.9427289999999989
1.4730000000000008,0.9416441899999992
1.4740000000000009,0.9404461999999986
1.475000000000001,0.9392557699999988
1.4760000000000009,0.937961999999999
1.4770000000000008,0.936759589999999
1.4780000000000009,0.9355764999999988
1.479000000000001,0.934421779999999
1.4800000000000009,0.933341679999999
1.4810000000000008,0.9322072900749916
1.4820000000000009,0.9310080399999988
1.483000000000001,0.9299318799999989
1.4840000000000009,0.9288243099999992
1.4850000000000008,0.9278665799999994
1.4860000000000009,0.9270547429807009
1.487000000000001,0.9262845499999992
1.4880000000000009,0.9255657199999996
1.4890000000000008,0.9249842799999995
1.4900000000000009,0.9245204899999996
1.491000000000001,0.9240816638826114
1.4920000000000009,0.92374861
1.4930000000000008,0.92356509
1.4940000000000009,0.9234131
1.495000000000001,0.92330772
1.4960000000000009,0.9233179689751024
1.4970000000000008,0.92339522
1.4980000000000009,0.9235404700000002
1.499000000000001,0.9237816300000002
1.5000000000000009,0.9240873500000002
1.5010000000000008,0.9243865600000004
1.5020000000000011,0.9247033000000006
1.503000000000001,0.9250678400000004
1.504000000000001,0.9254194245075495
1.5050000000000008,0.9257645000000004
1.5060000000000011,0.9261103900000004
1.5070000000000008,0.9264524600000004
1.508000000000001,0.9267165100000002
1.5090000000000008,0.9269109621527848
1.5100000000000011,0.9271324900000002
1.5110000000000008,0.9273493300000002
1.512000000000001,0.9275310600000002
1.5130000000000008,0.92774278
1.5140000000000011,0.9279637679012099
1.5150000000000008,0.9281505900000002
1.516000000000001,0.9283254700000002
1.5170000000000008,0.9285416
1.5180000000000011,0.92867512
1.5190000000000008,0.9287101564963504
1.520000000000001,0.92879713
1.5210000000000008,0.92887968
1.5220000000000011,0.92896879
1.5230000000000008,0.92909133
1.524000000000001,0.92919099
1.5250000000000008,0.92925322
1.5260000000000011,0.9293372
1.5270000000000008,0.9294163000000002
1.528000000000001,0.9295129800000002
1.5290000000000008,0.92959881
1.5300000000000011,0.9297711800000004
1.5310000000000008,0.9300357700000004
1.532000000000001,0.9302301638276176
1.5330000000000008,0.93046844
1.5340000000000011,0.93062395
1.5350000000000008,0.93062466
1.536000000000001,0.9307649700000002
1.5370000000000008,0.930957161830817
1.5380000000000011,0.9311754700000004
1.5390000000000008,0.9314860700000004
1.540000000000001,0.9317690100000002
1.5410000000000008,0.93196988
1.5420000000000011,0.9321043965483452
1.5430000000000008,0.93216717
1.544000000000001,0.93220729
1.5450000000000008,0.93224955
1.5460000000000012,0.93231887
1.5470000000000008,0.9324484370432958
1.548000000000001,0.9325924500000002
1.5490000000000008,0.93278861
1.5500000000000012,0.9329779100000002
1.5510000000000008,0.9331669800000004
1.552000000000001,0.9334437300000004
1.5530000000000008,0.93369836
1.5540000000000012,0.9339393400000005
1.5550000000000008,0.9342230202269776
1.556000000000001,0.93442529
1.5570000000000008,0.9346120400000002
1.5580000000000012,0.9348591600000002
1.5590000000000008,0.93507838
1.560000000000001,0.9352640063003702
1.5610000000000008,0.93542701
1.5620000000000012,0.93555498
1.5630000000000008,0.93560851
1.564000000000001,0.93567759
1.5650000000000008,0.9358476229967004
1.5660000000000012,0.93601501
1.5670000000000008,0.9361121100000002
1.568000000000001,0.9362188
1.5690000000000008,0.9362992
1.5700000000000012,0.9363177381461856
1.5710000000000008,0.9364438700000002
1.572000000000001,0.9366551000000004
1.5730000000000008,0.9369165900000004
1.5740000000000012,0.9372032300000004
1.5750000000000008,0.9374709100000004
1.576000000000001,0.93770528
1.5770000000000008,0.93783891
1.5780000000000012,0.937925579141086
1.5790000000000008,0.9379169899999998
1.580000000000001,0.93781382
1.5810000000000008,0.9376862599999998
1.5820000000000012,0.9374675799999996
1.5830000000000009,0.9371470347405254
1.584000000000001,0.9366944399999996
1.5850000000000009,0.9361340999999996
1.5860000000000012,0.9355472899999993
1.5870000000000009,0.9349351499999994
1.588000000000001,0.9343315403609632
1.5890000000000009,0.9336305899999994
1.5900000000000012,0.932823539999999
1.5910000000000009,0.931947889999999
1.592000000000001,0.9310640699999992
1.5930000000000009,0.9302901773892605
1.5940000000000012,0.9294152299999989
1.5950000000000009,0.9284951699999989
1.596000000000001,0.9276286999999988
1.5970000000000009,0.9266741299999992
1.5980000000000012,0.9257039999999992
1.5990000000000009,0.9247568199999989
1.600000000000001,0.9238483899999992
1.6010000000000009,0.9229144499999992
1.6020000000000012,0.9219646499999988
1.6030000000000009,0.9211036599999992
1.604000000000001,0.9202460099999992
1.6050000000000009,0.9194096899999992
1.6060000000000012,0.9186203377962197
1.6070000000000009,0.9178982999999992
1.608000000000001,0.9171276699999992
1.6090000000000009,0.9162235299999992
1.6100000000000012,0.9152113799999988
1.6110000000000009,0.9140009008179164
1.612000000000001,0.9125090799999979
1.6130000000000009,0.9107384699999984
1.6140000000000012,0.9085684999999968
1.6150000000000009,0.9057865099999964
1.616000000000001,0.9025595426967268
1.6170000000000009,0.8987513199999961
1.6180000000000012,0.8943380699999947
1.6190000000000009,0.8895363799999944
1.620000000000001,0.8844267099999952
1.6210000000000009,0.8790847042005756
1.6220000000000012,0.8737437699999931
1.6230000000000009,0.8685649599999955
1.624000000000001,0.8634588699999955
1.6250000000000009,0.8585008399999957
1.6260000000000012,0.8536086099999936
1.6270000000000011,0.8487898699999936
1.628000000000001,0.8440588699999958
1.629000000000001,0.839342780224973
1.6300000000000012,0.8346450299999936
1.6310000000000011,0.8298188399999946
1.6320000000000008,0.8250362899999949
1.633000000000001,0.8204126399999961
1.6340000000000012,0.8159874480311924
1.6350000000000011,0.8121677599999965
1.6360000000000008,0.8089504799999973
1.637000000000001,0.8064262899999979
1.6380000000000012,0.8045975599999987
1.6390000000000011,0.8033682729287058
1.6400000000000008,0.8026270899999994
1.641000000000001,0.8021520999999996
1.6420000000000012,0.8018005499999995
1.6430000000000011,0.8014655699999994
1.6440000000000008,0.8009169048665128
1.645000000000001,0.7999566799999988
1.6460000000000012,0.7986142599999976
1.6470000000000011,0.7968146799999969
1.6480000000000008,0.7944740099999973
1.649000000000001,0.7915189899999967
1.6500000000000012,0.787827609999994
1.6510000000000011,0.7833459399999941
1.6520000000000008,0.7780856499999931
1.653000000000001,0.7718894499999938
1.6540000000000012,0.7648399499999912
1.6550000000000011,0.7568306899999904
1.6560000000000008,0.7481324099999898
1.657000000000001,0.7389643634946413
1.6580000000000013,0.7292993099999892
1.6590000000000011,0.7195417299999893
1.6600000000000008,0.7099027599999896
1.661000000000001,0.7005663499999923
1.6620000000000013,0.6919549914748436
1.6630000000000011,0.6843697399999927
1.6640000000000008,0.6778770699999953
1.665000000000001,0.6726323399999965
1.6660000000000013,0.6685715899999959
1.6670000000000011,0.6654668004789489
1.6680000000000008,0.6629697099999982
1.669000000000001,0.6608131499999981
1.6700000000000013,0.6586335299999967
1.6710000000000012,0.6561386599999968
1.6720000000000008,0.6532676071052864
1.673000000000001,0.6500300199999968
1.6740000000000013,0.646464649999996
1.6750000000000012,0.6428380599999963
1.6760000000000008,0.6394985299999968
1.677000000000001,0.6365595499999974
1.6780000000000013,0.6342253099999982
1.6790000000000012,0.6325235999999987
1.6800000000000008,0.6314665140425951
1.681000000000001,0.6309069399999999
1.6820000000000013,0.6307531000000002
1.6830000000000012,0.6309398400000005
1.6840000000000008,0.6313402100000006
1.685000000000001,0.6320940991500862
1.6860000000000013,0.6333856000000029
1.6870000000000012,0.6355989000000043
1.6880000000000008,0.6387704600000039
1.689000000000001,0.6430929900000052
1.6900000000000013,0.6489575035486527
1.6910000000000012,0.6561988600000114
1.6920000000000008,0.6647325800000108
1.693000000000001,0.6744813300000093
1.6940000000000013,0.6849923700000143
1.6950000000000012,0.6957804511918946
1.6960000000000008,0.7064640500000116
1.697000000000001,0.7168459300000107
1.6980000000000013,0.7265390200000096
1.6990000000000012,0.7351496200000085
1.7000000000000008,0.7428295000000076
1.701000000000001,0.7496582300000065
1.7020000000000013,0.7555419200000073
1.7030000000000012,0.7610456959704093
1.7040000000000008,0.7664054000000057
1.705000000000001,0.7714891400000047
1.7060000000000013,0.7766910800000069
1.7070000000000012,0.7818659500000067
1.7080000000000009,0.7868777660464011
1.709000000000001,0.7918382300000041
1.7100000000000013,0.7964270700000056
1.7110000000000012,0.8006125100000051
1.7120000000000009,0.8044307200000038
1.713000000000001,0.8077866044115624
1.7140000000000013,0.8107326600000033
1.7150000000000012,0.8132283700000026
1.7160000000000009,0.8155092000000024
1.717000000000001,0.8176789300000022
1.7180000000000013,0.8196466932236801
1.7190000000000012,0.8215100200000017
1.7200000000000009,0.8231194000000013
1.721000000000001,0.824333430000001
1.7220000000000013,0.8252492000000008
1.7230000000000012,0.8258405300000002
1.7240000000000009,0.82604373
1.725000000000001,0.8260282899999999
1.7260000000000013,0.8258529300000003
1.7270000000000012,0.8260105300000002
1.7280000000000009,0.8261739000000005
1.729000000000001,0.8268348000000008
1.730000000000001,0.8277314300000018
1.7310000000000012,0.8290244949885033
1.7320000000000009,0.8308743800000021
1.733000000000001,0.8327889400000021
1.734000000000001,0.8351419000000028
1.7350000000000012,0.8372489800000026
1.7360000000000009,0.8395673072892733
1.737000000000001,0.8414402000000017
1.738000000000001,0.8430894000000015
1.7390000000000012,0.8445127000000013
1.7400000000000009,0.8457070000000009
1.741000000000001,0.8465268980101999
1.742000000000001,0.8470005400000006
1.7430000000000012,0.8474263000000001
1.7440000000000009,0.8474327300000003
1.745000000000001,0.8476986900000002
1.746000000000001,0.8479769521737829
1.7470000000000012,0.8482458600000006
1.7480000000000009,0.8486480100000005
1.749000000000001,0.8491459500000006
1.750000000000001,0.8497982000000011
1.7510000000000012,0.8506118700000012
1.7520000000000011,0.8514658800000012
1.753000000000001,0.8524073400000007
1.7540000000000011,0.8533345123827628
1.7550000000000012,0.854158340000001
1.7560000000000011,0.8549425600000007
1.7570000000000008,0.8555193500000006
1.7580000000000011,0.8560180100000007
1.7590000000000012,0.8565516329707035
1.7600000000000011,0.8569813400000005
1.7610000000000008,0.8574115600000005
1.7620000000000011,0.8578826800000006
1.7630000000000012,0.8582586100000004
1.7640000000000011,0.8585979560653938
1.7650000000000008,0.8588968500000002
1.7660000000000011,0.8589916799999999
1.7670000000000012,0.8589282599999998
1.7680000000000011,0.8587466499999997
1.7690000000000008,0.858525772087791
1.7700000000000014,0.8582842399999995
1.7710000000000012,0.8579009199999996
1.7720000000000011,0.8576621399999995
1.7730000000000008,0.8573393199999999
1.7740000000000014,0.8572502700000001
1.7750000000000012,0.8573617300000004
1.7760000000000011,0.8576148200000004
1.7770000000000008,0.8579710100000006
1.7780000000000014,0.8585660500000011
1.7790000000000012,0.859384600000001
1.7800000000000011,0.8603357700000015
1.7810000000000008,0.8616250800000013
1.7820000000000014,0.8627361764623555
1.7830000000000013,0.864000800000001
1.7840000000000011,0.8649344400000009
1.7850000000000008,0.8657820200000006
1.7860000000000014,0.8663149500000005
1.7870000000000013,0.8666237003519647
1.7880000000000011,0.8666272199999996
1.7890000000000008,0.8662311399999998
1.7900000000000014,0.8659229899999991
1.7910000000000013,0.8652559499999998
1.7920000000000011,0.8650828773072691
1.7930000000000008,0.8650485300000003
1.7940000000000014,0.8652754400000006
1.7950000000000013,0.8656786700000008
1.7960000000000012,0.8662583200000009
1.7970000000000008,0.8670703587961213
1.7980000000000014,0.8681696100000016
1.7990000000000013,0.8693261100000014
1.8000000000000012,0.8705291200000013
1.8010000000000008,0.8715807800000012
1.8020000000000012,0.8725985300000012
1.8030000000000013,0.8733890100000008
1.8040000000000007,0.8740972900000005
1.8050000000000008,0.8745145747075292
1.8060000000000012,0.8744616500000001
1.8070000000000013,0.8745803800000002
1.8080000000000007,0.87463272
1.8090000000000008,0.8745990999999999
1.8100000000000012,0.8745139212338766
1.8110000000000013,0.8745262599999997
1.8120000000000007,0.8742775900000004
1.8130000000000008,0.8744986700000006
1.8140000000000012,0.8751071100000007
1.8150000000000013,0.8756654341675841
1.8160000000000007,0.8764700300000009
1.8170000000000008,0.8771699700000007
1.8180000000000012,0.877850000000001
1.8190000000000013,0.8785733000000011
1.8200000000000007,0.8794411132186792
1.8210000000000008,0.8799741300000006
1.8220000000000012,0.8804264700000004
1.8230000000000013,0.8806777
1.8240000000000007,0.8806784199999999
1.8250000000000008,0.8805543199999997
1.8260000000000012,0.8802543899999996
1.8270000000000013,0.8799637599999995
1.8280000000000007,0.8796536040745923
1.8290000000000008,0.8793943499999997
1.8300000000000012,0.8791431199999995
1.8310000000000013,0.8788369900000002
1.8320000000000007,0.8789207299999999
1.8330000000000009,0.8788014894700532
1.8340000000000012,0.8789961900000004
1.8350000000000013,0.8793237200000001
1.8360000000000007,0.8794365500000003
1.8370000000000009,0.8797204500000001
1.8380000000000012,0.8798438176632338
1.8390000000000013,0.8799787800000001
1.8400000000000007,0.8800487499999998
1.8410000000000009,0.8798370999999997
1.8420000000000012,0.8796653699999996
1.8430000000000013,0.8793670798290167
1.8440000000000007,0.8786591899999989
1.8450000000000009,0.8776521699999994
1.8460000000000012,0.8771378999999995
1.8470000000000013,0.8766992099999993
1.8480000000000008,0.8761978699999998
1.8490000000000009,0.8760304499999997
1.8500000000000012,0.8757687199999994
1.8510000000000013,0.8753170399999997
1.8520000000000008,0.8750596600000003
1.8530000000000009,0.87527233
1.8540000000000012,0.8753305099999998
1.855000000000001,0.87528378
1.8560000000000008,0.8752995609769022
1.8570000000000009,0.8752093299999997
1.8580000000000012,0.8749230499999997
1.859000000000001,0.8747119899999997
1.8600000000000008,0.8744717799999997
1.8610000000000009,0.8741716747045291
1.8620000000000012,0.8736187199999993
1.863000000000001,0.8731771699999994
1.8640000000000008,0.8726336399999998
1.8650000000000009,0.8723916400000002
1.8660000000000012,0.8725721019538049
1.867000000000001,0.8727082000000009
1.8680000000000008,0.8733336300000009
1.8690000000000009,0.8741145700000004
1.8700000000000012,0.8743911400000004
1.871000000000001,0.8747127878352169
1.8720000000000008,0.8750687199999998
1.8730000000000009,0.8749138700000001
1.8740000000000012,0.8750153200000007
1.875000000000001,0.8755388300000005
1.8760000000000008,0.8759965300000008
1.877000000000001,0.8765497200000009
1.8780000000000012,0.8771770000000007
1.8790000000000011,0.8776259670702934
1.8800000000000008,0.8778966700000008
1.881000000000001,0.8784939600000011
1.8820000000000012,0.8794853100000012
1.8830000000000011,0.8802636300000012
1.8840000000000008,0.8812217364483561
1.885000000000001,0.8820862199999999
1.8860000000000012,0.8820313800000006
1.8870000000000011,0.8823573000000015
1.8880000000000008,0.8832693700000012
1.889000000000001,0.8842702099160095
1.8900000000000012,0.8851171100000013
1.8910000000000011,0.8858900100000006
1.8920000000000008,0.8863218400000001
1.893000000000001,0.8864399200000002
1.8940000000000012,0.8865803359584044
1.8950000000000011,0.8871023700000004
1.8960000000000008,0.8873832799999996
1.897000000000001,0.8870801299999996
1.8980000000000012,0.8868601899999996
1.8990000000000011,0.8865257499999997
1.9000000000000008,0.88627762
1.9010000000000007,0.88627237
1.9020000000000012,0.8862981199999997
1.9030000000000011,0.8861656199999992
1.9040000000000008,0.8855770199999993
1.9050000000000007,0.8848369099999986
1.9060000000000012,0.8835884899999983
1.9070000000000011,0.8825354309299058
1.9080000000000013,0.881644729999999
1.9090000000000007,0.8807662099999992
1.9100000000000013,0.8800688999999989
1.9110000000000011,0.8794255299999991
1.9120000000000013,0.878759084512548
1.9130000000000007,0.8781042099999992
1.9140000000000013,0.8772780299999987
1.9150000000000011,0.8762385199999989
1.9160000000000013,0.8754658099999991
1.9170000000000007,0.874839372643735
1.9180000000000013,0.8741621399999999
1.9190000000000011,0.8740388199999995
1.9200000000000013,0.8737431799999986
1.9210000000000007,0.8727480799999991
1.9220000000000013,0.8719395608519136
1.9230000000000012,0.8712806099999992
1.9240000000000013,0.8706601899999993
1.9250000000000007,0.8700997799999995
1.9260000000000013,0.8696742099999993
1.9270000000000012,0.8692604299999989
1.9280000000000013,0.8685448199999993
1.9290000000000007,0.8679114599999993
1.9300000000000013,0.8673594115278465
1.9310000000000012,0.8668746899999993
1.9320000000000013,0.8664038199999995
1.9330000000000007,0.8659905199999999
1.9340000000000013,0.8658500899999999
1.9350000000000012,0.865738800900909
1.9360000000000013,0.865047809999999
1.9370000000000007,0.864302749999999
1.9380000000000013,0.8635361199999987
1.9390000000000012,0.8625168199999987
1.9400000000000013,0.8615939922827706
1.9410000000000007,0.8611280299999993
1.9420000000000013,0.8605174399999984
1.9430000000000012,0.8595079799999988
1.9440000000000013,0.8586485999999989
1.9450000000000007,0.8578777470852905
1.9460000000000013,0.8571427499999991
1.9470000000000012,0.8565534399999991
1.9480000000000013,0.8559780699999995
1.9490000000000007,0.8554367399999997
1.9500000000000013,0.8551835399999994
1.9510000000000012,0.8548375999999994
1.9520000000000013,0.8544675099999994
1.9530000000000007,0.8540328735486445
1.9540000000000013,0.8534683599999989
1.9550000000000012,0.8528022799999991
1.9560000000000013,0.852094409999999
1.9570000000000007,0.8513488799999986
1.9580000000000013,0.8503709089451039
1.9590000000000012,0.8494603599999989
1.9600000000000013,0.8486178499999989
1.9610000000000007,0.8477565599999991
1.9620000000000013,0.8470619899999992
1.9630000000000012,0.8464671994790512
1.9640000000000013,0.8458001599999992
1.9650000000000007,0.8452393999999993
1.9660000000000013,0.8446036599999988
1.9670000000000012,0.8438180699999988
1.9680000000000013,0.8430117606309359
1.9690000000000007,0.842228949999999
1.9700000000000013,0.8413341599999985
1.9710000000000012,0.8403069999999984
1.9720000000000013,0.8392583099999985
1.9730000000000008,0.8381412599999986
1.9740000000000013,0.8368722199999984
1.9750000000000012,0.8357905699999987
1.9760000000000013,0.8347838499999987
1.9770000000000008,0.8337680699999988
1.978000000000001,0.8328829399999987
1.9790000000000012,0.8320048999999987
1.980000000000001,0.8309966299999988
1.9810000000000008,0.8300828230766916
1.982000000000001,0.8294135899999989
1.9830000000000012,0.8286696099999987
1.984000000000001,0.8277748199999989
1.9850000000000008,0.8269721299999994
1.986000000000001,0.8263715922947693
1.9870000000000012,0.8255945399999984
1.988000000000001,0.8245719699999993
1.9890000000000008,0.8238304299999993
1.990000000000001,0.8232139899999985
1.9910000000000012,0.8223104803509635
1.992000000000001,0.8214837299999999
1.9930000000000008,0.8213679799999994
1.994000000000001,0.8209122999999984
1.9950000000000012,0.8198795299999989
1.996000000000001,0.8190377641765813
1.9970000000000008,0.8180190299999985
1.9980000000000016,0.8169491899999991
1.9990000000000012,0.816254849999999
2.0000000000000013,0.8154948399999988
2.001000000000001,0.8145585789492089
2.0020000000000016,0.8135480710507883
2.003000000000001,0.8127000899999991
2.0040000000000013,0.8120176656098772
2.005000000000001,0.8112737643901212
2.0060000000000016,0.8105971799999987
2.007000000000001,0.8098773999999984
2.0080000000000013,0.8089555227504489
2.009000000000001,0.8080830272495492
2.0100000000000016,0.8073001499999988
2.011000000000001,0.8066032278694247
2.0120000000000013,0.8057819221305726
2.013000000000001,0.8051348899999995
2.0140000000000016,0.8046842455618871
2.015000000000001,0.8043398644381119
2.0160000000000013,0.80414772
2.017000000000001,0.8041468900000001
2.0180000000000016,0.8042412830793848
2.019000000000001,0.8046720769206165
2.0200000000000014,0.8049048200000002
2.021000000000001,0.805031494886023
2.0220000000000016,0.8051803551139775
2.023000000000001,0.8052124999999999
2.0240000000000014,0.8050896321105777
2.025000000000001,0.8049107378894219
2.0260000000000016,0.804681899999999
2.027000000000001,0.8040701699999989
2.0280000000000014,0.8034939176252366
2.029000000000001,0.8029869799999995
2.0300000000000016,0.8025554999999992
2.031000000000001,0.8021469927244544
2.0320000000000014,0.8017742372755442
2.0330000000000013,0.8016470100000006
2.0340000000000016,0.8020318911797644
2.035000000000001,0.8022436888202363
2.0360000000000014,0.8023454000000004
2.0370000000000013,0.802570775940812
2.0380000000000016,0.8027301840591884
2.039000000000001,0.8027795000000002
2.0400000000000014,0.8029757700000002
2.0410000000000013,0.8031183248520293
2.0420000000000016,0.80286684514797
2.043000000000001,0.80275846
2.0440000000000014,0.8027621039392123
2.0450000000000013,0.8029014960607881
2.0460000000000016,0.8032919800000007
2.047000000000001,0.8036707417396527
2.0480000000000014,0.8040881382603486
2.0490000000000013,0.8048794900000007
2.0500000000000016,0.8053965600000005
2.051000000000001,0.8056492547305274
2.0520000000000014,0.8059281100000003
2.0530000000000013,0.80618602
2.0540000000000016,0.8062267735702856
2.055000000000001,0.8060624764297138
2.0560000000000014,0.8058808399999994
2.0570000000000013,0.8053541297690456
2.0580000000000016,0.8048518202309529
2.059000000000001,0.8045130999999996
2.0600000000000014,0.8042433093031391
2.0610000000000013,0.8040363406968604
2.0620000000000016,0.8038662099999996
2.063000000000001,0.8036237399999996
2.0640000000000014,0.8033301567536492
2.0650000000000013,0.8030976932463504
2.0660000000000016,0.8029606299999994
2.067000000000001,0.8026361638272338
2.0680000000000014,0.8021744361727647
2.0690000000000013,0.8018107399999992
2.0700000000000016,0.8012452773675256
2.071000000000001,0.8007189526324727
2.0720000000000014,0.8004152799999997
2.0730000000000013,0.8002335399999995
2.0740000000000016,0.7998127080621934
2.075000000000001,0.7995933300000005
2.0760000000000014,0.8000287400000005
2.0770000000000013,0.8003725569246153
2.0780000000000016,0.8005418030753851
2.079000000000001,0.8010106100000003
2.0800000000000014,0.8012202722055585
2.0810000000000013,0.8009423277944409
2.0820000000000016,0.8007116299999996
2.083000000000001,0.8004797357338527
2.0840000000000014,0.8001370742661462
2.0850000000000013,0.8000410799999994
2.0860000000000016,0.7996353499999983
2.087000000000001,0.7986899871965591
2.0880000000000014,0.797761952803438
2.0890000000000013,0.7966996999999983
2.0900000000000016,0.7954924583183343
2.091000000000001,0.7941756416816617
2.0920000000000014,0.7929845499999979
2.0930000000000013,0.7914514988542276
2.0940000000000016,0.7901400411457689
2.095000000000001,0.7890998099999988
2.0960000000000014,0.7882873999999995
2.0970000000000013,0.7879410008179185
2.0980000000000016,0.7881491800000003
2.099000000000001,0.788386820000001
2.1000000000000014,0.7891049443061399
2.1010000000000013,0.7897480056938622
2.1020000000000016,0.7904139200000007
2.103000000000001,0.7907710332883428
2.104000000000001,0.7910039167116579
2.1050000000000013,0.7910144899999989
2.1060000000000016,0.7902504719686051
2.107000000000001,0.7895701580313927
2.108000000000001,0.788985189999999
2.1090000000000013,0.7882721399999993
2.1100000000000017,0.7877986347760437
2.111000000000001,0.7871463952239542
2.112000000000001,0.7864218399999988
2.1130000000000013,0.785483469957007
2.1140000000000017,0.7841830400429894
2.115000000000001,0.7827492399999973
2.116000000000001,0.7807165930593841
2.1170000000000013,0.7782471869406082
2.1180000000000017,0.7752529399999952
2.119000000000001,0.7716887599999945
2.120000000000001,0.7676087697360452
2.1210000000000013,0.7629061302639402
2.1220000000000017,0.7577770899999902
2.1230000000000016,0.7522208591741553
2.124000000000001,0.7461126008258256
2.1250000000000013,0.7398568999999907
2.1260000000000017,0.732834040001987
2.1270000000000016,0.7250340599979888
2.128000000000001,0.7166178199999872
2.1290000000000013,0.7070697222985287
2.1300000000000017,0.6971927077014449
2.1310000000000016,0.6857306999999805
2.132000000000001,0.6747433499999812
2.1330000000000013,0.6641982300359804
2.1340000000000017,0.6535985899639913
2.1350000000000016,0.6446256599999861
2.136000000000001,0.6367822385382821
2.1370000000000013,0.6303676214616981
2.1380000000000017,0.6259239299999932
2.1390000000000016,0.6221100412287509
2.140000000000001,0.6200223287712426
2.1410000000000013,0.6180408599999985
2.1420000000000017,0.6169026499999972
2.1430000000000016,0.6153203691251719
2.144000000000001,0.6134116208748221
2.1450000000000014,0.6112509399999962
2.1460000000000017,0.6084047347730404
2.1470000000000016,0.6052524652269499
2.148000000000001,0.6016385599999953
2.1490000000000014,0.5980307935252901
2.1500000000000017,0.5937660464746987
2.1510000000000016,0.5897493999999927
2.152000000000001,0.5855582999999939
2.1530000000000014,0.5820314226877259
2.1540000000000017,0.5789817599999959
2.1550000000000016,0.5766562199999976
2.156000000000001,0.5752558271525688
2.1570000000000014,0.5748273528474298
2.1580000000000017,0.5750340800000018
2.1590000000000016,0.5760619933263372
2.160000000000001,0.5775952566736676
2.1610000000000014,0.5797697900000035
2.1620000000000017,0.5823972402989454
2.1630000000000016,0.5856002297010646
2.164000000000001,0.5889966500000059
2.1650000000000014,0.5934203900000051
2.1660000000000017,0.5972737527634538
2.1670000000000016,0.6013013872365587
2.168000000000001,0.6044604200000036
2.1690000000000014,0.6071517114197177
2.1700000000000017,0.608565908580286
2.1710000000000016,0.6085107899999982
2.172000000000001,0.6074983697550435
2.1730000000000014,0.6040959202449458
2.1740000000000017,0.6004720299999913
2.1750000000000016,0.5955488699999921
2.176000000000001,0.5910783070562876
2.1770000000000014,0.5861180999999949
2.1780000000000017,0.5822820099999964
2.1790000000000016,0.5802322434193139
2.180000000000001,0.5788664365806819
2.1810000000000014,0.5791714200000035
2.1820000000000017,0.5818323299410172
2.1830000000000016,0.5852317400589934
2.184000000000001,0.5902262300000071
2.1850000000000014,0.5954908026594756
2.1860000000000017,0.6019173973405444
2.1870000000000016,0.6079614200000102
2.188000000000001,0.6137339500000075
2.1890000000000014,0.6193776356258807
2.1900000000000017,0.6243338943741348
2.1910000000000016,0.6291080700000092
2.192000000000001,0.6342905514147243
2.1930000000000014,0.6388046985852898
2.1940000000000017,0.6428787100000061
2.1950000000000016,0.6463163788412359
2.196000000000001,0.6490047911587723
2.1970000000000014,0.6509994300000013
2.1980000000000017,0.6519476800000011
2.1990000000000016,0.6525666128097182
2.200000000000001,0.6519947099999993
2.2010000000000014,0.6514531399999991
2.2020000000000017,0.6508229495010989
2.2030000000000016,0.6503179604988996
2.204000000000001,0.6501204400000004
2.2050000000000014,0.6503464034143172
2.2060000000000017,0.6503805465856829
2.2070000000000016,0.6505576399999998
2.208000000000001,0.6504337339582076
2.2090000000000014,0.649973316041791
2.2100000000000017,0.6492259499999974
2.2110000000000016,0.6477529999999979
2.212000000000001,0.6465345265126949
2.2130000000000014,0.6449996534873002
2.2140000000000017,0.6438668399999992
2.2150000000000016,0.6433492063417313
2.216000000000001,0.6431126236582679
2.2170000000000014,0.6434230200000005
2.2180000000000017,0.6438346344121193
2.2190000000000016,0.644878755587884
2.220000000000001,0.645662490000001
2.2210000000000014,0.6464309100000006
2.2220000000000018,0.6469034811368859
2.2230000000000016,0.6466148499999996
2.224000000000001,0.646351219999999
2.2250000000000014,0.6456372760387914
2.2260000000000018,0.6450976639612067
2.2270000000000016,0.6445896599999996
2.228000000000001,0.6444070516976608
2.229000000000001,0.6446240283023399
2.2300000000000018,0.6450520200000025
2.2310000000000016,0.6464855783033414
2.232000000000001,0.6477686116966626
2.233000000000001,0.6488942500000014
2.2340000000000018,0.6500149400000016
2.2350000000000017,0.6508769982343541
2.236000000000001,0.6514593417656478
2.237000000000001,0.6517334
2.2380000000000018,0.6517687308768244
2.2390000000000017,0.6516774991231752
2.240000000000001,0.6512093499999991
2.241000000000001,0.6505728087972401
2.2420000000000018,0.6502607812027589
2.2430000000000017,0.6493219699999981
2.244000000000001,0.6478906299999975
2.245000000000001,0.6459607075834787
2.2460000000000018,0.6431365424165112
2.2470000000000017,0.6401132899999941
2.2480000000000016,0.6367949701739593
2.249000000000001,0.6330967098260293
2.2500000000000018,0.6288896799999926
2.2510000000000017,0.624693205665859
2.2520000000000016,0.6198498643341259
2.253000000000001,0.6154179599999939
2.2540000000000022,0.6108583093091322
2.2550000000000017,0.6071514006908563
2.2560000000000016,0.6039634899999962
2.257000000000001,0.6017643799999981
2.2580000000000022,0.6006946051129775
2.2590000000000017,0.6007457348870227
2.2600000000000016,0.602180720000004
2.261000000000001,0.6044499017726528
2.2620000000000022,0.6089676282273633
2.2630000000000017,0.6134123200000094
2.2640000000000016,0.6187367517416594
2.265000000000001,0.6235541682583555
2.2660000000000022,0.6279029300000061
2.2670000000000017,0.6313311500000046
2.2680000000000016,0.6339724400239977
2.269000000000001,0.6354726799760071
2.2700000000000022,0.6352084899999978
2.2710000000000017,0.6339338116516663
2.2720000000000016,0.6318503283483272
2.273000000000001,0.6280503299999949
2.2740000000000022,0.6242391454988926
2.2750000000000017,0.6194941345010926
2.2760000000000016,0.6155274499999934
2.277000000000001,0.611818249999995
2.2780000000000022,0.6089767641485797
2.2790000000000017,0.6067529299999987
2.2800000000000016,0.6060945400000012
2.281000000000001,0.6067642733543323
2.2820000000000022,0.6086978166456747
2.2830000000000017,0.6130511800000087
2.2840000000000016,0.6179159686932706
2.285000000000001,0.6237029013067473
2.2860000000000023,0.6298455600000127
2.2870000000000017,0.6369982078194472
2.2880000000000016,0.6438764021805742
2.289000000000001,0.6509364800000088
2.2900000000000023,0.6575517100000107
2.2910000000000017,0.6635744750769936
2.2920000000000016,0.6691252449230238
2.293000000000001,0.6741961200000061
2.2940000000000023,0.6787477295221016
2.2950000000000017,0.6824429504779099
2.2960000000000016,0.6859322800000051
2.297000000000001,0.6887482203899264
2.2980000000000023,0.6915521196100834
2.2990000000000017,0.6944316600000049
2.3000000000000016,0.6971801500000047
2.301000000000001,0.6998297350414999
2.3020000000000023,0.7024653600000054
2.3030000000000017,0.7054668100000046
2.3040000000000016,0.7080010827274584
2.305000000000001,0.7104283572725492
2.3060000000000023,0.7124210600000022
2.3070000000000017,0.7135909343601292
2.3080000000000016,0.7143345356398731
2.309000000000001,0.7148221099999998
2.3100000000000023,0.7147665268146356
2.3110000000000017,0.7138346731853611
2.3120000000000016,0.7126250899999971
2.313000000000001,0.7109737399999974
2.3140000000000023,0.7089766904489065
2.3150000000000017,0.7066811795510853
2.3160000000000016,0.7042525399999942
2.317000000000001,0.7009569322275495
2.3180000000000023,0.6978792077724396
2.3190000000000017,0.6953088599999955
2.3200000000000016,0.6927695753479264
2.321000000000001,0.6902230546520658
2.3220000000000023,0.6880831699999974
2.3230000000000017,0.6866409799999971
2.3240000000000016,0.6849824383361648
2.325000000000001,0.6839657999999986
2.3260000000000023,0.682911569999996
2.3270000000000017,0.6806339425494851
2.3280000000000016,0.6774594374505051
2.329000000000001,0.6729177799999929
2.3300000000000023,0.6675880455068874
2.3310000000000017,0.6621431144930908
2.3320000000000016,0.6557261299999867
2.333000000000001,0.6482465373705126
2.3340000000000023,0.6400202426294581
2.3350000000000017,0.6315108499999825
2.3360000000000016,0.6217161399999832
2.337000000000001,0.612282100628859
2.3380000000000023,0.6027883893711073
2.3390000000000017,0.5940889699999841
2.3400000000000016,0.5851167750829723
2.341000000000001,0.5782676049170064
2.3420000000000023,0.5735161299999941
2.3430000000000017,0.5702013199790029
2.3440000000000016,0.5694011100209946
2.345000000000001,0.5696122600000021
2.3460000000000023,0.571184100000004
2.3470000000000018,0.5734136014578609
2.3480000000000016,0.5775281800000046
2.349000000000001,0.5810554000000044
2.350000000000002,0.5844075660987864
2.3510000000000018,0.5873685539012256
2.3520000000000016,0.5897008800000029
2.353000000000001,0.59136125210658
2.354000000000002,0.5921823178934229
2.3550000000000018,0.5929086799999986
2.3560000000000016,0.5921861048450312
2.357000000000001,0.5923345551549692
2.358000000000002,0.5933476700000024
2.3590000000000018,0.5947293000000049
2.3600000000000017,0.597496276284747
2.361000000000001,0.5999591237152606
2.362000000000002,0.6023937500000042
2.3630000000000018,0.6047855622945439
2.3640000000000017,0.6066085077054616
2.365000000000001,0.6085249200000031
2.366000000000002,0.6108226967926456
2.3670000000000018,0.6127906232073623
2.3680000000000017,0.6150108600000019
2.369000000000001,0.616445840000001
2.370000000000002,0.6171896601359731
2.3710000000000018,0.6172910198640273
2.3720000000000017,0.6161785099999976
2.3730000000000016,0.6148339557688434
2.374000000000002,0.6130916442311504
2.3750000000000018,0.6108452699999954
2.3760000000000017,0.6082781584193114
2.3770000000000016,0.6053623515806795
2.378000000000002,0.6012313999999939
2.3790000000000022,0.5977036575844787
2.3800000000000017,0.5949795024155128
2.3810000000000016,0.5918022999999943
2.382000000000002,0.5886272799999936
2.3830000000000022,0.5857542954069123
2.3840000000000017,0.5818083645930754
2.3850000000000016,0.5788130199999962
2.386000000000002,0.5767179423215338
2.3870000000000022,0.5758411576784626
2.3880000000000017,0.5757800300000028
2.3890000000000016,0.5773126744451171
2.390000000000002,0.5811571255548965
2.3910000000000022,0.5857368700000113
2.3920000000000017,0.5921275000000117
2.3930000000000016,0.5987425967396635
2.394000000000002,0.6058099932603617
2.3950000000000022,0.6129978300000151
2.3960000000000017,0.6215092284563198
2.3970000000000016,0.6283937915437016
2.398000000000002,0.6343026200000085
2.3990000000000022,0.6390669253319372
2.4000000000000017,0.6413202446680698
2.4010000000000016,0.6428307300000007
2.402000000000001,0.6432315699999999
2.4030000000000022,0.6431759655604439
2.4040000000000017,0.6425681699999974
2.4050000000000016,0.6411294899999957
2.406000000000002,0.6387458687202516
2.4070000000000022,0.6366330712797399
2.4080000000000017,0.6331543899999955
2.4090000000000016,0.6306741081053787
2.410000000000001,0.6305551618946208
2.4110000000000023,0.6296104199999972
2.4120000000000017,0.6280755745620863
2.4130000000000016,0.6272211954379112
2.414000000000002,0.6254710599999989
2.4150000000000023,0.6248404400000029
2.4160000000000017,0.6265067724385146
2.4170000000000016,0.6279311575614898
2.418000000000001,0.6297748700000022
2.4190000000000023,0.6314059243411333
2.4200000000000017,0.6323493356588696
2.4210000000000016,0.634520830000004
2.422000000000002,0.6367684396230762
2.4230000000000023,0.6371646703769254
2.4240000000000017,0.6369526399999985
2.4250000000000016,0.6361111999999952
2.426000000000001,0.6334819429257036
2.4270000000000023,0.6294811399999942
2.4280000000000017,0.6262623699999929
2.4290000000000016,0.6222500235482807
2.430000000000002,0.6162855064516981
2.4310000000000023,0.6116247199999917
2.4320000000000017,0.6069500835712768
2.4330000000000016,0.6013857964287059
2.434000000000001,0.5974894199999969
2.4350000000000023,0.5951455962357521
2.4360000000000017,0.5947079537642463
2.4370000000000016,0.5970051300000065
2.438000000000002,0.6006654500000086
2.4390000000000023,0.6054534494941121
2.4400000000000017,0.6121483905059119
2.4410000000000016,0.6200318300000138
2.442000000000001,0.6278680130464045
2.4430000000000023,0.6363984769536258
2.4440000000000017,0.6436141700000088
2.4450000000000016,0.6485469662857519
2.446000000000002,0.6542098237142682
2.4470000000000023,0.6587210300000043
2.4480000000000017,0.6610648600000056
2.4490000000000016,0.6642335302309811
2.450000000000001,0.6668358400000026
2.4510000000000023,0.6688161500000026
2.4520000000000017,0.6702588224695052
2.4530000000000016,0.6696835175304929
2.454000000000002,0.6685521599999981
2.4550000000000023,0.6674922197850396
2.4560000000000017,0.6657900702149537
2.4570000000000016,0.6625959899999951
2.458000000000001,0.6598148162087533
2.4590000000000023,0.6566769037912357
2.4600000000000017,0.6533625699999964
2.4610000000000016,0.6513741599999957
2.462000000000002,0.6489300475994721
2.4630000000000023,0.6451060424005125
2.4640000000000017,0.6419424999999936
2.4650000000000016,0.6383935414097136
2.466000000000001,0.6356076385902777
2.4670000000000023,0.6348490099999983
2.4680000000000017,0.6338611683753267
2.4690000000000016,0.6349449216246768
2.470000000000002,0.6343657399999949
2.4710000000000023,0.6315158599999939
2.4720000000000018,0.6280915578542028
2.4730000000000016,0.6207700999999926
2.474000000000001,0.6151872899999945
2.475000000000002,0.6110600195400822
2.4760000000000018,0.6062554204598987
2.4770000000000016,0.6046892399999897
2.478000000000002,0.5988668682343468
2.479000000000002,0.5957492117656409
2.4800000000000018,0.5961341299999915
2.4810000000000016,0.5913047121005673
2.482000000000001,0.5835257178994084
2.483000000000002,0.5736485699999858
2.4840000000000018,0.5656609499999946
2.4850000000000017,0.5626235394371055
2.486000000000002,0.5582179105628788
2.487000000000002,0.5531323599999951
2.4880000000000018,0.5503539196360617
2.4890000000000017,0.5435502803639171
2.490000000000001,0.53742802
2.491000000000002,0.5374216116226712
2.4920000000000018,0.5353378383773205
2.4930000000000017,0.530393899999998
2.494000000000002,0.5287799799999989
2.495000000000002,0.5281701758858167
2.4960000000000018,0.5252290341141714
2.4970000000000017,0.5207658999999897
2.4980000000000016,0.5149708343761294
2.499000000000002,0.5179145956238811
2.5000000000000018,0.51791453
2.5010000000000017,0.51791453
2.502000000000002,0.51791453
2.503000000000002,0.51791453
2.5040000000000022,0.51791453
2.5050000000000017,0.51791453
2.5060000000000016,0.51791453
2.507000000000002,0.51791453
2.5080000000000022,0.51791453
2.5090000000000017,0.51791453
2.510000000000002,0.51791453
2.511000000000002,0.51791453
2.5120000000000022,0.51791453
2.5130000000000017,0.51791453
2.5140000000000016,0.51791453
2.515000000000002,0.51791453
2.5160000000000022,0.51791453
2.5170000000000017,0.51791453
2.518000000000002,0.51791453
2.519000000000002,0.51791453
2.5200000000000022,0.51791453
2.5210000000000017,0.51791453
2.5220000000000016,0.51791453
2.523000000000002,0.51791453
2.5240000000000022,0.51791453
2.5250000000000017,0.51791453
2.526000000000002,0.51791453
2.527000000000002,0.51791453
2.5280000000000022,0.51791453
2.5290000000000017,0.51791453
2.5300000000000016,0.51791453
2.531000000000002,0.51791453
2.5320000000000022,0.51791453
2.5330000000000017,0.51791453
2.534000000000002,0.51791453
2.535000000000002,0.51791453
2.5360000000000023,0.51791453
2.5370000000000017,0.51791453
2.5380000000000016,0.51791453
2.539000000000002,0.51791453
2.5400000000000023,0.51791453
2.5410000000000017,0.51791453
2.542000000000002,0.51791453
2.543000000000002,0.51791453
2.5440000000000023,0.51791453
2.5450000000000017,0.51791453
2.5460000000000016,0.51791453
2.547000000000002,0.51791453
2.5480000000000023,0.51791453
2.5490000000000017,0.51791453
2.550000000000002,0.51791453
2.551000000000002,0.51791453
2.5520000000000023,0.51791453
2.5530000000000017,0.51791453
2.5540000000000016,0.51791453
2.555000000000002,0.51791453
2.5560000000000023,0.51791453
2.5570000000000017,0.51791453
2.558000000000002,0.51791453
2.559000000000002,0.51791453
2.5600000000000023,0.51791453
2.5610000000000017,0.51791453
2.5620000000000016,0.51791453
2.563000000000002,0.51791453
2.5640000000000023,0.51791453
2.5650000000000017,0.51791453
2.566000000000002,0.51791453
2.567000000000002,0.51791453
2.5680000000000023,0.51791453
2.5690000000000017,0.51791453
2.5700000000000016,0.51791453
2.571000000000002,0.51791453
2.5720000000000023,0.51791453
2.5730000000000017,0.51791453
2.574000000000002,0.51791453
2.575000000000002,0.51791453
2.5760000000000023,0.51791453
2.5770000000000017,0.51791453
2.5780000000000016,0.51791453
2.579000000000002,0.51791453
2.5800000000000023,0.51791453
2.5810000000000017,0.51791453
2.582000000000002,0.51791453
2.583000000000002,0.51791453
2.5840000000000023,0.51791453
2.5850000000000017,0.51791453
2.5860000000000016,0.51791453
2.587000000000002,0.51791453
2.5880000000000023,0.51791453
2.5890000000000017,0.51791453
2.590000000000002,0.51791453
2.591000000000002,0.51791453
2.5920000000000023,0.51791453
2.5930000000000017,0.51791453
2.5940000000000016,0.51791453
2.595000000000002,0.51791453
2.5960000000000023,0.51791453
2.5970000000000018,0.51791453
2.598000000000002,0.51791453
2.599000000000002,0.51791453
