wave,Propyne
0.4,0.8441591253282934
0.401,0.8441909585092299
0.402,0.8440418814907702
0.40299999999999997,0.84413016
0.40399999999999997,0.8444958863427366
0.405,0.84462529
0.406,0.8448458340679187
0.407,0.8452526259320813
0.408,0.845532300250895
0.409,0.845557389749105
0.41,0.84564745
0.411,0.8460569959045409
0.412,0.84636849
0.413,0.8464399000392995
0.414,0.84644383
0.415,0.8465715127840443
0.416,0.8468499172159557
0.417,0.84713459
0.418,0.8473487478584214
0.419,0.84756118
0.42,0.8477727218178819
0.421,0.84795451
0.422,0.8481710631112378
0.423,0.8484821868887623
0.424,0.8488169925403491
0.425,0.8490710274596508
0.4260000000000001,0.84921688
0.4270000000000001,0.8493830627333726
0.4280000000000001,0.8496564
0.4290000000000001,0.8499251020700586
0.4300000000000001,0.8501321079299414
0.4310000000000001,0.8503043117582648
0.4320000000000001,0.8504801382417352
0.4330000000000001,0.85065436
0.4340000000000001,0.8508262019776801
0.4350000000000001,0.85102397
0.4360000000000001,0.8512137519407612
0.4370000000000001,0.8514078280592388
0.4380000000000001,0.8516227026070478
0.4390000000000001,0.8518834073929522
0.4400000000000001,0.8521226000000001
0.4410000000000001,0.8523149480765193
0.4420000000000001,0.85246444
0.4430000000000001,0.8527082228746425
0.4440000000000001,0.8529956871253574
0.4450000000000001,0.8532049118965621
0.4460000000000001,0.8533945681034381
0.4470000000000001,0.85356385
0.4480000000000001,0.853704088597614
0.4490000000000001,0.85396105
0.4500000000000001,0.8541543512862743
0.4510000000000001,0.8542829787137257
0.4520000000000001,0.8546004326249474
0.4530000000000001,0.8548629273750525
0.4540000000000001,0.85504061
0.4550000000000001,0.8552548278578215
0.4560000000000001,0.8554107
0.4570000000000001,0.8555923723728762
0.4580000000000001,0.85582966
0.4590000000000001,0.8560798215192696
0.4600000000000001,0.8562317484807304
0.4610000000000001,0.8563601999999999
0.4620000000000001,0.8566333072689273
0.4630000000000001,0.85681182
0.4640000000000001,0.8569707926165738
0.4650000000000001,0.85723245
0.4660000000000001,0.8574229514572709
0.4670000000000001,0.8575686785427291
0.4680000000000001,0.8577365321754565
0.4690000000000001,0.8579540778245435
0.4700000000000001,0.85812587
0.4710000000000001,0.8582854323543765
0.4720000000000001,0.85852087
0.4730000000000001,0.8586822215615688
0.4740000000000001,0.8588383784384312
0.4750000000000001,0.8590514112480749
0.4760000000000001,0.8591762187519251
0.4770000000000001,0.85936773
0.4780000000000001,0.8596084710716893
0.4790000000000001,0.85971564
0.4800000000000001,0.8599116221355573
0.4810000000000001,0.8601251778644428
0.4820000000000001,0.8602289016616669
0.4830000000000001,0.8603950683383333
0.4840000000000001,0.86057425
0.4850000000000001,0.8607196785457145
0.4860000000000001,0.86086029
0.4870000000000001,0.8610278418154637
0.4880000000000001,0.8612093881845363
0.4890000000000001,0.8613789117219656
0.4900000000000001,0.8615511082780344
0.4910000000000001,0.86172491
0.4920000000000001,0.8618910283388166
0.4930000000000001,0.86202234
0.4940000000000001,0.8621487613750862
0.4950000000000001,0.86228627
0.4960000000000001,0.8624351011837763
0.4970000000000001,0.8625534788162237
0.4980000000000001,0.86265403
0.4990000000000001,0.8627676388639113
0.5000000000000001,0.8628610999999999
0.5010000000000001,0.8629756612898258
0.5020000000000001,0.8631046423638818
0.5030000000000001,0.8631834384240789
0.5040000000000001,0.8632438193961941
0.5050000000000001,0.86332548
0.5060000000000001,0.8634331217059148
0.5070000000000001,0.8635184174411279
0.5080000000000001,0.8635660990463905
0.5090000000000001,0.86360222
0.5100000000000001,0.8636887107069071
0.5110000000000001,0.8637594007961682
0.5120000000000001,0.8637992092038319
0.5130000000000001,0.8638868891231912
0.5140000000000001,0.86393631
0.5150000000000001,0.8639650906289126
0.5160000000000001,0.8640279815251238
0.5170000000000001,0.8640788189832509
0.5180000000000001,0.8641254295338954
0.5190000000000001,0.8641800303236032
0.5200000000000001,0.8642123916141193
0.5210000000000001,0.8642930975788211
0.5220000000000001,0.8643946089848796
0.5230000000000001,0.86445391
0.5240000000000001,0.8644846103433034
0.5250000000000001,0.8645189409751609
0.5260000000000001,0.8645676990248391
0.5270000000000001,0.8646590690862909
0.5280000000000001,0.86471057
0.5290000000000001,0.8647175411432114
0.5300000000000001,0.8647747003917803
0.5310000000000001,0.864787759738813
0.5320000000000001,0.8647790600870009
0.5330000000000001,0.8648158901276013
0.5340000000000001,0.8648286505315734
0.5350000000000001,0.8648552292026398
0.5360000000000001,0.8649114394378887
0.5370000000000001,0.86492604
0.5380000000000001,0.8649377801824036
0.5390000000000001,0.8649560195851208
0.5400000000000001,0.8649421902765863
0.5410000000000001,0.8649443999778997
0.5420000000000001,0.86494237
0.5430000000000001,0.8649115000677966
0.5440000000000002,0.8649148898983051
0.5450000000000002,0.8649216898639986
0.5460000000000002,0.86491191
0.5470000000000002,0.8649203799737998
0.5480000000000002,0.8649177596864125
0.5490000000000002,0.8649020803135875
0.5500000000000002,0.8648921800990009
0.5510000000000002,0.86485291
0.5520000000000002,0.8648145198288966
0.5530000000000002,0.8647974094135293
0.5540000000000002,0.8647778603909805
0.5550000000000002,0.8647528902497025
0.5560000000000002,0.8647307799492995
0.5570000000000002,0.8647257095434228
0.5580000000000002,0.8647028806848657
0.5590000000000002,0.8646739705782058
0.5600000000000002,0.86466086
0.5610000000000002,0.8646459598538986
0.5620000000000002,0.8646313497926084
0.5630000000000002,0.8646209802073916
0.5640000000000002,0.8646200300094999
0.5650000000000002,0.86461252
0.5660000000000002,0.8646047701240013
0.5670000000000002,0.8646109702003899
0.5680000000000002,0.8646176498664067
0.5690000000000002,0.8646154400221002
0.5700000000000002,0.8646097801001009
0.5710000000000002,0.8646197904577771
0.5720000000000002,0.8646426793133344
0.5730000000000002,0.8646580598461969
0.5740000000000002,0.86462992
0.5750000000000002,0.8646516204339043
0.5760000000000002,0.8646950100977961
0.5770000000000002,0.8646998999022039
0.5780000000000002,0.8646588304107041
0.5790000000000002,0.86460048
0.5800000000000002,0.8645525588935891
0.5810000000000002,0.8644972389452527
0.5820000000000002,0.8644620807031649
0.5830000000000002,0.86442876
0.5840000000000002,0.8643687992494925
0.5850000000000002,0.8642937481976901
0.5860000000000002,0.8642036327034648
0.5870000000000002,0.8641088609477189
0.5880000000000002,0.86414677
0.5890000000000002,0.8641910593376868
0.5900000000000002,0.8641248228963551
0.5910000000000002,0.8638880347357631
0.5920000000000002,0.8637514113662136
0.5930000000000002,0.8637554000823009
0.5940000000000002,0.8637636298880056
0.5950000000000002,0.8637580301679916
0.5960000000000002,0.8636242226762267
0.5970000000000002,0.8633856199999999
0.5980000000000002,0.8630786475943758
0.5990000000000002,0.8628380875622975
0.6000000000000002,0.8627162024377025
0.6010000000000002,0.8627132200298002
0.6020000000000002,0.8626246999999999
0.6030000000000002,0.8625213500739014
0.6040000000000002,0.8625287442429879
0.6050000000000002,0.8626701771713414
0.6060000000000002,0.8628476882248822
0.6070000000000002,0.8629389393484935
0.6080000000000002,0.8628737879545022
0.6090000000000002,0.8627715130682465
0.6100000000000002,0.8627011807033141
0.6110000000000002,0.86262369
0.6120000000000002,0.8624959577796777
0.6130000000000002,0.8622739247574096
0.6140000000000002,0.8620117952425903
0.6150000000000002,0.8618457916600165
0.6160000000000002,0.8617174000000001
0.6170000000000002,0.8615671972699726
0.6180000000000002,0.8614306948450576
0.6190000000000002,0.8612588634366279
0.6200000000000002,0.86107343
0.6210000000000002,0.8609125585479855
0.6220000000000002,0.8607673592956352
0.6230000000000002,0.8607321410565472
0.6240000000000002,0.8607614597067941
0.6250000000000002,0.86072463
0.6260000000000002,0.8606368290248805
0.6270000000000002,0.8605393171174441
0.6280000000000002,0.8604432319217039
0.6290000000000002,0.8603292111402113
0.6300000000000002,0.86023521
0.6310000000000002,0.8601740582024898
0.6320000000000002,0.8600841826962652
0.6330000000000002,0.8599908918658186
0.6340000000000002,0.85991609
0.6350000000000002,0.8598481992572925
0.6360000000000002,0.8597739282214711
0.6370000000000002,0.8596850017785289
0.6380000000000002,0.8595905909441095
0.6390000000000002,0.85948491
0.6400000000000002,0.8593882291303826
0.6410000000000002,0.8593012671927404
0.6420000000000002,0.8592076918715064
0.6430000000000002,0.8591212008649085
0.6440000000000002,0.8590440792566926
0.6450000000000002,0.8589697485158742
0.6460000000000002,0.8588955422261887
0.6470000000000002,0.8587979709757195
0.6480000000000002,0.85867548
0.6490000000000002,0.8585737891071911
0.6500000000000002,0.8584845079554818
0.6510000000000002,0.8583822820445183
0.6520000000000002,0.8582539612832127
0.6530000000000002,0.85813588
0.6540000000000002,0.8580228674369743
0.6550000000000002,0.8578947161217939
0.6560000000000002,0.8577654425854707
0.6570000000000003,0.8576452712017121
0.6580000000000003,0.8575349991863919
0.6590000000000003,0.8574536379807008
0.6600000000000003,0.8573526730289486
0.6610000000000003,0.8572234512922258
0.6620000000000003,0.85709012
0.6630000000000003,0.8569514785586712
0.6640000000000003,0.8568073454960251
0.6650000000000003,0.8566572130026497
0.6660000000000003,0.8565126114460144
0.6670000000000003,0.85635996
0.6680000000000003,0.8561980069639518
0.6690000000000003,0.8560462045540722
0.6700000000000003,0.8558735834524345
0.6710000000000003,0.8556829699999999
0.6720000000000003,0.8554914582362823
0.6730000000000003,0.8553150865179392
0.6740000000000003,0.8551409834820607
0.6750000000000003,0.8549576418334183
0.6760000000000003,0.8547834199999998
0.6770000000000003,0.8545939279305586
0.6780000000000003,0.8543869835413228
0.6790000000000003,0.8541716943057847
0.6800000000000003,0.8539677920390203
0.6810000000000003,0.8537518975615755
0.6820000000000003,0.8535080559088045
0.6830000000000003,0.8533034961367931
0.6840000000000003,0.8530890942880428
0.6850000000000003,0.85284507
0.6860000000000003,0.852612497704577
0.6870000000000003,0.8523829551221951
0.6880000000000003,0.8521390648778048
0.6890000000000003,0.8518757226334263
0.6900000000000003,0.8516197199999999
0.6910000000000003,0.8514115164939648
0.6920000000000003,0.8512362143962802
0.6930000000000003,0.8510494237358132
0.6940000000000003,0.8508339521547215
0.6950000000000003,0.8506097178494785
0.6960000000000003,0.8503946655858207
0.6970000000000003,0.8501739566212688
0.6980000000000003,0.8499410723288465
0.6990000000000003,0.84970295
0.7000000000000003,0.8494624476145759
0.7010000000000003,0.8492239052711891
0.7020000000000003,0.8489874647288108
0.7030000000000003,0.8487710421642216
0.7040000000000003,0.8485223699999999
0.7050000000000003,0.8482605754629546
0.7060000000000003,0.8480337225114744
0.7070000000000003,0.8477841049923504
0.7080000000000003,0.8475205299999999
0.7090000000000003,0.8472645273093731
0.7100000000000003,0.8469954642412878
0.7110000000000003,0.8467075286380681
0.7120000000000003,0.8464118229570591
0.7130000000000003,0.8461114799999999
0.7140000000000003,0.8458284071067421
0.7150000000000003,0.8455390804751762
0.7160000000000003,0.8452215863498824
0.7170000000000003,0.8449216529993299
0.7180000000000003,0.8446165267384673
0.7190000000000003,0.8442903733377328
0.7200000000000003,0.8439572599934002
0.7210000000000003,0.8436263866174659
0.7220000000000003,0.8432903899999998
0.7230000000000003,0.8429354364237641
0.7240000000000003,0.8425778128368865
0.7250000000000003,0.8422196571631133
0.7260000000000003,0.8418544536520365
0.7270000000000003,0.8414619000000001
0.7280000000000003,0.8410603359808194
0.7290000000000003,0.8406584174333281
0.7300000000000003,0.8402395283777809
0.7310000000000003,0.8398039343559434
0.7320000000000003,0.8393655956518563
0.7330000000000003,0.8389307815282235
0.7340000000000003,0.8385071927076645
0.7350000000000003,0.8380633044388887
0.7360000000000003,0.8375797299999997
0.7370000000000003,0.8370554341337412
0.7380000000000003,0.8364688087530497
0.7390000000000003,0.8359064612469499
0.7400000000000003,0.8354200748638485
0.7410000000000003,0.8350856899999999
0.7420000000000003,0.8348061936413362
0.7430000000000003,0.8344882592146392
0.7440000000000003,0.8341287471902404
0.7450000000000003,0.8337180599999999
0.7460000000000003,0.8332886056780566
0.7470000000000003,0.8328564113434327
0.7480000000000003,0.8324235829848506
0.7490000000000003,0.8319764744710892
0.7500000000000003,0.8315070899999999
0.7510000000000003,0.8310301252059039
0.7520000000000003,0.8305507156097194
0.7530000000000003,0.8300710395935202
0.7540000000000003,0.8296077346330462
0.7550000000000003,0.8291391099999998
0.7560000000000003,0.8286566004828757
0.7570000000000003,0.8281807442756861
0.7580000000000003,0.8276719601757017
0.7590000000000003,0.8271380099999998
0.7600000000000003,0.8266037049007487
0.7610000000000003,0.8260937798366064
0.7620000000000003,0.8255856101633933
0.7630000000000003,0.8250685351707515
0.7640000000000003,0.8245797199999998
0.7650000000000003,0.824074264863197
0.7660000000000003,0.8235605853682314
0.7670000000000003,0.823072859754512
0.7680000000000003,0.82257056502295
0.7690000000000003,0.8220632650378502
0.7700000000000004,0.8215670502490874
0.7710000000000004,0.8210795046263685
0.7720000000000004,0.8205828749662991
0.7730000000000004,0.8200823699999998
0.7740000000000004,0.8196005151869518
0.7750000000000004,0.8191192106351745
0.7760000000000004,0.8186509693648253
0.7770000000000004,0.8182061944477443
0.7780000000000004,0.8177705999999999
0.7790000000000004,0.8173250510639105
0.7800000000000004,0.8168782474765259
0.7810000000000004,0.8164607983489824
0.7820000000000004,0.8160666239417392
0.7830000000000004,0.8156854463229631
0.7840000000000004,0.8153177431017448
0.7850000000000004,0.8149728303473825
0.7860000000000004,0.8146650830774614
0.7870000000000004,0.8143879199999999
0.7880000000000004,0.8141233275675513
0.7890000000000004,0.8138800831660415
0.7900000000000004,0.8136522845559722
0.7910000000000004,0.8134295322275221
0.7920000000000004,0.8132008299999999
0.7930000000000004,0.8129979968327583
0.7940000000000004,0.8128396347508624
0.7950000000000004,0.8127084426238261
0.7960000000000004,0.8125815399999999
0.7970000000000004,0.8124556489753897
0.7980000000000004,0.8123531881618734
0.7990000000000004,0.8122612818381264
0.8000000000000004,0.8121676409364093
0.8010000000000004,0.8120857499999999
0.8020000000000004,0.811937387652153
0.8030000000000004,0.8117026024151791
0.8040000000000004,0.8114497750565469
0.8050000000000004,0.8113279912178122
0.8060000000000004,0.8114256329730298
0.8070000000000004,0.8117229405542725
0.8080000000000004,0.8122506541685918
0.8090000000000004,0.8129784354442547
0.8100000000000004,0.8136761200000002
0.8110000000000004,0.8142527348000481
0.8120000000000004,0.8147327391906326
0.8130000000000004,0.8151922708093677
0.8140000000000004,0.8156693552291525
0.8150000000000004,0.8161184800000002
0.8160000000000004,0.8165898400149003
0.8170000000000004,0.8170905848069598
0.8180000000000004,0.8175841501286938
0.8190000000000004,0.8181169546719469
0.8200000000000004,0.8186834557643579
0.8210000000000004,0.8192598921169945
0.8220000000000004,0.8198657418245091
0.8230000000000004,0.8205007236501732
0.8240000000000004,0.8211541800000002
0.8250000000000004,0.8218216369517698
0.8260000000000004,0.8225168142688295
0.8270000000000004,0.8232302557311711
0.8280000000000004,0.8239491528110283
0.8290000000000004,0.8246851600000003
0.8300000000000004,0.825433325167152
0.8310000000000004,0.826191682726264
0.8320000000000004,0.8269492248491579
0.8330000000000004,0.8277765500000005
0.8340000000000004,0.8286577587928883
0.8350000000000004,0.8295370475957206
0.8360000000000004,0.83041683360642
0.8370000000000004,0.8313028711396231
0.8380000000000004,0.8321992200000005
0.8390000000000004,0.8330984789182787
0.8400000000000004,0.8339903067778615
0.8410000000000004,0.834882902148093
0.8420000000000004,0.8357929508995093
0.8430000000000004,0.8367179693276936
0.8440000000000004,0.8376507388674571
0.8450000000000004,0.8385941116988155
0.8460000000000004,0.8395230614210146
0.8470000000000004,0.8404638200000004
0.8480000000000004,0.8414316897179975
0.8490000000000004,0.8424034891752334
0.8500000000000004,0.8433622508247675
0.8510000000000004,0.8443124204983053
0.8520000000000004,0.8452623500000005
0.8530000000000004,0.8462207396871941
0.8540000000000004,0.8471894592614373
0.8550000000000004,0.8481648404923758
0.8560000000000004,0.8491462401860023
0.8570000000000004,0.8501187695069954
0.8580000000000004,0.8510694685766715
0.8590000000000004,0.8519983021349936
0.8600000000000004,0.852859961383428
0.8610000000000004,0.8536536100000003
0.8620000000000004,0.8543937274780751
0.8630000000000004,0.8551415366707336
0.8640000000000004,0.8559750733292673
0.8650000000000004,0.8568864408863092
0.8660000000000004,0.8578892900000005
0.8670000000000004,0.8588969897173976
0.8680000000000004,0.8598828597783116
0.8690000000000004,0.860875470147793
0.8700000000000004,0.8619357900000004
0.8710000000000004,0.8630376609649102
0.8720000000000004,0.8641341509787515
0.8730000000000004,0.8651830885318738
0.8740000000000004,0.8661650301806041
0.8750000000000004,0.8671092400000004
0.8760000000000004,0.8680177987549755
0.8770000000000004,0.8688932961232944
0.8780000000000004,0.8697640725844712
0.8790000000000004,0.8706482011587121
0.8800000000000004,0.8715449600000005
0.8810000000000004,0.8724519783394834
0.8820000000000005,0.8733689524907758
0.8830000000000005,0.8743199509800101
0.8840000000000005,0.8752772200000004
0.8850000000000005,0.8762110591272917
0.8860000000000005,0.8771237871845129
0.8870000000000005,0.8779830128154877
0.8880000000000005,0.8788207116230167
0.8890000000000005,0.8796719900000003
0.8900000000000005,0.8804873279055585
0.8910000000000005,0.8812778835377235
0.8920000000000005,0.8820624743081852
0.8930000000000005,0.8828191724330248
0.8940000000000005,0.8835265064195645
0.8950000000000005,0.8841684614268289
0.8960000000000005,0.8847398028597573
0.8970000000000005,0.8852174852232048
0.8980000000000005,0.8855834000000001
0.8990000000000005,0.8858662826149263
0.9000000000000005,0.88612777700092
0.9010000000000004,0.8864778229990802
0.9020000000000004,0.8868822459557597
0.9030000000000004,0.8873438800000001
0.9040000000000004,0.8875036754093539
0.9050000000000004,0.88727413539343
0.9060000000000004,0.8867872497377128
0.9070000000000004,0.8864810530619305
0.9080000000000004,0.8869909124831253
0.9090000000000004,0.8882392384728772
0.9100000000000004,0.8901628822906864
0.9110000000000004,0.8924740368883389
0.9120000000000004,0.8946947500000009
0.9130000000000004,0.8967476648912985
0.9140000000000004,0.8982367823584826
0.9150000000000004,0.899315398427679
0.9160000000000004,0.9002753404006045
0.9170000000000004,0.9010590900000004
0.9180000000000004,0.9017805044962756
0.9190000000000004,0.9025053182555876
0.9200000000000004,0.9032350654050544
0.9210000000000004,0.9039635100000004
0.9220000000000004,0.9046890772801732
0.9230000000000004,0.905417094658614
0.9240000000000004,0.9061500253413868
0.9250000000000004,0.9068563529367296
0.9260000000000004,0.9075238700000005
0.9270000000000004,0.9081552657555154
0.9280000000000004,0.9087308169581524
0.9290000000000004,0.9092960886945656
0.9300000000000004,0.9098824841360416
0.9310000000000004,0.9105473873409736
0.9320000000000004,0.9112814853414334
0.9330000000000004,0.9120485569878509
0.9340000000000004,0.9128050648698492
0.9350000000000004,0.9135476400000004
0.9360000000000004,0.9142788666090664
0.9370000000000004,0.9149397724235034
0.9380000000000004,0.9155609475764972
0.9390000000000004,0.9161791138183384
0.9400000000000004,0.9167979400000004
0.9410000000000004,0.9173728908899093
0.9420000000000004,0.9179173864787764
0.9430000000000004,0.9184666790141496
0.9440000000000004,0.9189878647881482
0.9450000000000004,0.9195641962054624
0.9460000000000004,0.92018474160802
0.9470000000000004,0.9207651425879708
0.9480000000000004,0.9213336643147866
0.9490000000000004,0.9219045600000002
0.9500000000000004,0.9224714656529568
0.9510000000000004,0.923036761657134
0.9520000000000004,0.9236196183428668
0.9530000000000004,0.9242113740824413
0.9540000000000004,0.9247508600000002
0.9550000000000004,0.9252591202033024
0.9560000000000004,0.9257692855686218
0.9570000000000004,0.9262882396209192
0.9580000000000004,0.9267676500000004
0.9590000000000004,0.927256465360954
0.9600000000000004,0.9277925600546976
0.9610000000000004,0.9282952949179544
0.9620000000000004,0.9287776851761036
0.9630000000000004,0.9292726500000004
0.9640000000000004,0.929775605182704
0.9650000000000004,0.9302938745867708
0.9660000000000004,0.9307801002754864
0.9670000000000004,0.9311966858341586
0.9680000000000004,0.9316662050586508
0.9690000000000004,0.932172069685316
0.9700000000000004,0.9326563354720266
0.9710000000000004,0.9331541600435008
0.9720000000000004,0.9335724100000002
0.9730000000000004,0.9339498943010432
0.9740000000000004,0.9343799988676456
0.9750000000000004,0.9348233811323551
0.9760000000000004,0.9352403858299584
0.9770000000000004,0.9356349100000002
0.9780000000000004,0.9360235339953802
0.9790000000000004,0.9364230721694916
0.9800000000000004,0.9368287218870058
0.9810000000000004,0.9372534757524578
0.9820000000000004,0.9375993629427296
0.9830000000000004,0.9378936362234891
0.9840000000000004,0.938204810664767
0.9850000000000004,0.9385404566435329
0.9860000000000004,0.9389002300000002
0.9870000000000004,0.9392596526977272
0.9880000000000004,0.939529425148394
0.9890000000000004,0.9397868448516059
0.9900000000000004,0.9400899369690698
0.9910000000000004,0.9404109100000002
0.9920000000000004,0.9407432755170554
0.9930000000000004,0.9410191259346034
0.9940000000000004,0.9412169460435981
0.9950000000000006,0.9415898300000002
0.9960000000000006,0.9419924630589308
0.9970000000000006,0.9422983559077048
0.9980000000000006,0.9425937411384432
0.9990000000000006,0.9428901670357408
1.0000000000000004,0.94320363
1.0010000000000006,0.9435449800000002
1.002000000000001,0.94379741
1.0030000000000006,0.9439879100000002
1.0040000000000004,0.9441907686371364
1.0050000000000006,0.9444771400000002
1.006000000000001,0.94468349
1.0070000000000006,0.94479197
1.0080000000000005,0.94489682
1.0090000000000006,0.9450981190240976
1.010000000000001,0.9452883600000004
1.0110000000000006,0.9455435300000002
1.0120000000000005,0.94584143
1.0130000000000006,0.94603074
1.014000000000001,0.9462306300109988
1.0150000000000006,0.94641012
1.0160000000000005,0.94650012
1.0170000000000006,0.94662786
1.018000000000001,0.9469312400000004
1.0190000000000006,0.9475728858354168
1.0200000000000005,0.9482303300000002
1.0210000000000006,0.9487683200000004
1.022000000000001,0.9493183500000004
1.0230000000000006,0.9500033900000004
1.0240000000000005,0.9506231000000002
1.0250000000000006,0.9510366300000004
1.0260000000000007,0.9513639200000004
1.0270000000000006,0.9517766200000002
1.0280000000000005,0.9523181300000002
1.0290000000000006,0.9528158300000004
1.0300000000000007,0.9532658500000004
1.0310000000000006,0.9537240300000004
1.0320000000000005,0.9541518442865716
1.0330000000000006,0.95449471
1.0340000000000007,0.95473027
1.0350000000000006,0.9549607600000002
1.0360000000000005,0.95527196
1.0370000000000006,0.9555931150654936
1.0380000000000007,0.95564377
1.0390000000000006,0.95542866
1.0400000000000005,0.95526361
1.0410000000000006,0.9551575799999996
1.0420000000000007,0.95481059469853
1.0430000000000006,0.9543722299999996
1.0440000000000005,0.9537694499999996
1.0450000000000006,0.9530210499999996
1.0460000000000007,0.9523054399999994
1.0470000000000006,0.9513934611978796
1.0480000000000005,0.9502509799999994
1.0490000000000006,0.9490431499999996
1.0500000000000007,0.9479370699999994
1.0510000000000006,0.9469226599999994
1.0520000000000005,0.9459937799999998
1.0530000000000006,0.94538701
1.0540000000000007,0.9452536700000002
1.0550000000000006,0.9453642208309172
1.0560000000000005,0.9457725300000004
1.0570000000000006,0.9466650500000008
1.0580000000000007,0.9479087000000008
1.0590000000000006,0.9492521300000006
1.0600000000000005,0.9506345335396468
1.0610000000000006,0.9523699300000013
1.0620000000000007,0.9542060500000012
1.0630000000000006,0.9559217100000011
1.0640000000000005,0.9576587100000008
1.0650000000000006,0.9593234235286482
1.0660000000000007,0.9606654600000007
1.0670000000000006,0.9616876200000006
1.0680000000000005,0.9626115000000004
1.0690000000000006,0.9634230100000004
1.0700000000000007,0.9641603662643742
1.0710000000000006,0.9648245000000004
1.0720000000000005,0.9654116600000002
1.0730000000000006,0.96590108
1.0740000000000007,0.96612269
1.0750000000000006,0.9662032100000002
1.0760000000000003,0.9664596900000002
1.0770000000000006,0.9667879300000002
1.0780000000000007,0.9670537932736728
1.0790000000000006,0.96728653
1.0800000000000003,0.96741468
1.0810000000000006,0.9675684000000004
1.0820000000000007,0.9678741700000002
1.0830000000000006,0.9681717346905309
1.0840000000000003,0.96831864
1.0850000000000006,0.96844435
1.0860000000000007,0.9686597600000002
1.0870000000000006,0.9689299500000004
1.0880000000000003,0.9692181011848816
1.0890000000000006,0.96948695
1.0900000000000007,0.96963382
1.0910000000000006,0.96966469
1.0920000000000003,0.96967661
1.0930000000000006,0.969782999361064
1.0940000000000007,0.9699730300000002
1.0950000000000006,0.9702686100000002
1.0960000000000003,0.9706242700000002
1.0970000000000006,0.9709998400000002
1.0980000000000008,0.97130251
1.0990000000000006,0.9714632
1.1000000000000003,0.97160143
1.1010000000000006,0.97179914
1.1020000000000008,0.9720417900000002
1.1030000000000006,0.97230023
1.1040000000000003,0.97251707
1.1050000000000006,0.97262126
1.1060000000000008,0.972701679810019
1.1070000000000009,0.97279978
1.1080000000000003,0.97300953
1.1090000000000009,0.97314596
1.1100000000000008,0.97313452
1.1110000000000009,0.9732410480171984
1.1120000000000003,0.97342122
1.1130000000000009,0.97354883
1.1140000000000008,0.97370052
1.1150000000000009,0.9738909
1.1160000000000003,0.9740317959104092
1.1170000000000009,0.97412086
1.1180000000000008,0.97417772
1.1190000000000009,0.97423482
1.1200000000000006,0.97416455
1.1210000000000009,0.9740545809969002
1.1220000000000008,0.97404081
1.1230000000000009,0.9740392
1.1240000000000006,0.97400147
1.1250000000000009,0.97398865
1.1260000000000008,0.9739980700000002
1.127000000000001,0.97406507
1.1280000000000006,0.97413105
1.129000000000001,0.9740279185811418
1.1300000000000008,0.97391373
1.131000000000001,0.9738571
1.1320000000000006,0.9737726999999998
1.133000000000001,0.9735443
1.1340000000000008,0.9732771108379158
1.135000000000001,0.9728854899999996
1.1360000000000006,0.9724636699999996
1.137000000000001,0.9719033199999996
1.1380000000000008,0.9713155599999996
1.139000000000001,0.970766004955504
1.1400000000000006,0.9701948799999994
1.141000000000001,0.9694395699999996
1.1420000000000008,0.9686665499999996
1.143000000000001,0.9680632399999995
1.1440000000000006,0.967457890534946
1.145000000000001,0.9668991599999998
1.1460000000000008,0.9665775299999998
1.147000000000001,0.9663353
1.1480000000000006,0.9662593
1.149000000000001,0.9662300900000002
1.1500000000000008,0.9664146900000002
1.1510000000000007,0.9666360000000004
1.1520000000000006,0.96699369
1.1530000000000007,0.9673577500000002
1.1540000000000008,0.9677081100000002
1.1550000000000007,0.9680599
1.1560000000000006,0.96810168
1.1570000000000007,0.9680725488591138
1.1580000000000008,0.9676611399999996
1.1590000000000007,0.9670906699999996
1.1600000000000006,0.9663038799999992
1.1610000000000007,0.9653111099999993
1.1620000000000008,0.9639460430696916
1.1630000000000007,0.9621767399999988
1.1640000000000006,0.9603387099999992
1.1650000000000007,0.9583671099999986
1.1660000000000008,0.956408739999998
1.1670000000000007,0.9542868421897798
1.1680000000000006,0.9522156099999988
1.1690000000000007,0.9503730499999988
1.1700000000000008,0.9485424199999984
1.1710000000000007,0.9466979499999988
1.1720000000000006,0.9448832314718516
1.1730000000000007,0.9435941599999992
1.1740000000000008,0.9423862099999988
1.1750000000000007,0.9407578699999988
1.1760000000000006,0.9390454899999988
1.1770000000000007,0.9372403599999988
1.1780000000000008,0.9353566799999982
1.1790000000000007,0.9332376699999984
1.1800000000000006,0.9309625665443448
1.1810000000000007,0.9292280099999992
1.1820000000000008,0.9279981899999992
1.1830000000000007,0.9270002199999996
1.1840000000000006,0.92645419
1.1850000000000007,0.926366582338767
1.1860000000000008,0.9276899700000014
1.1870000000000007,0.9293225400000026
1.1880000000000006,0.9331049900000026
1.1890000000000007,0.9369127800000028
1.1900000000000008,0.9411504162363801
1.1910000000000007,0.9454320700000044
1.1920000000000006,0.9502447800000032
1.1930000000000007,0.9551443500000026
1.1940000000000008,0.9590717600000034
1.1950000000000007,0.9627965575202512
1.1960000000000006,0.965999130000002
1.1970000000000007,0.9690057000000012
1.1980000000000008,0.9711678000000016
1.1990000000000007,0.9727529300000008
1.2000000000000006,0.9740110000000008
1.2010000000000007,0.9749472100000008
1.2020000000000008,0.9757641600000004
1.2030000000000007,0.9763679578292176
1.2040000000000006,0.9770462500000006
1.2050000000000007,0.9778872100000006
1.2060000000000008,0.9786893100000006
1.2070000000000007,0.9793182600000004
1.2080000000000006,0.9799621240875918
1.2090000000000007,0.9807030000000004
1.2100000000000009,0.9814372700000004
1.2110000000000007,0.9819754400000004
1.2120000000000006,0.9825073500000002
1.2130000000000007,0.9829021905159488
1.2140000000000009,0.9832802400000002
1.2150000000000007,0.98348671
1.2160000000000006,0.98364133
1.2170000000000007,0.98363793
1.2180000000000009,0.9835674870442956
1.2190000000000007,0.9833749499999996
1.2200000000000006,0.9830841999999996
1.2210000000000008,0.9827591199999997
1.2220000000000009,0.9823921899999996
1.2230000000000008,0.9820739599999998
1.2240000000000006,0.98183292
1.2250000000000008,0.98167527
1.2260000000000009,0.9817216999999999
1.2270000000000008,0.9818186200000002
1.2280000000000006,0.9821507900000004
1.2290000000000008,0.9825117000000004
1.2300000000000009,0.9831899400000006
1.2310000000000008,0.983865994474553
1.2320000000000009,0.9846107400000004
1.2330000000000008,0.9853567500000008
1.2340000000000009,0.9862507000000008
1.2350000000000008,0.9871590100000004
1.2360000000000009,0.9877773441395864
1.2370000000000008,0.9883187400000004
1.2380000000000009,0.9888412400000004
1.2390000000000008,0.9893596200000002
1.2400000000000009,0.98964345
1.2410000000000008,0.9897707572692732
1.2420000000000009,0.98985463
1.2430000000000008,0.98989272
1.2440000000000009,0.98988557
1.2450000000000008,0.98981661
1.2460000000000009,0.9897089107699231
1.2470000000000008,0.9895116699999998
1.2480000000000009,0.98937649
1.2490000000000008,0.98945421
1.2500000000000009,0.9895561900000002
1.2510000000000008,0.9898278700000004
1.252000000000001,0.9901024100000002
1.2530000000000008,0.9904980700000005
1.2540000000000011,0.990889867021298
1.2550000000000008,0.99106008
1.256000000000001,0.99121487
1.2570000000000008,0.99138153
1.2580000000000011,0.99154741
1.2590000000000008,0.991499468569143
1.260000000000001,0.99138516
1.2610000000000008,0.99126464
1.2620000000000011,0.9911418
1.2630000000000008,0.9909656599999996
1.264000000000001,0.990749861579842
1.2650000000000008,0.9905712599999998
1.2660000000000011,0.99043304
1.2670000000000008,0.99037141
1.268000000000001,0.99043339
1.2690000000000008,0.9905323900999902
1.2700000000000011,0.99069345
1.2710000000000008,0.9908477100000002
1.272000000000001,0.9910114999999999
1.2730000000000008,0.9911919800000002
1.2740000000000011,0.9914374400000002
1.2750000000000008,0.9916759700000002
1.2760000000000007,0.99187195
1.2770000000000008,0.99206501
1.2780000000000011,0.99215275
1.2790000000000008,0.99223405
1.2800000000000007,0.99228513
1.2810000000000008,0.99233645
1.2820000000000011,0.9923295369963004
1.2830000000000008,0.9922995000000002
1.2840000000000007,0.99241328
1.2850000000000008,0.9925888800000002
1.2860000000000011,0.9927823500000004
1.2870000000000008,0.9929838477492252
1.2880000000000007,0.9932613400000002
1.2890000000000008,0.9936205100000002
1.2900000000000011,0.9939712900000004
1.2910000000000008,0.9942898800000002
1.2920000000000007,0.9945909098970104
1.2930000000000008,0.99486023
1.2940000000000011,0.9950844000000002
1.2950000000000008,0.9951957500000002
1.2960000000000007,0.9953137600000002
1.2970000000000008,0.9954421971562843
1.2980000000000012,0.99554801
1.2990000000000008,0.99556965
1.3000000000000007,0.99558872
1.3010000000000008,0.99558568
1.302000000000001,0.9955862800000002
1.3030000000000008,0.99570101
1.3040000000000007,0.9958198100000002
1.3050000000000008,0.9960768475052496
1.306000000000001,0.9963519000000004
1.3070000000000008,0.9966573700000004
1.3080000000000007,0.9969729200000004
1.3090000000000008,0.9973000300000002
1.310000000000001,0.9976207269683036
1.3110000000000008,0.9978904100000002
1.3120000000000007,0.99813735
1.3130000000000008,0.99831879
1.314000000000001,0.9984565999999999
1.3150000000000008,0.9986024954104592
1.3160000000000007,0.99874043
1.3170000000000008,0.99885327
1.318000000000001,0.9989396900000002
1.3190000000000008,0.99902278
1.3200000000000007,0.9991174205359464
1.3210000000000008,0.99920434
1.322000000000001,0.99921769
1.3230000000000008,0.9992387900000002
1.3240000000000007,0.99932826
1.3250000000000008,0.9994086
1.326000000000001,0.99937749
1.3270000000000008,0.9993439899999998
1.3280000000000007,0.9992695421507848
1.3290000000000008,0.99919105
1.330000000000001,0.99907368
1.3310000000000008,0.9989569799999998
1.3320000000000007,0.9987285099999996
1.3330000000000009,0.9984816042295768
1.334000000000001,0.9982238999999996
1.3350000000000009,0.9979717099999996
1.3360000000000007,0.9977732299999998
1.3370000000000009,0.99759173
1.338000000000001,0.9974646727057292
1.3390000000000009,0.99737251
1.3400000000000007,0.9972876899999998
1.3410000000000009,0.99720222
1.342000000000001,0.99717742
1.3430000000000009,0.9972018575562444
1.3440000000000007,0.99723041
1.3450000000000009,0.9972558
1.346000000000001,0.9972131799999998
1.3470000000000009,0.9970256099999998
1.3480000000000008,0.9967416499999996
1.3490000000000009,0.9962429999999994
1.350000000000001,0.995615779999999
1.3510000000000009,0.9945325899999989
1.3520000000000008,0.9933658199999984
1.3530000000000009,0.9917443399999988
1.354000000000001,0.990027549999998
1.3550000000000009,0.987635429999998
1.3560000000000008,0.9852365937276256
1.3570000000000009,0.9829738699999979
1.358000000000001,0.980715869999998
1.3590000000000009,0.978355709999998
1.3600000000000008,0.9760138999999992
1.3610000000000009,0.9744586054614526
1.362000000000001,0.9730132199999989
1.3630000000000009,0.9721626599999996
1.3640000000000008,0.97144639
1.3650000000000009,0.97138155
1.366000000000001,0.971488939261074
1.3670000000000009,0.9717492500000002
1.3680000000000008,0.9720552
1.3690000000000009,0.97226876
1.370000000000001,0.9724028099999998
1.3710000000000009,0.9722453557454253
1.3720000000000008,0.9718453299999992
1.3730000000000009,0.9710514499999992
1.374000000000001,0.9698991799999988
1.3750000000000009,0.9684974599999984
1.3760000000000008,0.9668030099999986
1.377000000000001,0.9651778899999984
1.378000000000001,0.9636782399999988
1.379000000000001,0.9622133267553232
1.3800000000000008,0.9608808799999989
1.381000000000001,0.9597069599999992
1.3820000000000008,0.9589675099999992
1.383000000000001,0.9582527299999994
1.3840000000000008,0.9576610941205876
1.385000000000001,0.9571022999999996
1.3860000000000008,0.9566813099999996
1.387000000000001,0.9562397599999992
1.3880000000000008,0.9555969199999996
1.389000000000001,0.9549323964523542
1.3900000000000008,0.9541290399999992
1.391000000000001,0.9533375499999994
1.3920000000000008,0.9527425799999996
1.393000000000001,0.95217907
1.3940000000000008,0.952023585548445
1.395000000000001,0.9519400000000006
1.3960000000000008,0.9525628100000006
1.397000000000001,0.9533330800000012
1.3980000000000008,0.9543961900000011
1.399000000000001,0.9555288000000014
1.4000000000000008,0.9570624200000014
1.4010000000000007,0.9587038800000008
1.4020000000000008,0.9600982700000016
1.403000000000001,0.9613512200000011
1.4040000000000008,0.9625300200000008
1.4050000000000007,0.9636485000000006
1.4060000000000008,0.9644440400000004
1.407000000000001,0.9649758745625442
1.4080000000000008,0.9654215000000004
1.4090000000000007,0.9658121500000002
1.4100000000000008,0.9661917100000004
1.411000000000001,0.9666327200000008
1.4120000000000008,0.9673368192630744
1.4130000000000007,0.9684294500000008
1.4140000000000008,0.9696556900000012
1.415000000000001,0.9711818100000016
1.4160000000000008,0.9729467600000021
1.4170000000000007,0.9752300516708344
1.4180000000000008,0.9774996600000021
1.419000000000001,0.9797132600000021
1.4200000000000008,0.981959400000002
1.4210000000000007,0.9842376700000014
1.4220000000000008,0.986378635903412
1.423000000000001,0.9877904100000012
1.4240000000000008,0.9891455800000006
1.4250000000000007,0.9901630300000008
1.4260000000000008,0.9911145000000008
1.427000000000001,0.9917056000000009
1.4280000000000008,0.9922585500000004
1.4290000000000007,0.9927239400000004
1.4300000000000008,0.9931872918738128
1.431000000000001,0.9936060300000004
1.4320000000000008,0.9940134900000006
1.4330000000000007,0.9945769300000004
1.4340000000000008,0.9951752400000003
1.435000000000001,0.9957264031016904
1.4360000000000008,0.9962574200000004
1.4370000000000007,0.9967917200000004
1.4380000000000008,0.9973211900000004
1.439000000000001,0.9978000500000004
1.4400000000000008,0.9982538346215384
1.4410000000000007,0.9986466200000004
1.4420000000000008,0.9990080000000005
1.443000000000001,0.9992740800000002
1.4440000000000008,0.9995040900000002
1.4450000000000007,0.9997291974892512
1.4460000000000008,0.9999533900000004
1.447000000000001,1.0001678000000005
1.4480000000000008,1.000379
1.4490000000000007,1.0006744000000003
1.4500000000000008,1.0010566000000003
1.451000000000001,1.0014192000000004
1.4520000000000008,1.0017381000000003
1.4530000000000007,1.0020506299670036
1.4540000000000008,1.0023503000000002
1.455000000000001,1.0025846
1.4560000000000008,1.0027078
1.4570000000000007,1.002775
1.4580000000000009,1.0027337871512847
1.459000000000001,1.0026052999999997
1.4600000000000009,1.0022934999999995
1.4610000000000007,1.0019238999999995
1.4620000000000009,1.001383499999999
1.463000000000001,1.000820056344365
1.4640000000000009,1.0001495999999994
1.4650000000000007,0.9993801099999992
1.4660000000000009,0.9982114999999988
1.467000000000001,0.9970169699999986
1.4680000000000009,0.9957347582211769
1.4690000000000007,0.9944008599999988
1.4700000000000009,0.9927743699999982
1.471000000000001,0.9911704099999984
1.4720000000000009,0.9898169599999987
1.4730000000000008,0.9884912399999992
1.4740000000000009,0.9874194899999988
1.475000000000001,0.9864383899999998
1.4760000000000009,0.98622215
1.4770000000000008,0.9861143200000004
1.4780000000000009,0.9867656200000008
1.479000000000001,0.987521830000001
1.4800000000000009,0.9886718400000011
1.4810000000000008,0.9898570430606948
1.4820000000000009,0.9912876500000016
1.483000000000001,0.992729370000001
1.4840000000000009,0.9938874200000011
1.4850000000000008,0.9949930300000004
1.4860000000000009,0.9959000051424868
1.487000000000001,0.9967514300000004
1.4880000000000009,0.99709105
1.4890000000000008,0.99728471
1.4900000000000009,0.99724984
1.491000000000001,0.99716383860014
1.4920000000000009,0.99705404
1.4930000000000008,0.99693668
1.4940000000000009,0.9967802199999998
1.495000000000001,0.9966245299999998
1.4960000000000009,0.9965345989931006
1.4970000000000008,0.9964709899999998
1.4980000000000009,0.99638987
1.499000000000001,0.9963056999999998
1.5000000000000009,0.99625772
1.5010000000000008,0.99622786
1.5020000000000011,0.99622923
1.503000000000001,0.99626124
1.504000000000001,0.9963197782071794
1.5050000000000008,0.9964018500000004
1.5060000000000011,0.9966905700000006
1.5070000000000008,0.9971658600000004
1.508000000000001,0.9976679700000004
1.5090000000000008,0.9981849736986306
1.5100000000000011,0.9987219600000006
1.5110000000000008,0.9992445700000004
1.512000000000001,0.9995268
1.5130000000000008,0.9994871599999998
1.5140000000000011,0.9992140773082688
1.5150000000000008,0.998592319999999
1.516000000000001,0.9977115999999988
1.5170000000000008,0.9963951099999984
1.5180000000000011,0.9946623399999972
1.5190000000000008,0.9921773185021472
1.520000000000001,0.9894990899999974
1.5210000000000008,0.986486379999997
1.5220000000000011,0.9831022599999945
1.5230000000000008,0.9789294599999964
1.524000000000001,0.9748416499999968
1.5250000000000008,0.9710308899999964
1.5260000000000011,0.9671633799999956
1.5270000000000008,0.963278649999996
1.528000000000001,0.9597552999999978
1.5290000000000008,0.9572879699999984
1.5300000000000011,0.9550836099999986
1.5310000000000008,0.953856169999999
1.532000000000001,0.9529112046245376
1.5330000000000008,0.95295745
1.5340000000000011,0.9531375800000008
1.5350000000000008,0.9537876200000008
1.536000000000001,0.9544644400000006
1.5370000000000008,0.9551930472152791
1.5380000000000011,0.9558652
1.5390000000000008,0.95599502
1.540000000000001,0.9560114099999992
1.5410000000000008,0.955102739999999
1.5420000000000011,0.9540009401799808
1.5430000000000008,0.9510388399999972
1.544000000000001,0.9478356199999952
1.5450000000000008,0.9424424799999948
1.5460000000000012,0.9366458099999893
1.5470000000000008,0.9269662679541943
1.548000000000001,0.9170922599999904
1.5490000000000008,0.9062995299999926
1.5500000000000012,0.8953396099999866
1.5510000000000008,0.883325219999987
1.552000000000001,0.8715881699999921
1.5530000000000008,0.8644834199999956
1.5540000000000012,0.8578928699999991
1.5550000000000008,0.8571378488131186
1.556000000000001,0.8570259800000056
1.5570000000000008,0.8634321700000063
1.5580000000000012,0.8704577100000149
1.5590000000000008,0.8838536700000122
1.560000000000001,0.897638118424171
1.5610000000000008,0.9117223600000124
1.5620000000000012,0.9258032400000192
1.5630000000000008,0.9401096100000128
1.564000000000001,0.9543060700000086
1.5650000000000008,0.9639138492220858
1.5660000000000012,0.9731344000000088
1.5670000000000008,0.9797163000000072
1.568000000000001,0.9860700400000028
1.5690000000000008,0.9892343900000026
1.5700000000000012,0.9921619972392798
1.5710000000000008,0.9937620200000016
1.572000000000001,0.9952668000000008
1.5730000000000008,0.9959341900000004
1.5740000000000012,0.9965471600000002
1.5750000000000008,0.99672449
1.576000000000001,0.99685973
1.5770000000000008,0.99672735
1.5780000000000012,0.9965710731256868
1.5790000000000008,0.9961023299999996
1.580000000000001,0.9955981999999994
1.5810000000000008,0.9950165199999994
1.5820000000000012,0.9944244599999992
1.5830000000000009,0.9938585236486344
1.584000000000001,0.9932950099999996
1.5850000000000009,0.9929667699999998
1.5860000000000012,0.9926728
1.5870000000000009,0.9924731299999998
1.588000000000001,0.9922910482081788
1.5890000000000009,0.9921946499999998
1.5900000000000012,0.9921060799999994
1.5910000000000009,0.9916368699999994
1.592000000000001,0.9910893399999984
1.5930000000000009,0.9896994389901
1.5940000000000012,0.9881616199999969
1.5950000000000009,0.9852845099999964
1.596000000000001,0.982162419999996
1.5970000000000009,0.9786750699999968
1.5980000000000012,0.9751327599999956
1.5990000000000009,0.9712117299999956
1.600000000000001,0.9672305599999974
1.6010000000000009,0.9643272799999976
1.6020000000000012,0.961617649999998
1.6030000000000009,0.9600708499999988
1.604000000000001,0.9587311699999996
1.6050000000000009,0.9584376799999998
1.6060000000000012,0.9583256262283772
1.6070000000000009,0.95838791
1.608000000000001,0.95847702
1.6090000000000009,0.9583186499999998
1.6100000000000012,0.9581140299999996
1.6110000000000009,0.9577510612428752
1.612000000000001,0.95736349
1.6130000000000009,0.95741981
1.6140000000000012,0.9575545800000016
1.6150000000000009,0.959058760000002
1.616000000000001,0.960792366639338
1.6170000000000009,0.9637379100000028
1.6180000000000012,0.9668763900000048
1.6190000000000009,0.9711401500000048
1.620000000000001,0.9755775900000032
1.6210000000000009,0.979196188140189
1.6220000000000012,0.9826943300000036
1.6230000000000009,0.9854388200000024
1.624000000000001,0.9880797900000008
1.6250000000000009,0.9888088700000004
1.6260000000000012,0.9892934599999984
1.6270000000000011,0.9881850499999982
1.628000000000001,0.9868864999999982
1.629000000000001,0.9849292970722908
1.6300000000000012,0.9829000199999968
1.6310000000000011,0.9804711299999972
1.6320000000000008,0.9780017099999982
1.633000000000001,0.9764111599999986
1.6340000000000012,0.9748973118498142
1.6350000000000011,0.9742158099999992
1.6360000000000008,0.9735962700000008
1.637000000000001,0.9741511300000006
1.6380000000000012,0.974782880000002
1.6390000000000011,0.9765124370442974
1.6400000000000008,0.978301230000002
1.641000000000001,0.9801960600000016
1.6420000000000012,0.9820981600000024
1.6430000000000011,0.983967960000002
1.6440000000000008,0.9858421025857436
1.645000000000001,0.9869949800000011
1.6460000000000012,0.9881330700000008
1.6470000000000011,0.9887183300000008
1.6480000000000008,0.98928607
1.649000000000001,0.9891837799999998
1.6500000000000012,0.9890668999999992
1.6510000000000011,0.9884440299999994
1.6520000000000008,0.9878058399999989
1.653000000000001,0.9868569999999992
1.6540000000000012,0.9858826399999984
1.6550000000000011,0.9845294399999984
1.6560000000000008,0.9831631799999984
1.657000000000001,0.9816855499660021
1.6580000000000013,0.980185209999998
1.6590000000000011,0.978460969999998
1.6600000000000008,0.9767671799999984
1.661000000000001,0.9753438199999988
1.6620000000000013,0.973937200444954
1.6630000000000011,0.9726416499999986
1.6640000000000008,0.9713868499999992
1.665000000000001,0.9703998599999992
1.6660000000000013,0.9694302099999988
1.6670000000000011,0.9685583371872803
1.6680000000000008,0.9676895099999993
1.669000000000001,0.9668638699999992
1.6700000000000013,0.9659652699999984
1.6710000000000012,0.9647930899999988
1.6720000000000008,0.963575011807818
1.673000000000001,0.9622209099999988
1.6740000000000013,0.9606646299999976
1.6750000000000012,0.9585387699999974
1.6760000000000008,0.9562067999999968
1.677000000000001,0.9533515599999962
1.6780000000000013,0.9499446199999948
1.6790000000000012,0.9452477099999944
1.6800000000000008,0.9402772535096438
1.681000000000001,0.9347123499999946
1.6820000000000013,0.9287074799999908
1.6830000000000012,0.9218722599999928
1.6840000000000008,0.9154784699999949
1.685000000000001,0.9098377516128332
1.6860000000000013,0.9041538799999924
1.6870000000000012,0.8984020899999932
1.6880000000000008,0.8932373499999962
1.689000000000001,0.8888881199999955
1.6900000000000013,0.8839042383881549
1.6910000000000012,0.8781400299999923
1.6920000000000008,0.8723996299999937
1.693000000000001,0.8666737099999948
1.6940000000000013,0.8607554399999918
1.6950000000000012,0.8546107644675454
1.6960000000000008,0.8499979399999963
1.697000000000001,0.8466664599999991
1.6980000000000013,0.8458882000000013
1.6990000000000012,0.8470578200000048
1.7000000000000008,0.8514508600000074
1.701000000000001,0.8580626800000106
1.7020000000000013,0.8676581400000152
1.7030000000000012,0.8790855601010027
1.7040000000000008,0.8899865700000119
1.705000000000001,0.9006895400000091
1.7060000000000013,0.9109988200000136
1.7070000000000012,0.9212309100000092
1.7080000000000009,0.9280815389101156
1.709000000000001,0.9336706400000028
1.7100000000000013,0.9367530300000032
1.7110000000000012,0.9390614
1.7120000000000009,0.9390439999999994
1.713000000000001,0.9384049839016092
1.7140000000000013,0.9358593199999959
1.7150000000000012,0.9328816499999952
1.7160000000000009,0.9284480799999948
1.717000000000001,0.9237134499999924
1.7180000000000013,0.9168481565293384
1.7190000000000012,0.9096233199999916
1.7200000000000009,0.9021359099999916
1.721000000000001,0.8944888699999904
1.7220000000000013,0.8858758799999885
1.7230000000000012,0.8772600299999922
1.7240000000000009,0.8702415199999924
1.725000000000001,0.8634032599999946
1.7260000000000013,0.8572834699999923
1.7270000000000012,0.8514541999999948
1.7280000000000009,0.8476205499999968
1.729000000000001,0.8439794799999972
1.730000000000001,0.840869129999996
1.7310000000000012,0.8378561812718701
1.7320000000000009,0.8355688999999977
1.733000000000001,0.8334631899999987
1.734000000000001,0.8319543599999987
1.7350000000000012,0.8309236200000004
1.7360000000000009,0.8313053311818832
1.737000000000001,0.8325171500000037
1.738000000000001,0.8357778200000048
1.7390000000000012,0.8400301300000069
1.7400000000000009,0.8462478500000085
1.741000000000001,0.8538951952654815
1.742000000000001,0.863800940000013
1.7430000000000012,0.8735103600000106
1.7440000000000009,0.8830068700000107
1.745000000000001,0.8925762800000085
1.746000000000001,0.9022500926187504
1.7470000000000012,0.9102374900000084
1.7480000000000009,0.9166672800000044
1.749000000000001,0.9217568000000036
1.750000000000001,0.9258174900000028
1.7510000000000012,0.9279839400000012
1.7520000000000011,0.9289658699999992
1.753000000000001,0.9283321499999988
1.7540000000000011,0.9268483964673498
1.7550000000000012,0.924313069999996
1.7560000000000011,0.9212865199999956
1.7570000000000008,0.9172545099999952
1.7580000000000011,0.912938649999995
1.7590000000000012,0.9091475517988158
1.7600000000000011,0.9054655399999966
1.7610000000000008,0.9023219299999968
1.7620000000000011,0.8994426699999982
1.7630000000000012,0.8982735899999994
1.7640000000000011,0.897762941064893
1.7650000000000008,0.8995130100000026
1.7660000000000011,0.9019259800000052
1.7670000000000012,0.905761420000006
1.7680000000000011,0.9101802700000071
1.7690000000000008,0.9164477232546812
1.7700000000000014,0.9230008700000092
1.7710000000000012,0.9298909300000096
1.7720000000000011,0.9371443400000112
1.7730000000000008,0.9454502500000072
1.7740000000000014,0.9534971100000093
1.7750000000000012,0.9603848500000092
1.7760000000000011,0.9671790600000072
1.7770000000000008,0.9737681700000066
1.7780000000000014,0.979631250000006
1.7790000000000012,0.9841739500000046
1.7800000000000011,0.988372500000004
1.7810000000000008,0.9919757200000032
1.7820000000000014,0.994879032188784
1.7830000000000013,0.996900920000002
1.7840000000000011,0.9985937500000016
1.7850000000000008,1.0000714000000013
1.7860000000000014,1.0012138000000013
1.7870000000000013,1.0020835785421467
1.7880000000000011,1.0028690000000011
1.7890000000000008,1.0035726000000005
1.7900000000000014,1.0040843000000008
1.7910000000000013,1.0045359000000007
1.7920000000000011,1.005058947695231
1.7930000000000008,1.0055625
1.7940000000000014,1.0059195000000003
1.7950000000000013,1.0062928000000009
1.7960000000000012,1.0067756000000003
1.7970000000000008,1.007242353324668
1.7980000000000014,1.0075647000000003
1.7990000000000013,1.0078020000000003
1.8000000000000012,1.0079314
1.8010000000000008,1.0080414000000002
1.8020000000000012,1.0081596000000002
1.8030000000000013,1.0082531
1.8040000000000007,1.0081905999999996
1.8050000000000008,1.0080202833116687
1.8060000000000012,1.0078533999999997
1.8070000000000013,1.0076626999999994
1.8080000000000007,1.0071252999999991
1.8090000000000008,1.0066014999999997
1.8100000000000012,1.0061758484351555
1.8110000000000013,1.0056601999999992
1.8120000000000007,1.0050837999999989
1.8130000000000008,1.0044882999999991
1.8140000000000012,1.0038405999999989
1.8150000000000013,1.0031542686331358
1.8160000000000007,1.0024822999999994
1.8170000000000008,1.0019344999999995
1.8180000000000012,1.0014695999999994
1.8190000000000013,1.0009983999999994
1.8200000000000007,1.0004941504249567
1.8210000000000008,1.0001148999999998
1.8220000000000012,0.9998305999999996
1.8230000000000013,0.9995282299999996
1.8240000000000007,0.9992152999999998
1.8250000000000008,0.9990125299999998
1.8260000000000012,0.9988226899999996
1.8270000000000013,0.9985105399999996
1.8280000000000007,0.99817379159484
1.8290000000000008,0.9977897399999996
1.8300000000000012,0.9974065999999986
1.8310000000000013,0.9964415999999982
1.8320000000000007,0.9951229699999984
1.8330000000000009,0.9938199819208062
1.8340000000000012,0.9923391899999974
1.8350000000000013,0.9903274799999972
1.8360000000000007,0.9882440599999968
1.8370000000000009,0.9858008599999972
1.8380000000000012,0.9832928308029159
1.8390000000000013,0.9802203199999958
1.8400000000000007,0.9770201999999965
1.8410000000000009,0.9738528699999964
1.8420000000000012,0.9706876299999946
1.8430000000000013,0.9671604627167238
1.8440000000000007,0.9631007899999956
1.8450000000000009,0.9590714599999954
1.8460000000000012,0.9549623099999934
1.8470000000000013,0.9507637599999929
1.8480000000000008,0.945449289999994
1.8490000000000009,0.9399619699999942
1.8500000000000012,0.9346411199999929
1.8510000000000013,0.9293973399999932
1.8520000000000008,0.9241962999999932
1.8530000000000009,0.919015169999996
1.8540000000000012,0.9145601399999964
1.855000000000001,0.9119139899999968
1.8560000000000008,0.9096093565233474
1.8570000000000009,0.90937459
1.8580000000000012,0.9093613000000026
1.859000000000001,0.911217150000003
1.8600000000000008,0.9135084200000038
1.8610000000000009,0.9168704036376409
1.8620000000000012,0.9209067800000059
1.863000000000001,0.924745020000004
1.8640000000000008,0.928303660000004
1.8650000000000009,0.931850490000004
1.8660000000000012,0.9354982352254828
1.867000000000001,0.939101160000004
1.8680000000000008,0.9422160400000034
1.8690000000000009,0.945262670000004
1.8700000000000012,0.9487719500000048
1.871000000000001,0.952430184176587
1.8720000000000008,0.9560890800000048
1.8730000000000009,0.9597627500000034
1.8740000000000012,0.9636720400000058
1.875000000000001,0.9681274900000058
1.8760000000000008,0.9724666500000051
1.877000000000001,0.9761933100000048
1.8780000000000012,0.9798781300000045
1.8790000000000011,0.9832086273512696
1.8800000000000008,0.9864821400000032
1.881000000000001,0.9889680100000025
1.8820000000000012,0.9910317100000028
1.8830000000000011,0.9929056200000024
1.8840000000000008,0.994575288598142
1.885000000000001,0.996061270000001
1.8860000000000012,0.9969726200000014
1.8870000000000011,0.9978675800000012
1.8880000000000008,0.9985634700000008
1.889000000000001,0.999244501896811
1.8900000000000012,0.9995490300000004
1.8910000000000011,0.99975133
1.8920000000000008,0.9996633499999996
1.893000000000001,0.9993873799999996
1.8940000000000012,0.9990753212058788
1.8950000000000011,0.9987139099999996
1.8960000000000008,0.9983407299999996
1.897000000000001,0.9979298699999994
1.8980000000000012,0.9975172899999994
1.8990000000000011,0.9970591699999992
1.9000000000000008,0.9965959199999992
1.9010000000000007,0.9959604099999992
1.9020000000000012,0.9952639299999988
1.9030000000000011,0.9945776499999992
1.9040000000000008,0.9938977399999992
1.9050000000000007,0.9931504099999989
1.9060000000000012,0.9922959799999986
1.9070000000000011,0.9914701473252664
1.9080000000000013,0.9907433999999994
1.9090000000000007,0.9900186099999994
1.9100000000000013,0.9894496199999993
1.9110000000000011,0.9888883199999996
1.9120000000000013,0.9885750183541644
1.9130000000000007,0.98835856
1.9140000000000013,0.9883513500000002
1.9150000000000011,0.9885187100000004
1.9160000000000013,0.9887655400000006
1.9170000000000007,0.9891651500389964
1.9180000000000013,0.9895422500000004
1.9190000000000011,0.9898100500000004
1.9200000000000013,0.9900762400000002
1.9210000000000007,0.9901754900000002
1.9220000000000013,0.9902646410848917
1.9230000000000012,0.9900838099999996
1.9240000000000013,0.9898065899999996
1.9250000000000007,0.9893807799999992
1.9260000000000013,0.9888261599999992
1.9270000000000012,0.9882216499999988
1.9280000000000013,0.9875115799999994
1.9290000000000007,0.9868649799999996
1.9300000000000013,0.986491642124787
1.9310000000000012,0.98611289
1.9320000000000013,0.98601723
1.9330000000000007,0.9859277600000002
1.9340000000000013,0.9860281900000002
1.9350000000000012,0.9861975041735832
1.9360000000000013,0.9865392400000008
1.9370000000000007,0.9870117300000004
1.9380000000000013,0.9874651400000004
1.9390000000000012,0.9878949500000006
1.9400000000000013,0.9882932501699836
1.9410000000000007,0.9885719400000004
1.9420000000000013,0.98884654
1.9430000000000012,0.98876286
1.9440000000000013,0.9886637899999996
1.9450000000000007,0.9883360027787216
1.9460000000000013,0.987937449999999
1.9470000000000012,0.9872617699999988
1.9480000000000013,0.9863884999999988
1.9490000000000007,0.9851700099999979
1.9500000000000013,0.983410359999997
1.9510000000000012,0.981492039999996
1.9520000000000013,0.9789276099999964
1.9530000000000007,0.9763006979222026
1.9540000000000013,0.9719799199999932
1.9550000000000012,0.9676210299999936
1.9560000000000013,0.9627836899999934
1.9570000000000007,0.9578363299999924
1.9580000000000013,0.9520934637196179
1.9590000000000012,0.9459306599999926
1.9600000000000013,0.9403071399999936
1.9610000000000007,0.935361269999994
1.9620000000000013,0.9308186199999948
1.9630000000000012,0.9275282890330918
1.9640000000000013,0.92447561
1.9650000000000007,0.92450613
1.9660000000000013,0.9245510100000044
1.9670000000000012,0.9273165500000048
1.9680000000000013,0.9304246791870852
1.9690000000000007,0.9343432800000048
1.9700000000000013,0.9385692500000068
1.9710000000000012,0.9430202200000072
1.9720000000000013,0.9476477500000052
1.9730000000000008,0.9514871800000024
1.9740000000000013,0.9536988700000028
1.9750000000000012,0.9555615799999998
1.9760000000000013,0.9554233599999998
1.9770000000000008,0.9552354199999972
1.978000000000001,0.9531717899999972
1.9790000000000012,0.951030669999996
1.980000000000001,0.948149379999996
1.9810000000000008,0.9451006952744696
1.982000000000001,0.9424534399999964
1.9830000000000012,0.9400792699999974
1.984000000000001,0.938117859999998
1.9850000000000008,0.9367418899999987
1.986000000000001,0.9357048313648636
1.9870000000000012,0.9357184800000002
1.988000000000001,0.9358634400000015
1.9890000000000008,0.9374129200000018
1.990000000000001,0.938981180000003
1.9910000000000012,0.9409419739206109
1.992000000000001,0.942898510000003
1.9930000000000008,0.9451752300000028
1.994000000000001,0.9475738400000032
1.9950000000000012,0.9495989100000022
1.996000000000001,0.9512928206089412
1.9970000000000008,0.9526944800000012
1.9980000000000016,0.9535179700000008
1.9990000000000012,0.9540423199999992
2.0000000000000013,0.953383329999999
2.001000000000001,0.9526392985892796
2.0020000000000016,0.9504251914107146
2.003000000000001,0.9481687499999962
2.0040000000000013,0.9453156649200124
2.005000000000001,0.9423648650799809
2.0060000000000016,0.9391629699999942
2.007000000000001,0.9358560999999952
2.0080000000000013,0.9331416261087758
2.009000000000001,0.9311027138912196
2.0100000000000016,0.9297977100000004
2.011000000000001,0.9299663843371334
2.0120000000000013,0.9305097556628682
2.013000000000001,0.9328487500000032
2.0140000000000016,0.935295045968813
2.015000000000001,0.9394547340312
2.0160000000000013,0.9437157500000056
2.017000000000001,0.9478942800000054
2.0180000000000016,0.9520153258748316
2.019000000000001,0.9560740741251809
2.0200000000000014,0.960085690000004
2.021000000000001,0.9631620382703484
2.0220000000000016,0.9652447417296572
2.023000000000001,0.9668424100000008
2.0240000000000014,0.9673639142901422
2.025000000000001,0.9676068157098584
2.0260000000000016,0.9666961399999984
2.027000000000001,0.9657265499999974
2.0280000000000014,0.9642642962253752
2.029000000000001,0.9627782099999986
2.0300000000000016,0.9617434699999984
2.031000000000001,0.9608146792501494
2.0320000000000014,0.9605071807498496
2.0330000000000013,0.9605556700000007
2.0340000000000016,0.9611643538452328
2.035000000000001,0.9623028061547708
2.0360000000000014,0.9638865600000032
2.0370000000000013,0.9662759314167196
2.0380000000000016,0.9686900985832868
2.039000000000001,0.9710835800000032
2.0400000000000014,0.9734720000000032
2.0410000000000013,0.9759908444491132
2.0420000000000016,0.9785353355508936
2.043000000000001,0.9803518100000024
2.0440000000000014,0.9821029544471124
2.0450000000000013,0.9835474255528911
2.0460000000000016,0.9848504700000016
2.047000000000001,0.9857372550279953
2.0480000000000014,0.9862875349720064
2.0490000000000013,0.9867376700000005
2.0500000000000016,0.9870647800000004
2.051000000000001,0.9872932771502854
2.0520000000000014,0.98726195
2.0530000000000013,0.9872360799999996
2.0540000000000016,0.9870928305848828
2.055000000000001,0.9868986794151168
2.0560000000000014,0.9866445099999996
2.0570000000000013,0.9863838590341932
2.0580000000000016,0.9863742009658067
2.059000000000001,0.9864733200000004
2.0600000000000014,0.9868566968756256
2.0610000000000013,0.9874254531243759
2.0620000000000016,0.9882066800000018
2.063000000000001,0.9892311100000014
2.0640000000000014,0.99027584440612
2.0650000000000013,0.9913199055938828
2.0660000000000016,0.9923754300000016
2.067000000000001,0.9933802280243968
2.0680000000000014,0.9943604719756064
2.0690000000000013,0.9950758200000008
2.0700000000000016,0.9957618988792246
2.071000000000001,0.9960506911207764
2.0720000000000014,0.99630022
2.0730000000000013,0.9962976
2.0740000000000016,0.9962102574352562
2.075000000000001,0.9959846099999996
2.0760000000000014,0.9956118499999992
2.0770000000000013,0.9950950043231346
2.0780000000000016,0.9944382356768636
2.079000000000001,0.9937254199999987
2.0800000000000014,0.9928484891381708
2.0810000000000013,0.9919398708618264
2.0820000000000016,0.9908646299999979
2.083000000000001,0.9897384829254124
2.0840000000000014,0.9881677370745828
2.0850000000000013,0.9865557599999976
2.0860000000000016,0.9848422399999968
2.087000000000001,0.9831229243631242
2.0880000000000014,0.9811665556368696
2.0890000000000013,0.9791219799999976
2.0900000000000016,0.9773291505778818
2.091000000000001,0.9757349294221132
2.0920000000000014,0.9743176699999986
2.0930000000000013,0.9732491260927806
2.0940000000000016,0.9725100539072176
2.095000000000001,0.9725897300000004
2.0960000000000014,0.9727916700000012
2.0970000000000013,0.9738080380881924
2.0980000000000016,0.974888920000002
2.099000000000001,0.976418320000002
2.1000000000000014,0.9779908241941644
2.1010000000000013,0.9799327658058417
2.1020000000000016,0.9819064700000024
2.103000000000001,0.9833385391251768
2.104000000000001,0.9845297908748268
2.1050000000000013,0.985491450000001
2.1060000000000016,0.9862488969946018
2.107000000000001,0.9867188430053996
2.108000000000001,0.98685402
2.1090000000000013,0.9867595999999994
2.1100000000000017,0.9863180621825628
2.111000000000001,0.9858398878174358
2.112000000000001,0.9851838899999992
2.1130000000000013,0.9845063254619064
2.1140000000000017,0.9834609445380909
2.115000000000001,0.9823393199999984
2.116000000000001,0.9812101153259328
2.1170000000000013,0.9800633746740636
2.1180000000000017,0.9789471599999986
2.119000000000001,0.9778365499999986
2.120000000000001,0.9767846690251932
2.1210000000000013,0.9757749209748036
2.1220000000000017,0.9747318599999982
2.1230000000000016,0.9737071069516082
2.124000000000001,0.9727766230483889
2.1250000000000013,0.9719199499999988
2.1260000000000017,0.9710490340261932
2.1270000000000016,0.9700892959738038
2.128000000000001,0.9691391599999984
2.1290000000000013,0.9679704866016782
2.1300000000000017,0.9667365033983184
2.1310000000000016,0.965088669999997
2.132000000000001,0.9634159799999964
2.1330000000000013,0.9614570561807616
2.1340000000000017,0.9595188638192332
2.1350000000000016,0.9567788799999948
2.136000000000001,0.9537664445820786
2.1370000000000013,0.9506122654179116
2.1380000000000017,0.9474217899999936
2.1390000000000016,0.9437341804958944
2.140000000000001,0.9396391395040932
2.1410000000000013,0.9357362399999952
2.1420000000000017,0.9321789699999936
2.1430000000000016,0.9286348940401864
2.144000000000001,0.925175295959803
2.1450000000000014,0.9219386599999974
2.1460000000000017,0.9199217972005568
2.1470000000000016,0.9179938027994372
2.148000000000001,0.9167088899999984
2.1490000000000014,0.9155495725984802
2.1500000000000017,0.9154755574015196
2.1510000000000016,0.9155352700000008
2.152000000000001,0.9160401200000012
2.1530000000000014,0.9167011938926116
2.1540000000000017,0.9176104100000018
2.1550000000000016,0.9185979400000018
2.156000000000001,0.919629550872827
2.1570000000000014,0.920638279127176
2.1580000000000017,0.9215405000000016
2.1590000000000016,0.9223417749920028
2.160000000000001,0.9230916950079996
2.1610000000000014,0.9237217900000008
2.1620000000000017,0.9243086863397324
2.1630000000000016,0.9245720836602684
2.164000000000001,0.9247674299999996
2.1650000000000014,0.9245387299999996
2.1660000000000017,0.9242735753409312
2.1670000000000016,0.9239269846590676
2.168000000000001,0.9235664599999992
2.1690000000000014,0.9230069537152562
2.1700000000000017,0.9224441062847422
2.1710000000000016,0.9217711699999986
2.172000000000001,0.9210028847350514
2.1730000000000014,0.9200502352649456
2.1740000000000017,0.9189881099999984
2.1750000000000016,0.9180301999999986
2.176000000000001,0.9171948635336452
2.1770000000000014,0.9163986399999989
2.1780000000000017,0.9156319499999988
2.1790000000000016,0.9149385773495292
2.180000000000001,0.9144120726504692
2.1810000000000014,0.9138653899999992
2.1820000000000017,0.9133222184703051
2.1830000000000016,0.9128069215296932
2.184000000000001,0.9124451899999996
2.1850000000000014,0.912067703506298
2.1860000000000017,0.9114027664937
2.1870000000000016,0.910710389999998
2.188000000000001,0.9096295199999984
2.1890000000000014,0.9084666380773816
2.1900000000000017,0.9060474119226108
2.1910000000000016,0.9032607699999942
2.192000000000001,0.8999308376884566
2.1930000000000014,0.8964077223115324
2.1940000000000017,0.8919932799999911
2.1950000000000016,0.8869773390021922
2.196000000000001,0.8824673609977937
2.1970000000000014,0.8785542199999957
2.1980000000000017,0.8753299699999965
2.1990000000000016,0.8733521325917392
2.200000000000001,0.8723780500000018
2.2010000000000014,0.8737409100000026
2.2020000000000017,0.875762199216164
2.2030000000000016,0.88025436078385
2.204000000000001,0.8849629200000073
2.2050000000000014,0.8904547334433205
2.2060000000000017,0.8960891665566996
2.2070000000000016,0.9022191800000108
2.208000000000001,0.9083524477984471
2.2090000000000014,0.912630432201566
2.2100000000000017,0.9166247200000048
2.2110000000000016,0.9194428900000046
2.212000000000001,0.9219900881963624
2.2130000000000014,0.9230720518036408
2.2140000000000017,0.9236057399999996
2.2150000000000016,0.9234232371945602
2.216000000000001,0.922895182805438
2.2170000000000014,0.9219953999999984
2.2180000000000017,0.9207867706368702
2.2190000000000016,0.9192931393631252
2.220000000000001,0.9174535899999976
2.2210000000000014,0.9155543999999974
2.2220000000000018,0.9136229532116756
2.2230000000000016,0.9116550699999972
2.224000000000001,0.9095789199999972
2.2250000000000014,0.9076157455178938
2.2260000000000018,0.9060709244821006
2.2270000000000016,0.9044861199999971
2.228000000000001,0.9028064723005372
2.229000000000001,0.9011294776994576
2.2300000000000018,0.8997036199999975
2.2310000000000016,0.89828732293741
2.232000000000001,0.8967166970625852
2.233000000000001,0.8950831899999979
2.2340000000000018,0.8934758299999972
2.2350000000000017,0.8918828891061757
2.236000000000001,0.8899739508938184
2.237000000000001,0.8879629399999971
2.2380000000000018,0.8858307757228517
2.2390000000000017,0.8835880042771412
2.240000000000001,0.8807404599999956
2.241000000000001,0.8775030176264694
2.2420000000000018,0.874279282373519
2.2430000000000017,0.8710492299999952
2.244000000000001,0.8674572699999945
2.245000000000001,0.863347540406912
2.2460000000000018,0.8592516095930733
2.2470000000000017,0.8552368299999924
2.2480000000000016,0.8509850326144691
2.249000000000001,0.8460111773855155
2.2500000000000018,0.8410067599999912
2.2510000000000017,0.8360757512687379
2.2520000000000016,0.8309884387312462
2.253000000000001,0.8245754799999914
2.2540000000000022,0.8181084345990693
2.2550000000000017,0.8114544254009098
2.2560000000000016,0.8046658599999839
2.257000000000001,0.7955895099999833
2.2580000000000022,0.7862436766196597
2.2590000000000017,0.7761098733803088
2.2600000000000016,0.7658131699999761
2.261000000000001,0.7522712292261315
2.2620000000000022,0.7378634907738173
2.2630000000000017,0.7227898199999727
2.2640000000000016,0.7074114346530391
2.265000000000001,0.6885579653469024
2.2660000000000022,0.667855859999964
2.2670000000000017,0.6476306299999648
2.2680000000000016,0.6277959361197424
2.269000000000001,0.6069571338801928
2.2700000000000022,0.5852788699999663
2.2710000000000017,0.5663092240451663
2.2720000000000016,0.5509496759547861
2.273000000000001,0.5376648299999872
2.2740000000000022,0.5280917763157261
2.2750000000000017,0.5214549336842532
2.2760000000000016,0.5214111800000034
2.277000000000001,0.5233711600000145
2.2780000000000022,0.5315718199340226
2.2790000000000017,0.5405941000000216
2.2800000000000016,0.5527856900000224
2.281000000000001,0.5654414516057032
2.2820000000000022,0.5805575083943505
2.2830000000000017,0.5955951800000198
2.2840000000000016,0.6067149921555867
2.285000000000001,0.6177365478444476
2.2860000000000023,0.6256195300000138
2.2870000000000017,0.6333890129654111
2.2880000000000016,0.6359186670345969
2.289000000000001,0.6380369099999976
2.2900000000000023,0.6362690899999957
2.2910000000000017,0.6338332861837555
2.2920000000000016,0.6289951238162296
2.293000000000001,0.6235308099999893
2.2940000000000023,0.6155253040171821
2.2950000000000017,0.6065654759827901
2.2960000000000016,0.5968287599999821
2.297000000000001,0.586704045535873
2.2980000000000023,0.5744594044640835
2.2990000000000017,0.5608426899999761
2.3000000000000016,0.5473685899999763
2.301000000000001,0.5339719896600139
2.3020000000000023,0.5197621599999734
2.3030000000000017,0.5048512199999771
2.3040000000000016,0.4919205650179797
2.305000000000001,0.4815707449819881
2.3060000000000023,0.4732745899999912
2.3070000000000017,0.4683153177664436
2.3080000000000016,0.4663929822335504
2.309000000000001,0.4704416100000095
2.3100000000000023,0.4775088283803473
2.3110000000000017,0.4919926316197042
2.3120000000000016,0.5077504500000343
2.313000000000001,0.5270922200000274
2.3140000000000023,0.5477064536683072
2.3150000000000017,0.5730431363317827
2.3160000000000016,0.5981606200000386
2.317000000000001,0.6198337426615028
2.3180000000000023,0.6416603573385746
2.3190000000000017,0.6628219500000375
2.3200000000000016,0.683976864878048
2.321000000000001,0.6986256451219975
2.3220000000000023,0.7134303500000233
2.3230000000000017,0.7265620200000236
2.3240000000000016,0.7398391223387814
2.325000000000001,0.7492625100000124
2.3260000000000023,0.7585904000000154
2.3270000000000017,0.7672621403629415
2.3280000000000016,0.7759657696370856
2.329000000000001,0.7827270600000086
2.3300000000000023,0.7891543192811564
2.3310000000000017,0.7953471307188683
2.3320000000000016,0.8015666000000093
2.333000000000001,0.8068064110018077
2.3340000000000023,0.8118164289982099
2.3350000000000017,0.8169460300000093
2.3360000000000016,0.8221672800000075
2.337000000000001,0.8264364219716118
2.3380000000000023,0.8302561380284018
2.3390000000000017,0.8339046200000063
2.3400000000000016,0.8374976683763289
2.341000000000001,0.8400814316236791
2.3420000000000023,0.8420491200000029
2.3430000000000017,0.8436689528794262
2.3440000000000016,0.8449977471205778
2.345000000000001,0.8456630100000001
2.3460000000000023,0.8457418099999994
2.3470000000000018,0.8453724174792508
2.3480000000000016,0.8445472099999983
2.349000000000001,0.8432840099999975
2.350000000000002,0.8414545303649227
2.3510000000000018,0.8393581796350691
2.3520000000000016,0.8369207999999958
2.353000000000001,0.8345332836552652
2.354000000000002,0.8322698363447266
2.3550000000000018,0.8298502599999952
2.3560000000000016,0.8271316041621632
2.357000000000001,0.8244732258378284
2.358000000000002,0.822017609999996
2.3590000000000018,0.8197367799999968
2.3600000000000017,0.8179204048680236
2.361000000000001,0.8162690851319709
2.362000000000002,0.8150882099999985
2.3630000000000018,0.814295466344732
2.3640000000000017,0.8148589136552697
2.365000000000001,0.8156893300000025
2.366000000000002,0.8175738362617523
2.3670000000000018,0.8198364537382568
2.3680000000000017,0.8237917400000054
2.369000000000001,0.8278520700000059
2.370000000000002,0.8322884148180455
2.3710000000000018,0.8367365951819723
2.3720000000000017,0.8407818100000071
2.3730000000000016,0.8447690398890267
2.374000000000002,0.8475679301109833
2.3750000000000018,0.8503083000000029
2.3760000000000017,0.8519134816876649
2.3770000000000016,0.8534303583123398
2.378000000000002,0.8530455199999992
2.3790000000000022,0.8526011735522867
2.3800000000000017,0.8508366964477078
2.3810000000000016,0.8490670299999972
2.382000000000002,0.8474926899999965
2.3830000000000022,0.8458840438432287
2.3840000000000017,0.8443224761567663
2.3850000000000016,0.8427211599999971
2.386000000000002,0.8410722775144938
2.3870000000000022,0.8394474224854998
2.3880000000000017,0.8376318799999967
2.3890000000000016,0.8357376156128751
2.390000000000002,0.8342937443871198
2.3910000000000022,0.8328689899999967
2.3920000000000017,0.8309753499999966
2.3930000000000016,0.8290413549110148
2.394000000000002,0.8271904650889785
2.3950000000000022,0.8252848999999965
2.3960000000000017,0.8233661471525664
2.3970000000000016,0.8214376728474276
2.398000000000002,0.8198459099999971
2.3990000000000022,0.8182506590501879
2.4000000000000017,0.8170411609498083
2.4010000000000016,0.8158400100000016
2.402000000000001,0.8167635200000022
2.4030000000000022,0.8180177145805444
2.4040000000000017,0.8210191700000061
2.4050000000000016,0.8244362500000074
2.406000000000002,0.8286386538162461
2.4070000000000022,0.8331768161837719
2.4080000000000017,0.8397941600000125
2.4090000000000016,0.8468633204069291
2.410000000000001,0.8533673895930911
2.4110000000000023,0.8598626900000111
2.4120000000000017,0.8661022523025497
2.4130000000000016,0.87242527769747
2.414000000000002,0.8770910500000076
2.4150000000000023,0.8814073200000064
2.4160000000000017,0.8850295501489758
2.4170000000000016,0.8885310398510351
2.418000000000001,0.8904706200000021
2.4190000000000023,0.8920568846110788
2.4200000000000017,0.8927029953889232
2.4210000000000016,0.8931296499999991
2.422000000000002,0.8926019484713041
2.4230000000000023,0.8917866615286927
2.4240000000000017,0.8905497199999975
2.4250000000000016,0.8891968099999968
2.426000000000001,0.8874208275982376
2.4270000000000023,0.8855016199999967
2.4280000000000017,0.8836154899999965
2.4290000000000016,0.8816954899070144
2.430000000000002,0.8790945600929765
2.4310000000000023,0.8762680899999951
2.4320000000000017,0.8734439728824188
2.4330000000000016,0.8705727971175722
2.434000000000001,0.8679748799999966
2.4350000000000023,0.8654273793491255
2.4360000000000017,0.8625208706508641
2.4370000000000016,0.8594243499999946
2.438000000000002,0.8564468599999948
2.4390000000000023,0.8534849050839769
2.4400000000000017,0.8496357449160092
2.4410000000000016,0.8455904099999915
2.442000000000001,0.8407475481343647
2.4430000000000023,0.8355288918656167
2.4440000000000017,0.8283020299999864
2.4450000000000016,0.8206399508058271
2.446000000000002,0.8133480091941471
2.4470000000000023,0.8058802499999851
2.4480000000000017,0.7974810599999845
2.4490000000000016,0.7887797159433958
2.450000000000001,0.7826391499999922
2.4510000000000023,0.7768109999999949
2.4520000000000017,0.7740151280173926
2.4530000000000016,0.7715953019825998
2.454000000000002,0.7738015100000056
2.4550000000000023,0.7769642559728192
2.4560000000000017,0.7836239840272076
2.4570000000000016,0.7909844500000136
2.458000000000001,0.7986751531183892
2.4590000000000023,0.8067063368816393
2.4600000000000017,0.8160535700000174
2.4610000000000016,0.8258383900000132
2.462000000000002,0.8332576818646421
2.4630000000000023,0.8404763281353869
2.4640000000000017,0.8454296600000084
2.4650000000000016,0.8501833489612113
2.466000000000001,0.8523729610387955
2.4670000000000023,0.8541641200000027
2.4680000000000017,0.8557557857508523
2.4690000000000016,0.8573132942491525
2.470000000000002,0.8582341100000016
2.4710000000000023,0.8591206699999988
2.4720000000000018,0.8584468805719415
2.4730000000000016,0.8576525999999992
2.474000000000001,0.8570676399999992
2.475000000000002,0.8564520154059181
2.4760000000000018,0.8561060745940805
2.4770000000000016,0.855593090000001
2.478000000000002,0.8562344496460724
2.479000000000002,0.8570309103539308
2.4800000000000018,0.8549469099999962
2.4810000000000016,0.8528077775224948
2.482000000000001,0.8523830024775039
2.483000000000002,0.8520137700000001
2.4840000000000018,0.8520792099999995
2.4850000000000017,0.8518519593181347
2.486000000000002,0.8508451406818617
2.487000000000002,0.8501363999999987
2.4880000000000018,0.8494639335162938
2.4890000000000017,0.8475990964837005
2.490000000000001,0.8444995899999965
2.491000000000002,0.8419418299410044
2.4920000000000018,0.8383412400589811
2.4930000000000017,0.8344748599999969
2.494000000000002,0.832134429999994
2.495000000000002,0.8287739395730737
2.4960000000000018,0.8230696704269035
2.4970000000000017,0.8184607599999955
2.4980000000000016,0.8158771423815189
2.499000000000002,0.8129009576184706
2.5000000000000018,0.80931014
2.5010000000000017,0.80931014
2.502000000000002,0.80931014
2.503000000000002,0.80931014
2.5040000000000022,0.80931014
2.5050000000000017,0.80931014
2.5060000000000016,0.80931014
2.507000000000002,0.80931014
2.5080000000000022,0.80931014
2.5090000000000017,0.80931014
2.510000000000002,0.80931014
2.511000000000002,0.80931014
2.5120000000000022,0.80931014
2.5130000000000017,0.80931014
2.5140000000000016,0.80931014
2.515000000000002,0.80931014
2.5160000000000022,0.80931014
2.5170000000000017,0.80931014
2.518000000000002,0.80931014
2.519000000000002,0.80931014
2.5200000000000022,0.80931014
2.5210000000000017,0.80931014
2.5220000000000016,0.80931014
2.523000000000002,0.80931014
2.5240000000000022,0.80931014
2.5250000000000017,0.80931014
2.526000000000002,0.80931014
2.527000000000002,0.80931014
2.5280000000000022,0.80931014
2.5290000000000017,0.80931014
2.5300000000000016,0.80931014
2.531000000000002,0.80931014
2.5320000000000022,0.80931014
2.5330000000000017,0.80931014
2.534000000000002,0.80931014
2.535000000000002,0.80931014
2.5360000000000023,0.80931014
2.5370000000000017,0.80931014
2.5380000000000016,0.80931014
2.539000000000002,0.80931014
2.5400000000000023,0.80931014
2.5410000000000017,0.80931014
2.542000000000002,0.80931014
2.543000000000002,0.80931014
2.5440000000000023,0.80931014
2.5450000000000017,0.80931014
2.5460000000000016,0.80931014
2.547000000000002,0.80931014
2.5480000000000023,0.80931014
2.5490000000000017,0.80931014
2.550000000000002,0.80931014
2.551000000000002,0.80931014
2.5520000000000023,0.80931014
2.5530000000000017,0.80931014
2.5540000000000016,0.80931014
2.555000000000002,0.80931014
2.5560000000000023,0.80931014
2.5570000000000017,0.80931014
2.558000000000002,0.80931014
2.559000000000002,0.80931014
2.5600000000000023,0.80931014
2.5610000000000017,0.80931014
2.5620000000000016,0.80931014
2.563000000000002,0.80931014
2.5640000000000023,0.80931014
2.5650000000000017,0.80931014
2.566000000000002,0.80931014
2.567000000000002,0.80931014
2.5680000000000023,0.80931014
2.5690000000000017,0.80931014
2.5700000000000016,0.80931014
2.571000000000002,0.80931014
2.5720000000000023,0.80931014
2.5730000000000017,0.80931014
2.574000000000002,0.80931014
2.575000000000002,0.80931014
2.5760000000000023,0.80931014
2.5770000000000017,0.80931014
2.5780000000000016,0.80931014
2.579000000000002,0.80931014
2.5800000000000023,0.80931014
2.5810000000000017,0.80931014
2.582000000000002,0.80931014
2.583000000000002,0.80931014
2.5840000000000023,0.80931014
2.5850000000000017,0.80931014
2.5860000000000016,0.80931014
2.587000000000002,0.80931014
2.5880000000000023,0.80931014
2.5890000000000017,0.80931014
2.590000000000002,0.80931014
2.591000000000002,0.80931014
2.5920000000000023,0.80931014
2.5930000000000017,0.80931014
2.5940000000000016,0.80931014
2.595000000000002,0.80931014
2.5960000000000023,0.80931014
2.5970000000000018,0.80931014
2.598000000000002,0.80931014
2.599000000000002,0.80931014
