wave,Tholin Jovanovic P650
0.4,0.02240311643410209
0.401,0.022382472492139982
0.402,0.02236183981948514
0.40299999999999997,0.022341218416858766
0.40399999999999997,0.022320608284978505
0.405,0.022300009424547795
0.406,0.022269132269439496
0.407,0.02223828047909393
0.408,0.022207454055884313
0.409,0.022176653002173197
0.41,0.022145877320308927
0.411,0.022125374295690392
0.412,0.022104882549175642
0.413,0.02208440208145035
0.414,0.022063932893196636
0.415,0.022043474985100175
0.416,0.02202302835783243
0.417,0.022002593012075522
0.418,0.021982168948504466
0.419,0.02196175616778362
0.42,0.021941354670580893
0.421,0.021920964457564196
0.422,0.02190058552940144
0.423,0.021880217886746323
0.424,0.02185986153025965
0.425,0.02183951646059512
0.4260000000000001,0.02180902002031715
0.4270000000000001,0.021778548979050072
0.4280000000000001,0.021748103338971703
0.4290000000000001,0.02171768310224209
0.4300000000000001,0.021687288271017735
0.4310000000000001,0.02166703916542545
0.4320000000000001,0.021646801352748213
0.4330000000000001,0.021626574833614853
0.4340000000000001,0.02160635960865065
0.4350000000000001,0.021586155678477326
0.4360000000000001,0.021576057949129535
0.4370000000000001,0.021565963043713055
0.4380000000000001,0.021555870962302492
0.4390000000000001,0.021545781704976008
0.4400000000000001,0.02153569527181176
0.4410000000000001,0.021515530878264855
0.4420000000000001,0.021495377782276393
0.4430000000000001,0.02147523598445744
0.4440000000000001,0.02145510548540841
0.4450000000000001,0.021434986285729707
0.4460000000000001,0.021414878386025293
0.4470000000000001,0.021394781786892025
0.4480000000000001,0.021374696488923206
0.4490000000000001,0.02135462249271214
0.4500000000000001,0.02133455979884502
0.4510000000000001,0.02131450840790805
0.4520000000000001,0.021294468320487425
0.4530000000000001,0.02127443953716579
0.4540000000000001,0.021254422058522238
0.4550000000000001,0.021234415885128755
0.4560000000000001,0.02122441703808775
0.4570000000000001,0.02121442101757509
0.4580000000000001,0.021204427823668937
0.4590000000000001,0.021194437456443893
0.4600000000000001,0.021184449915974568
0.4610000000000001,0.021164483315512683
0.4620000000000001,0.021144528022890796
0.4630000000000001,0.021124584038688
0.4640000000000001,0.02110465136347983
0.4650000000000001,0.02108472999786315
0.4660000000000001,0.021074773556655657
0.4670000000000001,0.021064819943315882
0.4680000000000001,0.02105486915806054
0.4690000000000001,0.02104492120119872
0.4700000000000001,0.02103497607314253
0.4710000000000001,0.021015094299045245
0.4720000000000001,0.02099522383905139
0.4730000000000001,0.02097536469477035
0.4740000000000001,0.02095551686831243
0.4750000000000001,0.02093568036255178
0.4760000000000001,0.020925766372823063
0.4770000000000001,0.020915855226412816
0.4780000000000001,0.02090594693022041
0.4790000000000001,0.0208960414942716
0.4800000000000001,0.02088613893312541
0.4810000000000001,0.020866342215864364
0.4820000000000001,0.020846556908793445
0.4830000000000001,0.02082678305436403
0.4840000000000001,0.020807020713363045
0.4850000000000001,0.02078726997283553
0.4860000000000001,0.02076753093520267
0.4870000000000001,0.02074780378112351
0.4880000000000001,0.02072808875212928
0.4890000000000001,0.020708386190854355
0.4900000000000001,0.02068869658279482
0.4910000000000001,0.020678860682465938
0.4920000000000001,0.020669030580055647
0.4930000000000001,0.02065920744835381
0.4940000000000001,0.020649392915995435
0.4950000000000001,0.020639589241941536
0.4960000000000001,0.020619970447903313
0.4970000000000001,0.020600376331291415
0.4980000000000001,0.020580811681487177
0.4990000000000001,0.020561282980811058
0.5000000000000001,0.020541798997580685
0.5010000000000001,0.020532131999292602
0.5020000000000001,0.020522505057755325
0.5030000000000001,0.020512928376948736
0.5040000000000001,0.02050341493913166
0.5050000000000001,0.020493981269993355
0.5060000000000001,0.02047473297877289
0.5070000000000001,0.020455558523956086
0.5080000000000001,0.020436469923552636
0.5090000000000001,0.02041748153237677
0.5100000000000001,0.020398610519965388
0.5110000000000001,0.020389333247930352
0.5120000000000001,0.02038011540318152
0.5130000000000001,0.020370963612126758
0.5140000000000001,0.02036188530070504
0.5150000000000001,0.020352888799333613
0.5160000000000001,0.020343562087898448
0.5170000000000001,0.020334261817058774
0.5180000000000001,0.02032498929080262
0.5190000000000001,0.0203157458870713
0.5200000000000001,0.02030653306236374
0.5210000000000001,0.020296730232448823
0.5220000000000001,0.020286931082235782
0.5230000000000001,0.020277135599059193
0.5240000000000001,0.020267343770502322
0.5250000000000001,0.020257555584354492
0.5260000000000001,0.02024751060933383
0.5270000000000001,0.020237481946047353
0.5280000000000001,0.020227468976862895
0.5290000000000001,0.020217471115852703
0.5300000000000001,0.020207487806949587
0.5310000000000001,0.020197553709277116
0.5320000000000001,0.020187630622036323
0.5330000000000001,0.02017771822126946
0.5340000000000001,0.02016781619742858
0.5350000000000001,0.020157924254650794
0.5360000000000001,0.02014807200673019
0.5370000000000001,0.02013822748067895
0.5380000000000001,0.02012839051146642
0.5390000000000001,0.02011856094033959
0.5400000000000001,0.020108738614560195
0.5410000000000001,0.020108623948566162
0.5420000000000001,0.02010851206268427
0.5430000000000001,0.020108402878801
0.5440000000000002,0.020108296321307506
0.5450000000000002,0.020108192317007223
0.5460000000000002,0.020098393107648604
0.5470000000000002,0.020088600323688866
0.5480000000000002,0.020078813848765975
0.5490000000000002,0.020069033570759842
0.5500000000000002,0.020059259381618233
0.5510000000000002,0.020049511584463886
0.5520000000000002,0.02003976869520585
0.5530000000000002,0.020030030657824938
0.5540000000000002,0.020020297418003707
0.5550000000000002,0.02001056892309805
0.5560000000000002,0.020010472629095943
0.5570000000000002,0.020010378969644194
0.5580000000000002,0.020010287862845644
0.5590000000000002,0.02001019922968439
0.5600000000000002,0.020010112993869456
0.5610000000000002,0.020000415628839363
0.5620000000000002,0.019990722040883924
0.5630000000000002,0.01998103220991254
0.5640000000000002,0.019971346116332
0.5650000000000002,0.01996166374102515
0.5660000000000002,0.019961601672449092
0.5670000000000002,0.019961540971213054
0.5680000000000002,0.01996148160245781
0.5690000000000002,0.019961423532336653
0.5700000000000002,0.01996136672797988
0.5710000000000002,0.019951693166017748
0.5720000000000002,0.01994202318043392
0.5730000000000002,0.019932356755987257
0.5740000000000002,0.019922693877788333
0.5750000000000002,0.01991303453130655
0.5760000000000002,0.01991308470321229
0.5770000000000002,0.019913135582410035
0.5780000000000002,0.019913187176367586
0.5790000000000002,0.019913239492598933
0.5800000000000002,0.01991329253867491
0.5810000000000002,0.019903813636620526
0.5820000000000002,0.019894343201958264
0.5830000000000002,0.019884881449812042
0.5840000000000002,0.019875428603185696
0.5850000000000002,0.019865984893268518
0.5860000000000002,0.01985669382198907
0.5870000000000002,0.01984742980150145
0.5880000000000002,0.019838194682549215
0.5890000000000002,0.019828990459597406
0.5900000000000002,0.0198198192828265
0.5910000000000002,0.01982038079943038
0.5920000000000002,0.01982099674079052
0.5930000000000002,0.019821672411168834
0.5940000000000002,0.01982241365631765
0.5950000000000002,0.019823226924621906
0.5960000000000002,0.019823903852767444
0.5970000000000002,0.019824630231983775
0.5980000000000002,0.01982540972080571
0.5990000000000002,0.0198262462658505
0.6000000000000002,0.01982714412722686
0.6010000000000002,0.01982816924105535
0.6020000000000002,0.01982927480156249
0.6030000000000002,0.019830467343116
0.6040000000000002,0.019831753978447608
0.6050000000000002,0.019833142456619157
0.6060000000000002,0.019834550761373748
0.6070000000000002,0.019836064261724573
0.6080000000000002,0.019837691239217747
0.6090000000000002,0.019839440696916455
0.6100000000000002,0.01984132243054404
0.6110000000000002,0.019852041870297654
0.6120000000000002,0.01986281025797254
0.6130000000000002,0.019873629541159232
0.6140000000000002,0.019884501756934014
0.6150000000000002,0.019895429036406398
0.6160000000000002,0.01989807574107516
0.6170000000000002,0.019900940882934037
0.6180000000000002,0.019904044086064943
0.6190000000000002,0.019907406956058082
0.6200000000000002,0.019911053303335535
0.6210000000000002,0.01990714345673439
0.6220000000000002,0.01990395011504731
0.6230000000000002,0.01990157373711554
0.6240000000000002,0.019900130836045804
0.6250000000000002,0.0198997568211432
0.6260000000000002,0.01989737598850283
0.6270000000000002,0.019895658145337336
0.6280000000000002,0.01989467093823194
0.6290000000000002,0.019894489714214814
0.6300000000000002,0.0198951984652318
0.6310000000000002,0.01990864468363185
0.6320000000000002,0.019923646671681894
0.6330000000000002,0.019940406558063728
0.6340000000000002,0.019959155393316053
0.6350000000000002,0.019980157577826674
0.6360000000000002,0.019992838157374848
0.6370000000000002,0.02000811024799276
0.6380000000000002,0.02002630912195258
0.6390000000000002,0.020047817188505235
0.6400000000000002,0.020073071030260792
0.6410000000000002,0.020105395368418044
0.6420000000000002,0.020140986277699113
0.6430000000000002,0.02018020511615859
0.6440000000000002,0.020223456033541254
0.6450000000000002,0.020271191331843852
0.6460000000000002,0.02030705307382874
0.6470000000000002,0.020347023087680327
0.6480000000000002,0.020391502769598446
0.6490000000000002,0.020440935231217594
0.6500000000000002,0.020495809894743644
0.6510000000000002,0.02050107260708245
0.6520000000000002,0.020506356768343892
0.6530000000000002,0.020511662401364816
0.6540000000000002,0.02051698952877601
0.6550000000000002,0.020522338173012855
0.6560000000000002,0.02037428696824861
0.6570000000000003,0.020254929481847483
0.6580000000000003,0.020158208808755518
0.6590000000000003,0.02007943583990368
0.6600000000000003,0.020014961982820267
0.6610000000000003,0.01994771469336243
0.6620000000000003,0.019891329816736913
0.6630000000000003,0.019843552649447815
0.6640000000000003,0.0198026337091477
0.6650000000000003,0.019767208657675894
0.6660000000000003,0.019762732565080654
0.6670000000000003,0.019758425472875984
0.6680000000000003,0.019754279861786017
0.6690000000000003,0.019750288593691323
0.6700000000000003,0.019746444890227366
0.6710000000000003,0.01974676321593094
0.6720000000000003,0.019747081515127718
0.6730000000000003,0.019747399786840703
0.6740000000000003,0.019747718030100003
0.6750000000000003,0.019748036243942835
0.6760000000000003,0.0197382208567376
0.6770000000000003,0.01972840978208268
0.6780000000000003,0.01971860300882966
0.6790000000000003,0.019708800525954473
0.6800000000000003,0.019699002322536074
0.6810000000000003,0.019686933621898106
0.6820000000000003,0.019674933730765787
0.6830000000000003,0.019663000601699565
0.6840000000000003,0.019651132260747772
0.6850000000000003,0.019639326804469448
0.6860000000000003,0.01961856787046301
0.6870000000000003,0.019597855687891297
0.6880000000000003,0.019577189388645166
0.6890000000000003,0.019556568129520002
0.6900000000000003,0.019535991091395033
0.6910000000000003,0.01951752104459814
0.6920000000000003,0.019499944115580092
0.6930000000000003,0.019483160314614167
0.6940000000000003,0.019467082188437956
0.6950000000000003,0.019451633105855848
0.6960000000000003,0.019437516376935804
0.6970000000000003,0.019423772793334848
0.6980000000000003,0.019410368835988123
0.6990000000000003,0.01939727440800354
0.7000000000000003,0.01938446244857417
0.7010000000000003,0.019383878528220322
0.7020000000000003,0.019383304264039225
0.7030000000000003,0.01938273945881619
0.7040000000000003,0.019382183920143348
0.7050000000000003,0.019381637460252676
0.7060000000000003,0.019381099895898757
0.7070000000000003,0.019380571048245088
0.7080000000000003,0.019380050742718424
0.7090000000000003,0.019379538808909302
0.7100000000000003,0.019379035080451246
0.7110000000000003,0.01936940682490018
0.7120000000000003,0.01935978275295369
0.7130000000000003,0.019350162851221597
0.7140000000000003,0.01934054710647004
0.7150000000000003,0.019330935505639246
0.7160000000000003,0.019330923441501113
0.7170000000000003,0.01933091141495069
0.7180000000000003,0.019330899425810344
0.7190000000000003,0.01933088747390954
0.7200000000000003,0.019330875559070648
0.7210000000000003,0.019330863681126687
0.7220000000000003,0.019330851839903573
0.7230000000000003,0.01933084003523433
0.7240000000000003,0.01933082826694843
0.7250000000000003,0.019330816534882445
0.7260000000000003,0.019332218771936027
0.7270000000000003,0.019333670700007133
0.7280000000000003,0.019335174182547377
0.7290000000000003,0.019336731159711462
0.7300000000000003,0.01933834365177134
0.7310000000000003,0.01933628742708393
0.7320000000000003,0.01933549128812828
0.7330000000000003,0.01933619916015772
0.7340000000000003,0.019338709197096904
0.7350000000000003,0.019343387219286967
0.7360000000000003,0.019359124278931716
0.7370000000000003,0.01937766432074639
0.7380000000000003,0.019399578360420833
0.7390000000000003,0.019425567912051633
0.7400000000000003,0.019456497395989203
0.7410000000000003,0.019458842769875417
0.7420000000000003,0.019461211125523903
0.7430000000000003,0.019463602662249002
0.7440000000000003,0.019466017580800354
0.7450000000000003,0.01946845608335579
0.7460000000000003,0.019467874413614084
0.7470000000000003,0.019467668649795655
0.7480000000000003,0.019467855752761665
0.7490000000000003,0.01946845349618087
0.7500000000000003,0.019469480506636216
0.7510000000000003,0.019477710749509214
0.7520000000000003,0.019486201306285977
0.7530000000000003,0.01949496082897184
0.7540000000000003,0.019503998266056755
0.7550000000000003,0.01951332287277907
0.7560000000000003,0.019523047951011563
0.7570000000000003,0.01953404582960161
0.7580000000000003,0.019546408235957102
0.7590000000000003,0.0195602339415899
0.7600000000000003,0.019575629328624444
0.7610000000000003,0.019613522052061683
0.7620000000000003,0.01965516137374479
0.7630000000000003,0.019700952115893955
0.7640000000000003,0.019751345917661922
0.7650000000000003,0.019806846983474458
0.7660000000000003,0.019908271216706908
0.7670000000000003,0.020024142431754655
0.7680000000000003,0.020156948347480608
0.7690000000000003,0.020309640112476046
0.7700000000000004,0.02048572590939557
0.7710000000000004,0.02059045224737588
0.7720000000000004,0.020704455352362316
0.7730000000000004,0.02082861899717514
0.7740000000000004,0.020963917327623705
0.7750000000000004,0.021111424919940447
0.7760000000000004,0.02116809919580831
0.7770000000000004,0.021227148626561387
0.7780000000000004,0.021288661408512155
0.7790000000000004,0.021352729164402007
0.7800000000000004,0.021419447086469035
0.7810000000000004,0.02142992456798254
0.7820000000000004,0.021440428831866143
0.7830000000000004,0.021450959869753206
0.7840000000000004,0.021461517673142083
0.7850000000000004,0.021472102233389023
0.7860000000000004,0.02144204196771682
0.7870000000000004,0.02141248828741027
0.7880000000000004,0.021383430915985713
0.7890000000000004,0.021354859819300742
0.7900000000000004,0.02132676519900656
0.7910000000000004,0.021274458092676696
0.7920000000000004,0.02122367148189852
0.7930000000000004,0.02117435426001535
0.7940000000000004,0.021126457265090437
0.7950000000000004,0.02107993319699375
0.7960000000000004,0.02102541596153884
0.7970000000000004,0.02097217806939966
0.7980000000000004,0.02092017773651733
0.7990000000000004,0.020869374727418233
0.8000000000000004,0.020819730290920546
0.8010000000000004,0.02078053009019598
0.8020000000000004,0.02074241821186007
0.8030000000000004,0.020705359676721713
0.8040000000000004,0.020669320776516287
0.8050000000000004,0.02063426902229537
0.8060000000000004,0.020592046110863294
0.8070000000000004,0.020551217027644952
0.8080000000000004,0.020511729040894267
0.8090000000000004,0.020473531655831323
0.8100000000000004,0.020436576509290205
0.8110000000000004,0.020407745329769966
0.8120000000000004,0.02037967682592523
0.8130000000000004,0.020352347587348163
0.8140000000000004,0.020325735015465085
0.8150000000000004,0.020299817292169564
0.8160000000000004,0.020259108300923145
0.8170000000000004,0.02021938691876457
0.8180000000000004,0.020180617599827144
0.8190000000000004,0.02014276623711808
0.8200000000000004,0.020105800097962145
0.8210000000000004,0.02005835962307856
0.8220000000000004,0.02001341468955431
0.8230000000000004,0.01997081780079668
0.8240000000000004,0.019930431057286313
0.8250000000000004,0.019892125475223565
0.8260000000000004,0.01985973507149197
0.8270000000000004,0.01982882121202678
0.8280000000000004,0.019799307736509064
0.8290000000000004,0.019771122824522536
0.8300000000000004,0.019744198725494044
0.8310000000000004,0.019718471506937618
0.8320000000000004,0.019693880819598775
0.8330000000000004,0.019670369678319588
0.8340000000000004,0.019647884257423698
0.8350000000000004,0.019626373699633604
0.8360000000000004,0.019608351048283623
0.8370000000000004,0.01959100976090511
0.8380000000000004,0.019574320346695373
0.8390000000000004,0.01955825473405781
0.8400000000000004,0.01954278619590255
0.8410000000000004,0.019521529137872307
0.8420000000000004,0.019501363443509945
0.8430000000000004,0.019482225600853553
0.8440000000000004,0.019464056172807886
0.8450000000000004,0.019446799513538338
0.8460000000000004,0.019423931925015125
0.8470000000000004,0.01940261905728491
0.8480000000000004,0.019382741761734934
0.8490000000000004,0.01936419090603536
0.8500000000000004,0.019346866466534607
0.8510000000000004,0.019328401919661786
0.8520000000000004,0.019311296349854956
0.8530000000000004,0.019295436724178217
0.8540000000000004,0.01928072034457884
0.8550000000000004,0.019267053829899794
0.8560000000000004,0.019253569074685117
0.8570000000000004,0.019241082190713854
0.8580000000000004,0.019229509331040617
0.8590000000000004,0.01921877443459863
0.8600000000000004,0.01920880844525996
0.8610000000000004,0.019191257923523608
0.8620000000000004,0.01917421951756282
0.8630000000000004,0.0191576569985763
0.8640000000000004,0.01914153701247301
0.8650000000000004,0.01912582883156233
0.8660000000000004,0.019119464781073958
0.8670000000000004,0.019113502310972308
0.8680000000000004,0.019107912358730772
0.8690000000000004,0.019102668220494223
0.8700000000000004,0.019097745341827732
0.8710000000000004,0.019093708027806855
0.8720000000000004,0.01908988389224575
0.8730000000000004,0.01908625995457669
0.8740000000000004,0.019082824128325626
0.8750000000000004,0.01907956515318432
0.8760000000000004,0.019076472532674416
0.8770000000000004,0.01907353647688481
0.8780000000000004,0.019070747849831093
0.8790000000000004,0.019068098121078236
0.8800000000000004,0.019065579321217996
0.8810000000000004,0.01906336150273802
0.8820000000000005,0.019061243982722686
0.8830000000000005,0.019059221529314385
0.8840000000000005,0.01905728922208283
0.8850000000000005,0.019055442431294978
0.8860000000000005,0.019044465054960824
0.8870000000000005,0.019033556336264468
0.8880000000000005,0.019022713217541565
0.8890000000000005,0.01901193280345126
0.8900000000000005,0.019001212351316354
0.8910000000000005,0.01900000617355957
0.8920000000000005,0.01899884318386924
0.8930000000000005,0.018997721597386885
0.8940000000000005,0.018996639713922292
0.8950000000000005,0.01899559591343447
0.8960000000000005,0.018994687765101048
0.8970000000000005,0.01899380833037867
0.8980000000000005,0.018992956560211383
0.8990000000000005,0.018992131449635963
0.9000000000000005,0.018991332035685815
0.9010000000000004,0.01899064272424411
0.9020000000000004,0.018989972502712504
0.9030000000000004,0.018989320758720396
0.9040000000000004,0.018988686902552843
0.9050000000000004,0.018988070366180665
0.9060000000000004,0.018987395920710526
0.9070000000000004,0.018986741827131226
0.9080000000000004,0.018986107380236206
0.9090000000000004,0.018985491902878238
0.9100000000000004,0.018984894744686898
0.9110000000000004,0.018984444561780833
0.9120000000000004,0.018984004921861697
0.9130000000000004,0.018983575538605635
0.9140000000000004,0.018983156134659396
0.9150000000000004,0.018982746441320586
0.9160000000000004,0.018973184213869843
0.9170000000000004,0.018963628034128988
0.9180000000000004,0.018954077848409412
0.9190000000000004,0.018944533604070557
0.9200000000000004,0.0189349952494986
0.9210000000000004,0.018935117179211147
0.9220000000000004,0.018935239662450698
0.9230000000000004,0.018935362700705838
0.9240000000000004,0.01893548629547226
0.9250000000000004,0.0189356104482421
0.9260000000000004,0.018936024570031407
0.9270000000000004,0.018936446963508047
0.9280000000000004,0.018936877792942397
0.9290000000000004,0.018937317226079387
0.9300000000000004,0.018937765434202447
0.9310000000000004,0.01893828742607795
0.9320000000000004,0.01893882148200632
0.9330000000000004,0.01893936788485817
0.9340000000000004,0.018939926924662842
0.9350000000000004,0.01894049889877536
0.9360000000000004,0.018941230947312704
0.9370000000000004,0.0189419846080483
0.9380000000000004,0.018942760544703674
0.9390000000000004,0.01894355944329007
0.9400000000000004,0.018944382012964667
0.9410000000000004,0.01894514345126197
0.9420000000000004,0.018945925055589896
0.9430000000000004,0.01894672738174563
0.9440000000000004,0.018947551002245433
0.9450000000000004,0.018948396506910825
0.9460000000000004,0.018949460878744162
0.9470000000000004,0.01895056054783595
0.9480000000000004,0.01895169675751518
0.9490000000000004,0.018952870799473942
0.9500000000000004,0.0189540840158422
0.9510000000000004,0.01895545464864412
0.9520000000000004,0.018956875786109606
0.9530000000000004,0.018958349429336607
0.9540000000000004,0.018959877667331426
0.9550000000000004,0.018961462681254204
0.9560000000000004,0.018963675081522524
0.9570000000000004,0.01896600052338826
0.9580000000000004,0.018968445343126916
0.9590000000000004,0.018971016273894747
0.9600000000000004,0.01897372047304202
0.9610000000000004,0.01897619682489804
0.9620000000000004,0.018978785266238418
0.9630000000000004,0.018981491369270742
0.9640000000000004,0.01898432101365799
0.9650000000000004,0.018987280404914486
0.9660000000000004,0.018990607494846046
0.9670000000000004,0.018994100606349207
0.9680000000000004,0.01899776889964855
0.9690000000000004,0.01900162209449263
0.9700000000000004,0.01900567050702051
0.9710000000000004,0.019010523482737796
0.9720000000000004,0.0190156615271313
0.9730000000000004,0.019021103277136575
0.9740000000000004,0.019026868714860257
0.9750000000000004,0.01903297927173142
0.9760000000000004,0.01904067444428037
0.9770000000000004,0.019048927599815357
0.9780000000000004,0.019057783983054577
0.9790000000000004,0.019067292873582886
0.9800000000000004,0.01907750797040464
0.9810000000000004,0.01908966346709562
0.9820000000000004,0.019102838237618158
0.9830000000000004,0.019117127770005737
0.9840000000000004,0.019132637322147872
0.9850000000000004,0.019149482985877597
0.9860000000000004,0.019170494041983233
0.9870000000000004,0.01919362912019551
0.9880000000000004,0.019219127324340946
0.9890000000000004,0.019247256977916294
0.9900000000000004,0.019278319423854384
0.9910000000000004,0.019314147795533643
0.9920000000000004,0.019353958670453864
0.9930000000000004,0.01939824110734989
0.9940000000000004,0.019447548979151463
0.9950000000000006,0.019502510136437223
0.9960000000000006,0.019489482509072786
0.9970000000000006,0.019477458832941608
0.9980000000000006,0.019466388382728184
0.9990000000000006,0.019456223262928063
1.0000000000000004,0.019446918236528887
1.0010000000000006,0.01942448670509833
1.002000000000001,0.019404456246224555
1.0030000000000006,0.01938662456069551
1.0040000000000004,0.019370807940887858
1.0050000000000006,0.019356839436778017
1.006000000000001,0.01939151109856141
1.0070000000000006,0.019428237573592355
1.0080000000000005,0.019467201298908776
1.0090000000000006,0.019508602120154706
1.010000000000001,0.019552659052653354
1.0110000000000006,0.01958212317318342
1.0120000000000005,0.019613513797505533
1.0130000000000006,0.019646967492086276
1.014000000000001,0.019682631126251238
1.0150000000000006,0.01972066269461692
1.0160000000000005,0.019779010971458177
1.0170000000000006,0.019841348133038395
1.018000000000001,0.019908025973332855
1.0190000000000006,0.01997942948776199
1.0200000000000005,0.020055980224988446
1.0210000000000006,0.02012456103905791
1.022000000000001,0.020198566222934033
1.0230000000000006,0.02027845929897154
1.0240000000000005,0.020364746211193108
1.0250000000000006,0.02045797951136663
1.0260000000000007,0.0205280958482561
1.0270000000000006,0.020602135055437287
1.0280000000000005,0.020680331570748223
1.0290000000000006,0.02076293477735902
1.0300000000000007,0.020850210034243588
1.0310000000000006,0.020909256117821684
1.0320000000000005,0.020971164715675172
1.0330000000000006,0.021036062274610856
1.0340000000000007,0.02110408117900775
1.0350000000000006,0.021175360052765768
1.0360000000000005,0.021100273445437523
1.0370000000000006,0.021028269541737643
1.0380000000000007,0.020959205933852587
1.0390000000000006,0.020892947521229388
1.0400000000000005,0.02082936609557251
1.0410000000000006,0.020906137946823833
1.0420000000000007,0.020986467988148405
1.0430000000000006,0.021070531396361503
1.0440000000000005,0.02115851255233636
1.0450000000000006,0.021250605567239234
1.0460000000000007,0.021297801832833585
1.0470000000000006,0.021346517035656376
1.0480000000000005,0.021396793311840412
1.0490000000000006,0.02144867402544648
1.0500000000000007,0.021502203807092002
1.0510000000000006,0.021477658791859255
1.0520000000000005,0.021453427819810855
1.0530000000000006,0.02142950605398042
1.0540000000000007,0.021405888744087775
1.0550000000000006,0.021382571224751956
1.0560000000000005,0.021298760379217185
1.0570000000000006,0.02121837459380771
1.0580000000000007,0.021141256338104597
1.0590000000000006,0.021067256142039525
1.0600000000000005,0.02099623213829105
1.0610000000000006,0.02093623489801999
1.0620000000000007,0.020878353241439385
1.0630000000000006,0.020822502837795298
1.0640000000000005,0.02076860310056361
1.0650000000000006,0.02071657700315299
1.0660000000000007,0.02067092712441365
1.0670000000000006,0.020626200322805488
1.0680000000000005,0.020582369853720195
1.0690000000000006,0.020539409846470846
1.0700000000000007,0.02049729527249511
1.0710000000000006,0.020675647280107512
1.0720000000000005,0.02087950091458879
1.0730000000000006,0.021112647405445273
1.0740000000000007,0.02137949509660686
1.0750000000000006,0.021685181151710253
1.0760000000000003,0.022251614722808455
1.0770000000000006,0.02295260454771153
1.0780000000000007,0.02382339561571456
1.0790000000000006,0.024909764118117295
1.0800000000000003,0.026271715694178965
1.0810000000000006,0.02646558647263575
1.0820000000000007,0.026665339721827053
1.0830000000000006,0.02687115879609081
1.0840000000000003,0.027083233442247945
1.0850000000000006,0.027301760058062285
1.0860000000000007,0.027441360409156346
1.0870000000000006,0.02758362835234962
1.0880000000000003,0.027728613982873185
1.0890000000000006,0.02787636843709862
1.0900000000000007,0.02802694391773386
1.0910000000000006,0.028180393719747343
1.0920000000000003,0.02833677225703468
1.0930000000000006,0.028496135089842056
1.0940000000000007,0.028658538953038715
1.0950000000000006,0.028824041785185273
1.0960000000000003,0.02889902216151441
1.0970000000000006,0.02897449287925724
1.0980000000000008,0.029050456851745565
1.0990000000000006,0.02912691701018133
1.1000000000000003,0.029203876303792953
1.1010000000000006,0.0294406428774181
1.1020000000000008,0.02968302664335809
1.1030000000000006,0.029931172481141743
1.1040000000000003,0.030185229531348057
1.1050000000000006,0.030445351343999505
1.1060000000000008,0.030296394834415707
1.1070000000000009,0.03014984264344278
1.1080000000000003,0.030005647586857975
1.1090000000000009,0.029863763583492187
1.1100000000000008,0.02972414562498571
1.1110000000000009,0.030489029890002683
1.1120000000000003,0.03131322273001658
1.1130000000000009,0.03220198326343038
1.1140000000000008,0.03316112139034999
1.1150000000000009,0.034197067444917906
1.1160000000000003,0.03433479994206934
1.1170000000000009,0.03447368857259825
1.1180000000000008,0.03461374309865661
1.1190000000000009,0.03475497337571909
1.1200000000000006,0.03489738935368614
1.1210000000000009,0.034763621053546245
1.1220000000000008,0.034631355402677144
1.1230000000000009,0.03450057113884597
1.1240000000000006,0.0343712473658524
1.1250000000000009,0.03424336354603774
1.1260000000000008,0.03493111554914563
1.127000000000001,0.03565275947025093
1.1280000000000006,0.036410219384860554
1.129000000000001,0.037205549903516655
1.1300000000000008,0.038040946955405275
1.131000000000001,0.03952074766173119
1.1320000000000006,0.041130916404872764
1.133000000000001,0.04288516800189868
1.1340000000000008,0.04479899925955699
1.135000000000001,0.04688997855701693
1.1360000000000006,0.048341791950214485
1.137000000000001,0.04988053187667241
1.1380000000000008,0.05151253119020538
1.139000000000001,0.05324470245290591
1.1400000000000006,0.0550846048297533
1.141000000000001,0.055775059892855694
1.1420000000000008,0.05647977592126985
1.143000000000001,0.057199112280118314
1.1440000000000006,0.057933439783194984
1.145000000000001,0.05868314115372364
1.1460000000000008,0.05239205305843875
1.147000000000001,0.04725820390965829
1.1480000000000006,0.043030588121784064
1.149000000000001,0.03952204329554121
1.1500000000000008,0.03659049363403888
1.1510000000000007,0.03265028062300601
1.1520000000000006,0.029675541511046788
1.1530000000000007,0.02740316715245328
1.1540000000000008,0.025649964197505426
1.1550000000000007,0.02428565871910493
1.1560000000000006,0.023349131145590007
1.1570000000000007,0.02258603359412703
1.1580000000000008,0.02196136912502311
1.1590000000000007,0.021447836990709845
1.1600000000000006,0.02102398224480595
1.1610000000000007,0.020772992705389015
1.1620000000000008,0.020550311886889716
1.1630000000000007,0.020352321565589193
1.1640000000000006,0.020175904904863984
1.1650000000000007,0.020018371074847607
1.1660000000000008,0.019768307178640754
1.1670000000000007,0.01956608754873912
1.1680000000000006,0.019401456391427985
1.1690000000000007,0.019266500370367368
1.1700000000000008,0.019155081238370286
1.1710000000000007,0.019065224995518548
1.1720000000000006,0.018989393808698907
1.1730000000000007,0.018924921827800034
1.1740000000000008,0.018869686064313385
1.1750000000000007,0.018821989527708638
1.1760000000000006,0.0188109741692557
1.1770000000000007,0.01880056985055134
1.1780000000000008,0.018790738084842218
1.1790000000000007,0.01878144306187579
1.1800000000000006,0.018772651446880673
1.1810000000000007,0.018745171421677753
1.1820000000000008,0.01871977532789515
1.1830000000000007,0.018696197508511148
1.1840000000000006,0.018674209468287017
1.1850000000000007,0.018653614301268107
1.1860000000000008,0.018638715962378427
1.1870000000000007,0.01862416279128709
1.1880000000000006,0.018609931321307727
1.1890000000000007,0.018595999884659875
1.1900000000000008,0.01858234846199025
1.1910000000000007,0.01857037293826025
1.1920000000000006,0.01855850817724658
1.1930000000000007,0.018546749358154813
1.1940000000000008,0.018535091903999046
1.1950000000000007,0.01852353146797725
1.1960000000000006,0.018504480247088395
1.1970000000000007,0.018486958304940515
1.1980000000000008,0.018470703468821625
1.1990000000000007,0.018455503419897212
1.2000000000000006,0.018441185373216484
1.2010000000000007,0.01843170525975779
1.2020000000000008,0.018422231699794622
1.2030000000000007,0.018412764641137613
1.2040000000000006,0.018403304032467815
1.2050000000000007,0.01839384982329406
1.2060000000000008,0.018382223752489324
1.2070000000000007,0.018370808345643752
1.2080000000000006,0.018359584287324537
1.2090000000000007,0.018348534273133765
1.2100000000000009,0.018337642776455
1.2110000000000007,0.01831771640760138
1.2120000000000006,0.018297938166135452
1.2130000000000007,0.018278295753660245
1.2140000000000009,0.018258778100207707
1.2150000000000007,0.018239375227310006
1.2160000000000006,0.018229183811733662
1.2170000000000007,0.018219081144252414
1.2180000000000009,0.018209059893873558
1.2190000000000007,0.018199113417818324
1.2200000000000006,0.01818923568955455
1.2210000000000008,0.01818010909348544
1.2220000000000009,0.018170985516981375
1.2230000000000008,0.018161864958869955
1.2240000000000006,0.018152747417985893
1.2250000000000008,0.018143632893185213
1.2260000000000009,0.018134771097319202
1.2270000000000008,0.01812591674102393
1.2280000000000006,0.018117069921547824
1.2290000000000008,0.0181082307382745
1.2300000000000009,0.01809939929282578
1.2310000000000008,0.01809952418050642
1.2320000000000009,0.01809965035533878
1.2330000000000008,0.018099777829423402
1.2340000000000009,0.01809990661498162
1.2350000000000008,0.018100036724348456
1.2360000000000009,0.018090763585878022
1.2370000000000008,0.018081497586688755
1.2380000000000009,0.01807223862798324
1.2390000000000008,0.01806298661351846
1.2400000000000009,0.01805374144955252
1.2410000000000008,0.01805420079618969
1.2420000000000009,0.01805468029602153
1.2430000000000008,0.01805518086122504
1.2440000000000009,0.018055703448592197
1.2450000000000008,0.01805624906196357
1.2460000000000009,0.018056818754836
1.2470000000000008,0.018057413633144392
1.2480000000000009,0.01805803485817492
1.2490000000000008,0.018058683649723406
1.2500000000000009,0.01805936128939223
1.2510000000000008,0.018058898457706363
1.252000000000001,0.018058450278562788
1.2530000000000008,0.01805801623472547
1.2540000000000011,0.01805759582957478
1.2550000000000008,0.01805718858615535
1.256000000000001,0.018057553217499134
1.2570000000000008,0.018057927248474215
1.2580000000000011,0.01805831092651289
1.2590000000000008,0.018058704506071166
1.260000000000001,0.018059108248827727
1.2610000000000008,0.01805898385873661
1.2620000000000011,0.01805886068804341
1.2630000000000008,0.018058738722388057
1.264000000000001,0.01805861794760588
1.2650000000000008,0.01805849834973472
1.2660000000000011,0.018048892109579384
1.2670000000000008,0.018039310812707043
1.268000000000001,0.018029753494030132
1.2690000000000008,0.018020219235562962
1.2700000000000011,0.018010707163817585
1.2710000000000008,0.018020651963581713
1.272000000000001,0.018030666092268888
1.2730000000000008,0.018040754704575335
1.2740000000000011,0.018050923396163654
1.2750000000000008,0.01806117824647302
1.2760000000000007,0.018060097029930944
1.2770000000000008,0.018059085792497598
1.2780000000000011,0.018058139582162624
1.2790000000000008,0.01805725383718837
1.2800000000000007,0.01805642435159882
1.2810000000000008,0.018056460192163115
1.2820000000000011,0.018056496078475703
1.2830000000000008,0.01805653201050106
1.2840000000000007,0.0180565679882001
1.2850000000000008,0.018056604011540855
1.2860000000000011,0.01806580466250196
1.2870000000000008,0.018075009647972706
1.2880000000000007,0.018084218981741174
1.2890000000000008,0.01809343267770558
1.2900000000000011,0.018102650749895588
1.2910000000000008,0.01810286270707806
1.2920000000000007,0.018103077665013956
1.2930000000000008,0.018103295665163444
1.2940000000000011,0.0181035167495871
1.2950000000000008,0.018103740960949466
1.2960000000000007,0.018113132350833894
1.2970000000000008,0.018122533364127946
1.2980000000000012,0.018131944143505052
1.2990000000000008,0.018141364834839635
1.3000000000000007,0.01815079558726751
1.3010000000000008,0.018151188258197948
1.302000000000001,0.01815158993041166
1.3030000000000008,0.018152000815678804
1.3040000000000007,0.018152421131151897
1.3050000000000008,0.0181528510995399
1.306000000000001,0.018162335205534674
1.3070000000000008,0.018171830602948802
1.3080000000000007,0.018181337472370274
1.3090000000000008,0.018190855998522437
1.310000000000001,0.018200386370402555
1.3110000000000008,0.018200874484932683
1.3120000000000007,0.018201373859763947
1.3130000000000008,0.018201884764817322
1.314000000000001,0.01820240747708013
1.3150000000000008,0.018202942280826306
1.3160000000000007,0.01820329085639827
1.3170000000000008,0.018203644381767248
1.318000000000001,0.018204002927785012
1.3190000000000008,0.018204366566383356
1.3200000000000007,0.01820473537060252
1.3210000000000008,0.018214102394924936
1.322000000000001,0.018223474952208107
1.3230000000000008,0.01823285306785749
1.3240000000000007,0.01824223676752723
1.3250000000000008,0.01825162607711661
1.326000000000001,0.018251851529623053
1.3270000000000008,0.01825207867081602
1.3280000000000007,0.018252307512433674
1.3290000000000008,0.018252538066278134
1.330000000000001,0.018252770344254543
1.3310000000000008,0.018252946312273366
1.3320000000000007,0.018253123202953248
1.3330000000000009,0.01825330102038336
1.334000000000001,0.01825347976867775
1.3350000000000009,0.018253659451964666
1.3360000000000007,0.018253720861338252
1.3370000000000009,0.01825378231905006
1.338000000000001,0.018253843825036142
1.3390000000000009,0.018253905379225444
1.3400000000000007,0.01825396698154691
1.3410000000000009,0.018263082741942327
1.342000000000001,0.01827220133971963
1.3430000000000009,0.01828132277486816
1.3440000000000007,0.018290447047373704
1.3450000000000009,0.018299574157225607
1.346000000000001,0.01829963563878323
1.3470000000000009,0.018299697167986295
1.3480000000000008,0.018299758744767303
1.3490000000000009,0.01829982036905875
1.350000000000001,0.01829988204079669
1.3510000000000009,0.018300185727461837
1.3520000000000008,0.0183004923238812
1.3530000000000009,0.018300801857282778
1.354000000000001,0.01830111435516457
1.3550000000000009,0.018301429845298145
1.3560000000000008,0.01830187655507487
1.3570000000000009,0.018302329529827688
1.358000000000001,0.018302788859529073
1.3590000000000009,0.01830325463553706
1.3600000000000008,0.018303726950634314
1.3610000000000009,0.01831340398040382
1.362000000000001,0.01832309294372436
1.3630000000000009,0.018332793994549235
1.3640000000000008,0.018342507289652588
1.3650000000000009,0.018352232988672057
1.366000000000001,0.018352602157857945
1.3670000000000009,0.018352974864747296
1.3680000000000008,0.018353351142870622
1.3690000000000009,0.018353731026085285
1.370000000000001,0.01835411454859326
1.3710000000000009,0.018354265827149163
1.3720000000000008,0.018354417536958323
1.3730000000000009,0.01835456967878457
1.374000000000001,0.0183547222534024
1.3750000000000009,0.018354875261575643
1.3760000000000008,0.018354631978034774
1.377000000000001,0.01835439069968814
1.378000000000001,0.01835415140607921
1.379000000000001,0.018353914076996602
1.3800000000000008,0.018353678692481168
1.381000000000001,0.018353369319456192
1.3820000000000008,0.018353063146093973
1.383000000000001,0.018352760132248847
1.3840000000000008,0.018352460238372004
1.385000000000001,0.018352163425490176
1.3860000000000008,0.01835194200447532
1.387000000000001,0.018351722369455814
1.3880000000000008,0.018351504502607696
1.389000000000001,0.018351288386305953
1.3900000000000008,0.018351074003149392
1.391000000000001,0.018350861335935775
1.3920000000000008,0.018350650367661814
1.393000000000001,0.01835044108153383
1.3940000000000008,0.018350233460953547
1.395000000000001,0.01835002748951453
1.3960000000000008,0.018350025789278135
1.397000000000001,0.018350024091567718
1.3980000000000008,0.018350022396379728
1.399000000000001,0.01835002070370706
1.4000000000000008,0.018350019013539054
1.4010000000000007,0.018350084903097752
1.4020000000000008,0.01835015083652536
1.403000000000001,0.01835021681376503
1.4040000000000008,0.018350282834745713
1.4050000000000007,0.018350348899399904
1.4060000000000008,0.018350620015294083
1.407000000000001,0.01835089306023363
1.4080000000000008,0.01835116804716108
1.4090000000000007,0.018351444989111343
1.4100000000000008,0.018351723899204586
1.411000000000001,0.018352435239009424
1.4120000000000008,0.01835316093809425
1.4130000000000007,0.0183539013039713
1.4140000000000008,0.018354656651407453
1.415000000000001,0.01835542730259121
1.4160000000000008,0.018365679376504573
1.4170000000000007,0.0183759669921173
1.4180000000000008,0.018386291184285142
1.419000000000001,0.018396653024105092
1.4200000000000008,0.01840705362032935
1.4210000000000007,0.01840861744464206
1.4220000000000008,0.01841023826913002
1.423000000000001,0.01841191837458922
1.4240000000000008,0.0184136601437217
1.4250000000000007,0.0184154660661342
1.4260000000000008,0.018417225377397983
1.427000000000001,0.018419045838129477
1.4280000000000008,0.018420929787652085
1.4290000000000007,0.018422879664875325
1.4300000000000008,0.01842489801291336
1.431000000000001,0.01842671810245733
1.4320000000000008,0.018428593893748513
1.4330000000000007,0.018430527260029805
1.4340000000000008,0.01843252014420571
1.435000000000001,0.018434574561631223
1.4360000000000008,0.01843637941147236
1.4370000000000007,0.018438231632671886
1.4380000000000008,0.01844013258561361
1.439000000000001,0.01844208367354483
1.4400000000000008,0.018444086344029387
1.4410000000000007,0.01844578574251088
1.4420000000000008,0.01844752203029998
1.443000000000001,0.0184492960767777
1.4440000000000008,0.018451108773589908
1.4450000000000007,0.01845296103524774
1.4460000000000008,0.018455052722295306
1.447000000000001,0.018457195369183665
1.4480000000000008,0.018459390331365455
1.4490000000000007,0.018461639003508168
1.4500000000000008,0.018463942820687862
1.451000000000001,0.01847614717218704
1.4520000000000008,0.018488452542491984
1.4530000000000007,0.01850086239955928
1.4540000000000008,0.018513380344824526
1.455000000000001,0.01852601011863797
1.4560000000000008,0.01853011178860342
1.4570000000000007,0.018534368520665367
1.4580000000000009,0.01853878680773846
1.459000000000001,0.01854337343943513
1.4600000000000009,0.01854813551647183
1.4610000000000007,0.01855308046577875
1.4620000000000009,0.018558216056387522
1.463000000000001,0.01856355041611124
1.4640000000000009,0.018569092049077085
1.4650000000000007,0.018574849854172015
1.4660000000000009,0.01858083314437664
1.467000000000001,0.018587051667147136
1.4680000000000009,0.018593515625795476
1.4690000000000007,0.018600235701974555
1.4700000000000009,0.018607223079339263
1.471000000000001,0.018614008442149554
1.4720000000000009,0.018621047094487864
1.4730000000000008,0.018628349416001555
1.4740000000000009,0.018635926243263157
1.475000000000001,0.018643788890880586
1.4760000000000009,0.018651949173641214
1.4770000000000008,0.018660419429743058
1.4780000000000009,0.0186692125450989
1.479000000000001,0.018678341978894508
1.4800000000000009,0.018687821790301484
1.4810000000000008,0.018696266162102404
1.4820000000000009,0.018704988600251937
1.483000000000001,0.018713999042805796
1.4840000000000009,0.018723307805029066
1.4850000000000008,0.01873292559436024
1.4860000000000009,0.018742039879146688
1.487000000000001,0.018751432035799098
1.4880000000000009,0.01876111120387236
1.4890000000000008,0.018771086840519757
1.4900000000000009,0.018781368731989545
1.491000000000001,0.018798285041658147
1.4920000000000009,0.018815374977634747
1.4930000000000008,0.018832642516731113
1.4940000000000009,0.018850091732051766
1.495000000000001,0.018867726795416928
1.4960000000000009,0.018873170139833917
1.4970000000000008,0.018878687157140916
1.4980000000000009,0.01888427887001498
1.499000000000001,0.018889946315443495
1.5000000000000009,0.01889569054491247
1.5010000000000008,0.018898125929627696
1.5020000000000011,0.018900573225216988
1.503000000000001,0.018903032481834003
1.504000000000001,0.018905503749810038
1.5050000000000008,0.018907987079632704
1.5060000000000011,0.01890817790135202
1.5070000000000008,0.018908368560261124
1.508000000000001,0.018908559056548313
1.5090000000000008,0.01890874939040188
1.5100000000000011,0.018908939562020777
1.5110000000000008,0.01891027913718446
1.512000000000001,0.018911621389044342
1.5130000000000008,0.018912966319778235
1.5140000000000011,0.01891431393157461
1.5150000000000008,0.01891566422660418
1.516000000000001,0.018919356991005998
1.5170000000000008,0.018923078215550504
1.5180000000000011,0.01892682811027413
1.5190000000000008,0.01893060688664505
1.520000000000001,0.018934414757598717
1.5210000000000008,0.01893947680414243
1.5220000000000011,0.01894459237454882
1.5230000000000008,0.018949762034328188
1.524000000000001,0.018954986354856374
1.5250000000000008,0.01896026591342448
1.5260000000000011,0.01896430604979571
1.5270000000000008,0.018968377236898704
1.528000000000001,0.01897247970280702
1.5290000000000008,0.018976613677153864
1.5300000000000011,0.01898077939113918
1.5310000000000008,0.018983630781761462
1.532000000000001,0.018986495834148798
1.5330000000000008,0.018989374604284848
1.5340000000000011,0.01899226714834512
1.5350000000000008,0.018995173522672104
1.536000000000001,0.018998093783796577
1.5370000000000008,0.019001027988423402
1.5380000000000011,0.019003976193445737
1.5390000000000008,0.019006938455937927
1.540000000000001,0.0190099148331484
1.5410000000000008,0.019011488244906616
1.5420000000000011,0.019013064627110055
1.5430000000000008,0.019014643981801527
1.544000000000001,0.019016226311023843
1.5450000000000008,0.019017811616809155
1.5460000000000012,0.019019399901189615
1.5470000000000008,0.019020991166197376
1.548000000000001,0.01902258541385038
1.5490000000000008,0.019024182646166565
1.5500000000000012,0.01902578286515677
1.5510000000000008,0.01902738607282828
1.552000000000001,0.019028992271188372
1.5530000000000008,0.019030601462233676
1.5540000000000012,0.019032213647957263
1.5550000000000008,0.0190338288303451
1.556000000000001,0.01903397958290398
1.5570000000000008,0.019034130185890064
1.5580000000000012,0.01903428063951651
1.5590000000000008,0.01903443094400359
1.560000000000001,0.019034581099564463
1.5610000000000008,0.01903619596358297
1.5620000000000012,0.019037813811724646
1.5630000000000008,0.019039434645943487
1.564000000000001,0.019041058468186378
1.5650000000000008,0.01904268528040376
1.5660000000000012,0.019044315084538965
1.5670000000000008,0.019045947882524672
1.568000000000001,0.01904758367629711
1.5690000000000008,0.0190492224677854
1.5700000000000012,0.019050864258908007
1.5710000000000008,0.019052509051586952
1.572000000000001,0.019054156847737147
1.5730000000000008,0.01905580764926995
1.5740000000000012,0.019057461458086067
1.5750000000000008,0.019059118276086195
1.576000000000001,0.0190592580060418
1.5770000000000008,0.01905939759505415
1.5780000000000012,0.019059537043322194
1.5790000000000008,0.01905967635106265
1.580000000000001,0.019059815518478018
1.5810000000000008,0.019059954545781466
1.5820000000000012,0.019060093433175496
1.5830000000000009,0.01906023218087327
1.584000000000001,0.019060370789077297
1.5850000000000009,0.01906050925799363
1.5860000000000012,0.019063680659016313
1.5870000000000009,0.019066866709675168
1.588000000000001,0.019070067467563234
1.5890000000000009,0.01907328299045119
1.5900000000000012,0.01907651333628735
1.5910000000000009,0.01906900891713903
1.592000000000001,0.019061510454157826
1.5930000000000009,0.019054017949997615
1.5940000000000012,0.019046531407301615
1.5950000000000009,0.01903905082870594
1.596000000000001,0.01904075255077231
1.5970000000000009,0.019042457298343862
1.5980000000000012,0.01904416507322182
1.5990000000000009,0.01904587587719675
1.600000000000001,0.019047589712066326
1.6010000000000009,0.0190461257672645
1.6020000000000012,0.019044667412693173
1.6030000000000009,0.019043214620239723
1.604000000000001,0.019041767361969164
1.6050000000000009,0.01904032561012059
1.6060000000000012,0.019038889337089415
1.6070000000000009,0.019037458515452244
1.608000000000001,0.019036033117956208
1.6090000000000009,0.01903461311750121
1.6100000000000012,0.019033198487164782
1.6110000000000009,0.019031789200184335
1.612000000000001,0.0190303852299607
1.6130000000000009,0.019028986550054583
1.6140000000000012,0.019027593134190113
1.6150000000000009,0.01902620495624774
1.616000000000001,0.019026336402102828
1.6170000000000009,0.019026467716784623
1.6180000000000012,0.01902659890048497
1.6190000000000009,0.01902672995339927
1.620000000000001,0.019026860875719365
1.6210000000000009,0.019026991667637105
1.6220000000000012,0.019027122329344337
1.6230000000000009,0.019027252861032906
1.624000000000001,0.019027383262891107
1.6250000000000009,0.019027513535114338
1.6260000000000012,0.019027643677890893
1.6270000000000011,0.019027773691409067
1.628000000000001,0.019027903575857152
1.629000000000001,0.01902803333143055
1.6300000000000012,0.019028162958314
1.6310000000000011,0.019026786609568802
1.6320000000000008,0.01902541537902991
1.633000000000001,0.019024049241608054
1.6340000000000012,0.019022688172348978
1.6350000000000011,0.019021332146465397
1.6360000000000008,0.019018502512562208
1.637000000000001,0.019015690999570012
1.6380000000000012,0.019012897464037337
1.6390000000000011,0.019010121763855636
1.6400000000000008,0.019007363758230866
1.641000000000001,0.01900319076767687
1.6420000000000012,0.018999055496422557
1.6430000000000011,0.018994957535817036
1.6440000000000008,0.018990896482296904
1.645000000000001,0.01898687193732229
1.6460000000000012,0.018982883507309367
1.6470000000000011,0.018978930803541516
1.6480000000000008,0.018975013442130262
1.649000000000001,0.018971131043926448
1.6500000000000012,0.01896728323445629
1.6510000000000011,0.018962155932875646
1.6520000000000008,0.018957087673530992
1.653000000000001,0.018952077655182364
1.6540000000000012,0.018947125088953243
1.6550000000000011,0.01894222919810673
1.6560000000000008,0.018938633128680493
1.657000000000001,0.01893506863113359
1.6580000000000013,0.018931535372296082
1.6590000000000011,0.01892803302303392
1.6600000000000008,0.01892456125820985
1.661000000000001,0.018922316997517896
1.6620000000000013,0.01892008641399201
1.6630000000000011,0.018917869404077692
1.6640000000000008,0.0189156658651477
1.665000000000001,0.018913475695473636
1.6660000000000013,0.018902118494978026
1.6670000000000011,0.01889077718199772
1.6680000000000008,0.018879451660133384
1.669000000000001,0.018868141833813468
1.6700000000000013,0.018856847608308414
1.6710000000000012,0.01885701156634667
1.6720000000000008,0.018857175389506153
1.673000000000001,0.018857339077939628
1.6740000000000013,0.01885750263181407
1.6750000000000012,0.018857666051275146
1.6760000000000008,0.018858970624059168
1.677000000000001,0.01886027751284658
1.6780000000000013,0.018861586719239654
1.6790000000000012,0.01886289824484777
1.6800000000000008,0.018864212091262544
1.681000000000001,0.018864373396169754
1.6820000000000013,0.01886453456766901
1.6830000000000012,0.018864695605927295
1.6840000000000008,0.018864856511090267
1.685000000000001,0.01886501728332135
1.6860000000000013,0.018866331439959083
1.6870000000000012,0.018867647909473817
1.6880000000000008,0.018868966693442957
1.689000000000001,0.018870287793443907
1.6900000000000013,0.01887161121105052
1.6910000000000012,0.018871769818353812
1.6920000000000008,0.018871928293808793
1.693000000000001,0.018872086637571783
1.6940000000000013,0.018872244849799102
1.6950000000000012,0.018872402930650622
1.6960000000000008,0.01887023841611324
1.697000000000001,0.018868086791719918
1.6980000000000013,0.018865947962073193
1.6990000000000012,0.018863821832596273
1.7000000000000008,0.018861708309547254
1.701000000000001,0.018857357853249823
1.7020000000000013,0.018853055158960075
1.7030000000000012,0.018848799607155797
1.7040000000000008,0.01884459058745591
1.705000000000001,0.018840427498467704
1.7060000000000013,0.018838445205386023
1.7070000000000012,0.018836474493351574
1.7080000000000009,0.018834515278111752
1.709000000000001,0.018832567476135154
1.7100000000000013,0.01883063100460447
1.7110000000000012,0.018828705781416488
1.7120000000000009,0.01882679172515722
1.713000000000001,0.01882488875511612
1.7140000000000013,0.018822996791271862
1.7150000000000012,0.018821115754281692
1.7160000000000009,0.01882026270923376
1.717000000000001,0.018819412445836292
1.7180000000000013,0.018818564951981642
1.7190000000000012,0.018817720215615452
1.7200000000000009,0.01881687822475797
1.721000000000001,0.01881906498099184
1.7220000000000013,0.018821261067248685
1.7230000000000012,0.018823466517758902
1.7240000000000009,0.01882568136685947
1.725000000000001,0.01882790564898329
1.7260000000000013,0.018820972428802207
1.7270000000000012,0.01881405162949079
1.7280000000000009,0.01880714328790134
1.729000000000001,0.01880024744099984
1.730000000000001,0.018793364125865963
1.7310000000000012,0.01879564598176131
1.7320000000000009,0.018797937518467478
1.733000000000001,0.018800238771238043
1.734000000000001,0.018802549775433164
1.7350000000000012,0.01880487056650537
1.7360000000000009,0.018803948048699226
1.737000000000001,0.018803028556551027
1.738000000000001,0.018802112076851785
1.7390000000000012,0.01880119859645646
1.7400000000000009,0.018800288102294616
1.741000000000001,0.01879938058135977
1.742000000000001,0.018798476020716492
1.7430000000000012,0.01879757440750396
1.7440000000000009,0.01879667572892174
1.745000000000001,0.018795779972251125
1.746000000000001,0.018794887124826687
1.7470000000000012,0.01879399717405761
1.7480000000000009,0.01879311010741702
1.749000000000001,0.018792225912456217
1.750000000000001,0.01879134457676912
1.7510000000000012,0.018791505039853718
1.7520000000000011,0.018791665380895495
1.753000000000001,0.018791825600025902
1.7540000000000011,0.018791985697369284
1.7550000000000012,0.018792145673060645
1.7560000000000011,0.018791267558505353
1.7570000000000008,0.018790392270695122
1.7580000000000011,0.018789519797500986
1.7590000000000012,0.018788650126854378
1.7600000000000011,0.018787783246750678
1.7610000000000008,0.01878897029883575
1.7620000000000011,0.01879015937556261
1.7630000000000012,0.01879135047830971
1.7640000000000011,0.01879254360846616
1.7650000000000008,0.01879373876741397
1.7660000000000011,0.018793897413420524
1.7670000000000012,0.018794055939320486
1.7680000000000011,0.01879421434523465
1.7690000000000008,0.018794372631294465
1.7700000000000014,0.018794530797620723
1.7710000000000012,0.018796766480232208
1.7720000000000011,0.018799011433003443
1.7730000000000008,0.01880126568892848
1.7740000000000014,0.018803529281093745
1.7750000000000012,0.018805802242674474
1.7760000000000011,0.018807019808846803
1.7770000000000008,0.01880823942021337
1.7780000000000014,0.01880946107812065
1.7790000000000012,0.018810684783918674
1.7800000000000011,0.018811910538957477
1.7810000000000008,0.018806142363995804
1.7820000000000014,0.018800399447009397
1.7830000000000013,0.018794681933055557
1.7840000000000011,0.01878898996806555
1.7850000000000008,0.018783323698858823
1.7860000000000014,0.01878347316187501
1.7870000000000013,0.018783622506710174
1.7880000000000011,0.01878377173349932
1.7890000000000008,0.018783920842381008
1.7900000000000014,0.01878406983348313
1.7910000000000013,0.018784218706940692
1.7920000000000011,0.018784367462888696
1.7930000000000008,0.01878451610145504
1.7940000000000014,0.01878466462277828
1.7950000000000013,0.018784813026986313
1.7960000000000012,0.01878164569605545
1.7970000000000008,0.01877850385898583
1.7980000000000014,0.01877538726891359
1.7990000000000013,0.01877229568173533
1.8000000000000012,0.018769228856058362
1.8010000000000008,0.018768313068267872
1.8020000000000012,0.01876740019253731
1.8030000000000013,0.018766490216549414
1.8040000000000007,0.018765583128047325
1.8050000000000008,0.018764678914845234
1.8060000000000012,0.01876483078114788
1.8070000000000013,0.018764982531997987
1.8080000000000007,0.01876513416751635
1.8090000000000008,0.018765285687823763
1.8100000000000012,0.01876543709304812
1.8110000000000013,0.01876770024499308
1.8120000000000007,0.01876997257459223
1.8130000000000008,0.0187722541137596
1.8140000000000012,0.018774544894480272
1.8150000000000013,0.018776844948828142
1.8160000000000007,0.018770016510433862
1.8170000000000008,0.01876320034950396
1.8180000000000012,0.01875639650051042
1.8190000000000013,0.01874960499801759
1.8200000000000007,0.018742825876692848
1.8210000000000008,0.01874518255332802
1.8220000000000012,0.018747548734570074
1.8230000000000013,0.018749924453214106
1.8240000000000007,0.018752309742154694
1.8250000000000008,0.01875470463436102
1.8260000000000012,0.01875597663627815
1.8270000000000013,0.018757250687460925
1.8280000000000007,0.018758526789142138
1.8290000000000008,0.018759804942568792
1.8300000000000012,0.018761085148973677
1.8310000000000013,0.01876465972167196
1.8320000000000007,0.018768257257438137
1.8330000000000009,0.018771877897041378
1.8340000000000012,0.01877552178205022
1.8350000000000013,0.01877918905485032
1.8360000000000007,0.018781691785008547
1.8370000000000009,0.018784204521129055
1.8380000000000012,0.018786727297360528
1.8390000000000013,0.018789260147940468
1.8400000000000007,0.018791803107195193
1.8410000000000009,0.018794356209539842
1.8420000000000012,0.018796919489485475
1.8430000000000013,0.01879949298163197
1.8440000000000007,0.01880207672067513
1.8450000000000009,0.018804670741399576
1.8460000000000012,0.01880851810514983
1.8470000000000013,0.018812390055337858
1.8480000000000008,0.01881628674168212
1.8490000000000009,0.01882020831474307
1.8500000000000012,0.01882415492593381
1.8510000000000013,0.018820295632629325
1.8520000000000008,0.01881648584933515
1.8530000000000009,0.018812725993136326
1.8540000000000012,0.018809016484766516
1.855000000000001,0.018805357748668428
1.8560000000000008,0.0188108560767688
1.8570000000000009,0.01881640282459074
1.8580000000000012,0.018821998416221675
1.859000000000001,0.018827643279379913
1.8600000000000008,0.018833337845467923
1.8610000000000009,0.018839082549579445
1.8620000000000012,0.01884487783055988
1.863000000000001,0.018850724131009855
1.8640000000000008,0.018856621897334946
1.8650000000000009,0.018862571579774112
1.8660000000000012,0.018867090416392784
1.867000000000001,0.018871637993456147
1.8680000000000008,0.018876214484649267
1.8690000000000009,0.018880820064634207
1.8700000000000012,0.018885454909060684
1.871000000000001,0.018891654247568113
1.8720000000000008,0.018897908102577077
1.8730000000000009,0.018904216950176078
1.8740000000000012,0.018910581270521476
1.875000000000001,0.01891700154789433
1.8760000000000008,0.01892187025351788
1.877000000000001,0.01892676983766961
1.8780000000000012,0.01893170048623105
1.8790000000000011,0.018936662386117575
1.8800000000000008,0.018941655725303264
1.881000000000001,0.01894502069089654
1.8820000000000012,0.018948398739588868
1.8830000000000011,0.018951789914336103
1.8840000000000008,0.018955194258207797
1.885000000000001,0.01895861181438363
1.8860000000000012,0.018952942856191868
1.8870000000000011,0.018947290323023225
1.8880000000000008,0.018941654261819707
1.889000000000001,0.018936034719658323
1.8900000000000012,0.018930431743726217
1.8910000000000011,0.018935665340766406
1.8920000000000008,0.01894093195496893
1.893000000000001,0.018946231783822043
1.8940000000000012,0.01895156502591888
1.8950000000000011,0.018956931880961037
1.8960000000000008,0.01895874658150376
1.897000000000001,0.018960563850164647
1.8980000000000012,0.01896238368790648
1.8990000000000011,0.018964206095699154
1.9000000000000008,0.018966031074498346
1.9010000000000007,0.018967858625270395
1.9020000000000012,0.01896968874897098
1.9030000000000011,0.01897152144655223
1.9040000000000008,0.01897335671896272
1.9050000000000007,0.018975194567158127
1.9060000000000012,0.01897521366528565
1.9070000000000011,0.018975232743869697
1.9080000000000013,0.01897525180294224
1.9090000000000007,0.018975270842528147
1.9100000000000013,0.018975289862659395
1.9110000000000011,0.018969884783345492
1.9120000000000013,0.018964524198928245
1.9130000000000007,0.018959207673695744
1.9140000000000013,0.01895393477683527
1.9150000000000011,0.01894870508235158
1.9160000000000013,0.01894178690216819
1.9170000000000007,0.018934941662873683
1.9180000000000013,0.018928168465137674
1.9190000000000011,0.018921466422174404
1.9200000000000013,0.01891483465956867
1.9210000000000007,0.018908272315083963
1.9220000000000013,0.018901778538452874
1.9230000000000012,0.01889535249121721
1.9240000000000013,0.018888993346521943
1.9250000000000007,0.01888270028896244
1.9260000000000013,0.01887052242019749
1.9270000000000012,0.018858364610910172
1.9280000000000013,0.01884622674345593
1.9290000000000007,0.018834108701124563
1.9300000000000013,0.0188220103681509
1.9310000000000012,0.018820540028841037
1.9320000000000013,0.018819074516617462
1.9330000000000007,0.01881761381072522
1.9340000000000013,0.01881615789051594
1.9350000000000012,0.01881470673546204
1.9360000000000013,0.018816297993371478
1.9370000000000007,0.01881789152049862
1.9380000000000013,0.018819487317827566
1.9390000000000012,0.01882108538631755
1.9400000000000013,0.01882268572693846
1.9410000000000007,0.018824288340656636
1.9420000000000013,0.018825893228434865
1.9430000000000012,0.018827500391228824
1.9440000000000013,0.018829109829994195
1.9450000000000007,0.018830721545693763
1.9460000000000013,0.018823262235812876
1.9470000000000012,0.01881580815870265
1.9480000000000013,0.018808359315894307
1.9490000000000007,0.018800915708922616
1.9500000000000013,0.01879347733930814
1.9510000000000012,0.018791975538992034
1.9520000000000013,0.018790478647023434
1.9530000000000007,0.01878898664241646
1.9540000000000013,0.018787499504291816
1.9550000000000012,0.01878601721187323
1.9560000000000013,0.018786080323998533
1.9570000000000007,0.018786143377639064
1.9580000000000013,0.018786206372872982
1.9590000000000012,0.018786269309785553
1.9600000000000013,0.018786332188451382
1.9610000000000007,0.018789480531829383
1.9620000000000013,0.0187926406293748
1.9630000000000012,0.018795812518170862
1.9640000000000013,0.018798996235382504
1.9650000000000007,0.01880219181827414
1.9660000000000013,0.01879950719091994
1.9670000000000012,0.01879687951339193
1.9680000000000013,0.0187943092459264
1.9690000000000007,0.01879179685260368
1.9700000000000013,0.01878934280138367
1.9710000000000012,0.018797651437861163
1.9720000000000013,0.018806049479280773
1.9730000000000008,0.01881453790250376
1.9740000000000013,0.018823117695134783
1.9750000000000012,0.018831789855635606
1.9760000000000013,0.018840555393477842
1.9770000000000008,0.018849415329224684
1.978000000000001,0.01885837069468721
1.9790000000000012,0.01886742253303808
1.980000000000001,0.01887657189893943
1.9810000000000008,0.01888581985866722
1.982000000000001,0.01889516749025333
1.9830000000000012,0.018904615883606368
1.984000000000001,0.018914166140660882
1.9850000000000008,0.018923819375491036
1.986000000000001,0.01893554693207733
1.9870000000000012,0.018947428944812827
1.988000000000001,0.018959467507720262
1.9890000000000008,0.018971664743872907
1.990000000000001,0.018984022805824452
1.9910000000000012,0.018998657706827515
1.992000000000001,0.01901352085840813
1.9930000000000008,0.019028615961026674
1.994000000000001,0.019043946777184573
1.9950000000000012,0.019059517132522075
1.996000000000001,0.019079927042909617
1.9970000000000008,0.019100755171297834
1.9980000000000016,0.01912201053905349
1.9990000000000012,0.01914370237139451
2.0000000000000013,0.019165840102257192
2.001000000000001,0.019179411710503302
2.0020000000000016,0.01919345435550568
2.003000000000001,0.01920797826066334
2.0040000000000013,0.019222993883399653
2.005000000000001,0.019238511920825374
2.0060000000000016,0.01926070729502527
2.007000000000001,0.019283307700590058
2.0080000000000013,0.019306320873045735
2.009000000000001,0.019329754702432922
2.0100000000000016,0.019353617236568255
2.011000000000001,0.01936862312894405
2.0120000000000013,0.019383793008653782
2.013000000000001,0.019399128692633383
2.0140000000000016,0.019414632018317945
2.015000000000001,0.019430304843869095
2.0160000000000013,0.01945269925295179
2.017000000000001,0.019475449179022775
2.0180000000000016,0.01949856048859644
2.019000000000001,0.019522039149094894
2.0200000000000014,0.019545891230698942
2.021000000000001,0.01957368859993025
2.0220000000000016,0.01960199793431272
2.023000000000001,0.019630829109992476
2.0240000000000014,0.019660192203364346
2.025000000000001,0.01969009749540973
2.0260000000000016,0.019736319448067974
2.027000000000001,0.01978386376335095
2.0280000000000014,0.01983277073870582
2.029000000000001,0.019883081983206097
2.0300000000000016,0.01993484046384708
2.031000000000001,0.01997896433685753
2.0320000000000014,0.020024135862936276
2.0330000000000013,0.020070381400103088
2.0340000000000016,0.020117728013413938
2.035000000000001,0.020166203495598722
2.0360000000000014,0.02020559604307337
2.0370000000000013,0.020245727784523382
2.0380000000000016,0.020286613296111256
2.039000000000001,0.020328267459110094
2.0400000000000014,0.020370705466806527
2.0410000000000013,0.020408330132074326
2.0420000000000016,0.020446567145643968
2.043000000000001,0.020485426921013072
2.0440000000000014,0.02052492005918083
2.0450000000000013,0.020565057352300187
2.0460000000000016,0.020618066106738553
2.047000000000001,0.020672216145687372
2.0480000000000014,0.02072753349771972
2.0490000000000013,0.020784044827959036
2.0500000000000016,0.020841777455189003
2.051000000000001,0.020900759369489208
2.0520000000000014,0.020961019250378854
2.0530000000000013,0.021022586485553774
2.0540000000000016,0.021085491190170558
2.055000000000001,0.021149764226720436
2.0560000000000014,0.021223071965355444
2.0570000000000013,0.021298173256678155
2.0580000000000016,0.02137511496858835
2.059000000000001,0.021453945297004395
2.0600000000000014,0.021534713807668027
2.0610000000000013,0.021591617310029676
2.0620000000000016,0.021649467992844507
2.063000000000001,0.02170828247352219
2.0640000000000014,0.02176807768331912
2.0650000000000013,0.021828870873939366
2.0660000000000016,0.021910049604766613
2.067000000000001,0.021993478847136316
2.0680000000000014,0.022079218701620107
2.0690000000000013,0.022167331022803438
2.0700000000000016,0.0222578794765802
2.071000000000001,0.02232772536723715
2.0720000000000014,0.022398748621686337
2.0730000000000013,0.022470970279144353
2.0740000000000016,0.022544411787446705
2.075000000000001,0.022619095011975787
2.0760000000000014,0.0227298464364587
2.0770000000000013,0.02284338559099197
2.0780000000000016,0.022959788230775047
2.079000000000001,0.023079132382484602
2.0800000000000014,0.023201498421467903
2.0810000000000013,0.02334021673510378
2.0820000000000016,0.023482849563144725
2.083000000000001,0.023629517033398884
2.0840000000000014,0.023780343374792068
2.0850000000000013,0.023935457077257638
2.0860000000000016,0.02408643214585382
2.087000000000001,0.024241999596654296
2.0880000000000014,0.024402303224242416
2.0890000000000013,0.024567491860643997
2.0900000000000016,0.02473771957784976
2.091000000000001,0.02474729376516649
2.0920000000000014,0.024756873657651113
2.0930000000000013,0.02476645925162657
2.0940000000000016,0.024776050543430017
2.095000000000001,0.024785647529391497
2.0960000000000014,0.024401678563222617
2.0970000000000013,0.024040529898158525
2.0980000000000016,0.02370064612052758
2.099000000000001,0.023380591266580097
2.1000000000000014,0.023079038422476827
2.1010000000000013,0.02308677482971433
2.1020000000000016,0.02309451650236838
2.103000000000001,0.02310226343778865
2.104000000000001,0.02311001563331061
2.1050000000000013,0.02311777308628038
2.1060000000000016,0.023125535794033425
2.107000000000001,0.023133303753908763
2.108000000000001,0.02314107696324541
2.1090000000000013,0.023148855419378833
2.1100000000000017,0.023156639119640943
2.111000000000001,0.023164428061367204
2.112000000000001,0.02317222224188953
2.1130000000000013,0.02318002165853983
2.1140000000000017,0.02318782630865357
2.115000000000001,0.023195636189548452
2.116000000000001,0.02320345129855994
2.1170000000000013,0.023211271633016395
2.1180000000000017,0.02321909719023907
2.119000000000001,0.02322692796755277
2.120000000000001,0.0232347639622823
2.1210000000000013,0.023242605171752473
2.1220000000000017,0.023250451593280985
2.1230000000000016,0.023258303224192645
2.124000000000001,0.0232661600618016
2.1250000000000013,0.023274022103429104
2.1260000000000017,0.02328188934639286
2.1270000000000016,0.023289761788007013
2.128000000000001,0.023297639425589267
2.1290000000000013,0.023305522256450217
2.1300000000000017,0.023313410277907565
2.1310000000000016,0.023321303487271905
2.132000000000001,0.02332920188185028
2.1330000000000013,0.023337105458960394
2.1340000000000017,0.023345014215905735
2.1350000000000016,0.0233529281499969
2.136000000000001,0.02336084725854093
2.1370000000000013,0.023368771538844868
2.1380000000000017,0.023376700988208654
2.1390000000000016,0.023384635603946435
2.140000000000001,0.023392575383354597
2.1410000000000013,0.02340052032373663
2.1420000000000017,0.02340847042239247
2.1430000000000016,0.02341642567662916
2.144000000000001,0.023424386083739535
2.1450000000000014,0.023432351641030635
2.1460000000000017,0.023440322345791742
2.1470000000000016,0.023448298195322792
2.148000000000001,0.023456279186923723
2.1490000000000014,0.023464265317887367
2.1500000000000017,0.023472256585506557
2.1510000000000016,0.023480252987074124
2.152000000000001,0.023488254519886453
2.1530000000000014,0.023496261181236378
2.1540000000000017,0.023504272968409623
2.1550000000000016,0.023512289878702575
2.156000000000001,0.023520311909397407
2.1570000000000014,0.02352833905778695
2.1580000000000017,0.023536371321160487
2.1590000000000016,0.023544408696803742
2.160000000000001,0.02355245118199889
2.1610000000000014,0.023560498774038763
2.1620000000000017,0.02356855147020198
2.1630000000000016,0.023576609267774273
2.164000000000001,0.02358467216403426
2.1650000000000014,0.023592740156274772
2.1660000000000017,0.023600813241767327
2.1670000000000016,0.02360889141779765
2.168000000000001,0.023616974681644365
2.1690000000000014,0.023625063030582538
2.1700000000000017,0.023633156461897897
2.1710000000000016,0.02364125497286551
2.172000000000001,0.023649358560760447
2.1730000000000014,0.023657467222857775
2.1740000000000017,0.02366558095643967
2.1750000000000016,0.02367369975877409
2.176000000000001,0.023681823627139664
2.1770000000000014,0.023689952558807903
2.1780000000000017,0.023698086551050324
2.1790000000000016,0.023706225601141995
2.180000000000001,0.02371436970635088
2.1810000000000014,0.023722518863952047
2.1820000000000017,0.023730673071209907
2.1830000000000016,0.02373883232540308
2.184000000000001,0.023746996623788874
2.1850000000000014,0.023755165963642355
2.1860000000000017,0.023763340342231487
2.1870000000000016,0.023771519756817128
2.188000000000001,0.023779704204674346
2.1890000000000014,0.023787893683060446
2.1900000000000017,0.023796088189246944
2.1910000000000016,0.023804287720491146
2.192000000000001,0.023812492274064567
2.1930000000000014,0.023820701847228065
2.1940000000000017,0.023828916437238945
2.1950000000000016,0.02383713604136517
2.196000000000001,0.023845360656867598
2.1970000000000014,0.023853590281003534
2.1980000000000017,0.023861824911037388
2.1990000000000016,0.023870064544226466
2.200000000000001,0.023878309177828072
2.2010000000000014,0.023886558809106617
2.2020000000000017,0.023894813435315854
2.2030000000000016,0.023903073053713086
2.204000000000001,0.02391133766155562
2.2050000000000014,0.023919607256104314
2.2060000000000017,0.023927881834609366
2.2070000000000016,0.02393616139432808
2.208000000000001,0.023944445932517766
2.2090000000000014,0.023952735446432172
2.2100000000000017,0.023961029933321498
2.2110000000000016,0.02396932939044305
2.212000000000001,0.023977633815047028
2.2130000000000014,0.023985943204390736
2.2140000000000017,0.02399425755572082
2.2150000000000016,0.024002576866291037
2.216000000000001,0.024010901133355134
2.2170000000000014,0.024019230354156207
2.2180000000000017,0.02402756452595156
2.2190000000000016,0.024035903645987844
2.220000000000001,0.024044247711518807
2.2210000000000014,0.024052596719787545
2.2220000000000018,0.024060950668040704
2.2230000000000016,0.02406930955353559
2.224000000000001,0.024077673373511743
2.2250000000000014,0.024086042125219365
2.2260000000000018,0.024094415805908653
2.2270000000000016,0.02410279441281915
2.228000000000001,0.024111177943201056
2.229000000000001,0.024119566394297465
2.2300000000000018,0.024127959763355022
2.2310000000000016,0.024136358047620377
2.232000000000001,0.02414476124433662
2.233000000000001,0.024153169350743298
2.2340000000000018,0.02416158236409416
2.2350000000000017,0.02417000028162164
2.236000000000001,0.02417842310057594
2.237000000000001,0.024186850818200156
2.2380000000000018,0.024195283431730275
2.2390000000000017,0.024203720938412943
2.240000000000001,0.024212163335491255
2.241000000000001,0.0242206106202012
2.2420000000000018,0.024229062789789424
2.2430000000000017,0.024237519841491917
2.244000000000001,0.024245981772551772
2.245000000000001,0.024254448580208532
2.2460000000000018,0.024262920261701737
2.2470000000000017,0.024271396814274482
2.2480000000000016,0.024279878235159202
2.249000000000001,0.024288364521598993
2.2500000000000018,0.024296855670833395
2.2510000000000017,0.024305351680098397
2.2520000000000016,0.02431385254663354
2.253000000000001,0.024322358267674815
2.2540000000000022,0.02433086884046176
2.2550000000000017,0.024339384262230368
2.2560000000000016,0.024347904530220177
2.257000000000001,0.024356429641663624
2.2580000000000022,0.02436495959380025
2.2590000000000017,0.024373494383866046
2.2600000000000016,0.02438203400910055
2.261000000000001,0.02439057846673265
2.2620000000000022,0.02439912775400188
2.2630000000000017,0.024407681868144238
2.2640000000000016,0.024416240806392153
2.265000000000001,0.02442480456598517
2.2660000000000022,0.024433373144155723
2.2670000000000017,0.024441946538139803
2.2680000000000016,0.024450524745169844
2.269000000000001,0.024459107762481835
2.2700000000000022,0.024467695587308214
2.2710000000000017,0.024476288216881414
2.2720000000000016,0.02448488564844098
2.273000000000001,0.024493487879215792
2.2740000000000022,0.02450209490644184
2.2750000000000017,0.02451070672735156
2.2760000000000016,0.02451932333917739
2.277000000000001,0.024527944739151764
2.2780000000000022,0.02453657092451067
2.2790000000000017,0.024545201892482993
2.2800000000000016,0.02455383764030472
2.281000000000001,0.024562478165204737
2.2820000000000022,0.02457112346441903
2.2830000000000017,0.02457977353518004
2.2840000000000016,0.024588428374716642
2.285000000000001,0.02459708798026128
2.2860000000000023,0.024605752349049936
2.2870000000000017,0.024614421478307946
2.2880000000000016,0.02462309536527485
2.289000000000001,0.024631774007175977
2.2900000000000023,0.024640457401243765
2.2910000000000017,0.02464914554471065
2.2920000000000016,0.024657838434812618
2.293000000000001,0.02466653606877145
2.2940000000000023,0.024675238443826686
2.2950000000000017,0.02468394555720721
2.2960000000000016,0.024692657406141905
2.297000000000001,0.02470137398786676
2.2980000000000023,0.024710095299607104
2.2990000000000017,0.02471882133859893
2.3000000000000016,0.024727552102067563
2.301000000000001,0.024736287587248995
2.3020000000000023,0.024745027791368557
2.3030000000000017,0.02475377271166579
2.3040000000000016,0.024762522345366023
2.305000000000001,0.02477127668969814
2.3060000000000023,0.024780035741898132
2.3070000000000017,0.02478879949919488
2.3080000000000016,0.024797567958817268
2.309000000000001,0.024806341117997732
2.3100000000000023,0.024815118973965156
2.3110000000000017,0.024823901523955527
2.3120000000000016,0.024832688765194177
2.313000000000001,0.024841480694913542
2.3140000000000023,0.02485027731034606
2.3150000000000017,0.02485907860872061
2.3160000000000016,0.02486788458727318
2.317000000000001,0.024876695243225555
2.3180000000000023,0.024885510573820824
2.3190000000000017,0.024894330576277213
2.3200000000000016,0.024903155247834263
2.321000000000001,0.02491198458572086
2.3220000000000023,0.024920818587169435
2.3230000000000017,0.024929657249405324
2.3240000000000016,0.024938500569668065
2.325000000000001,0.024947348545186543
2.3260000000000023,0.024956201173193193
2.3270000000000017,0.024965058450913347
2.3280000000000016,0.024973920375586545
2.329000000000001,0.024982786944438118
2.3300000000000023,0.024991658154707608
2.3310000000000017,0.025000534003616792
2.3320000000000016,0.025009414488405213
2.333000000000001,0.025018299606305305
2.3340000000000023,0.025027189354545953
2.3350000000000017,0.025036083730359593
2.3360000000000016,0.02504498273097866
2.337000000000001,0.025053886353639143
2.3380000000000023,0.025062794595569926
2.3390000000000017,0.025071707454006997
2.3400000000000016,0.02508062492617924
2.341000000000001,0.025089547009322644
2.3420000000000023,0.025098473700669643
2.3430000000000017,0.02510740499745623
2.3440000000000016,0.025116340896911282
2.345000000000001,0.025125281396270793
2.3460000000000023,0.02513422649277075
2.3470000000000018,0.025143176183640037
2.3480000000000016,0.025152130466118194
2.349000000000001,0.02516108933743766
2.350000000000002,0.025170052794830866
2.3510000000000018,0.025179020835533805
2.3520000000000016,0.025187993456778912
2.353000000000001,0.02519697065580928
2.354000000000002,0.025205952429850242
2.3550000000000018,0.025214938776141338
2.3560000000000016,0.02522392969192211
2.357000000000001,0.02523292517442144
2.358000000000002,0.02524192522087887
2.3590000000000018,0.02525092982853039
2.3600000000000017,0.025259938994611986
2.361000000000001,0.02526895271635965
2.362000000000002,0.02527797099101292
2.3630000000000018,0.025286993815804237
2.3640000000000017,0.02529602118797669
2.365000000000001,0.02530505310476272
2.366000000000002,0.025314089563398312
2.3670000000000018,0.025323130561130114
2.3680000000000017,0.02533217609519056
2.369000000000001,0.025341226162815644
2.370000000000002,0.025350280761248456
2.3710000000000018,0.025359339887724985
2.3720000000000017,0.025368403539488327
2.3730000000000016,0.02537747171377447
2.374000000000002,0.025386544407822953
2.3750000000000018,0.02539562161887332
2.3760000000000017,0.02540470334417222
2.3770000000000016,0.025413789580952084
2.378000000000002,0.02542288032645601
2.3790000000000022,0.02543197557792709
2.3800000000000017,0.025441075332604868
2.3810000000000016,0.025450179587732435
2.382000000000002,0.025459288340545783
2.3830000000000022,0.02546840158829866
2.3840000000000017,0.025477519328219955
2.3850000000000016,0.025486641557563416
2.386000000000002,0.025495768273565034
2.3870000000000022,0.025504899473475007
2.3880000000000017,0.025514035154529324
2.3890000000000016,0.025523175313978186
2.390000000000002,0.025532319949061133
2.3910000000000022,0.025541469057024813
2.3920000000000017,0.02555062263511587
2.3930000000000016,0.02555978068057385
2.394000000000002,0.025568943190652504
2.3950000000000022,0.025578110162594925
2.3960000000000017,0.025587281593640654
2.3970000000000016,0.025596457481046997
2.398000000000002,0.025605637822053495
2.3990000000000022,0.025614822613906796
2.4000000000000017,0.02562401185386065
2.4010000000000016,0.025633205539161708
2.402000000000001,0.02564240366705306
2.4030000000000022,0.025651606234784907
2.4040000000000017,0.025660813239611002
2.4050000000000016,0.02567002467877444
2.406000000000002,0.025679240549532523
2.4070000000000022,0.025688460849128347
2.4080000000000017,0.025697685574815665
2.4090000000000016,0.025706914723844676
2.410000000000001,0.025716148293469132
2.4110000000000023,0.02572538628093568
2.4120000000000017,0.025734628683498073
2.4130000000000016,0.025743875498413615
2.414000000000002,0.025753126722928954
2.4150000000000023,0.025762382354301394
2.4160000000000017,0.025771642389781135
2.4170000000000016,0.025780906826625483
2.418000000000001,0.025790175662084636
2.4190000000000023,0.025799448893419452
2.4200000000000017,0.02580872651788013
2.4210000000000016,0.02581800853272398
2.422000000000002,0.0258272949352083
2.4230000000000023,0.0258365857225904
2.4240000000000017,0.025845880892120476
2.4250000000000016,0.025855180441066494
2.426000000000001,0.0258644843666751
2.4270000000000023,0.025873792666214257
2.4280000000000017,0.025883105336937717
2.4290000000000016,0.025892422376102786
2.430000000000002,0.025901743780973874
2.4310000000000023,0.025911069548808285
2.4320000000000017,0.02592039967686688
2.4330000000000016,0.02592973416241051
2.434000000000001,0.02593907300270004
2.4350000000000023,0.025948416194996327
2.4360000000000017,0.02595776373656733
2.4370000000000016,0.025967115624666803
2.438000000000002,0.025976471856566263
2.4390000000000023,0.025985832429523015
2.4400000000000017,0.02599519734080502
2.4410000000000016,0.026004566587676692
2.442000000000001,0.02601394016740599
2.4430000000000023,0.02602331807724667
2.4440000000000017,0.026032700314480905
2.4450000000000016,0.026042086876362447
2.446000000000002,0.026051477760166364
2.4470000000000023,0.026060872963153514
2.4480000000000017,0.026070272482598966
2.4490000000000016,0.026079676315763578
2.450000000000001,0.02608908445992597
2.4510000000000023,0.026098496912347002
2.4520000000000017,0.02610791367030174
2.4530000000000016,0.02611733473105815
2.454000000000002,0.026126760091887746
2.4550000000000023,0.026136189750062044
2.4560000000000017,0.02614562370285256
2.4570000000000016,0.026155061947537916
2.458000000000001,0.026164504481382522
2.4590000000000023,0.026173951301665
2.4600000000000017,0.026183402405656864
2.4610000000000016,0.026192857790636737
2.462000000000002,0.026202317453876134
2.4630000000000023,0.026211781392650124
2.4640000000000017,0.02622124960424088
2.4650000000000016,0.026230722085919922
2.466000000000001,0.02624019883496942
2.4670000000000023,0.02624967984866089
2.4680000000000017,0.026259165124276507
2.4690000000000016,0.026268654659094892
2.470000000000002,0.02627814845039822
2.4710000000000023,0.02628764649546156
2.4720000000000018,0.026297148791574187
2.4730000000000016,0.026306655336007623
2.474000000000001,0.02631616612604759
2.475000000000002,0.026325681158976266
2.4760000000000018,0.026335200432079375
2.4770000000000016,0.02634472394263554
2.478000000000002,0.02635425168793404
2.479000000000002,0.0263637836652606
2.4800000000000018,0.02637331987189029
2.4810000000000016,0.026382860305123046
2.482000000000001,0.02639240496223394
2.483000000000002,0.0264019538405158
2.4840000000000018,0.02641150693725791
2.4850000000000017,0.026421064249742443
2.486000000000002,0.02643062577526223
2.487000000000002,0.026440191511106548
2.4880000000000018,0.02644976145456468
2.4890000000000017,0.026459335602929457
2.490000000000001,0.02646891395349016
2.491000000000002,0.026478496503536064
2.4920000000000018,0.02648808325036356
2.4930000000000017,0.026497674191265475
2.494000000000002,0.026507269323538196
2.495000000000002,0.026516868644471003
2.4960000000000018,0.02652647215136028
2.4970000000000017,0.026536079841502414
2.4980000000000016,0.026545691712193786
2.499000000000002,0.02655530776072723
2.5000000000000018,0.026564927984409792
2.5010000000000017,0.026574552380530747
2.502000000000002,0.026584180946390035
2.503000000000002,0.026593813679291145
2.5040000000000022,0.026603450576534016
2.5050000000000017,0.02661309163541503
2.5060000000000016,0.026622736853237683
2.507000000000002,0.02663238622730546
2.5080000000000022,0.0266420397549183
2.5090000000000017,0.026651697433379695
2.510000000000002,0.026661359259996686
2.511000000000002,0.026671025232072765
2.5120000000000022,0.02668069534691142
2.5130000000000017,0.026690369601819697
2.5140000000000016,0.026700047994101084
2.515000000000002,0.02670973052106973
2.5160000000000022,0.026719417180025573
2.5170000000000017,0.026729107968286314
2.518000000000002,0.026738802883155444
2.519000000000002,0.026748501921940004
2.5200000000000022,0.026758205081957698
2.5210000000000017,0.026767912360515567
2.5220000000000016,0.026777623754924207
2.523000000000002,0.02678733926250132
2.5240000000000022,0.026797058880553948
2.5250000000000017,0.026806782606403345
2.526000000000002,0.026816510437360108
2.527000000000002,0.026826242370741937
2.5280000000000022,0.02683597840385943
2.5290000000000017,0.026845718534033836
2.5300000000000016,0.02685546275858286
2.531000000000002,0.026865211074827755
2.5320000000000022,0.026874963480079117
2.5330000000000017,0.026884719971661752
2.534000000000002,0.026894480546896915
2.535000000000002,0.026904245203102306
2.5360000000000023,0.026914013937602732
2.5370000000000017,0.026923786747719447
2.5380000000000016,0.026933563630777257
2.539000000000002,0.026943344584093865
2.5400000000000023,0.026953129605004733
2.5410000000000017,0.02696291869082401
2.542000000000002,0.026972711838887165
2.543000000000002,0.026982509046511893
2.5440000000000023,0.026992310311033663
2.5450000000000017,0.02700211562977728
2.5460000000000016,0.027011925000071102
2.547000000000002,0.027021738419247043
2.5480000000000023,0.027031555884637015
2.5490000000000017,0.027041377393565824
2.550000000000002,0.027051202943368935
2.551000000000002,0.027061032531381812
2.5520000000000023,0.02707086615493637
2.5530000000000017,0.027080703811364515
2.5540000000000016,0.027090545498001717
2.555000000000002,0.02710039121218699
2.5560000000000023,0.02711024095125225
2.5570000000000017,0.027120094712540066
2.558000000000002,0.027129952493382348
2.559000000000002,0.027139814291121667
2.5600000000000023,0.02714968010309704
2.5610000000000017,0.027159549926647486
2.5620000000000016,0.027169423759115574
2.563000000000002,0.027179301597840322
2.5640000000000023,0.027189183440171405
2.5650000000000017,0.027199069283440735
2.566000000000002,0.027208959125005094
2.567000000000002,0.027218852962196394
2.5680000000000023,0.027228750792371414
2.5690000000000017,0.027238652612872727
2.5700000000000016,0.0272485584210429
2.571000000000002,0.027258468214238718
2.5720000000000023,0.027268381989799195
2.5730000000000017,0.027278299745081114
2.574000000000002,0.02728822147743415
2.575000000000002,0.027298147184204424
2.5760000000000023,0.027308076862752273
2.5770000000000017,0.027318010510420265
2.5780000000000016,0.027327948124568735
2.579000000000002,0.02733788970255091
2.5800000000000023,0.027347835241723573
2.5810000000000017,0.027357784739436397
2.582000000000002,0.02736773819305327
2.583000000000002,0.02737769559992742
2.5840000000000023,0.027387656957419182
2.5850000000000017,0.027397622262885335
2.5860000000000016,0.027407591513686214
2.587000000000002,0.027417564707185704
2.5880000000000023,0.02742754184074414
2.5890000000000017,0.027437522911721857
2.590000000000002,0.02744750791748274
2.591000000000002,0.027457496855390673
2.5920000000000023,0.0274674897228131
2.5930000000000017,0.027477486517113903
2.5940000000000016,0.027487487235660524
2.595000000000002,0.02749749187581685
2.5960000000000023,0.02750750043495387
2.5970000000000018,0.027517512910439024
2.598000000000002,0.027527529299646858
2.599000000000002,0.027537549599941258
