wave,40_30_30
0.4,0.074241144
0.401,0.074208417
0.402,0.074175722
0.403,0.074143058
0.404,0.074110426
0.405,0.074077825
0.406,0.074045255
0.407,0.074012716
0.408,0.073980208
0.409,0.073947732
0.41,0.073915287
0.411,0.073907485
0.412,0.073899681
0.413,0.073891876
0.414,0.073884069
0.415,0.07387626
0.416,0.07386845
0.417,0.073860639
0.418,0.073852826
0.419,0.073845011
0.42,0.073837195
0.421,0.073806718
0.422,0.073776274
0.423,0.073745862
0.424,0.073715482
0.425,0.073685134
0.426,0.073654819
0.427,0.073624535
0.428,0.073594284
0.429,0.073564065
0.43,0.073533878
0.431,0.073503723
0.432,0.073473601
0.433,0.073443511
0.434,0.073413453
0.435,0.073383427
0.436,0.073353433
0.437,0.073323472
0.438,0.073293543
0.439,0.073263646
0.44,0.073233782
0.441,0.073227898
0.442,0.073222014
0.443,0.073216128
0.444,0.073210242
0.445,0.073204355
0.446,0.073198467
0.447,0.073192578
0.448,0.073186688
0.449,0.073180797
0.45,0.073174906
0.451,0.073146045
0.452,0.073117218
0.453,0.073088423
0.454,0.07305966
0.455,0.073030931
0.456,0.073002234
0.457,0.072973569
0.458,0.072944938
0.459,0.072916339
0.46,0.072887773
0.461,0.072859239
0.462,0.072830738
0.463,0.07280227
0.464,0.072773834
0.465,0.072745432
0.466,0.072717062
0.467,0.072688725
0.468,0.07266042
0.469,0.072632149
0.47,0.07260391
0.471,0.072576689
0.472,0.072549501
0.473,0.072522346
0.474,0.072495224
0.475,0.072468135
0.476,0.072441079
0.477,0.072414057
0.478,0.072387067
0.479,0.072360111
0.48,0.072333188
0.481,0.072328257
0.482,0.072323325
0.483,0.072318392
0.484,0.072313459
0.485,0.072308525
0.486,0.072303591
0.487,0.072298656
0.488,0.07229372
0.489,0.072288784
0.49,0.072283847
0.491,0.072256951
0.492,0.072230088
0.493,0.072203258
0.494,0.072176461
0.495,0.072149697
0.496,0.072122967
0.497,0.072096269
0.498,0.072069605
0.499,0.072042975
0.5,0.072016377
0.501,0.072012422
0.502,0.072008466
0.503,0.07200451
0.504,0.072000554
0.505,0.071996598
0.506,0.07199264
0.507,0.071988683
0.508,0.071984725
0.509,0.071980767
0.51,0.071976808
0.511,0.071950239
0.512,0.071923703
0.513,0.0718972
0.514,0.071870731
0.515,0.071844295
0.516,0.071817893
0.517,0.071791524
0.518,0.071765189
0.519,0.071738887
0.52,0.07171262
0.521,0.071687374
0.522,0.071662163
0.523,0.071636985
0.524,0.071611841
0.525,0.071586731
0.526,0.071561655
0.527,0.071536612
0.528,0.071511603
0.529,0.071486628
0.53,0.071461686
0.531,0.071458713
0.532,0.071455739
0.533,0.071452766
0.534,0.071449793
0.535,0.07144682
0.536,0.071443847
0.537,0.071440874
0.538,0.071437902
0.539,0.07143493
0.54,0.071431958
0.541,0.07140705
0.542,0.071382176
0.543,0.071357336
0.544,0.071332529
0.545,0.071307757
0.546,0.071283019
0.547,0.071258316
0.548,0.071233646
0.549,0.071209011
0.55,0.07118441
0.551,0.071180445
0.552,0.07117648
0.553,0.071172516
0.554,0.071168552
0.555,0.071164589
0.556,0.071160626
0.557,0.071156664
0.558,0.071152702
0.559,0.071148741
0.56,0.07114478
0.561,0.071141807
0.562,0.071138835
0.563,0.071135863
0.564,0.071132891
0.565,0.07112992
0.566,0.071126948
0.567,0.071123978
0.568,0.071121007
0.569,0.071118037
0.57,0.071115068
0.571,0.071112109
0.572,0.071109151
0.573,0.071106195
0.574,0.071103241
0.575,0.071100289
0.576,0.071097339
0.577,0.07109439
0.578,0.071091444
0.579,0.071088501
0.58,0.071085559
0.581,0.071062
0.582,0.071038477
0.583,0.071014988
0.584,0.070991535
0.585,0.070968117
0.586,0.070944734
0.587,0.070921386
0.588,0.070898074
0.589,0.070874797
0.59,0.070851556
0.591,0.07084861
0.592,0.070845664
0.593,0.070842721
0.594,0.070839778
0.595,0.070836838
0.596,0.070833898
0.597,0.070830961
0.598,0.070828025
0.599,0.07082509
0.6,0.070822158
0.601,0.070819226
0.602,0.070816296
0.603,0.070813367
0.604,0.070810441
0.605,0.070807517
0.606,0.070804595
0.607,0.070801675
0.608,0.070798757
0.609,0.070795842
0.61,0.070792929
0.611,0.070769706
0.612,0.070746518
0.613,0.070723364
0.614,0.070700244
0.615,0.070677159
0.616,0.070654108
0.617,0.070631092
0.618,0.07060811
0.619,0.070585162
0.62,0.070562249
0.621,0.070559346
0.622,0.070556446
0.623,0.070553549
0.624,0.070550655
0.625,0.070547764
0.626,0.070544876
0.627,0.070541991
0.628,0.07053911
0.629,0.070536232
0.63,0.070533358
0.631,0.070531487
0.632,0.070529621
0.633,0.070527758
0.634,0.070525899
0.635,0.070524045
0.636,0.070522195
0.637,0.070520349
0.638,0.070518508
0.639,0.070516672
0.64,0.07051484
0.641,0.070512012
0.642,0.07050919
0.643,0.070506372
0.644,0.07050356
0.645,0.070500753
0.646,0.070497951
0.647,0.070495155
0.648,0.070492365
0.649,0.070489581
0.65,0.070486803
0.651,0.070485032
0.652,0.070483267
0.653,0.070481509
0.654,0.070479757
0.655,0.070478013
0.656,0.070476276
0.657,0.070474546
0.658,0.070472824
0.659,0.07047111
0.66,0.070469404
0.661,0.070467706
0.662,0.070466016
0.663,0.070464335
0.664,0.070462662
0.665,0.070460999
0.666,0.070459345
0.667,0.0704577
0.668,0.070456065
0.669,0.07045444
0.67,0.070452825
0.671,0.070449954
0.672,0.070447083
0.673,0.070444214
0.674,0.070441345
0.675,0.070438477
0.676,0.07043561
0.677,0.070432744
0.678,0.070429879
0.679,0.070427014
0.68,0.07042415
0.681,0.070422575
0.682,0.070421011
0.683,0.070419459
0.684,0.070417918
0.685,0.07041639
0.686,0.070414874
0.687,0.07041337
0.688,0.07041188
0.689,0.070410402
0.69,0.070408939
0.691,0.070407482
0.692,0.07040604
0.693,0.070404612
0.694,0.070403199
0.695,0.070401802
0.696,0.070400419
0.697,0.070399053
0.698,0.070397702
0.699,0.070396368
0.7,0.070395051
0.701,0.070393261
0.702,0.070391473
0.703,0.070389686
0.704,0.0703879
0.705,0.070386116
0.706,0.070384333
0.707,0.070382552
0.708,0.070380771
0.709,0.070378993
0.71,0.070377215
0.711,0.070375963
0.712,0.070374729
0.713,0.070373514
0.714,0.070372318
0.715,0.070371142
0.716,0.070369986
0.717,0.070368851
0.718,0.070367737
0.719,0.070366644
0.72,0.070365574
0.721,0.07036353
0.722,0.07036151
0.723,0.070359512
0.724,0.070357539
0.725,0.070355589
0.726,0.070353664
0.727,0.070351764
0.728,0.070349891
0.729,0.070348043
0.73,0.070346222
0.731,0.070325569
0.732,0.070304982
0.733,0.070284461
0.734,0.070264007
0.735,0.070243621
0.736,0.070223303
0.737,0.070203055
0.738,0.070182877
0.739,0.07016277
0.74,0.070142735
0.741,0.070143262
0.742,0.070143824
0.743,0.070144422
0.744,0.070145057
0.745,0.070145729
0.746,0.070146439
0.747,0.070147188
0.748,0.070147976
0.749,0.070148806
0.75,0.070149676
0.751,0.070148179
0.752,0.070146685
0.753,0.070145193
0.754,0.070143703
0.755,0.070142216
0.756,0.070140731
0.757,0.070139248
0.758,0.070137768
0.759,0.070136291
0.76,0.070134815
0.761,0.070133334
0.762,0.070131854
0.763,0.070130378
0.764,0.070128903
0.765,0.070127431
0.766,0.070125962
0.767,0.070124495
0.768,0.07012303
0.769,0.070121568
0.77,0.070120108
0.771,0.070120204
0.772,0.070120346
0.773,0.070120535
0.774,0.070120772
0.775,0.070121058
0.776,0.070121394
0.777,0.070121782
0.778,0.070122221
0.779,0.070122714
0.78,0.07012326
0.781,0.070121916
0.782,0.070120574
0.783,0.070119235
0.784,0.070117899
0.785,0.070116565
0.786,0.070115234
0.787,0.070113906
0.788,0.07011258
0.789,0.070111257
0.79,0.070109937
0.791,0.070110667
0.792,0.070111455
0.793,0.070112302
0.794,0.07011321
0.795,0.070114179
0.796,0.070115212
0.797,0.070116309
0.798,0.070117471
0.799,0.070118701
0.8,0.070119998
0.801,0.070121393
0.802,0.070122859
0.803,0.070124397
0.804,0.070126009
0.805,0.070127696
0.806,0.07012946
0.807,0.070131301
0.808,0.070133223
0.809,0.070135226
0.81,0.070137311
0.811,0.070137339
0.812,0.07013737
0.813,0.070137404
0.814,0.070137441
0.815,0.070137482
0.816,0.070137458
0.817,0.070136826
0.818,0.070136197
0.819,0.070135571
0.82,0.070134949
0.821,0.070136625
0.822,0.070138391
0.823,0.070140247
0.824,0.070142196
0.825,0.070144239
0.826,0.070146378
0.827,0.070148615
0.828,0.070150952
0.829,0.070153391
0.83,0.070155935
0.831,0.070154485
0.832,0.070153038
0.833,0.070151595
0.834,0.070150156
0.835,0.07014872
0.836,0.070147288
0.837,0.07014586
0.838,0.070144435
0.839,0.070143014
0.84,0.070141597
0.841,0.070163648
0.842,0.070185831
0.843,0.07020815
0.844,0.070230605
0.845,0.070253198
0.846,0.070275933
0.847,0.070298809
0.848,0.070321831
0.849,0.070345
0.85,0.070368317
0.851,0.070368055
0.852,0.070367796
0.853,0.070367542
0.854,0.070367292
0.855,0.070367046
0.856,0.070366805
0.857,0.070366568
0.858,0.070366335
0.859,0.070366106
0.86,0.070365881
0.861,0.070364599
0.862,0.070363321
0.863,0.070362048
0.864,0.070360778
0.865,0.070359513
0.866,0.070358252
0.867,0.070356995
0.868,0.070355743
0.869,0.070354495
0.87,0.070353251
0.871,0.07035196
0.872,0.070350673
0.873,0.07034939
0.874,0.070348112
0.875,0.070346838
0.876,0.070345568
0.877,0.070344303
0.878,0.070343042
0.879,0.070341786
0.88,0.070340534
0.881,0.070339319
0.882,0.070338109
0.883,0.070336903
0.884,0.070335701
0.885,0.070334504
0.886,0.070333311
0.887,0.070332122
0.888,0.070330938
0.889,0.070329758
0.89,0.070328582
0.891,0.070334525
0.892,0.070340618
0.893,0.070346864
0.894,0.070353267
0.895,0.070359828
0.896,0.070366552
0.897,0.070373442
0.898,0.0703805
0.899,0.070387731
0.9,0.070395138
0.901,0.070394302
0.902,0.070393469
0.903,0.070392642
0.904,0.070391818
0.905,0.070391
0.906,0.070390185
0.907,0.070389376
0.908,0.07038857
0.909,0.070387769
0.91,0.070386973
0.911,0.070386166
0.912,0.070385364
0.913,0.070384567
0.914,0.070383773
0.915,0.070382985
0.916,0.070382201
0.917,0.070381421
0.918,0.070380646
0.919,0.070379875
0.92,0.070379109
0.921,0.07037935
0.922,0.070379595
0.923,0.070379844
0.924,0.070380099
0.925,0.070380358
0.926,0.070380622
0.927,0.07038089
0.928,0.070381163
0.929,0.070381441
0.93,0.070381723
0.931,0.070380979
0.932,0.070380239
0.933,0.070379503
0.934,0.070378772
0.935,0.070378046
0.936,0.070377324
0.937,0.070376607
0.938,0.070375895
0.939,0.070375187
0.94,0.070374483
0.941,0.070373768
0.942,0.070373057
0.943,0.070372351
0.944,0.070371649
0.945,0.070370952
0.946,0.070370259
0.947,0.070369571
0.948,0.070368888
0.949,0.070368209
0.95,0.070367535
0.951,0.070367641
0.952,0.070367751
0.953,0.070367867
0.954,0.070367988
0.955,0.070368114
0.956,0.070368246
0.957,0.070368383
0.958,0.070368525
0.959,0.070368672
0.96,0.070368824
0.961,0.070367918
0.962,0.070367018
0.963,0.070366122
0.964,0.070365232
0.965,0.070364347
0.966,0.070363468
0.967,0.070362593
0.968,0.070361724
0.969,0.070360859
0.97,0.07036
0.971,0.069782374
0.972,0.06974599
0.973,0.069741485
0.974,0.069739186
0.975,0.069737044
0.976,0.069734913
0.977,0.069732784
0.978,0.069730657
0.979,0.06972853
0.98,0.069726404
0.981,0.069723227
0.982,0.069720051
0.983,0.069716875
0.984,0.069713701
0.985,0.069663129
0.986,0.06965944
0.987,0.069655951
0.988,0.069655256
0.989,0.069694214
0.99,0.070407689
0.991,0.070406437
0.992,0.070405191
0.993,0.070403951
0.994,0.070402717
0.995,0.070401489
0.996,0.070400268
0.997,0.070399052
0.998,0.070397843
0.999,0.070396639
1,0.070395442
1.001,0.070395073
1.002,0.07039471
1.003,0.070394355
1.004,0.070394005
1.005,0.070393662
1.006,0.070393326
1.007,0.070392996
1.008,0.070392673
1.009,0.070392357
1.01,0.070392046
1.011,0.070391008
1.012,0.070389975
1.013,0.070388947
1.014,0.070387926
1.015,0.070386911
1.016,0.070385901
1.017,0.070384897
1.018,0.070383899
1.019,0.070382907
1.02,0.070381921
1.021,0.070381315
1.022,0.070380714
1.023,0.070380118
1.024,0.070379527
1.025,0.070378941
1.026,0.07037836
1.027,0.070377785
1.028,0.070377214
1.029,0.070376648
1.03,0.070376088
1.031,0.070376733
1.032,0.070377383
1.033,0.070378038
1.034,0.070378697
1.035,0.070379361
1.036,0.070380031
1.037,0.070380705
1.038,0.070381383
1.039,0.070382067
1.04,0.070382756
1.041,0.070382768
1.042,0.070382785
1.043,0.070382805
1.044,0.070382829
1.045,0.070382858
1.046,0.070382891
1.047,0.070382927
1.048,0.070382968
1.049,0.070383012
1.05,0.070383061
1.051,0.070383221
1.052,0.070383384
1.053,0.070383552
1.054,0.070383723
1.055,0.070383898
1.056,0.070384077
1.057,0.070384259
1.058,0.070384446
1.059,0.070384636
1.06,0.070384831
1.061,0.070384901
1.062,0.070384976
1.063,0.070385056
1.064,0.070385139
1.065,0.070385226
1.066,0.070385317
1.067,0.070385413
1.068,0.070385512
1.069,0.070385667
1.07,0.07038629
1.071,0.070387779
1.072,0.070389272
1.073,0.070390769
1.074,0.070392271
1.075,0.070393778
1.076,0.070395288
1.077,0.070396804
1.078,0.070398324
1.079,0.070399848
1.08,0.070401377
1.081,0.070401756
1.082,0.07040214
1.083,0.070402528
1.084,0.070402921
1.085,0.070403319
1.086,0.070403721
1.087,0.070404127
1.088,0.070404538
1.089,0.070404954
1.09,0.070405375
1.091,0.070405841
1.092,0.070406312
1.093,0.070406787
1.094,0.070407267
1.095,0.070407752
1.096,0.070408241
1.097,0.070408734
1.098,0.070409232
1.099,0.070409734
1.1,0.070410241
1.101,0.070411601
1.102,0.070412965
1.103,0.070414334
1.104,0.070415708
1.105,0.070417087
1.106,0.070418471
1.107,0.07041986
1.108,0.070421254
1.109,0.070422653
1.11,0.070424057
1.111,0.070424434
1.112,0.070424816
1.113,0.070425202
1.114,0.070425594
1.115,0.07042599
1.116,0.070426392
1.117,0.070426798
1.118,0.070427209
1.119,0.070427625
1.12,0.070428045
1.121,0.07042815
1.122,0.07042826
1.123,0.070428375
1.124,0.070428496
1.125,0.070428622
1.126,0.070428754
1.127,0.070428891
1.128,0.070429033
1.129,0.070429181
1.13,0.070429334
1.131,0.070429513
1.132,0.070429696
1.133,0.070429885
1.134,0.07043008
1.135,0.07043028
1.136,0.070430485
1.137,0.070430695
1.138,0.070430911
1.139,0.070431132
1.14,0.070431358
1.141,0.070432959
1.142,0.070434564
1.143,0.070436174
1.144,0.070437789
1.145,0.070439409
1.146,0.070441033
1.147,0.070442663
1.148,0.070444297
1.149,0.070445936
1.15,0.07044758
1.151,0.070446808
1.152,0.070446043
1.153,0.070445292
1.154,0.070444608
1.155,0.070443931
1.156,0.070443261
1.157,0.070442598
1.158,0.070441943
1.159,0.070441294
1.16,0.070440653
1.161,0.070439921
1.162,0.070439198
1.163,0.070438481
1.164,0.070437772
1.165,0.07043707
1.166,0.070436375
1.167,0.070435688
1.168,0.070435007
1.169,0.070434334
1.17,0.070433668
1.171,0.07043276
1.172,0.07043186
1.173,0.070430967
1.174,0.070430082
1.175,0.070429205
1.176,0.070428335
1.177,0.070427473
1.178,0.070426618
1.179,0.070425771
1.18,0.070424931
1.181,0.070423985
1.182,0.070423047
1.183,0.070422117
1.184,0.070421194
1.185,0.070420279
1.186,0.070419371
1.187,0.070418472
1.188,0.07041758
1.189,0.070416695
1.19,0.070415819
1.191,0.070415025
1.192,0.070414239
1.193,0.07041346
1.194,0.070412689
1.195,0.070411925
1.196,0.070411169
1.197,0.070410421
1.198,0.070409679
1.199,0.070408945
1.2,0.070408219
1.201,0.07040667
1.202,0.070405132
1.203,0.070403604
1.204,0.070402087
1.205,0.070400581
1.206,0.070399085
1.207,0.0703976
1.208,0.070396126
1.209,0.070394662
1.21,0.070393209
1.211,0.070391489
1.212,0.070389778
1.213,0.070388077
1.214,0.070386384
1.215,0.070384701
1.216,0.070383027
1.217,0.070381362
1.218,0.070379707
1.219,0.07037806
1.22,0.070376423
1.221,0.070375601
1.222,0.070374787
1.223,0.070373981
1.224,0.070373182
1.225,0.070372391
1.226,0.070371608
1.227,0.070370832
1.228,0.070370064
1.229,0.070369303
1.23,0.07036855
1.231,0.070368168
1.232,0.070367793
1.233,0.070367425
1.234,0.070367064
1.235,0.070366709
1.236,0.070366362
1.237,0.070366022
1.238,0.070365622
1.239,0.07036523
1.24,0.070364844
1.241,0.070364826
1.242,0.070364813
1.243,0.070364808
1.244,0.070364808
1.245,0.070364814
1.246,0.070364827
1.247,0.070364846
1.248,0.070364872
1.249,0.070364903
1.25,0.070364941
1.251,0.070365699
1.252,0.070366463
1.253,0.070367232
1.254,0.070368005
1.255,0.070368784
1.256,0.070369568
1.257,0.070370356
1.258,0.07037115
1.259,0.070371948
1.26,0.070372752
1.261,0.070373561
1.262,0.070374374
1.263,0.070375193
1.264,0.070376016
1.265,0.070376845
1.266,0.070377678
1.267,0.070378517
1.268,0.07037936
1.269,0.070380208
1.27,0.070381062
1.271,0.070382799
1.272,0.07038454
1.273,0.070386284
1.274,0.070388032
1.275,0.070389783
1.276,0.070391538
1.277,0.070393297
1.278,0.070395059
1.279,0.070396825
1.28,0.070398594
1.281,0.070400192
1.282,0.070401794
1.283,0.0704034
1.284,0.07040501
1.285,0.070406624
1.286,0.070408241
1.287,0.070409862
1.288,0.070411487
1.289,0.070413116
1.29,0.070414749
1.291,0.070416212
1.292,0.070417679
1.293,0.070419151
1.294,0.070420626
1.295,0.070422106
1.296,0.07042359
1.297,0.070425077
1.298,0.070426569
1.299,0.070428065
1.3,0.070429565
1.301,0.070431241
1.302,0.070432921
1.303,0.070434604
1.304,0.070436291
1.305,0.070437982
1.306,0.070439677
1.307,0.070441375
1.308,0.070443078
1.309,0.070444784
1.31,0.070446494
1.311,0.070447867
1.312,0.070449244
1.313,0.070450625
1.314,0.070452011
1.315,0.070453401
1.316,0.070454795
1.317,0.070456194
1.318,0.070457597
1.319,0.070459004
1.32,0.070460416
1.321,0.070462001
1.322,0.070463075
1.323,0.070464153
1.324,0.070465235
1.325,0.070466321
1.326,0.070467412
1.327,0.070468506
1.328,0.070469604
1.329,0.070470707
1.33,0.070471813
1.331,0.070472588
1.332,0.070473367
1.333,0.070474151
1.334,0.07047494
1.335,0.070475733
1.336,0.07047653
1.337,0.070477332
1.338,0.070478139
1.339,0.07047895
1.34,0.070479766
1.341,0.070480086
1.342,0.070480412
1.343,0.070480743
1.344,0.07048108
1.345,0.070481421
1.346,0.070481768
1.347,0.07048212
1.348,0.070482478
1.349,0.07048284
1.35,0.070483208
1.351,0.070483912
1.352,0.070484621
1.353,0.070485334
1.354,0.070486052
1.355,0.070486774
1.356,0.070487502
1.357,0.070488234
1.358,0.070488971
1.359,0.070489712
1.36,0.070490459
1.361,0.070489672
1.362,0.07048889
1.363,0.070488113
1.364,0.070487342
1.365,0.070486576
1.366,0.070485816
1.367,0.07048506
1.368,0.07048431
1.369,0.070483566
1.37,0.070482826
1.371,0.070482488
1.372,0.070482156
1.373,0.07048183
1.374,0.07048151
1.375,0.070481198
1.376,0.070480891
1.377,0.070480591
1.378,0.070480297
1.379,0.070480009
1.38,0.070479728
1.381,0.070477437
1.382,0.070475154
1.383,0.070472878
1.384,0.07047061
1.385,0.07046835
1.386,0.070466098
1.387,0.070463853
1.388,0.070461616
1.389,0.070459387
1.39,0.070457166
1.391,0.070454718
1.392,0.07045228
1.393,0.070449852
1.394,0.070447433
1.395,0.070445024
1.396,0.070442625
1.397,0.070440236
1.398,0.070437856
1.399,0.070435486
1.4,0.070433125
1.401,0.070411394
1.402,0.070389711
1.403,0.070368078
1.404,0.070346493
1.405,0.070324957
1.406,0.070258805
1.407,0.070237927
1.408,0.070217097
1.409,0.070196315
1.41,0.070175581
1.411,0.07013723
1.412,0.070098976
1.413,0.070060817
1.414,0.070022754
1.415,0.069984787
1.416,0.069946915
1.417,0.069909138
1.418,0.069871455
1.419,0.069833866
1.42,0.069796371
1.421,0.069730898
1.422,0.069665626
1.423,0.069600554
1.424,0.069535681
1.425,0.069471006
1.426,0.069406528
1.427,0.069342247
1.428,0.069278162
1.429,0.069214272
1.43,0.069150575
1.431,0.069079642
1.432,0.069008935
1.433,0.068938455
1.434,0.068868201
1.435,0.068798171
1.436,0.068728365
1.437,0.068658781
1.438,0.068589418
1.439,0.068520277
1.44,0.068451355
1.441,0.068379706
1.442,0.068308288
1.443,0.068237102
1.444,0.068166144
1.445,0.068095416
1.446,0.068024915
1.447,0.067954641
1.448,0.067884592
1.449,0.067814768
1.45,0.067745168
1.451,0.067617328
1.452,0.067490064
1.453,0.067363372
1.454,0.067237249
1.455,0.067111692
1.456,0.066986696
1.457,0.066862259
1.458,0.066738376
1.459,0.066615045
1.46,0.066492263
1.461,0.066350651
1.462,0.066209731
1.463,0.066069499
1.464,0.065929948
1.465,0.065791076
1.466,0.065652876
1.467,0.065515346
1.468,0.06537848
1.469,0.065242275
1.47,0.065106725
1.471,0.064986926
1.472,0.064867659
1.473,0.064748921
1.474,0.064630709
1.475,0.064513021
1.476,0.064395851
1.477,0.064279199
1.478,0.064163059
1.479,0.06404743
1.48,0.063932309
1.481,0.063862978
1.482,0.063793875
1.483,0.063724999
1.484,0.063656348
1.485,0.063587922
1.486,0.06351972
1.487,0.063451741
1.488,0.063383983
1.489,0.063316446
1.49,0.06323778
1.491,0.063185528
1.492,0.063212386
1.493,0.063239229
1.494,0.063266059
1.495,0.063292874
1.496,0.063319675
1.497,0.063346462
1.498,0.063373235
1.499,0.063399993
1.5,0.063426738
1.501,0.063448696
1.502,0.063470642
1.503,0.063492577
1.504,0.0635145
1.505,0.063536412
1.506,0.063558312
1.507,0.063580201
1.508,0.063602078
1.509,0.063623944
1.51,0.063645799
1.511,0.063667642
1.512,0.063689473
1.513,0.063711293
1.514,0.063733102
1.515,0.0637549
1.516,0.063776686
1.517,0.063798461
1.518,0.063820225
1.519,0.063841977
1.52,0.063863718
1.521,0.063898939
1.522,0.063934148
1.523,0.063969343
1.524,0.064004526
1.525,0.064039696
1.526,0.064074853
1.527,0.064109997
1.528,0.064145128
1.529,0.064180247
1.53,0.064215352
1.531,0.064260823
1.532,0.064306286
1.533,0.06435174
1.534,0.064397185
1.535,0.064442622
1.536,0.06448805
1.537,0.064533469
1.538,0.064578879
1.539,0.064624281
1.54,0.064669674
1.541,0.064720716
1.542,0.064771755
1.543,0.064822791
1.544,0.064873823
1.545,0.064924851
1.546,0.064975876
1.547,0.065026897
1.548,0.065077915
1.549,0.065128929
1.55,0.06517994
1.551,0.065230946
1.552,0.065281949
1.553,0.065332949
1.554,0.065383945
1.555,0.065434937
1.556,0.065485925
1.557,0.065536909
1.558,0.06558789
1.559,0.065638867
1.56,0.06568984
1.561,0.065727126
1.562,0.065764401
1.563,0.065801663
1.564,0.065838914
1.565,0.065876152
1.566,0.065913379
1.567,0.065950593
1.568,0.065987796
1.569,0.066024986
1.57,0.066062164
1.571,0.066099331
1.572,0.066136485
1.573,0.066173628
1.574,0.066210758
1.575,0.066247733
1.576,0.066284363
1.577,0.06632098
1.578,0.066357585
1.579,0.066394178
1.58,0.066430759
1.581,0.066467328
1.582,0.066503885
1.583,0.06654043
1.584,0.066576962
1.585,0.066613483
1.586,0.066649991
1.587,0.066686488
1.588,0.066722972
1.589,0.066759444
1.59,0.066795905
1.591,0.066827718
1.592,0.066859516
1.593,0.066891299
1.594,0.066923065
1.595,0.066954816
1.596,0.066986551
1.597,0.06701827
1.598,0.067049974
1.599,0.067081662
1.6,0.067113334
1.601,0.06714499
1.602,0.067176631
1.603,0.067208256
1.604,0.067239865
1.605,0.067271459
1.606,0.067303036
1.607,0.067334599
1.608,0.067366145
1.609,0.067397676
1.61,0.067429191
1.611,0.067442242
1.612,0.067455284
1.613,0.067468317
1.614,0.067481342
1.615,0.067494359
1.616,0.067507367
1.617,0.067520366
1.618,0.067533357
1.619,0.06754634
1.62,0.067559314
1.621,0.067572279
1.622,0.067585237
1.623,0.067598185
1.624,0.067611126
1.625,0.067624058
1.626,0.067636981
1.627,0.067649897
1.628,0.067662804
1.629,0.067675702
1.63,0.067688593
1.631,0.067701475
1.632,0.067714348
1.633,0.067727214
1.634,0.067740071
1.635,0.06775292
1.636,0.06776576
1.637,0.067778593
1.638,0.067791417
1.639,0.067804233
1.64,0.067817041
1.641,0.067829841
1.642,0.067842632
1.643,0.067855416
1.644,0.067868191
1.645,0.067880958
1.646,0.067893717
1.647,0.067906468
1.648,0.067919211
1.649,0.067931946
1.65,0.067944673
1.651,0.067960713
1.652,0.067976741
1.653,0.067992759
1.654,0.068008767
1.655,0.068024764
1.656,0.06804075
1.657,0.068056726
1.658,0.068072692
1.659,0.068088646
1.66,0.06810504
1.661,0.068121473
1.662,0.068137896
1.663,0.068154309
1.664,0.068170711
1.665,0.068187102
1.666,0.068203483
1.667,0.068219854
1.668,0.068236215
1.669,0.068252565
1.67,0.068268904
1.671,0.068285234
1.672,0.068301553
1.673,0.068317862
1.674,0.06833416
1.675,0.068350448
1.676,0.068366726
1.677,0.068382994
1.678,0.068399252
1.679,0.068415499
1.68,0.068431736
1.681,0.068445169
1.682,0.068458592
1.683,0.068472006
1.684,0.068485411
1.685,0.068498807
1.686,0.068512194
1.687,0.068525571
1.688,0.06853894
1.689,0.068552299
1.69,0.06856565
1.691,0.068578991
1.692,0.068592324
1.693,0.068605647
1.694,0.068618961
1.695,0.068632267
1.696,0.068645563
1.697,0.068658851
1.698,0.068672129
1.699,0.068685399
1.7,0.068698659
1.701,0.068711048
1.702,0.068723429
1.703,0.068735801
1.704,0.068748166
1.705,0.068760522
1.706,0.068772871
1.707,0.068785212
1.708,0.068797544
1.709,0.068809869
1.71,0.068822186
1.711,0.068834496
1.712,0.068846797
1.713,0.06885909
1.714,0.068871376
1.715,0.068883653
1.716,0.068895923
1.717,0.068908185
1.718,0.06892044
1.719,0.068932686
1.72,0.068944925
1.721,0.068957156
1.722,0.068969379
1.723,0.068981594
1.724,0.068993802
1.725,0.069006002
1.726,0.069018194
1.727,0.069030379
1.728,0.069042555
1.729,0.069054725
1.73,0.069066886
1.731,0.069074954
1.732,0.069083018
1.733,0.069091078
1.734,0.069099134
1.735,0.069107185
1.736,0.069115233
1.737,0.069123276
1.738,0.069131315
1.739,0.06913935
1.74,0.06914738
1.741,0.069155407
1.742,0.06916343
1.743,0.069171448
1.744,0.069179482
1.745,0.069187514
1.746,0.069195542
1.747,0.069203566
1.748,0.069211586
1.749,0.069219602
1.75,0.069227614
1.751,0.069235622
1.752,0.069243626
1.753,0.069251626
1.754,0.069259621
1.755,0.069267613
1.756,0.069275601
1.757,0.069283584
1.758,0.069291564
1.759,0.06929954
1.76,0.069307512
1.761,0.069313133
1.762,0.069318751
1.763,0.069324367
1.764,0.069329981
1.765,0.069335593
1.766,0.069341202
1.767,0.069346809
1.768,0.069352414
1.769,0.069358016
1.77,0.069363616
1.771,0.069369214
1.772,0.06937481
1.773,0.069380404
1.774,0.069385995
1.775,0.069391584
1.776,0.06939717
1.777,0.069402755
1.778,0.069408337
1.779,0.069413917
1.78,0.069419495
1.781,0.069425071
1.782,0.069430644
1.783,0.069436215
1.784,0.069441784
1.785,0.069447351
1.786,0.069452916
1.787,0.069458478
1.788,0.069464038
1.789,0.069469596
1.79,0.069475152
1.791,0.069480706
1.792,0.069486258
1.793,0.069491807
1.794,0.069497354
1.795,0.069502899
1.796,0.069508442
1.797,0.069513983
1.798,0.069519522
1.799,0.069525058
1.8,0.069530593
1.801,0.069536947
1.802,0.069543299
1.803,0.069549647
1.804,0.069555991
1.805,0.069562333
1.806,0.069568671
1.807,0.069575005
1.808,0.069581337
1.809,0.069587665
1.81,0.06959399
1.811,0.069600311
1.812,0.069606629
1.813,0.069612944
1.814,0.069619256
1.815,0.069625564
1.816,0.069631869
1.817,0.069638171
1.818,0.069644469
1.819,0.069650764
1.82,0.069657056
1.821,0.069663345
1.822,0.069669631
1.823,0.069675913
1.824,0.069682192
1.825,0.069688468
1.826,0.06969474
1.827,0.06970101
1.828,0.069525076
1.829,0.069531319
1.83,0.069537576
1.831,0.069537332
1.832,0.069537091
1.833,0.069536852
1.834,0.069536615
1.835,0.069536381
1.836,0.06953615
1.837,0.069535921
1.838,0.069535694
1.839,0.069535471
1.84,0.069535249
1.841,0.069533775
1.842,0.069532307
1.843,0.069530844
1.844,0.069529388
1.845,0.069527937
1.846,0.069526491
1.847,0.069525051
1.848,0.069523617
1.849,0.069522189
1.85,0.069520766
1.851,0.069520322
1.852,0.069519884
1.853,0.069519454
1.854,0.069519031
1.855,0.069518615
1.856,0.069518206
1.857,0.069517804
1.858,0.06951741
1.859,0.069517023
1.86,0.069427698
1.861,0.069405937
1.862,0.069384216
1.863,0.069362535
1.864,0.069340895
1.865,0.069319295
1.866,0.069297735
1.867,0.069276215
1.868,0.069254734
1.869,0.069233294
1.87,0.069211893
1.871,0.069160633
1.872,0.0691095
1.873,0.069058494
1.874,0.069007615
1.875,0.068956861
1.876,0.068906234
1.877,0.068855731
1.878,0.068805354
1.879,0.068755101
1.88,0.068704971
1.881,0.068654966
1.882,0.068605084
1.883,0.068555324
1.884,0.068505687
1.885,0.068456172
1.886,0.068406779
1.887,0.068357506
1.888,0.068308355
1.889,0.068259324
1.89,0.068210413
1.891,0.068131164
1.892,0.068052164
1.893,0.067973411
1.894,0.067894904
1.895,0.067816643
1.896,0.067738625
1.897,0.067660851
1.898,0.067583319
1.899,0.067506028
1.9,0.067428977
1.901,0.067352166
1.902,0.067275592
1.903,0.067199256
1.904,0.067123155
1.905,0.06704729
1.906,0.06697166
1.907,0.066896262
1.908,0.066821097
1.909,0.066746162
1.91,0.066671459
1.911,0.066362486
1.912,0.06605618
1.913,0.065752506
1.914,0.065451418
1.915,0.065152906
1.916,0.064856941
1.917,0.064563492
1.918,0.064272533
1.919,0.063984035
1.92,0.06369797
1.921,0.063509756
1.922,0.063322669
1.923,0.063136701
1.924,0.062951844
1.925,0.062768087
1.926,0.062585424
1.927,0.062403844
1.928,0.062223339
1.929,0.062043902
1.93,0.061865523
1.931,0.061688194
1.932,0.061511907
1.933,0.061336655
1.934,0.061162428
1.935,0.06098922
1.936,0.060817021
1.937,0.060645825
1.938,0.060475623
1.939,0.060306409
1.94,0.060138173
1.941,0.060003891
1.942,0.059870265
1.943,0.059737291
1.944,0.059604965
1.945,0.059473283
1.946,0.05934224
1.947,0.059211833
1.948,0.059082056
1.949,0.058952908
1.95,0.058824382
1.951,0.058696476
1.952,0.058569186
1.953,0.058442507
1.954,0.058316435
1.955,0.058190967
1.956,0.058066099
1.957,0.057941828
1.958,0.057818149
1.959,0.057695058
1.96,0.057572553
1.961,0.057513881
1.962,0.057455385
1.963,0.057397063
1.964,0.057338916
1.965,0.057280942
1.966,0.057223141
1.967,0.057165512
1.968,0.057108055
1.969,0.057050768
1.97,0.056993651
1.971,0.056936704
1.972,0.056879926
1.973,0.056823316
1.974,0.056766873
1.975,0.056710597
1.976,0.056654487
1.977,0.056598543
1.978,0.056542764
1.979,0.056487149
1.98,0.056431698
1.981,0.056429402
1.982,0.056427114
1.983,0.056424836
1.984,0.056422565
1.985,0.056420304
1.986,0.05641805
1.987,0.056415806
1.988,0.056413569
1.989,0.056411342
1.99,0.056409122
1.991,0.056406911
1.992,0.056404709
1.993,0.056402515
1.994,0.056400329
1.995,0.056398152
1.996,0.056395983
1.997,0.056393824
1.998,0.056391692
1.999,0.056389567
2,0.056387451
2.001,0.056422005
2.002,0.056456556
2.003,0.056491104
2.004,0.056525649
2.005,0.056560191
2.006,0.056594731
2.007,0.056629268
2.008,0.056663802
2.009,0.056698333
2.01,0.056732861
2.011,0.056767386
2.012,0.056801909
2.013,0.056836428
2.014,0.056870944
2.015,0.056905458
2.016,0.056939969
2.017,0.056974476
2.018,0.057008981
2.019,0.057043483
2.02,0.057077981
2.021,0.057127563
2.022,0.057177161
2.023,0.057226773
2.024,0.057276401
2.025,0.057326044
2.026,0.057375702
2.027,0.057425375
2.028,0.057475064
2.029,0.057524767
2.03,0.057574485
2.031,0.057624219
2.032,0.057673967
2.033,0.05772373
2.034,0.057773508
2.035,0.057823301
2.036,0.057873109
2.037,0.057922932
2.038,0.05797277
2.039,0.058022622
2.04,0.05807249
2.041,0.058152284
2.042,0.058232165
2.043,0.058312133
2.044,0.058392188
2.045,0.05847233
2.046,0.058552558
2.047,0.058632874
2.048,0.058713277
2.049,0.058793767
2.05,0.058874344
2.051,0.058955008
2.052,0.059035759
2.053,0.059116598
2.054,0.059197524
2.055,0.059278537
2.056,0.059359637
2.057,0.059440825
2.058,0.0595221
2.059,0.059603462
2.06,0.059684912
2.061,0.059789843
2.062,0.059894951
2.063,0.060000237
2.064,0.060105703
2.065,0.060211347
2.066,0.060317169
2.067,0.060423172
2.068,0.060529354
2.069,0.060635715
2.07,0.060742257
2.071,0.060848978
2.072,0.060955881
2.073,0.061062964
2.074,0.061170228
2.075,0.061277673
2.076,0.0613853
2.077,0.061493108
2.078,0.061601099
2.079,0.061709272
2.08,0.061817627
2.081,0.061895642
2.082,0.061973712
2.083,0.062051853
2.084,0.062130066
2.085,0.062208351
2.086,0.062286707
2.087,0.062365135
2.088,0.062443635
2.089,0.062522206
2.09,0.062600849
2.091,0.062679563
2.092,0.06275835
2.093,0.062837208
2.094,0.062916137
2.095,0.062995139
2.096,0.063074212
2.097,0.063153358
2.098,0.063232574
2.099,0.063311863
2.1,0.063391224
2.101,0.063470656
2.102,0.063550161
2.103,0.063629737
2.104,0.063709385
2.105,0.063789105
2.106,0.063868896
2.107,0.06394876
2.108,0.064028696
2.109,0.064108704
2.11,0.064188783
2.111,0.064290569
2.112,0.064392492
2.113,0.064494551
2.114,0.064596747
2.115,0.06469908
2.116,0.06480155
2.117,0.064904157
2.118,0.065006901
2.119,0.065109782
2.12,0.0652128
2.121,0.065315956
2.122,0.065419249
2.123,0.06552268
2.124,0.065626249
2.125,0.065729955
2.126,0.065833799
2.127,0.065937781
2.128,0.066041901
2.129,0.066146159
2.13,0.066250556
2.131,0.066307035
2.132,0.066363525
2.133,0.066420026
2.134,0.066476536
2.135,0.066533057
2.136,0.066589589
2.137,0.06664613
2.138,0.066702682
2.139,0.066759244
2.14,0.066815816
2.141,0.066872398
2.142,0.06692899
2.143,0.066985591
2.144,0.067042203
2.145,0.067098825
2.146,0.067155456
2.147,0.067212097
2.148,0.067268748
2.149,0.067325409
2.15,0.067382079
2.151,0.067418114
2.152,0.067454136
2.153,0.067490145
2.154,0.067526141
2.155,0.067562124
2.156,0.067598093
2.157,0.067634049
2.158,0.067669992
2.159,0.067705922
2.16,0.067741838
2.161,0.067777741
2.162,0.067813631
2.163,0.067849508
2.164,0.067885371
2.165,0.06792122
2.166,0.067956546
2.167,0.067991858
2.168,0.068027157
2.169,0.068062441
2.17,0.068097713
2.171,0.068121021
2.172,0.068144312
2.173,0.068167587
2.174,0.068190846
2.175,0.068214088
2.176,0.068237313
2.177,0.068260522
2.178,0.068283714
2.179,0.06830689
2.18,0.068330049
2.181,0.068353192
2.182,0.068376318
2.183,0.068399427
2.184,0.06842252
2.185,0.068445596
2.186,0.068468656
2.187,0.068491699
2.188,0.068514726
2.189,0.068537736
2.19,0.06856073
2.191,0.068573516
2.192,0.068586289
2.193,0.068599046
2.194,0.068611789
2.195,0.068624518
2.196,0.068637231
2.197,0.068649931
2.198,0.068662616
2.199,0.068675286
2.2,0.068687941
2.201,0.068700583
2.202,0.068713209
2.203,0.068725821
2.204,0.068738419
2.205,0.068751002
2.206,0.068763571
2.207,0.068776125
2.208,0.068788665
2.209,0.06880119
2.21,0.0688137
2.211,0.068826197
2.212,0.068838678
2.213,0.068851146
2.214,0.068863598
2.215,0.068876037
2.216,0.068888461
2.217,0.06890087
2.218,0.068913265
2.219,0.068925646
2.22,0.068938012
2.221,0.06894333
2.222,0.068948636
2.223,0.068953931
2.224,0.068959214
2.225,0.068964486
2.226,0.068969746
2.227,0.068974995
2.228,0.068980233
2.229,0.068985459
2.23,0.068990674
2.231,0.068995877
2.232,0.069001069
2.233,0.069006249
2.234,0.069011418
2.235,0.069016576
2.236,0.069021722
2.237,0.069026857
2.238,0.069031981
2.239,0.069037093
2.24,0.069042194
2.241,0.069045235
2.242,0.069048276
2.243,0.069051317
2.244,0.069054358
2.245,0.069057398
2.246,0.069060438
2.247,0.069063477
2.248,0.069066516
2.249,0.069069555
2.25,0.069007556
2.251,0.069000974
2.252,0.068994396
2.253,0.06898782
2.254,0.068981246
2.255,0.068974676
2.256,0.068968109
2.257,0.068961544
2.258,0.068954982
2.259,0.068948423
2.26,0.068941867
2.261,0.068930863
2.262,0.068919868
2.263,0.068908884
2.264,0.068897909
2.265,0.068886943
2.266,0.068875987
2.267,0.068865041
2.268,0.068854104
2.269,0.068843177
2.27,0.068832259
2.271,0.068812401
2.272,0.068792567
2.273,0.068772758
2.274,0.068752974
2.275,0.068733215
2.276,0.068713482
2.277,0.068693773
2.278,0.068674088
2.279,0.068654429
2.28,0.068634794
2.281,0.068615184
2.282,0.068595598
2.283,0.068576037
2.284,0.0685565
2.285,0.068536988
2.286,0.0685175
2.287,0.068498036
2.288,0.068478597
2.289,0.068459182
2.29,0.068439791
2.291,0.068409919
2.292,0.068380094
2.293,0.068350316
2.294,0.068320586
2.295,0.068290902
2.296,0.068261264
2.297,0.068231674
2.298,0.06820213
2.299,0.068172632
2.3,0.068143181
2.301,0.068113775
2.302,0.068084416
2.303,0.068055103
2.304,0.068025836
2.305,0.067996614
2.306,0.067967438
2.307,0.067938308
2.308,0.067909223
2.309,0.067880183
2.31,0.067851189
2.311,0.067816623
2.312,0.067782117
2.313,0.067747669
2.314,0.06771328
2.315,0.067678949
2.316,0.067644676
2.317,0.067610462
2.318,0.067576305
2.319,0.067542207
2.32,0.067508166
2.321,0.067474182
2.322,0.067440256
2.323,0.067406387
2.324,0.067372575
2.325,0.06733882
2.326,0.067305122
2.327,0.067271481
2.328,0.067237896
2.329,0.067204368
2.33,0.067170895
2.331,0.067136515
2.332,0.067102192
2.333,0.067067926
2.334,0.066991041
2.335,0.066956896
2.336,0.066922808
2.337,0.066888777
2.338,0.066854803
2.339,0.066820885
2.34,0.066787024
2.341,0.066753219
2.342,0.066719471
2.343,0.066685778
2.344,0.066652141
2.345,0.06661856
2.346,0.066585035
2.347,0.066551565
2.348,0.06651815
2.349,0.06648479
2.35,0.066451486
2.351,0.066422867
2.352,0.06639429
2.353,0.066365754
2.354,0.066337259
2.355,0.066308806
2.356,0.066280393
2.357,0.066252022
2.358,0.066223691
2.359,0.066195401
2.36,0.066167152
2.361,0.066138943
2.362,0.066110775
2.363,0.066082648
2.364,0.06605456
2.365,0.066026513
2.366,0.065998506
2.367,0.065970538
2.368,0.065942611
2.369,0.065914724
2.37,0.065886876
2.371,0.065865517
2.372,0.065844181
2.373,0.065822868
2.374,0.065801578
2.375,0.065780311
2.376,0.065759068
2.377,0.065737847
2.378,0.06571665
2.379,0.065695475
2.38,0.065674323
2.381,0.065653194
2.382,0.065632088
2.383,0.065611005
2.384,0.065589944
2.385,0.065568906
2.386,0.06554789
2.387,0.065526897
2.388,0.065505926
2.389,0.065484978
2.39,0.065464052
2.391,0.065444717
2.392,0.065425397
2.393,0.065406095
2.394,0.065386808
2.395,0.065367539
2.396,0.065348285
2.397,0.065329048
2.398,0.065309827
2.399,0.065290622
2.4,0.065271434
2.401,0.065252261
2.402,0.065233105
2.403,0.065213965
2.404,0.065194841
2.405,0.065175733
2.406,0.065156641
2.407,0.065137565
2.408,0.065118504
2.409,0.06509946
2.41,0.065080431
2.411,0.065062732
2.412,0.065045045
2.413,0.06502737
2.414,0.065009707
2.415,0.064992055
2.416,0.064974415
2.417,0.064956786
2.418,0.064939119
2.419,0.064921012
2.42,0.064902916
2.421,0.064884832
2.422,0.06486676
2.423,0.064848699
2.424,0.064830649
2.425,0.064812611
2.426,0.064794585
2.427,0.06477657
2.428,0.064758566
2.429,0.064740573
2.43,0.064722592
2.431,0.064700296
2.432,0.064678016
2.433,0.064655752
2.434,0.064633505
2.435,0.064611274
2.436,0.064589059
2.437,0.06456686
2.438,0.064544678
2.439,0.064522512
2.44,0.064500362
2.441,0.064478228
2.442,0.06445611
2.443,0.064434007
2.444,0.064411921
2.445,0.064389851
2.446,0.064367797
2.447,0.064345758
2.448,0.064323735
2.449,0.064301728
2.45,0.064279736
2.451,0.06425776
2.452,0.0642358
2.453,0.064213855
2.454,0.064191926
2.455,0.064170012
2.456,0.064148114
2.457,0.064126231
2.458,0.064104363
2.459,0.064082511
2.46,0.064060674
2.461,0.064037565
2.462,0.06401447
2.463,0.063991387
2.464,0.063968318
2.465,0.063945261
2.466,0.063922217
2.467,0.063899185
2.468,0.063876167
2.469,0.063853161
2.47,0.063830168
2.471,0.063807187
2.472,0.063784219
2.473,0.063761263
2.474,0.06373832
2.475,0.06371539
2.476,0.063692471
2.477,0.063669565
2.478,0.063646672
2.479,0.063623791
2.48,0.063600921
2.481,0.063578065
2.482,0.06355522
2.483,0.063532387
2.484,0.063509567
2.485,0.063486758
2.486,0.063463962
2.487,0.063441177
2.488,0.063418405
2.489,0.063395644
2.49,0.063372895
2.491,0.063350158
2.492,0.063327433
2.493,0.063304719
2.494,0.063282018
2.495,0.063259327
2.496,0.063236649
2.497,0.063213982
2.498,0.063191326
2.499,0.063168682
2.5,0.06314605
2.501,0.063127491
2.502,0.063108927
2.503,0.063090692
2.504,0.063072596
2.505,0.063054495
2.506,0.063036388
2.507,0.063018277
2.508,0.06300016
2.509,0.062982038
2.51,0.062963912
2.511,0.06294578
2.512,0.062927642
2.513,0.0629095
2.514,0.062891353
2.515,0.0628732
2.516,0.062855042
2.517,0.062836879
2.518,0.06281871
2.519,0.062800536
2.52,0.062782357
2.521,0.06276808
2.522,0.062753782
2.523,0.062739463
2.524,0.062725124
2.525,0.062710765
2.526,0.062696384
2.527,0.062681984
2.528,0.062667562
2.529,0.06265312
2.53,0.062638658
2.531,0.062624175
2.532,0.062609671
2.533,0.062595146
2.534,0.062580601
2.535,0.062566036
2.536,0.062551449
2.537,0.062536842
2.538,0.062522214
2.539,0.062507566
2.54,0.062492897
2.541,0.062478207
2.542,0.062463496
2.543,0.062448765
2.544,0.062434013
2.545,0.06241924
2.546,0.062404446
2.547,0.062389632
2.548,0.062374797
2.549,0.062359941
2.55,0.062345064
2.551,0.062339697
2.552,0.062334308
2.553,0.062328897
2.554,0.062323464
2.555,0.062318009
2.556,0.062312531
2.557,0.062307032
2.558,0.062301511
2.559,0.062295967
2.56,0.062290402
2.561,0.062284814
2.562,0.062279204
2.563,0.062273573
2.564,0.062267919
2.565,0.062262243
2.566,0.062256545
2.567,0.062250825
2.568,0.062245082
2.569,0.062239318
2.57,0.062233532
2.571,0.062202494
2.572,0.062171383
2.573,0.062140199
2.574,0.06210894
2.575,0.062077607
2.576,0.062046201
2.577,0.06201472
2.578,0.061983165
2.579,0.061951536
2.58,0.061919833
2.581,0.061894208
2.582,0.061868563
2.583,0.061842895
2.584,0.061817207
2.585,0.061791497
2.586,0.061765765
2.587,0.061740048
2.588,0.061714333
2.589,0.061688596
2.59,0.061662837
2.591,0.061631589
2.592,0.061600323
2.593,0.06156904
2.594,0.061537741
2.595,0.061506424
2.596,0.06147509
2.597,0.061443739
2.598,0.061412371
2.599,0.061380986
2.6,0.061349584
2.601,0.061306053
2.602,0.061262534
2.603,0.061219025
2.604,0.061175526
2.605,0.061132038
2.606,0.06108856
2.607,0.061045092
2.608,0.061001634
2.609,0.060958186
2.61,0.060914748
2.611,0.06087132
2.612,0.060827901
2.613,0.060784492
2.614,0.060741092
2.615,0.060697701
2.616,0.06065432
2.617,0.060610947
2.618,0.060567584
2.619,0.060524229
2.62,0.060480884
2.621,0.060392317
2.622,0.06030395
2.623,0.060215782
2.624,0.060127813
2.625,0.060040041
2.626,0.059952466
2.627,0.059865086
2.628,0.0597779
2.629,0.059690909
2.63,0.059604111
2.631,0.059517505
2.632,0.059431091
2.633,0.059344867
2.634,0.059258832
2.635,0.059172987
2.636,0.059087329
2.637,0.059001859
2.638,0.058916576
2.639,0.058831477
2.64,0.058746564
2.641,0.058661835
2.642,0.058577288
2.643,0.058492925
2.644,0.058408742
2.645,0.058324741
2.646,0.05824092
2.647,0.058157277
2.648,0.058073814
2.649,0.057990528
2.65,0.057907419
2.651,0.057824486
2.652,0.057741728
2.653,0.057659145
2.654,0.057576736
2.655,0.0574945
2.656,0.057412436
2.657,0.057330544
2.658,0.057248823
2.659,0.057167272
2.66,0.05708589
2.661,0.057004678
2.662,0.056923633
2.663,0.056842755
2.664,0.056762043
2.665,0.056681498
2.666,0.056601118
2.667,0.056520902
2.668,0.056440849
2.669,0.05636096
2.67,0.056281232
2.671,0.056201626
2.672,0.056122164
2.673,0.056042861
2.674,0.055963718
2.675,0.055884734
2.676,0.055805908
2.677,0.055727239
2.678,0.055648727
2.679,0.055570372
2.68,0.055492171
2.681,0.055228854
2.682,0.054967708
2.683,0.05470871
2.684,0.054451837
2.685,0.054197064
2.686,0.05394437
2.687,0.053693731
2.688,0.053445125
2.689,0.053198531
2.69,0.052953926
2.691,0.052711289
2.692,0.0524706
2.693,0.052231836
2.694,0.051994979
2.695,0.051760007
2.696,0.0515269
2.697,0.05129564
2.698,0.051066205
2.699,0.050838579
2.7,0.05061274
2.701,0.050388672
2.702,0.050166355
2.703,0.049945771
2.704,0.049726903
2.705,0.049509732
2.706,0.049294241
2.707,0.049080413
2.708,0.048868232
2.709,0.048657679
2.71,0.04844874
2.711,0.048241397
2.712,0.048035633
2.713,0.047831435
2.714,0.047628785
2.715,0.047427668
2.716,0.047228069
2.717,0.047029972
2.718,0.046833363
2.719,0.046638228
2.72,0.04644455
2.721,0.046252317
2.722,0.046061514
2.723,0.045872127
2.724,0.045684142
2.725,0.045497545
2.726,0.045312323
2.727,0.045128463
2.728,0.044945951
2.729,0.044764774
2.73,0.04458492
2.731,0.043882255
2.732,0.043200372
2.733,0.042538526
2.734,0.041896006
2.735,0.04127213
2.736,0.040666246
2.737,0.040077732
2.738,0.039505988
2.739,0.038950443
2.74,0.038410548
2.741,0.037885776
2.742,0.037375622
2.743,0.036879601
2.744,0.03639725
2.745,0.03592812
2.746,0.035471783
2.747,0.035027827
2.748,0.034595855
2.749,0.034175486
2.75,0.033766354
2.751,0.033368105
2.752,0.032980401
2.753,0.032602914
2.754,0.032235329
2.755,0.031877375
2.756,0.03152875
2.757,0.031189149
2.758,0.030858303
2.759,0.030535949
2.76,0.030221834
2.761,0.029915715
2.762,0.029617357
2.763,0.029326533
2.764,0.029043023
2.765,0.028766617
2.766,0.028497109
2.767,0.028234302
2.768,0.027978005
2.769,0.027728034
2.77,0.02748421
2.771,0.027246361
2.772,0.02701432
2.773,0.026787926
2.774,0.026567022
2.775,0.026351457
2.776,0.026141085
2.777,0.025935764
2.778,0.025735357
2.779,0.025539732
2.78,0.02534876
2.781,0.02493388
2.782,0.024540735
2.783,0.024168044
2.784,0.023814616
2.785,0.023479334
2.786,0.023161158
2.787,0.022859112
2.788,0.022572286
2.789,0.022299826
2.79,0.02204093
2.791,0.02179485
2.792,0.021560881
2.793,0.021338362
2.794,0.021126674
2.795,0.020925232
2.796,0.02073349
2.797,0.02055093
2.798,0.020377069
2.799,0.020211449
2.8,0.02005364
2.801,0.019903236
2.802,0.019759856
2.803,0.019623138
2.804,0.019492742
2.805,0.019368348
2.806,0.019249652
2.807,0.019136369
2.808,0.019028226
2.809,0.018924969
2.81,0.018826356
2.811,0.018732158
2.812,0.018642159
2.813,0.018556153
2.814,0.018473948
2.815,0.018395358
2.816,0.018320212
2.817,0.018248342
2.818,0.018179594
2.819,0.018113819
2.82,0.018050877
2.821,0.017887491
2.822,0.017741688
2.823,0.017611347
2.824,0.017494624
2.825,0.017389909
2.826,0.017295801
2.827,0.017211074
2.828,0.017134656
2.829,0.017065606
2.83,0.017003102
2.831,0.016968527
2.832,0.016936151
2.833,0.016905819
2.834,0.016877385
2.835,0.016850717
2.836,0.016825692
2.837,0.016802196
2.838,0.016780125
2.839,0.016759561
2.84,0.016740413
2.841,0.016722422
2.842,0.01670551
2.843,0.016689608
2.844,0.016674649
2.845,0.016660573
2.846,0.016647324
2.847,0.016634851
2.848,0.016623104
2.849,0.016612039
2.85,0.016601614
2.851,0.016588126
2.852,0.016575584
2.853,0.016563914
2.854,0.016553053
2.855,0.016542941
2.856,0.016533522
2.857,0.016524748
2.858,0.016516572
2.859,0.016508954
2.86,0.016501855
2.861,0.016495239
2.862,0.016489076
2.863,0.016483334
2.864,0.016477987
2.865,0.016473009
2.866,0.016468378
2.867,0.016464072
2.868,0.016460072
2.869,0.016456358
2.87,0.016452914
2.871,0.016437168
2.872,0.016423403
2.873,0.016411303
2.874,0.016400613
2.875,0.016391122
2.876,0.016382656
2.877,0.016375069
2.878,0.01636824
2.879,0.016362067
2.88,0.016356463
2.881,0.016356559
2.882,0.016356863
2.883,0.016357355
2.884,0.016358017
2.885,0.016358832
2.886,0.016359787
2.887,0.016360867
2.888,0.016362061
2.889,0.016363358
2.89,0.016364749
2.891,0.016366226
2.892,0.01636778
2.893,0.016369404
2.894,0.016371093
2.895,0.016372841
2.896,0.016374642
2.897,0.016376492
2.898,0.016378387
2.899,0.016380323
2.9,0.016382297
2.901,0.016386363
2.902,0.016390457
2.903,0.016394578
2.904,0.016398723
2.905,0.016402889
2.906,0.016407075
2.907,0.016411277
2.908,0.016415496
2.909,0.016419728
2.91,0.016423973
2.911,0.016428229
2.912,0.016432496
2.913,0.016436772
2.914,0.016441056
2.915,0.016445349
2.916,0.016449648
2.917,0.016453953
2.918,0.016458264
2.919,0.016462581
2.92,0.016466902
2.921,0.016475161
2.922,0.016483449
2.923,0.016491764
2.924,0.016500103
2.925,0.016508465
2.926,0.016516849
2.927,0.016525254
2.928,0.016533679
2.929,0.016542124
2.93,0.016550589
2.931,0.016557921
2.932,0.016565262
2.933,0.016572612
2.934,0.016579971
2.935,0.01658734
2.936,0.016594718
2.937,0.016602106
2.938,0.016609503
2.939,0.01661691
2.94,0.016624326
2.941,0.016631752
2.942,0.016639188
2.943,0.016646634
2.944,0.016654089
2.945,0.016661554
2.946,0.016669029
2.947,0.016676515
2.948,0.01668401
2.949,0.016691515
2.95,0.016699031
2.951,0.016705948
2.952,0.016712871
2.953,0.016719802
2.954,0.016726738
2.955,0.016733682
2.956,0.016740632
2.957,0.016747589
2.958,0.016754553
2.959,0.016761524
2.96,0.016768501
2.961,0.016775486
2.962,0.016782477
2.963,0.016789475
2.964,0.01679648
2.965,0.016803492
2.966,0.016810511
2.967,0.016817537
2.968,0.016824571
2.969,0.016831611
2.97,0.016838658
2.971,0.016845728
2.972,0.016852805
2.973,0.016859889
2.974,0.01686698
2.975,0.016874079
2.976,0.016881185
2.977,0.016888298
2.978,0.016895419
2.979,0.016902548
2.98,0.016909683
2.981,0.016916826
2.982,0.016923977
2.983,0.016931135
2.984,0.016938301
2.985,0.016945474
2.986,0.016952655
2.987,0.016959844
2.988,0.01696704
2.989,0.016974244
2.99,0.016981455
2.991,0.016992987
2.992,0.017004573
2.993,0.017016211
2.994,0.017027905
2.995,0.017039653
2.996,0.017051456
2.997,0.017063315
2.998,0.01707523
2.999,0.017087202
3,0.017099231
3.001,0.017109773
3.002,0.017120353
3.003,0.017130969
3.004,0.017141622
3.005,0.017152312
3.006,0.01716293
3.007,0.01717333
3.008,0.017183768
3.009,0.017194244
3.01,0.017204758
3.011,0.017215311
3.012,0.017225902
3.013,0.017236533
3.014,0.017247203
3.015,0.017257912
3.016,0.017268661
3.017,0.017279449
3.018,0.017290278
3.019,0.017301147
3.02,0.017312056
3.021,0.017327077
3.022,0.017342203
3.023,0.017357436
3.024,0.017372776
3.025,0.017388225
3.026,0.017403783
3.027,0.017419451
3.028,0.017435229
3.029,0.017451118
3.03,0.01746712
3.031,0.017483235
3.032,0.017499464
3.033,0.017515806
3.034,0.017532264
3.035,0.017548838
3.036,0.017565528
3.037,0.017582336
3.038,0.017599261
3.039,0.017616305
3.04,0.017633468
3.041,0.017657826
3.042,0.017682471
3.043,0.017707406
3.044,0.017732633
3.045,0.017758154
3.046,0.017783971
3.047,0.017810087
3.048,0.017836504
3.049,0.017863224
3.05,0.017890248
3.051,0.017917579
3.052,0.017945219
3.053,0.017973169
3.054,0.018001432
3.055,0.01803001
3.056,0.018058903
3.057,0.018088114
3.058,0.018117644
3.059,0.018147496
3.06,0.018177671
3.061,0.018217544
3.062,0.018258016
3.063,0.018299092
3.064,0.018340775
3.065,0.018383069
3.066,0.018425977
3.067,0.018469502
3.068,0.018513648
3.069,0.018558417
3.07,0.018603813
3.071,0.018649839
3.072,0.018696497
3.073,0.018743791
3.074,0.018791722
3.075,0.018840293
3.076,0.018889507
3.077,0.018939367
3.078,0.018989873
3.079,0.019041029
3.08,0.019092837
3.081,0.019140324
3.082,0.019188339
3.083,0.019236884
3.084,0.019285958
3.085,0.019335564
3.086,0.019385703
3.087,0.019436376
3.088,0.019487584
3.089,0.019539328
3.09,0.01965615
3.091,0.019709349
3.092,0.019763087
3.093,0.019817365
3.094,0.019872185
3.095,0.019927546
3.096,0.019983451
3.097,0.020039898
3.098,0.02009689
3.099,0.020154427
3.1,0.020212509
3.101,0.020255009
3.102,0.020297778
3.103,0.020340817
3.104,0.020384125
3.105,0.020427704
3.106,0.020471553
3.107,0.020515672
3.108,0.020560061
3.109,0.020604721
3.11,0.020649652
3.111,0.020694854
3.112,0.020740327
3.113,0.020786071
3.114,0.020832086
3.115,0.020878373
3.116,0.02092493
3.117,0.02097176
3.118,0.021018861
3.119,0.021066233
3.12,0.021113877
3.121,0.021151869
3.122,0.021190022
3.123,0.021228337
3.124,0.021266814
3.125,0.021305452
3.126,0.021344252
3.127,0.021383214
3.128,0.021422338
3.129,0.021461623
3.13,0.02150107
3.131,0.021540679
3.132,0.02158045
3.133,0.021620383
3.134,0.021660477
3.135,0.021700733
3.136,0.021741151
3.137,0.021781731
3.138,0.021822472
3.139,0.021863375
3.14,0.02190444
3.141,0.021942131
3.142,0.021979954
3.143,0.022017909
3.144,0.022055996
3.145,0.022094215
3.146,0.022132566
3.147,0.022171049
3.148,0.022209664
3.149,0.022248411
3.15,0.022287289
3.151,0.0223263
3.152,0.022365442
3.153,0.022404716
3.154,0.022444122
3.155,0.022483659
3.156,0.022523329
3.157,0.02256313
3.158,0.022603062
3.159,0.022643126
3.16,0.022683322
3.161,0.022714582
3.162,0.022745916
3.163,0.022777323
3.164,0.022808804
3.165,0.022840357
3.166,0.022871984
3.167,0.022903685
3.168,0.022935458
3.169,0.022967305
3.17,0.022999225
3.171,0.023031218
3.172,0.023063285
3.173,0.023128221
3.174,0.023160452
3.175,0.023192756
3.176,0.023225133
3.177,0.023257584
3.178,0.023290107
3.179,0.023322703
3.18,0.023355373
3.181,0.023371059
3.182,0.023386757
3.183,0.023402467
3.184,0.023418188
3.185,0.023433921
3.186,0.023449666
3.187,0.023465422
3.188,0.02348119
3.189,0.023496969
3.19,0.02351276
3.191,0.023528563
3.192,0.023544377
3.193,0.023560203
3.194,0.023576041
3.195,0.02359189
3.196,0.023607751
3.197,0.023623624
3.198,0.023639508
3.199,0.023655405
3.2,0.023671313
3.201,0.023670784
3.202,0.023670258
3.203,0.023669736
3.204,0.023669216
3.205,0.0236687
3.206,0.023668188
3.207,0.023667678
3.208,0.023667172
3.209,0.02366667
3.21,0.023666171
3.211,0.023665675
3.212,0.023665184
3.213,0.023664696
3.214,0.023664212
3.215,0.023663733
3.216,0.023663257
3.217,0.023662786
3.218,0.02366232
3.219,0.023661858
3.22,0.023661402
3.221,0.023654449
3.222,0.023647511
3.223,0.023640587
3.224,0.023633678
3.225,0.023626783
3.226,0.023619904
3.227,0.02361304
3.228,0.023606191
3.229,0.023599359
3.23,0.023592542
3.231,0.023585741
3.232,0.023578957
3.233,0.023572191
3.234,0.023565441
3.235,0.023558709
3.236,0.023551996
3.237,0.023545301
3.238,0.023538626
3.239,0.023531971
3.24,0.023525336
3.241,0.023519973
3.242,0.023514625
3.243,0.023509294
3.244,0.023503979
3.245,0.023498682
3.246,0.023493402
3.247,0.023488141
3.248,0.023482899
3.249,0.023477676
3.25,0.023472474
3.251,0.023467293
3.252,0.023462134
3.253,0.023456998
3.254,0.023451885
3.255,0.023446798
3.256,0.023441733
3.257,0.023436683
3.258,0.023431662
3.259,0.023426671
3.26,0.023421711
3.261,0.023412185
3.262,0.023402709
3.263,0.023393284
3.264,0.023383913
3.265,0.023374599
3.266,0.023365346
3.267,0.023356156
3.268,0.023347033
3.269,0.023337981
3.27,0.023329005
3.271,0.023320109
3.272,0.023311299
3.273,0.02330258
3.274,0.02329396
3.275,0.023285445
3.276,0.023277044
3.277,0.023268765
3.278,0.023260617
3.279,0.023252612
3.28,0.023244762
3.281,0.023237042
3.282,0.023229381
3.283,0.023221778
3.284,0.023214238
3.285,0.023206761
3.286,0.02319935
3.287,0.023192007
3.288,0.023184734
3.289,0.023177535
3.29,0.023170412
3.291,0.023163368
3.292,0.023156406
3.293,0.023149529
3.294,0.023142741
3.295,0.023136046
3.296,0.023129447
3.297,0.023122948
3.298,0.023116555
3.299,0.02311027
3.3,0.0231041
3.301,0.023100694
3.302,0.023097422
3.303,0.023094292
3.304,0.023091312
3.305,0.023088489
3.306,0.023085833
3.307,0.023083354
3.308,0.02308106
3.309,0.023078963
3.31,0.023077075
3.311,0.023075407
3.312,0.023073972
3.313,0.023072786
3.314,0.023071862
3.315,0.023071218
3.316,0.023070869
3.317,0.023070835
3.318,0.023071136
3.319,0.023071792
3.32,0.023072826
3.321,0.023074525
3.322,0.023076371
3.323,0.023078368
3.324,0.023080523
3.325,0.023082841
3.326,0.023085328
3.327,0.023087991
3.328,0.023090836
3.329,0.023093871
3.33,0.023097102
3.331,0.023100537
3.332,0.023104183
3.333,0.02310805
3.334,0.023112145
3.335,0.023116478
3.336,0.023121057
3.337,0.023125893
3.338,0.023130995
3.339,0.023136374
3.34,0.02320846
3.341,0.023214436
3.342,0.023220724
3.343,0.023227336
3.344,0.023234285
3.345,0.023241585
3.346,0.02324925
3.347,0.023257294
3.348,0.023265734
3.349,0.023274586
3.35,0.023283866
3.351,0.023293179
3.352,0.023303192
3.353,0.02331394
3.354,0.023325462
3.355,0.023337796
3.356,0.023350986
3.357,0.023365075
3.358,0.02338011
3.359,0.023396141
3.36,0.023413219
3.361,0.023431401
3.362,0.023450744
3.363,0.023471311
3.364,0.023493167
3.365,0.023516381
3.366,0.023541026
3.367,0.02356718
3.368,0.023594925
3.369,0.023624349
3.37,0.023655542
3.371,0.023679076
3.372,0.023703714
3.373,0.023729501
3.374,0.023756484
3.375,0.023784713
3.376,0.02381424
3.377,0.023845118
3.378,0.023877404
3.379,0.023911155
3.38,0.023946435
3.381,0.023983308
3.382,0.02402184
3.383,0.024062102
3.384,0.024104168
3.385,0.024148114
3.386,0.024194023
3.387,0.024241977
3.388,0.024292066
3.389,0.024344382
3.39,0.024399023
3.391,0.024442362
3.392,0.024487153
3.393,0.024533445
3.394,0.024581287
3.395,0.02463073
3.396,0.024681829
3.397,0.024734638
3.398,0.024789214
3.399,0.024845618
3.4,0.02490391
3.401,0.024964155
3.402,0.025026418
3.403,0.025090769
3.404,0.025157278
3.405,0.025226021
3.406,0.025297073
3.407,0.025370514
3.408,0.025446428
3.409,0.025524899
3.41,0.025606019
3.411,0.025654469
3.412,0.025703778
3.413,0.025753962
3.414,0.025805038
3.415,0.025857021
3.416,0.025909931
3.417,0.025963783
3.418,0.026018597
3.419,0.026074391
3.42,0.026131183
3.421,0.026188993
3.422,0.026247841
3.423,0.026376992
3.424,0.026438006
3.425,0.026500118
3.426,0.026563352
3.427,0.026627728
3.428,0.026693268
3.429,0.026759996
3.43,0.026827935
3.431,0.026897108
3.432,0.026967541
3.433,0.027039257
3.434,0.027112282
3.435,0.027186642
3.436,0.027262364
3.437,0.027339474
3.438,0.027418001
3.439,0.027497973
3.44,0.027579419
3.441,0.027683311
3.442,0.027789729
3.443,0.027898738
3.444,0.028010407
3.445,0.028124805
3.446,0.028242004
3.447,0.028362079
3.448,0.028485105
3.449,0.028611162
3.45,0.02874033
3.451,0.028872693
3.452,0.029008337
3.453,0.029147351
3.454,0.029289826
3.455,0.029435856
3.456,0.029585538
3.457,0.029738974
3.458,0.029896265
3.459,0.030057519
3.46,0.030222846
3.461,0.030358867
3.462,0.030497625
3.463,0.03063918
3.464,0.030783594
3.465,0.030930932
3.466,0.031081258
3.467,0.03123464
3.468,0.031391146
3.469,0.031550846
3.47,0.031713814
3.471,0.031880123
3.472,0.03204985
3.473,0.032223073
3.474,0.032399873
3.475,0.032580331
3.476,0.032764532
3.477,0.032952564
3.478,0.033144516
3.479,0.03334048
3.48,0.033540549
3.481,0.033649145
3.482,0.033758883
3.483,0.033869776
3.484,0.033981837
3.485,0.034095081
3.486,0.034209521
3.487,0.034325172
3.488,0.034442047
3.489,0.034560162
3.49,0.034679531
3.491,0.034800168
3.492,0.03492209
3.493,0.035045311
3.494,0.035169847
3.495,0.035295714
3.496,0.035422927
3.497,0.035551504
3.498,0.035681459
3.499,0.035812811
3.5,0.035945576
3.501,0.036079771
3.502,0.036215413
3.503,0.036352521
3.504,0.036491112
3.505,0.036631203
3.506,0.036772393
3.507,0.03691512
3.508,0.037059403
3.509,0.037205263
3.51,0.037352717
3.511,0.037526529
3.512,0.037702612
3.513,0.037880999
3.514,0.038061725
3.515,0.038244825
3.516,0.038430333
3.517,0.038618285
3.518,0.038808718
3.519,0.039001669
3.52,0.039197175
3.521,0.039395276
3.522,0.039596009
3.523,0.039799415
3.524,0.040005535
3.525,0.040214409
3.526,0.04042608
3.527,0.04064059
3.528,0.040857982
3.529,0.041078302
3.53,0.041301594
3.531,0.041422589
3.532,0.041544395
3.533,0.04166702
3.534,0.041790469
3.535,0.041914748
3.536,0.042039864
3.537,0.042165824
3.538,0.042292632
3.539,0.042420297
3.54,0.042548824
3.541,0.04267822
3.542,0.042808492
3.543,0.042939646
3.544,0.04307169
3.545,0.043204629
3.546,0.043338471
3.547,0.043473222
3.548,0.043608891
3.549,0.043745483
3.55,0.043883006
3.551,0.044021466
3.552,0.044160873
3.553,0.044301232
3.554,0.04444255
3.555,0.044584837
3.556,0.044728098
3.557,0.044872342
3.558,0.045017576
3.559,0.045163808
3.56,0.045311046
3.561,0.04542923
3.562,0.045548039
3.563,0.045667476
3.564,0.045787544
3.565,0.045908247
3.566,0.046029589
3.567,0.046151573
3.568,0.046274204
3.569,0.046397484
3.57,0.046521418
3.571,0.046646009
3.572,0.046771262
3.573,0.04689718
3.574,0.047023766
3.575,0.047151026
3.576,0.047278962
3.577,0.047407579
3.578,0.04753688
3.579,0.04766687
3.58,0.047797553
3.581,0.047928932
3.582,0.048061012
3.583,0.048193797
3.584,0.048327291
3.585,0.048461498
3.586,0.048596423
3.587,0.048732069
3.588,0.04886844
3.589,0.049005542
3.59,0.049143796
3.591,0.049282836
3.592,0.049422619
3.593,0.04956315
3.594,0.049704433
3.595,0.049846474
3.596,0.049989276
3.597,0.050132844
3.598,0.050277182
3.599,0.050422296
3.6,0.050568189
3.601,0.050714866
3.602,0.050862333
3.603,0.051010593
3.604,0.051159652
3.605,0.051309514
3.606,0.051460184
3.607,0.051611666
3.608,0.051763967
3.609,0.051917091
3.61,0.052071042
3.611,0.052225826
3.612,0.052381447
3.613,0.052537911
3.614,0.052695223
3.615,0.052853388
3.616,0.053012411
3.617,0.053172298
3.618,0.053333053
3.619,0.053494682
3.62,0.05365719
3.621,0.053706341
3.622,0.053755539
3.623,0.053804781
3.624,0.053854069
3.625,0.053903402
3.626,0.05395278
3.627,0.054002203
3.628,0.054051672
3.629,0.054101186
3.63,0.054150745
3.631,0.054200349
3.632,0.054249999
3.633,0.054299694
3.634,0.054349434
3.635,0.054399219
3.636,0.054449049
3.637,0.054498924
3.638,0.054548845
3.639,0.05459881
3.64,0.054648821
3.641,0.054698877
3.642,0.054748977
3.643,0.054799123
3.644,0.054849314
3.645,0.05489955
3.646,0.054949831
3.647,0.055000157
3.648,0.055050528
3.649,0.055100944
3.65,0.055151405
3.651,0.055201911
3.652,0.055252462
3.653,0.055303058
3.654,0.055353699
3.655,0.055404384
3.656,0.055455115
3.657,0.05550589
3.658,0.05555671
3.659,0.055607575
3.66,0.055658485
3.661,0.05570944
3.662,0.05576044
3.663,0.055811484
3.664,0.055862573
3.665,0.055913707
3.666,0.055964885
3.667,0.056016109
3.668,0.056067377
3.669,0.056118689
3.67,0.056170047
3.671,0.056221449
3.672,0.056272895
3.673,0.056485696
3.674,0.056537254
3.675,0.056588857
3.676,0.056640504
3.677,0.056692196
3.678,0.056743933
3.679,0.056795713
3.68,0.056847539
3.681,0.056899409
3.682,0.056951323
3.683,0.057003282
3.684,0.057055286
3.685,0.057107334
3.686,0.057159426
3.687,0.057211563
3.688,0.057263744
3.689,0.057315969
3.69,0.057368239
3.691,0.057420553
3.692,0.057472911
3.693,0.057525314
3.694,0.057577761
3.695,0.057630252
3.696,0.057682787
3.697,0.057735366
3.698,0.05778799
3.699,0.057840658
3.7,0.05789337
3.701,0.057946126
3.702,0.057998926
3.703,0.05805177
3.704,0.058104658
3.705,0.05815759
3.706,0.058210567
3.707,0.058263587
3.708,0.058316651
3.709,0.058369759
3.71,0.058422911
3.711,0.058476107
3.712,0.058529346
3.713,0.05858263
3.714,0.058635957
3.715,0.058689328
3.716,0.058742743
3.717,0.058796201
3.718,0.058849703
3.719,0.058903249
3.72,0.058956839
3.721,0.059010472
3.722,0.059064149
3.723,0.059117869
3.724,0.059171633
3.725,0.05922544
3.726,0.059279291
3.727,0.059333186
3.728,0.059387123
3.729,0.059441105
3.73,0.059495129
3.731,0.059483228
3.732,0.059471343
3.733,0.059459474
3.734,0.05944762
3.735,0.059435783
3.736,0.059423961
3.737,0.059412155
3.738,0.059400365
3.739,0.059388591
3.74,0.059376833
3.741,0.05936509
3.742,0.059353363
3.743,0.059341652
3.744,0.059329956
3.745,0.059318276
3.746,0.059306611
3.747,0.059294962
3.748,0.059283329
3.749,0.059271711
3.75,0.059260108
3.751,0.059248521
3.752,0.05923695
3.753,0.059225393
3.754,0.059213852
3.755,0.059245315
3.756,0.059233306
3.757,0.059221312
3.758,0.059209334
3.759,0.059197371
3.76,0.059185423
3.761,0.05917349
3.762,0.059161573
3.763,0.05914967
3.764,0.059137783
3.765,0.059125911
3.766,0.059114054
3.767,0.059102212
3.768,0.059090385
3.769,0.059078573
3.77,0.059066775
3.771,0.059054993
3.772,0.059043226
3.773,0.059031474
3.774,0.059019736
3.775,0.059008013
3.776,0.058996305
3.777,0.058984612
3.778,0.058972933
3.779,0.05896127
3.78,0.058949621
3.781,0.058897436
3.782,0.058845394
3.783,0.058793494
3.784,0.058741736
3.785,0.058690119
3.786,0.058638643
3.787,0.058587308
3.788,0.058536112
3.789,0.058485055
3.79,0.058434137
3.791,0.058383357
3.792,0.058332715
3.793,0.058282211
3.794,0.058231843
3.795,0.058181611
3.796,0.058131516
3.797,0.058081556
3.798,0.05803173
3.799,0.05798204
3.8,0.057932483
3.801,0.057883059
3.802,0.057833769
3.803,0.057784611
3.804,0.057735586
3.805,0.057686692
3.806,0.057637929
3.807,0.057589297
3.808,0.057540795
3.809,0.057492423
3.81,0.057444181
3.811,0.057396067
3.812,0.057348082
3.813,0.057300225
3.814,0.057252496
3.815,0.057204894
3.816,0.057157418
3.817,0.057110069
3.818,0.057062846
3.819,0.057015748
3.82,0.056968775
3.821,0.056921927
3.822,0.056875202
3.823,0.056828602
3.824,0.056782125
3.825,0.056735771
3.826,0.056689539
3.827,0.056643429
3.828,0.056597441
3.829,0.056551574
3.83,0.056505828
3.831,0.056460203
3.832,0.056414697
3.833,0.056369311
3.834,0.056324044
3.835,0.056278896
3.836,0.056233866
3.837,0.056188955
3.838,0.05614416
3.839,0.056099157
3.84,0.056054132
3.841,0.056009223
3.842,0.05596443
3.843,0.055919753
3.844,0.055875191
3.845,0.055830745
3.846,0.055786413
3.847,0.055742195
3.848,0.055698092
3.849,0.055654102
3.85,0.055610225
3.851,0.055551893
3.852,0.055493745
3.853,0.05543578
3.854,0.055377997
3.855,0.055320396
3.856,0.055262977
3.857,0.055205737
3.858,0.055148677
3.859,0.055091796
3.86,0.055035093
3.861,0.054978567
3.862,0.054922218
3.863,0.054866045
3.864,0.054810047
3.865,0.054754224
3.866,0.054698575
3.867,0.054643099
3.868,0.054587796
3.869,0.054532664
3.87,0.054477703
3.871,0.054422913
3.872,0.054368293
3.873,0.054313842
3.874,0.05425956
3.875,0.054205445
3.876,0.054151498
3.877,0.054097717
3.878,0.054044101
3.879,0.053990652
3.88,0.053937366
3.881,0.053884245
3.882,0.053831287
3.883,0.053778491
3.884,0.053725858
3.885,0.053673386
3.886,0.053621074
3.887,0.053568923
3.888,0.053516932
3.889,0.053465099
3.89,0.053413425
3.891,0.053361908
3.892,0.053310548
3.893,0.053259345
3.894,0.053208298
3.895,0.053157406
3.896,0.053106668
3.897,0.053056085
3.898,0.053005655
3.899,0.052955378
3.9,0.052905254
3.901,0.052855281
3.902,0.052805459
3.903,0.052755788
3.904,0.052706267
3.905,0.052656896
3.906,0.052607673
3.907,0.052558599
3.908,0.052509672
3.909,0.052460893
3.91,0.05241226
3.911,0.052363773
3.912,0.052315432
3.913,0.052267235
3.914,0.052219184
3.915,0.052171276
3.916,0.052123511
3.917,0.052075889
3.918,0.05202841
3.919,0.051981072
3.92,0.051933876
3.921,0.05188682
3.922,0.051839904
3.923,0.051793219
3.924,0.051747036
3.925,0.051700991
3.926,0.051655085
3.927,0.051609316
3.928,0.051563683
3.929,0.051518187
3.93,0.051472827
3.931,0.051427602
3.932,0.051382511
3.933,0.051337555
3.934,0.051292733
3.935,0.051248045
3.936,0.051203489
3.937,0.051159065
3.938,0.051114773
3.939,0.051070613
3.94,0.051026583
3.941,0.050982684
3.942,0.050938915
3.943,0.050895275
3.944,0.050851765
3.945,0.050808382
3.946,0.050765128
3.947,0.050722001
3.948,0.050679002
3.949,0.050636129
3.95,0.050593382
3.951,0.050550761
3.952,0.050508266
3.953,0.050465895
3.954,0.050423648
3.955,0.050381526
3.956,0.050339527
3.957,0.05029765
3.958,0.050255897
3.959,0.050214266
3.96,0.050172756
3.961,0.050131367
3.962,0.0500901
3.963,0.050048953
3.964,0.050007925
3.965,0.049967018
3.966,0.049926229
3.967,0.049885559
3.968,0.049845008
3.969,0.049804574
3.97,0.049764257
3.971,0.049716433
3.972,0.049668765
3.973,0.049621252
3.974,0.049573895
3.975,0.049526692
3.976,0.049479643
3.977,0.049432748
3.978,0.049386005
3.979,0.049339414
3.98,0.049292974
3.981,0.049246686
3.982,0.049200547
3.983,0.049154559
3.984,0.049108719
3.985,0.049063028
3.986,0.049017485
3.987,0.048972089
3.988,0.04892684
3.989,0.048881737
3.99,0.048836779
3.991,0.048791967
3.992,0.048747299
3.993,0.048702775
3.994,0.048658394
3.995,0.048614156
3.996,0.048570061
3.997,0.048526107
3.998,0.048482294
3.999,0.048438621
4,0.048395089
4.001,0.048351696
4.002,0.048308442
4.003,0.048265327
4.004,0.048222349
4.005,0.048179508
4.006,0.048136805
4.007,0.048074656
4.008,0.048012338
4.009,0.047969606
4.01,0.04792701
4.011,0.047884548
4.012,0.04784222
4.013,0.047800025
4.014,0.047757963
4.015,0.047716033
4.016,0.047674236
4.017,0.047632569
4.018,0.047591034
4.019,0.047549629
4.02,0.047508353
4.021,0.047467207
4.022,0.04742619
4.023,0.047385302
4.024,0.047344541
4.025,0.047303907
4.026,0.047263401
4.027,0.047223021
4.028,0.047182767
4.029,0.047142638
4.03,0.047102635
4.031,0.047062755
4.032,0.047023001
4.033,0.046983369
4.034,0.046943861
4.035,0.046904476
4.036,0.046865212
4.037,0.046826071
4.038,0.046787051
4.039,0.046748151
4.04,0.046709372
4.041,0.046670713
4.042,0.046632174
4.043,0.046593754
4.044,0.046555452
4.045,0.046517269
4.046,0.046479203
4.047,0.046441254
4.048,0.046403423
4.049,0.046365708
4.05,0.046328109
4.051,0.046290625
4.052,0.046253257
4.053,0.046216003
4.054,0.046178864
4.055,0.046141838
4.056,0.046104926
4.057,0.046068128
4.058,0.046031441
4.059,0.045994867
4.06,0.045958405
4.061,0.045922055
4.062,0.045885815
4.063,0.045849686
4.064,0.045813667
4.065,0.045777758
4.066,0.045741958
4.067,0.045706267
4.068,0.045670685
4.069,0.045635211
4.07,0.045599845
4.071,0.045564586
4.072,0.045529435
4.073,0.04549439
4.074,0.045459451
4.075,0.045424618
4.076,0.045389891
4.077,0.045355268
4.078,0.045320751
4.079,0.045286338
4.08,0.045252028
4.081,0.045217823
4.082,0.045183721
4.083,0.045149721
4.084,0.045115824
4.085,0.045082029
4.086,0.045048336
4.087,0.045014745
4.088,0.044981254
4.089,0.044947864
4.09,0.044914575
4.091,0.044881385
4.092,0.044818043
4.093,0.044777498
4.094,0.044744597
4.095,0.044711795
4.096,0.04467909
4.097,0.044646484
4.098,0.044613975
4.099,0.044581564
4.1,0.044549249
4.101,0.044516004
4.102,0.04448286
4.103,0.044449818
4.104,0.044416877
4.105,0.044384036
4.106,0.044351295
4.107,0.044318655
4.108,0.044286114
4.109,0.044253672
4.11,0.044221328
4.111,0.044189083
4.112,0.044156937
4.113,0.044124888
4.114,0.044092936
4.115,0.044061081
4.116,0.044029324
4.117,0.043997662
4.118,0.043966097
4.119,0.043934627
4.12,0.043903252
4.121,0.043871973
4.122,0.043840788
4.123,0.043809697
4.124,0.043778701
4.125,0.043747798
4.126,0.043716988
4.127,0.043686272
4.128,0.043655648
4.129,0.043625116
4.13,0.043594677
4.131,0.043564329
4.132,0.043534073
4.133,0.043503907
4.134,0.043473833
4.135,0.043443849
4.136,0.043413955
4.137,0.04338415
4.138,0.043354436
4.139,0.04332481
4.14,0.043295273
4.141,0.043265825
4.142,0.043236465
4.143,0.043207193
4.144,0.043178009
4.145,0.043148912
4.146,0.043119902
4.147,0.043090979
4.148,0.043062142
4.149,0.043033391
4.15,0.043004726
4.151,0.042976147
4.152,0.042947653
4.153,0.042919244
4.154,0.04289092
4.155,0.04286268
4.156,0.042834524
4.157,0.042806451
4.158,0.042778463
4.159,0.042750557
4.16,0.042722735
4.161,0.042694995
4.162,0.042667337
4.163,0.042639762
4.164,0.042612268
4.165,0.042584856
4.166,0.042557525
4.167,0.042530275
4.168,0.042503106
4.169,0.042476017
4.17,0.042449009
4.171,0.04242208
4.172,0.042395231
4.173,0.042368461
4.174,0.04234177
4.175,0.042315159
4.176,0.042288625
4.177,0.042262446
4.178,0.042236528
4.179,0.042210688
4.18,0.042184925
4.181,0.04215924
4.182,0.042133631
4.183,0.042108098
4.184,0.042082642
4.185,0.042057262
4.186,0.042031958
4.187,0.042006729
4.188,0.041981575
4.189,0.041956496
4.19,0.041931492
4.191,0.041906563
4.192,0.041881708
4.193,0.041856927
4.194,0.041832219
4.195,0.041807585
4.196,0.041783024
4.197,0.041758537
4.198,0.041734122
4.199,0.041709779
4.2,0.041685509
4.201,0.041661311
4.202,0.041637185
4.203,0.04161313
4.204,0.041589147
4.205,0.041565235
4.206,0.041541394
4.207,0.041517623
4.208,0.041493923
4.209,0.041470293
4.21,0.041446732
4.211,0.041423242
4.212,0.041399821
4.213,0.041376469
4.214,0.041353187
4.215,0.041329973
4.216,0.041306828
4.217,0.041283751
4.218,0.041260742
4.219,0.041237801
4.22,0.041214928
4.221,0.041192122
4.222,0.041169383
4.223,0.041146712
4.224,0.041124107
4.225,0.041101569
4.226,0.041079097
4.227,0.041056692
4.228,0.041034352
4.229,0.041012078
4.23,0.04098987
4.231,0.040967727
4.232,0.040945649
4.233,0.040923636
4.234,0.040901688
4.235,0.040879804
4.236,0.040857984
4.237,0.040836229
4.238,0.040814537
4.239,0.040792909
4.24,0.040771344
4.241,0.040727883
4.242,0.040684619
4.243,0.040641548
4.244,0.04059867
4.245,0.040555984
4.246,0.04051349
4.247,0.040471187
4.248,0.040429073
4.249,0.040387147
4.25,0.04034541
4.251,0.040303858
4.252,0.040262493
4.253,0.040221312
4.254,0.040180315
4.255,0.040139501
4.256,0.040098869
4.257,0.040058418
4.258,0.040018147
4.259,0.039978056
4.26,0.039938142
4.261,0.039898398
4.262,0.039858821
4.263,0.039819421
4.264,0.039780195
4.265,0.039741143
4.266,0.039702264
4.267,0.039663557
4.268,0.039625021
4.269,0.039586656
4.27,0.03954846
4.271,0.039510433
4.272,0.039472574
4.273,0.039434882
4.274,0.039397356
4.275,0.039359996
4.276,0.0393228
4.277,0.039285767
4.278,0.039248898
4.279,0.039212191
4.28,0.039175645
4.281,0.03913926
4.282,0.039103035
4.283,0.039066968
4.284,0.03903106
4.285,0.038995309
4.286,0.038959715
4.287,0.038924277
4.288,0.038888993
4.289,0.038853864
4.29,0.038818889
4.291,0.038784066
4.292,0.038749396
4.293,0.038714877
4.294,0.038680509
4.295,0.03864629
4.296,0.038612221
4.297,0.0385783
4.298,0.038544526
4.299,0.0385109
4.3,0.03847742
4.301,0.038444086
4.302,0.038410896
4.303,0.038377851
4.304,0.038344949
4.305,0.03831219
4.306,0.038279573
4.307,0.038247098
4.308,0.038214763
4.309,0.038182568
4.31,0.038150513
4.311,0.038118597
4.312,0.038086818
4.313,0.038055177
4.314,0.038023673
4.315,0.037992305
4.316,0.037961072
4.317,0.037929974
4.318,0.037899011
4.319,0.037868181
4.32,0.037837484
4.321,0.037806919
4.322,0.037776485
4.323,0.037746183
4.324,0.037716011
4.325,0.03768597
4.326,0.037656057
4.327,0.037626273
4.328,0.037596616
4.329,0.037567088
4.33,0.037537686
4.331,0.03750841
4.332,0.037479259
4.333,0.037450234
4.334,0.037421333
4.335,0.037392556
4.336,0.037363903
4.337,0.037335372
4.338,0.037306963
4.339,0.037278676
4.34,0.037250509
4.341,0.037222463
4.342,0.037194537
4.343,0.037166731
4.344,0.037139043
4.345,0.037111479
4.346,0.037084043
4.347,0.037056723
4.348,0.03702952
4.349,0.037002433
4.35,0.036975461
4.351,0.03693913
4.352,0.036902987
4.353,0.036867033
4.354,0.036831267
4.355,0.036795686
4.356,0.036760291
4.357,0.036725079
4.358,0.036690051
4.359,0.036655205
4.36,0.036620539
4.361,0.036586054
4.362,0.036551747
4.363,0.036517619
4.364,0.036483667
4.365,0.036449891
4.366,0.036416291
4.367,0.036382864
4.368,0.03634961
4.369,0.036316528
4.37,0.036283617
4.371,0.036250877
4.372,0.036218305
4.373,0.036185902
4.374,0.036153666
4.375,0.036121596
4.376,0.036089692
4.377,0.036057952
4.378,0.036026376
4.379,0.035994962
4.38,0.03596371
4.381,0.035932619
4.382,0.035901689
4.383,0.035870917
4.384,0.035840303
4.385,0.035809847
4.386,0.035779548
4.387,0.035749404
4.388,0.035719415
4.389,0.03568958
4.39,0.035659898
4.391,0.035628576
4.392,0.035597423
4.393,0.035566438
4.394,0.03553562
4.395,0.035504968
4.396,0.035474481
4.397,0.035444157
4.398,0.035413997
4.399,0.035383999
4.4,0.035354163
4.401,0.035324487
4.402,0.03529497
4.403,0.035265612
4.404,0.035236411
4.405,0.035207367
4.406,0.03517848
4.407,0.035149747
4.408,0.035121168
4.409,0.035092743
4.41,0.03506447
4.411,0.035036349
4.412,0.035008378
4.413,0.034980558
4.414,0.034952886
4.415,0.034925363
4.416,0.034897987
4.417,0.034870758
4.418,0.034843675
4.419,0.034816737
4.42,0.034789943
4.421,0.034763292
4.422,0.034736784
4.423,0.034710418
4.424,0.034684192
4.425,0.034658107
4.426,0.034632162
4.427,0.034606355
4.428,0.034580687
4.429,0.034555156
4.43,0.034529762
4.431,0.034504504
4.432,0.034479381
4.433,0.034454392
4.434,0.034429536
4.435,0.034404814
4.436,0.034380223
4.437,0.034355764
4.438,0.034331436
4.439,0.034307237
4.44,0.034283168
4.441,0.034278621
4.442,0.034274092
4.443,0.03426958
4.444,0.034265084
4.445,0.034260606
4.446,0.034256145
4.447,0.0342517
4.448,0.034247273
4.449,0.034242862
4.45,0.034238468
4.451,0.034234091
4.452,0.034229731
4.453,0.034225387
4.454,0.03422106
4.455,0.034216749
4.456,0.034212455
4.457,0.034208178
4.458,0.034203917
4.459,0.034199673
4.46,0.034195445
4.461,0.034191233
4.462,0.034187038
4.463,0.034182858
4.464,0.034178696
4.465,0.034174549
4.466,0.034170419
4.467,0.034166304
4.468,0.034162206
4.469,0.034158124
4.47,0.034154058
4.471,0.034150008
4.472,0.034145974
4.473,0.034141956
4.474,0.034137953
4.475,0.034133967
4.476,0.034129996
4.477,0.034126041
4.478,0.034122102
4.479,0.034118179
4.48,0.034114271
4.481,0.034110379
4.482,0.034106502
4.483,0.034102641
4.484,0.034098796
4.485,0.034094965
4.486,0.034091151
4.487,0.034087352
4.488,0.034083568
4.489,0.034079799
4.49,0.034076046
4.491,0.034072308
4.492,0.034068586
4.493,0.034064878
4.494,0.034061186
4.495,0.034057509
4.496,0.034053847
4.497,0.0340502
4.498,0.034046568
4.499,0.034042951
4.5,0.034039349
4.501,0.034035762
4.502,0.034032189
4.503,0.034028632
4.504,0.034025089
4.505,0.034021562
4.506,0.034018048
4.507,0.03401455
4.508,0.034011067
4.509,0.034007598
4.51,0.034004143
4.511,0.034023025
4.512,0.034041929
4.513,0.034026187
4.514,0.034044706
4.515,0.034063247
4.516,0.034081809
4.517,0.034100392
4.518,0.034118997
4.519,0.034137624
4.52,0.034156272
4.521,0.034174942
4.522,0.034193633
4.523,0.034212346
4.524,0.034231081
4.525,0.034249837
4.526,0.034268615
4.527,0.034287415
4.528,0.034306237
4.529,0.03432508
4.53,0.034343946
4.531,0.034362833
4.532,0.034381742
4.533,0.034400673
4.534,0.034419626
4.535,0.034438602
4.536,0.034457599
4.537,0.034476618
4.538,0.03449566
4.539,0.034514723
4.54,0.034533809
4.541,0.034552917
4.542,0.034572047
4.543,0.0345912
4.544,0.034610375
4.545,0.034629572
4.546,0.034648791
4.547,0.034668033
4.548,0.034687298
4.549,0.034706585
4.55,0.034725894
4.551,0.034772953
4.552,0.034820239
4.553,0.034867755
4.554,0.0349155
4.555,0.034963477
4.556,0.035011687
4.557,0.035060131
4.558,0.035108811
4.559,0.035157728
4.56,0.035206884
4.561,0.035248239
4.562,0.035289755
4.563,0.035331439
4.564,0.035373282
4.565,0.035415288
4.566,0.03545746
4.567,0.035499797
4.568,0.035542301
4.569,0.035584973
4.57,0.035627812
4.571,0.035670821
4.572,0.035713999
4.573,0.035757348
4.574,0.035800868
4.575,0.03584456
4.576,0.035888426
4.577,0.035932465
4.578,0.035976679
4.579,0.036021069
4.58,0.036065635
4.581,0.036110993
4.582,0.036156539
4.583,0.036202274
4.584,0.036248198
4.585,0.036294313
4.586,0.036340619
4.587,0.036387117
4.588,0.036433809
4.589,0.036480695
4.59,0.036527777
4.591,0.036575055
4.592,0.036622529
4.593,0.036670202
4.594,0.036718075
4.595,0.036766147
4.596,0.03681442
4.597,0.036862896
4.598,0.036911582
4.599,0.03696048
4.6,0.037009582
4.601,0.037058891
4.602,0.037108407
4.603,0.037158132
4.604,0.037208065
4.605,0.037258209
4.606,0.037308565
4.607,0.037359132
4.608,0.037409913
4.609,0.037460909
4.61,0.03751212
4.611,0.037563548
4.612,0.037615194
4.613,0.037667058
4.614,0.037719143
4.615,0.037771449
4.616,0.037823976
4.617,0.037876727
4.618,0.037929703
4.619,0.037982904
4.62,0.038036331
4.621,0.038089987
4.622,0.038143871
4.623,0.038197986
4.624,0.038252332
4.625,0.03830691
4.626,0.038361722
4.627,0.038416768
4.628,0.038472051
4.629,0.038527571
4.63,0.038583329
4.631,0.038639327
4.632,0.038695566
4.633,0.038752047
4.634,0.038808771
4.635,0.038865739
4.636,0.038922954
4.637,0.038980415
4.638,0.039038125
4.639,0.039096084
4.64,0.039154294
4.641,0.039212757
4.642,0.039271472
4.643,0.039330443
4.644,0.039389669
4.645,0.039449153
4.646,0.039508895
4.647,0.039568898
4.648,0.039629161
4.649,0.039689688
4.65,0.039750478
4.651,0.039811534
4.652,0.039872856
4.653,0.039934447
4.654,0.039996307
4.655,0.040058438
4.656,0.040120842
4.657,0.040183519
4.658,0.040246471
4.659,0.0403097
4.66,0.040373207
4.661,0.040436994
4.662,0.040501061
4.663,0.040565411
4.664,0.040630044
4.665,0.040694963
4.666,0.040760169
4.667,0.040825663
4.668,0.040891447
4.669,0.040957523
4.67,0.041023898
4.671,0.041090563
4.672,0.041157522
4.673,0.041224778
4.674,0.041292333
4.675,0.041360189
4.676,0.041428348
4.677,0.04149681
4.678,0.041565577
4.679,0.041634652
4.68,0.041704036
4.681,0.041773729
4.682,0.041843734
4.683,0.041914037
4.684,0.041984655
4.685,0.042055591
4.686,0.042126845
4.687,0.042198419
4.688,0.042270316
4.689,0.042342536
4.69,0.042415082
4.691,0.042487955
4.692,0.042561158
4.693,0.042634691
4.694,0.042708556
4.695,0.042782756
4.696,0.042857292
4.697,0.042932166
4.698,0.04300738
4.699,0.043082935
4.7,0.043158834
4.701,0.043235078
4.702,0.043311669
4.703,0.043388609
4.704,0.043465901
4.705,0.043543545
4.706,0.043621543
4.707,0.043699899
4.708,0.043778613
4.709,0.043857687
4.71,0.043937125
4.711,0.044016926
4.712,0.044097094
4.713,0.044177631
4.714,0.044258538
4.715,0.044339818
4.716,0.044421472
4.717,0.044503503
4.718,0.044585912
4.719,0.044668703
4.72,0.044751876
4.721,0.044796877
4.722,0.044841972
4.723,0.044887161
4.724,0.044932443
4.725,0.044977821
4.726,0.045023293
4.727,0.04506886
4.728,0.045114522
4.729,0.045160279
4.73,0.045206132
4.731,0.04525208
4.732,0.045298125
4.733,0.045344265
4.734,0.045390502
4.735,0.045436836
4.736,0.045483267
4.737,0.045529795
4.738,0.04557642
4.739,0.045623142
4.74,0.045669963
4.741,0.045716882
4.742,0.045763898
4.743,0.045811014
4.744,0.045858228
4.745,0.045905541
4.746,0.045952953
4.747,0.046000465
4.748,0.046048076
4.749,0.046095787
4.75,0.046143599
4.751,0.04619151
4.752,0.046239523
4.753,0.046287636
4.754,0.04633585
4.755,0.046384166
4.756,0.046432583
4.757,0.046481102
4.758,0.046529723
4.759,0.046578447
4.76,0.046627273
4.761,0.046676202
4.762,0.046725234
4.763,0.046774369
4.764,0.046823607
4.765,0.04687295
4.766,0.046922396
4.767,0.046972259
4.768,0.047022359
4.769,0.047072565
4.77,0.047122876
4.771,0.047173292
4.772,0.047223814
4.773,0.047274442
4.774,0.047325176
4.775,0.047376016
4.776,0.047426963
4.777,0.047478033
4.778,0.047529194
4.779,0.047580463
4.78,0.04763184
4.781,0.047683325
4.782,0.047734917
4.783,0.047786619
4.784,0.047838429
4.785,0.047890348
4.786,0.047942377
4.787,0.047994515
4.788,0.048046763
4.789,0.048099121
4.79,0.048151589
4.791,0.048204168
4.792,0.048256858
4.793,0.048309659
4.794,0.048362572
4.795,0.048415596
4.796,0.048468732
4.797,0.04852198
4.798,0.048575341
4.799,0.048628814
4.8,0.048682401
4.801,0.048736101
4.802,0.048789914
4.803,0.048843842
4.804,0.048897883
4.805,0.048952039
4.806,0.04900631
4.807,0.049060695
4.808,0.049115196
4.809,0.049169812
4.81,0.049224544
4.811,0.049279393
4.812,0.049334357
4.813,0.049389439
4.814,0.049444637
4.815,0.049499952
4.816,0.049555385
4.817,0.049610936
4.818,0.049666605
4.819,0.049722392
4.82,0.049778298
4.821,0.049834323
4.822,0.049890467
4.823,0.049946731
4.824,0.050003114
4.825,0.050059618
4.826,0.050116241
4.827,0.050172986
4.828,0.050229852
4.829,0.050286839
4.83,0.050343947
4.831,0.050401178
4.832,0.05045853
4.833,0.050516006
4.834,0.050573603
4.835,0.050631324
4.836,0.050689169
4.837,0.050747137
4.838,0.050805229
4.839,0.050863446
4.84,0.050921787
4.841,0.050980253
4.842,0.051038844
4.843,0.05109756
4.844,0.051156403
4.845,0.051215372
4.846,0.051274467
4.847,0.051333689
4.848,0.051393038
4.849,0.051452514
4.85,0.051512118
4.851,0.05157185
4.852,0.05163171
4.853,0.051691699
4.854,0.051751816
4.855,0.051812063
4.856,0.05187244
4.857,0.051932946
4.858,0.051993583
4.859,0.05205435
4.86,0.052115249
4.861,0.052176278
4.862,0.052237439
4.863,0.052298732
4.864,0.052360157
4.865,0.052421715
4.866,0.052483405
4.867,0.052545229
4.868,0.052607187
4.869,0.052669278
4.87,0.052731503
4.871,0.052793863
4.872,0.052856358
4.873,0.052918988
4.874,0.052981754
4.875,0.053044656
4.876,0.053107693
4.877,0.053170868
4.878,0.053234179
4.879,0.053297628
4.88,0.053361214
4.881,0.053424938
4.882,0.0534888
4.883,0.053552801
4.884,0.053616947
4.885,0.053681244
4.886,0.053745663
4.887,0.053810222
4.888,0.053874922
4.889,0.053939762
4.89,0.054004743
4.891,0.054069866
4.892,0.054135131
4.893,0.054200538
4.894,0.054266087
4.895,0.05433178
4.896,0.054397615
4.897,0.054463594
4.898,0.054529717
4.899,0.054595985
4.9,0.054662397
4.901,0.054690843
4.902,0.054719303
4.903,0.054747778
4.904,0.054776268
4.905,0.054804772
4.906,0.05483329
4.907,0.054861824
4.908,0.054890371
4.909,0.054918933
4.91,0.05494751
4.911,0.054976101
4.912,0.055004707
4.913,0.055033327
4.914,0.055061962
4.915,0.055090611
4.916,0.055119275
4.917,0.055147954
4.918,0.055176647
4.919,0.055205355
4.92,0.055234077
4.921,0.055262814
4.922,0.055291565
4.923,0.055320331
4.924,0.055349111
4.925,0.055377906
4.926,0.055406716
4.927,0.05543554
4.928,0.055464379
4.929,0.055493232
4.93,0.0555221
4.931,0.055550983
4.932,0.05557988
4.933,0.055608792
4.934,0.055637718
4.935,0.055666384
4.936,0.05569488
4.937,0.055723391
4.938,0.055751917
4.939,0.055780457
4.94,0.055809011
4.941,0.05583758
4.942,0.055866164
4.943,0.055894763
4.944,0.055923376
4.945,0.055952003
4.946,0.055980645
4.947,0.056009302
4.948,0.056037973
4.949,0.056066659
4.95,0.056095359
4.951,0.056124074
4.952,0.056152804
4.953,0.056181548
4.954,0.056210307
4.955,0.05623908
4.956,0.056267868
4.957,0.056296671
4.958,0.056325488
4.959,0.05635432
4.96,0.056383167
4.961,0.056412028
4.962,0.056440904
4.963,0.056469794
4.964,0.056498699
4.965,0.056527619
4.966,0.056556553
4.967,0.056585502
4.968,0.056614465
4.969,0.056643443
4.97,0.056672436
4.971,0.056701444
4.972,0.056730466
4.973,0.056759503
4.974,0.056788554
4.975,0.05681762
4.976,0.056846701
4.977,0.056875796
4.978,0.056904906
4.979,0.056934031
4.98,0.05696317
4.981,0.056992324
4.982,0.057021493
4.983,0.057050677
4.984,0.057079875
4.985,0.057109088
4.986,0.057138315
4.987,0.057167557
4.988,0.057196814
4.989,0.057226086
4.99,0.057255372
4.991,0.057284673
4.992,0.057314023
4.993,0.057343353
4.994,0.057372698
4.995,0.057402058
4.996,0.057431433
4.997,0.057460822
4.998,0.057490226
4.999,0.057519645
5,0.057549079
5.001,0.057561369
5.002,0.057573658
5.003,0.057585945
5.004,0.057598231
5.005,0.057610515
5.006,0.057622797
5.007,0.057635078
5.008,0.057647356
5.009,0.057659634
5.01,0.057671909
5.011,0.057684183
5.012,0.057696455
5.013,0.057708726
5.014,0.057720995
5.015,0.057733262
5.016,0.057745527
5.017,0.057757791
5.018,0.057770053
5.019,0.057782316
5.02,0.05779459
5.021,0.057806863
5.022,0.057819135
5.023,0.057831405
5.024,0.057843673
5.025,0.057855939
5.026,0.057868204
5.027,0.057880467
5.028,0.057892728
5.029,0.057904987
5.03,0.057917245
5.031,0.057929501
5.032,0.057941756
5.033,0.057954009
5.034,0.05796626
5.035,0.057978509
5.036,0.057990757
5.037,0.058003003
5.038,0.058015247
5.039,0.058027489
5.04,0.05803973
5.041,0.058051969
5.042,0.058064207
5.043,0.058076442
5.044,0.058088676
5.045,0.058100908
5.046,0.058113139
5.047,0.058125368
5.048,0.058137595
5.049,0.05814982
5.05,0.058162044
5.051,0.058174266
5.052,0.058186486
5.053,0.058198704
5.054,0.058210921
5.055,0.058223136
5.056,0.058235349
5.057,0.058247561
5.058,0.05825977
5.059,0.058271979
5.06,0.058284185
5.061,0.058296389
5.062,0.058308592
5.063,0.058320793
5.064,0.058332993
5.065,0.05834519
5.066,0.058357386
5.067,0.05836958
5.068,0.058381772
5.069,0.058393963
5.07,0.058406152
5.071,0.058418339
5.072,0.058430524
5.073,0.058442708
5.074,0.05845489
5.075,0.05846707
5.076,0.058479248
5.077,0.058491424
5.078,0.058503599
5.079,0.058515772
5.08,0.058527943
5.081,0.058540113
5.082,0.058552281
5.083,0.058564447
5.084,0.058576611
5.085,0.058588773
5.086,0.058600934
5.087,0.058613093
5.088,0.05862525
5.089,0.058637405
5.09,0.058649558
5.091,0.05866171
5.092,0.05867386
5.093,0.058686008
5.094,0.058698155
5.095,0.058710299
5.096,0.058722442
5.097,0.058734583
5.098,0.058746722
5.099,0.058758908
5.1,0.058771043
5.101,0.058764026
5.102,0.058757018
5.103,0.058750019
5.104,0.058743016
5.105,0.058736018
5.106,0.058729028
5.107,0.058722047
5.108,0.058715075
5.109,0.058708112
5.11,0.058701157
5.111,0.058694212
5.112,0.058687275
5.113,0.058680347
5.114,0.058673428
5.115,0.058666518
5.116,0.058659616
5.117,0.058652724
5.118,0.05864584
5.119,0.058638964
5.12,0.058632098
5.121,0.05862524
5.122,0.058618391
5.123,0.05861155
5.124,0.058604718
5.125,0.058597895
5.126,0.058591081
5.127,0.058584275
5.128,0.058577478
5.129,0.058570689
5.13,0.058563909
5.131,0.058557138
5.132,0.058550375
5.133,0.058543621
5.134,0.058536876
5.135,0.058530139
5.136,0.05852341
5.137,0.05851669
5.138,0.058509979
5.139,0.058503276
5.14,0.058496581
5.141,0.058489895
5.142,0.058483218
5.143,0.058476549
5.144,0.058469889
5.145,0.058463237
5.146,0.058456593
5.147,0.058449958
5.148,0.058443331
5.149,0.058436713
5.15,0.058430103
5.151,0.058423501
5.152,0.058416908
5.153,0.058410323
5.154,0.058403746
5.155,0.058397178
5.156,0.058390618
5.157,0.058384067
5.158,0.058377524
5.159,0.058370989
5.16,0.058364462
5.161,0.058357944
5.162,0.058351434
5.163,0.058344932
5.164,0.058338438
5.165,0.058331953
5.166,0.058325476
5.167,0.058319007
5.168,0.058312546
5.169,0.058306094
5.17,0.05829965
5.171,0.058293213
5.172,0.058286785
5.173,0.058280366
5.174,0.058273954
5.175,0.05826755
5.176,0.058261155
5.177,0.058254768
5.178,0.058248388
5.179,0.058242017
5.18,0.058235654
5.181,0.058229299
5.182,0.058222952
5.183,0.058216613
5.184,0.058210283
5.185,0.05820396
5.186,0.058197645
5.187,0.058191338
5.188,0.058185045
5.189,0.058178772
5.19,0.058172507
5.191,0.05816625
5.192,0.058160001
5.193,0.05815376
5.194,0.058147527
5.195,0.058141302
5.196,0.058135085
5.197,0.058128876
5.198,0.058122674
5.199,0.058116481
