wave,Tholin Jovanovic PH
0.4,0.025571075091342266
0.401,0.025548778134272254
0.402,0.025526492313964866
0.40299999999999997,0.025504217631482362
0.40399999999999997,0.02548195408789411
0.405,0.02545970168426237
0.406,0.02544857966026015
0.407,0.025437460421645852
0.408,0.025426343968554477
0.409,0.02541523030111037
0.41,0.025404119419452087
0.411,0.025381906014015243
0.412,0.025359703753291996
0.413,0.025337512638341053
0.414,0.025315332670206914
0.415,0.025293163849934075
0.416,0.02527100617857414
0.417,0.025248859657164502
0.418,0.025226724286749658
0.419,0.025204600068363447
0.42,0.025182487003046816
0.421,0.02516038509183005
0.422,0.02513829433574699
0.423,0.02511621473582437
0.424,0.02509414629309248
0.425,0.025072089008574494
0.4260000000000001,0.025039024005682364
0.4270000000000001,0.02500598411451449
0.4280000000000001,0.024972969338495687
0.4290000000000001,0.024939979681054325
0.4300000000000001,0.024907015145586797
0.4310000000000001,0.024874075735496604
0.4320000000000001,0.024841161454165928
0.4330000000000001,0.024808272304966295
0.4340000000000001,0.024775408291262124
0.4350000000000001,0.024742569416400073
0.4360000000000001,0.024709755683723245
0.4370000000000001,0.024676967096549873
0.4380000000000001,0.024644203658201747
0.4390000000000001,0.024611465371982888
0.4400000000000001,0.02457875224118311
0.4410000000000001,0.02454606426908157
0.4420000000000001,0.024513401458950312
0.4430000000000001,0.024480763814040074
0.4440000000000001,0.02444815133760514
0.4450000000000001,0.024415564032871373
0.4460000000000001,0.024393853148922062
0.4470000000000001,0.02437215345477739
0.4480000000000001,0.024350464951393036
0.4490000000000001,0.02432878763971047
0.4500000000000001,0.024307121520678265
0.4510000000000001,0.024274643330411294
0.4520000000000001,0.02424219032889141
0.4530000000000001,0.024209762519284084
0.4540000000000001,0.024177359904733464
0.4550000000000001,0.02414498248838015
0.4560000000000001,0.024112630273339875
0.4570000000000001,0.024080303262728364
0.4580000000000001,0.02404800145964714
0.4590000000000001,0.024015724867179955
0.4600000000000001,0.02398347348840346
0.4610000000000001,0.023961986578342476
0.4620000000000001,0.023940510876631294
0.4630000000000001,0.023919046384172304
0.4640000000000001,0.02389759310187145
0.4650000000000001,0.023876151030624015
0.4660000000000001,0.023854720171325283
0.4670000000000001,0.023833300524863432
0.4680000000000001,0.0238118920921373
0.4690000000000001,0.023790494874027956
0.4700000000000001,0.023769108871427136
0.4710000000000001,0.02374773408521591
0.4720000000000001,0.023726370516275352
0.4730000000000001,0.023705018165482983
0.4740000000000001,0.02368367703371632
0.4750000000000001,0.023662347121845784
0.4760000000000001,0.02364102843074889
0.4770000000000001,0.023619720961296053
0.4780000000000001,0.023598424714347033
0.4790000000000001,0.02357713969076869
0.4800000000000001,0.023555865891424332
0.4810000000000001,0.023534603317170166
0.4820000000000001,0.0235133519688695
0.4830000000000001,0.023492111847371433
0.4840000000000001,0.02347088295353217
0.4850000000000001,0.023449665288197252
0.4860000000000001,0.02343906066648671
0.4870000000000001,0.023428458852219336
0.4880000000000001,0.023417859845498157
0.4890000000000001,0.02340726364643686
0.4900000000000001,0.02339667025513492
0.4910000000000001,0.023375491896231892
0.4920000000000001,0.023354324769631063
0.4930000000000001,0.02333316887616732
0.4940000000000001,0.023312024216675553
0.4950000000000001,0.023290890791983543
0.4960000000000001,0.02328032829295168
0.4970000000000001,0.02326976860292973
0.4980000000000001,0.023259211722020723
0.4990000000000001,0.02324865765033124
0.5000000000000001,0.023238106387964308
0.5010000000000001,0.023217012291603112
0.5020000000000001,0.02319592943375426
0.5030000000000001,0.023174857815241978
0.5040000000000001,0.02315379743687629
0.5050000000000001,0.023132748299477868
0.5060000000000001,0.023122227946391405
0.5070000000000001,0.023111710403849628
0.5080000000000001,0.023101195671955566
0.5090000000000001,0.02309068375080514
0.5100000000000001,0.023080174640504936
0.5110000000000001,0.023069668341150873
0.5120000000000001,0.02305916485284598
0.5130000000000001,0.023048664175686184
0.5140000000000001,0.023038166309778063
0.5150000000000001,0.02302767125521399
0.5160000000000001,0.02302767125521399
0.5170000000000001,0.02302767125521399
0.5180000000000001,0.02302767125521399
0.5190000000000001,0.02302767125521399
0.5200000000000001,0.02302767125521399
0.5210000000000001,0.02301717901210054
0.5220000000000001,0.023006689580533646
0.5230000000000001,0.022996202960612777
0.5240000000000001,0.022985719152440964
0.5250000000000001,0.022975238156110578
0.5260000000000001,0.0229542845993862
0.5270000000000001,0.022933342291228342
0.5280000000000001,0.02291241123242216
0.5290000000000001,0.022891491423759902
0.5300000000000001,0.022870582866012512
0.5310000000000001,0.022860132806481914
0.5320000000000001,0.022849685559972244
0.5330000000000001,0.022839241126582976
0.5340000000000001,0.02282879950641359
0.5350000000000001,0.02281836069955645
0.5360000000000001,0.022807924706111038
0.5370000000000001,0.022797491526173275
0.5380000000000001,0.022787061159842636
0.5390000000000001,0.0227766336072186
0.5400000000000001,0.022766208868397086
0.5410000000000001,0.022745367832513352
0.5420000000000001,0.022724538052980137
0.5430000000000001,0.022703719530568378
0.5440000000000002,0.022682912266063227
0.5450000000000002,0.022662116260239173
0.5460000000000002,0.022651722479750447
0.5470000000000002,0.022641331514346774
0.5480000000000002,0.022630943364209344
0.5490000000000002,0.022620558029533555
0.5500000000000002,0.022610175510589414
0.5510000000000002,0.022589418918308013
0.5520000000000002,0.022568673589542954
0.5530000000000002,0.02254793952588585
0.5540000000000002,0.022527216729404387
0.5550000000000002,0.022506505202880334
0.5560000000000002,0.022485804948964017
0.5570000000000002,0.0224651159731728
0.5580000000000002,0.022444438282683166
0.5590000000000002,0.022423771887961408
0.5600000000000002,0.022403116804429857
0.5610000000000002,0.022382473037573902
0.5620000000000002,0.02236184062171276
0.5630000000000002,0.022341219595165995
0.5640000000000002,0.022320610013302655
0.5650000000000002,0.022300011956200905
0.5660000000000002,0.022289717828016364
0.5670000000000002,0.02227942696804064
0.5680000000000002,0.022269139562119733
0.5690000000000002,0.02225885587167653
0.5700000000000002,0.022248576264011888
0.5710000000000002,0.022228022327379193
0.5720000000000002,0.022207481672651852
0.5730000000000002,0.022186955026302968
0.5740000000000002,0.022166443373290434
0.5750000000000002,0.022145948047796793
0.5760000000000002,0.022125468359558198
0.5770000000000002,0.022105007528516296
0.5780000000000002,0.0220845679790429
0.5790000000000002,0.02206415289947472
0.5800000000000002,0.022043766480205562
0.5810000000000002,0.022033624676023322
0.5820000000000002,0.02202350890208038
0.5830000000000002,0.022013425562466438
0.5840000000000002,0.022003382810929395
0.5850000000000002,0.02199339102933706
0.5860000000000002,0.02197321696602117
0.5870000000000002,0.021953112362282923
0.5880000000000002,0.02193309095050111
0.5890000000000002,0.02191316972083257
0.5900000000000002,0.02189336972043776
0.5910000000000002,0.02187359262597255
0.5920000000000002,0.021853940961289453
0.5930000000000002,0.021834437132302043
0.5940000000000002,0.02181510810368792
0.5950000000000002,0.021795986408477575
0.5960000000000002,0.0217870408642149
0.5970000000000002,0.0217782993634259
0.5980000000000002,0.02176979649485844
0.5990000000000002,0.021761573275455248
0.6000000000000002,0.021753678508307672
0.6010000000000002,0.02173539484805076
0.6020000000000002,0.021717380509169715
0.6030000000000002,0.021699671027764822
0.6040000000000002,0.021682307411843738
0.6050000000000002,0.02166533710936136
0.6060000000000002,0.021658350230602252
0.6070000000000002,0.021651721245106614
0.6080000000000002,0.021645494206595117
0.6090000000000002,0.02163971936426279
0.6100000000000002,0.02163445415031262
0.6110000000000002,0.02162877128374774
0.6120000000000002,0.021623519357813592
0.6130000000000002,0.021618744403848922
0.6140000000000002,0.021614498046517383
0.6150000000000002,0.02161083825729193
0.6160000000000002,0.021593865434482495
0.6170000000000002,0.021577044580173066
0.6180000000000002,0.02156038242384639
0.6190000000000002,0.021543886048341676
0.6200000000000002,0.02152756290967517
0.6210000000000002,0.02151869679632057
0.6220000000000002,0.021509846787910902
0.6230000000000002,0.021501013018831117
0.6240000000000002,0.021492195624716715
0.6250000000000002,0.02148339474248573
0.6260000000000002,0.021467595264386574
0.6270000000000002,0.021452187116107524
0.6280000000000002,0.021437140118312215
0.6290000000000002,0.021422426742283562
0.6300000000000002,0.02140802185300572
0.6310000000000002,0.021394550043520866
0.6320000000000002,0.02138126834802989
0.6330000000000002,0.02136816498166283
0.6340000000000002,0.021355229005170173
0.6350000000000002,0.021342450257286316
0.6360000000000002,0.02134084843838835
0.6370000000000002,0.021339299762573205
0.6380000000000002,0.021337802142788576
0.6390000000000002,0.02133635358704211
0.6400000000000002,0.021334952193516443
0.6410000000000002,0.0213242324295706
0.6420000000000002,0.021313528321368125
0.6430000000000002,0.02130283958289425
0.6440000000000002,0.021292165935708596
0.6450000000000002,0.021281507108685815
0.6460000000000002,0.02127315331263091
0.6470000000000002,0.02126485988239324
0.6480000000000002,0.021256628943564948
0.6490000000000002,0.021248462707859517
0.6500000000000002,0.021240363476906055
0.6510000000000002,0.02124056484453618
0.6520000000000002,0.02124076638559913
0.6530000000000002,0.02124096809914633
0.6540000000000002,0.02124116998423986
0.6550000000000002,0.02124137203994536
0.6560000000000002,0.02124233092883543
0.6570000000000003,0.02124330456546275
0.6580000000000003,0.021244293167775652
0.6590000000000003,0.021245296956973192
0.6600000000000003,0.021246316157586875
0.6610000000000003,0.021237634382409
0.6620000000000003,0.021228981745618825
0.6630000000000003,0.021220358786802507
0.6640000000000003,0.021211766057245285
0.6650000000000003,0.021203204120208596
0.6660000000000003,0.02120558765692948
0.6670000000000003,0.021208055492820677
0.6680000000000003,0.021210610806836172
0.6690000000000003,0.021213256908218625
0.6700000000000003,0.021215997242169493
0.6710000000000003,0.02121846000925487
0.6720000000000003,0.021220998218350218
0.6730000000000003,0.021223614315257322
0.6740000000000003,0.02122631083089388
0.6750000000000003,0.021229090384412785
0.6760000000000003,0.021229788261116767
0.6770000000000003,0.021230489812012365
0.6780000000000003,0.021231195048745377
0.6790000000000003,0.021231903982982914
0.6800000000000003,0.021232616626392087
0.6810000000000003,0.021232891461163916
0.6820000000000003,0.021233166347990107
0.6830000000000003,0.021233441285911425
0.6840000000000003,0.021233716273961534
0.6850000000000003,0.021233991311177647
0.6860000000000003,0.02123338268834729
0.6870000000000003,0.021232779983385797
0.6880000000000003,0.021232183120588388
0.6890000000000003,0.021231592025433343
0.6900000000000003,0.02123100662456423
0.6910000000000003,0.021233869493816115
0.6920000000000003,0.02123681907968944
0.6930000000000003,0.021239858169405323
0.6940000000000003,0.02124298964588789
0.6950000000000003,0.021246216491192627
0.6960000000000003,0.02125109404422787
0.6970000000000003,0.021256197315011605
0.6980000000000003,0.021261537689156285
0.6990000000000003,0.021267127175178757
0.7000000000000003,0.02127297844039333
0.7010000000000003,0.021277792016512365
0.7020000000000003,0.0212827809500169
0.7030000000000003,0.02128795210305867
0.7040000000000003,0.021293312623868133
0.7050000000000003,0.021298869959082367
0.7060000000000003,0.021303846474427957
0.7070000000000003,0.02130897958443967
0.7080000000000003,0.021314274520602083
0.7090000000000003,0.021319736697940073
0.7100000000000003,0.021325371721580666
0.7110000000000003,0.021329351718165412
0.7120000000000003,0.02133341459945015
0.7130000000000003,0.021337562126561238
0.7140000000000003,0.0213417960983584
0.7150000000000003,0.02134611835220923
0.7160000000000003,0.021350530764792097
0.7170000000000003,0.02135503525292748
0.7180000000000003,0.02135963377439154
0.7190000000000003,0.021364328328793647
0.7200000000000003,0.02136912095841126
0.7210000000000003,0.021362944984296917
0.7220000000000003,0.021356969470325282
0.7230000000000003,0.021351186745079076
0.7240000000000003,0.02134558947065912
0.7250000000000003,0.021340170626654498
0.7260000000000003,0.0213424575465595
0.7270000000000003,0.021344766980938346
0.7280000000000003,0.021347099126394653
0.7290000000000003,0.021349454180981553
0.7300000000000003,0.021351832344201682
0.7310000000000003,0.021352210984595388
0.7320000000000003,0.021352589337084282
0.7330000000000003,0.021352967401444545
0.7340000000000003,0.02135334517745946
0.7350000000000003,0.021353722664915864
0.7360000000000003,0.021353093358833064
0.7370000000000003,0.021352467803968267
0.7380000000000003,0.021351845969348915
0.7390000000000003,0.021351227824307983
0.7400000000000003,0.021350613338498192
0.7410000000000003,0.021347081875390472
0.7420000000000003,0.021343625077157924
0.7430000000000003,0.021340241033865226
0.7440000000000003,0.02133692789208652
0.7450000000000003,0.021333683853054453
0.7460000000000003,0.021321397394043373
0.7470000000000003,0.021309149999293453
0.7480000000000003,0.021296940968376532
0.7490000000000003,0.021284769616780608
0.7500000000000003,0.02127263527549772
0.7510000000000003,0.021272983868914963
0.7520000000000003,0.021273332266044775
0.7530000000000003,0.021273680466478595
0.7540000000000003,0.02127402846982207
0.7550000000000003,0.021274376275677298
0.7560000000000003,0.021278093446575497
0.7570000000000003,0.021281883355719344
0.7580000000000003,0.02128574745537648
0.7590000000000003,0.021289687227053378
0.7600000000000003,0.021293704182060225
0.7610000000000003,0.021287826552516265
0.7620000000000003,0.0212820318740512
0.7630000000000003,0.02127632176219052
0.7640000000000003,0.021270697865318766
0.7650000000000003,0.021265161865354543
0.7660000000000003,0.021270724449447442
0.7670000000000003,0.021276425202380267
0.7680000000000003,0.02128226769844943
0.7690000000000003,0.021288255606730644
0.7700000000000004,0.02129439269360489
0.7710000000000004,0.021291923474645813
0.7720000000000004,0.021289683526092062
0.7730000000000004,0.02128768011490223
0.7740000000000004,0.02128592075015945
0.7750000000000004,0.02128441319124974
0.7760000000000004,0.021295939802389086
0.7770000000000004,0.021307942463941743
0.7780000000000004,0.021320442243364823
0.7790000000000004,0.021333461187790448
0.7800000000000004,0.021347022371095647
0.7810000000000004,0.021352963470587127
0.7820000000000004,0.02135966164462033
0.7830000000000004,0.021367155476912814
0.7840000000000004,0.02137548563099756
0.7850000000000004,0.021384694966730677
0.7860000000000004,0.021411539289069026
0.7870000000000004,0.021440142997583678
0.7880000000000004,0.021470630976686778
0.7890000000000004,0.02150313752729005
0.7900000000000004,0.021537807114803798
0.7910000000000004,0.0215712330213087
0.7920000000000004,0.021608103451278282
0.7930000000000004,0.0216487148868012
0.7940000000000004,0.02169339104554524
0.7950000000000004,0.02174248554168301
0.7960000000000004,0.021806278877910756
0.7970000000000004,0.021875288155342787
0.7980000000000004,0.02194997388201969
0.7990000000000004,0.02203084000675659
0.8000000000000004,0.022118438319846945
0.8010000000000004,0.02212118925228168
0.8020000000000004,0.02212405793392591
0.8030000000000004,0.022127045253704125
0.8040000000000004,0.022130152106043965
0.8050000000000004,0.022133379390897545
0.8060000000000004,0.02223320133824913
0.8070000000000004,0.0223414235534527
0.8080000000000004,0.02245880832870384
0.8090000000000004,0.02258619234716619
0.8100000000000004,0.022724494591599864
0.8110000000000004,0.022722631635559765
0.8120000000000004,0.022720775312322417
0.8130000000000004,0.02271892558743005
0.8140000000000004,0.022717082426648716
0.8150000000000004,0.02271524579598605
0.8160000000000004,0.02263315134408117
0.8170000000000004,0.02255430514886214
0.8180000000000004,0.022478542118680167
0.8190000000000004,0.022405706516700263
0.8200000000000004,0.02233565137393967
0.8210000000000004,0.022445902774279602
0.8220000000000004,0.022564697804323686
0.8230000000000004,0.022692748929490136
0.8240000000000004,0.02283083261023222
0.8250000000000004,0.022979795593624175
0.8260000000000004,0.023091944764551897
0.8270000000000004,0.02321140148850276
0.8280000000000004,0.023338633356672744
0.8290000000000004,0.023474140227452978
0.8300000000000004,0.02361845668118079
0.8310000000000004,0.023713439741158027
0.8320000000000004,0.023811683517934057
0.8330000000000004,0.02391330497970756
0.8340000000000004,0.024018425565511592
0.8350000000000004,0.024127171373717005
0.8360000000000004,0.024219619967496442
0.8370000000000004,0.024314655564630527
0.8380000000000004,0.02441235305098033
0.8390000000000004,0.024512789614679065
0.8400000000000004,0.02461604482457247
0.8410000000000004,0.02478258429196245
0.8420000000000004,0.02495767576331076
0.8430000000000004,0.025141763222546132
0.8440000000000004,0.0253353158934857
0.8450000000000004,0.02553882985951006
0.8460000000000004,0.02561441915310425
0.8470000000000004,0.02569114272249351
0.8480000000000004,0.025769017256738636
0.8490000000000004,0.02584805969864945
0.8500000000000004,0.025928287249090687
0.8510000000000004,0.025947095257180308
0.8520000000000004,0.025965934297872195
0.8530000000000004,0.025984804332001232
0.8540000000000004,0.02600370532037033
0.8550000000000004,0.026022637223739764
0.8560000000000004,0.025856018123363356
0.8570000000000004,0.02569555955799885
0.8580000000000004,0.025540998755804623
0.8590000000000004,0.025392085753448868
0.8600000000000004,0.02524858268536434
0.8610000000000004,0.025110263117749554
0.8620000000000004,0.02497691142412961
0.8630000000000004,0.024848322199549244
0.8640000000000004,0.0247242997106909
0.8650000000000004,0.02460465737945583
0.8660000000000004,0.0243639021337394
0.8670000000000004,0.024140022275055628
0.8680000000000004,0.023931693505890195
0.8690000000000004,0.023737707290340637
0.8700000000000004,0.02355695957236037
0.8710000000000004,0.02346180375080209
0.8720000000000004,0.02337035723712333
0.8730000000000004,0.023282455352600095
0.8740000000000004,0.02319794163591382
0.8750000000000004,0.0231166673843326
0.8760000000000004,0.023100962526193314
0.8770000000000004,0.023085406208341652
0.8780000000000004,0.02306999665299614
0.8790000000000004,0.023054732107876674
0.8800000000000004,0.02303961084574624
0.8810000000000004,0.02289501809358896
0.8820000000000005,0.022760564375236214
0.8830000000000005,0.022635458323367885
0.8840000000000005,0.02251897663623481
0.8850000000000005,0.022410457635508862
0.8860000000000005,0.02237648718233487
0.8870000000000005,0.022343859367058627
0.8880000000000005,0.022312527158106832
0.8890000000000005,0.022282445378056792
0.8900000000000005,0.022253570622318364
0.8910000000000005,0.022275037278028265
0.8920000000000005,0.022296795146210968
0.8930000000000005,0.022318847982077727
0.8940000000000005,0.0223411995870606
0.8950000000000005,0.022363853809405754
0.8960000000000005,0.022226002146386037
0.8970000000000005,0.022101356150248108
0.8980000000000005,0.02198852125696149
0.8990000000000005,0.021886263174241805
0.9000000000000005,0.02179348790224722
0.9010000000000004,0.021692754966338157
0.9020000000000004,0.021605098467325945
0.9030000000000004,0.021528819696335688
0.9040000000000004,0.021462458387979666
0.9050000000000004,0.021404756824761506
0.9060000000000004,0.02141130179444417
0.9070000000000004,0.021418308788202722
0.9080000000000004,0.02142579119136201
0.9090000000000004,0.021433762789669686
0.9100000000000004,0.02144223778157439
0.9110000000000004,0.021457940578695656
0.9120000000000004,0.02147400382538578
0.9130000000000004,0.021490435978996913
0.9140000000000004,0.02150724569755269
0.9150000000000004,0.02152444184457636
0.9160000000000004,0.021477784292418534
0.9170000000000004,0.021434317102311695
0.9180000000000004,0.021393796604698423
0.9190000000000004,0.021355999467729703
0.9200000000000004,0.021320720862053832
0.9210000000000004,0.021321003819810613
0.9220000000000004,0.02132146822273029
0.9230000000000004,0.02132211723541033
0.9240000000000004,0.021322954077817258
0.9250000000000004,0.021323982026231647
0.9260000000000004,0.02133071152825039
0.9270000000000004,0.02133789859951918
0.9280000000000004,0.02134555623577583
0.9290000000000004,0.021353697813843553
0.9300000000000004,0.021362337103088436
0.9310000000000004,0.021387608518907086
0.9320000000000004,0.02141473908919167
0.9330000000000004,0.021443834073366475
0.9340000000000004,0.021475005041555306
0.9350000000000004,0.02150837027499719
0.9360000000000004,0.021528718065713548
0.9370000000000004,0.021549529245206145
0.9380000000000004,0.021570814572864805
0.9390000000000004,0.0215925850613381
0.9400000000000004,0.021614851982644012
0.9410000000000004,0.021646596940612994
0.9420000000000004,0.021680156607644108
0.9430000000000004,0.021715614732819688
0.9440000000000004,0.021753059139545172
0.9450000000000004,0.021792581936065147
0.9460000000000004,0.0218283899245435
0.9470000000000004,0.021865972520380694
0.9480000000000004,0.021905402242140326
0.9490000000000004,0.02194675472641805
0.9500000000000004,0.021990108870678426
0.9510000000000004,0.022021318671924917
0.9520000000000004,0.022053703029442318
0.9530000000000004,0.022087296635167064
0.9540000000000004,0.022122135247361285
0.9550000000000004,0.02215825572537966
0.9560000000000004,0.022203909816791878
0.9570000000000004,0.02225145621312663
0.9580000000000004,0.022300962346491815
0.9590000000000004,0.022352498179476044
0.9600000000000004,0.022406136307182578
0.9610000000000004,0.022542555022234012
0.9620000000000004,0.022692232640409316
0.9630000000000004,0.02285638960194447
0.9640000000000004,0.02303636878561477
0.9650000000000004,0.02323364913123882
0.9660000000000004,0.023428333592111272
0.9670000000000004,0.02363852384473475
0.9680000000000004,0.02386549717616404
0.9690000000000004,0.024110646628709986
0.9700000000000004,0.024375492809493693
0.9710000000000004,0.024421772765428784
0.9720000000000004,0.02446878859487356
0.9730000000000004,0.02451654964535166
0.9740000000000004,0.024565065385242946
0.9750000000000004,0.024614345405510107
0.9760000000000004,0.024936589301859158
0.9770000000000004,0.025287829568760856
0.9780000000000004,0.025670773160648253
0.9790000000000004,0.026088410811169638
0.9800000000000004,0.026544051295346094
0.9810000000000004,0.026395748532326735
0.9820000000000004,0.02625154560178089
0.9830000000000004,0.02611131017402002
0.9840000000000004,0.025974914851907727
0.9850000000000004,0.025842236959732645
0.9860000000000004,0.025850502589651825
0.9870000000000004,0.02585879854937545
0.9880000000000004,0.02586712481868858
0.9890000000000004,0.02587548137731588
0.9900000000000004,0.02588386820495714
0.9910000000000004,0.026138804065418242
0.9920000000000004,0.02640667788370976
0.9930000000000004,0.02668817961046699
0.9940000000000004,0.026984040450678037
0.9950000000000006,0.02729503571194769
0.9960000000000006,0.02716382491483671
0.9970000000000006,0.027035511477652818
0.9980000000000006,0.026910019634520665
0.9990000000000006,0.02678727593054475
1.0000000000000004,0.02666720914032794
1.0010000000000006,0.02651604140523034
1.002000000000001,0.026368992934781232
1.0030000000000006,0.026225932593604284
1.0040000000000004,0.02608673407179296
1.0050000000000006,0.02595127568082134
1.006000000000001,0.025848992808601423
1.0070000000000006,0.025748869398743324
1.0080000000000005,0.02565085162562042
1.0090000000000006,0.025554887221264977
1.010000000000001,0.02546092542349143
1.0110000000000006,0.02549557664561064
1.0120000000000005,0.025530546266832488
1.0130000000000006,0.025565836245672102
1.014000000000001,0.02560144855184987
1.0150000000000006,0.025637385166369597
1.0160000000000005,0.025711592981959797
1.0170000000000006,0.02578673630179651
1.018000000000001,0.025862826767134806
1.0190000000000006,0.02593987617077076
1.0200000000000005,0.026017896459279655
1.0210000000000006,0.026005087988938413
1.022000000000001,0.025992334747371615
1.0230000000000006,0.025979636405065065
1.0240000000000005,0.025966992634973707
1.0250000000000006,0.025954403112521618
1.0260000000000007,0.026114847446457645
1.0270000000000006,0.026280365445018106
1.0280000000000005,0.026451118733501033
1.0290000000000006,0.026627274629476005
1.0300000000000007,0.026809006372708666
1.0310000000000006,0.02652170348942917
1.0320000000000005,0.026248243322907427
1.0330000000000006,0.025987864247493775
1.0340000000000007,0.025739852405973096
1.0350000000000006,0.025503538292230843
1.0360000000000005,0.025483245073672833
1.0370000000000006,0.025462998199387243
1.0380000000000007,0.025442797421153074
1.0390000000000006,0.025422642492547
1.0400000000000005,0.025402533168914943
1.0410000000000006,0.025311477893243506
1.0420000000000007,0.025222259348403497
1.0430000000000006,0.025134833832545667
1.0440000000000005,0.025049158849363096
1.0450000000000006,0.024965193069885316
1.0460000000000007,0.024980231548848764
1.0470000000000006,0.024995290594425512
1.0480000000000005,0.02501037018613772
1.0490000000000006,0.025025470303493336
1.0500000000000007,0.02504059092597899
1.0510000000000006,0.025172622517466436
1.0520000000000005,0.025308716718431157
1.0530000000000006,0.02544899713246096
1.0540000000000007,0.025593591482788725
1.0550000000000006,0.025742631768327584
1.0560000000000005,0.024644259468839635
1.0570000000000006,0.023765526078964427
1.0580000000000007,0.023058150453213244
1.0590000000000006,0.022485413813388533
1.0600000000000005,0.02201913552948298
1.0610000000000006,0.021500104712600887
1.0620000000000007,0.021106805413097618
1.0630000000000006,0.020805928558502274
1.0640000000000005,0.020573555821520983
1.0650000000000006,0.020392348376571334
1.0660000000000007,0.020302145662061122
1.0670000000000006,0.02022547909036021
1.0680000000000005,0.02016012405604073
1.0690000000000006,0.020104248522208934
1.0700000000000007,0.020056339457223515
1.0710000000000006,0.020003599146640738
1.0720000000000005,0.019957080997027532
1.0730000000000006,0.01991579329033044
1.0740000000000007,0.019878915448312995
1.0750000000000006,0.01984576662895421
1.0760000000000003,0.019815312122776874
1.0770000000000006,0.019787670287296777
1.0780000000000007,0.01976241886375263
1.0790000000000006,0.019739205148024297
1.0800000000000003,0.019717733704428753
1.0810000000000006,0.019705663886391278
1.0820000000000007,0.019695299743183625
1.0830000000000006,0.019686371680748493
1.0840000000000003,0.01967865729521634
1.0850000000000006,0.019671972410652216
1.0860000000000007,0.019656851073289516
1.0870000000000006,0.019642426223775544
1.0880000000000003,0.019628602372460335
1.0890000000000006,0.019615298683952176
1.0900000000000007,0.01960244649800913
1.0910000000000006,0.01959975089543775
1.0920000000000003,0.019597341699061133
1.0930000000000006,0.01959518560902751
1.0940000000000007,0.01959325362934905
1.0950000000000006,0.019591520448649646
1.0960000000000003,0.019580585859557686
1.0970000000000006,0.019569784684208003
1.0980000000000008,0.019559103964635227
1.0990000000000006,0.019548532155358345
1.1000000000000003,0.01953805895218963
1.1010000000000006,0.019537270018165742
1.1020000000000008,0.01953654415114059
1.1030000000000006,0.019535875980817963
1.1040000000000003,0.0195352606335355
1.1050000000000006,0.019534693681510618
1.1060000000000008,0.019534369452223643
1.1070000000000009,0.01953406113066336
1.1080000000000003,0.019533767883025632
1.1090000000000009,0.019533488922892417
1.1100000000000008,0.019533223508268804
1.1110000000000009,0.01952338242291418
1.1120000000000003,0.01951356574657126
1.1130000000000009,0.019503772029207056
1.1140000000000008,0.019493999924854677
1.1150000000000009,0.019484248183495367
1.1160000000000003,0.01948404895482625
1.1170000000000009,0.019483860033339795
1.1180000000000008,0.01948368085744434
1.1190000000000009,0.019483510898130163
1.1200000000000006,0.019483349656926663
1.1210000000000009,0.019483251135600455
1.1220000000000008,0.01948315591462446
1.1230000000000009,0.01948306387607346
1.1240000000000006,0.01948297490653772
1.1250000000000009,0.01948288889695249
1.1260000000000008,0.019482742442743728
1.127000000000001,0.019482604330434583
1.1280000000000006,0.019482474064460575
1.129000000000001,0.019482351180215574
1.1300000000000008,0.019482235242001877
1.131000000000001,0.019491787422321494
1.1320000000000006,0.019501344142867083
1.133000000000001,0.019510905449340754
1.1340000000000008,0.019520471388609906
1.135000000000001,0.01953004200877473
1.1360000000000006,0.019530148606985875
1.137000000000001,0.019530259916297865
1.1380000000000008,0.019530376139904604
1.139000000000001,0.019530497489739673
1.1400000000000006,0.019530624186838708
1.141000000000001,0.01954016301337802
1.1420000000000008,0.019549704989263006
1.143000000000001,0.019559250116916616
1.1440000000000006,0.019568798398793774
1.145000000000001,0.019578349837349407
1.1460000000000008,0.019578390442458016
1.147000000000001,0.019578431515995476
1.1480000000000006,0.019578473062619395
1.149000000000001,0.01957851508704067
1.1500000000000008,0.019578557593995072
1.1510000000000007,0.019578697773773968
1.1520000000000006,0.01957884373930341
1.1530000000000007,0.019578995724756965
1.1540000000000008,0.019579153973829477
1.1550000000000007,0.019579318740177598
1.1560000000000006,0.019589115252269806
1.1570000000000007,0.019598933195876356
1.1580000000000008,0.019608773826636394
1.1590000000000007,0.019618638487742146
1.1600000000000006,0.019628528616518537
1.1610000000000007,0.01963849918157834
1.1620000000000008,0.0196485062313414
1.1630000000000007,0.019658552407030072
1.1640000000000006,0.01966864056830886
1.1650000000000007,0.019678773813200934
1.1660000000000008,0.019679405153567586
1.1670000000000007,0.019680085495711097
1.1680000000000006,0.019680818768616604
1.1690000000000007,0.019681609240443265
1.1700000000000008,0.01968246155140463
1.1710000000000007,0.019692903214693303
1.1720000000000006,0.01970341594138958
1.1730000000000007,0.019714005199755746
1.1740000000000008,0.019724676938082553
1.1750000000000007,0.019735437632466102
1.1760000000000006,0.019736645198982217
1.1770000000000007,0.019737940522013275
1.1780000000000008,0.019739330411827183
1.1790000000000007,0.019740822267422686
1.1800000000000006,0.019742424134395975
1.1810000000000007,0.019753593840789563
1.1820000000000008,0.019764877928590607
1.1830000000000007,0.01977628478102389
1.1840000000000006,0.01978782348837882
1.1850000000000007,0.019799503915368888
1.1860000000000008,0.01980142255294126
1.1870000000000007,0.019803457352495002
1.1880000000000006,0.01980561602121611
1.1890000000000007,0.01980790684250522
1.1900000000000008,0.019810338724173704
1.1910000000000007,0.019822061926003443
1.1920000000000006,0.01983389815512382
1.1930000000000007,0.019845853625852783
1.1940000000000008,0.019857934945108013
1.1950000000000007,0.019870149139777027
1.1960000000000006,0.019873046740961797
1.1970000000000007,0.01987610493148395
1.1980000000000008,0.019879333600492544
1.1990000000000007,0.01988274332017781
1.2000000000000006,0.019886345397502225
1.2010000000000007,0.01988977496992206
1.2020000000000008,0.01989338031649268
1.2030000000000007,0.01989717146563663
1.2040000000000006,0.019901159083143938
1.2050000000000007,0.01990535451611919
1.2060000000000008,0.019919373159044795
1.2070000000000007,0.01993362808826049
1.2080000000000006,0.019948133000692536
1.2090000000000007,0.019962902481989175
1.2100000000000009,0.01997795206864339
1.2110000000000007,0.019984634038934246
1.2120000000000006,0.019991741409501884
1.2130000000000007,0.019999304526340467
1.2140000000000009,0.020007356124786213
1.2150000000000007,0.02001593153140746
1.2160000000000006,0.020024630042797753
1.2170000000000007,0.02003387422608327
1.2180000000000009,0.0200437022949167
1.2190000000000007,0.020054155390791806
1.2200000000000006,0.0200652778220487
1.2210000000000008,0.020075922208715014
1.2220000000000009,0.020087185502269733
1.2230000000000008,0.02009910759960576
1.2240000000000006,0.02011173118544818
1.2250000000000008,0.020125101938720746
1.2260000000000009,0.020141054342094122
1.2270000000000008,0.020157172568154635
1.2280000000000006,0.020173461081554933
1.2290000000000008,0.020189924475239707
1.2300000000000009,0.0202065674742542
1.2310000000000008,0.020205103100185084
1.2320000000000009,0.020203649299304516
1.2330000000000008,0.020202205974825915
1.2340000000000009,0.02020077303103207
1.2350000000000008,0.020199350373232505
1.2360000000000009,0.02019384910833466
1.2370000000000008,0.020188475077610235
1.2380000000000009,0.020183224851560766
1.2390000000000008,0.02017809510474322
1.2400000000000009,0.02017308261227413
1.2410000000000008,0.020166018660958684
1.2420000000000009,0.020159180474813354
1.2430000000000008,0.020152559739749165
1.2440000000000009,0.020146148483505044
1.2450000000000008,0.020139939060271672
1.2460000000000009,0.020133924136143122
1.2470000000000008,0.020128096675179563
1.2480000000000009,0.02012244992622314
1.2490000000000008,0.02011697741028584
1.2500000000000009,0.02011167290856264
1.2510000000000008,0.020106530451002413
1.252000000000001,0.0201015443054402
1.2530000000000008,0.02009670896720195
1.2540000000000011,0.0200920191492564
1.2550000000000008,0.020087469772764877
1.256000000000001,0.020083511497727358
1.2570000000000008,0.02007965916257959
1.2580000000000011,0.020075909462015318
1.2590000000000008,0.020072259207118748
1.260000000000001,0.02006870532090943
1.2610000000000008,0.020065645978402102
1.2620000000000011,0.02006265798301854
1.2630000000000008,0.020059739382194408
1.264000000000001,0.02005688828403862
1.2650000000000008,0.02005410285525855
1.2660000000000011,0.020052825113008765
1.2670000000000008,0.020051562163569514
1.268000000000001,0.020050313797757013
1.2690000000000008,0.02004907980984072
1.2700000000000011,0.020047859997475825
1.2710000000000008,0.02004665416164997
1.272000000000001,0.020045462106612177
1.2730000000000008,0.02004428363980537
1.2740000000000011,0.02004311857183083
1.2750000000000008,0.020041966716362936
1.2760000000000007,0.02004148205955758
1.2770000000000008,0.020041000167378087
1.2780000000000011,0.020040521019254243
1.2790000000000008,0.020040044594814788
1.2800000000000007,0.020039570873862544
1.2810000000000008,0.020040387225201073
1.2820000000000011,0.02004120810491017
1.2830000000000008,0.0200420335354643
1.2840000000000007,0.020042863539433853
1.2850000000000008,0.020043698139488697
1.2860000000000011,0.020045880957962225
1.2870000000000008,0.02004810066966556
1.2880000000000007,0.02005035793637333
1.2890000000000008,0.020052653432372836
1.2900000000000011,0.02005498784470916
1.2910000000000008,0.02005884556847093
1.2920000000000007,0.020062813691250625
1.2930000000000008,0.020066895662186113
1.2940000000000011,0.02007109504642557
1.2950000000000008,0.020075415529237972
1.2960000000000007,0.02008029314225368
1.2970000000000008,0.020085326668557002
1.2980000000000012,0.020090521562963204
1.2990000000000008,0.020095883485637955
1.3000000000000007,0.020101418310204622
1.3010000000000008,0.020116768838381205
1.302000000000001,0.02013230784340081
1.3030000000000008,0.020148041870506006
1.3040000000000007,0.02016397771193823
1.3050000000000008,0.020180122416682877
1.306000000000001,0.02018803581577444
1.3070000000000008,0.0201962586595954
1.3080000000000007,0.020204804214703387
1.3090000000000008,0.02021368635817211
1.310000000000001,0.020222919607071788
1.3110000000000008,0.02023251914949853
1.3120000000000007,0.02024250087713142
1.3130000000000008,0.02025288141942383
1.314000000000001,0.0202636781795853
1.3150000000000008,0.02027490937232912
1.3160000000000007,0.020284801523626328
1.3170000000000008,0.02029503044429859
1.318000000000001,0.020305608549488596
1.3190000000000008,0.0203165487397321
1.3200000000000007,0.02032786442073231
1.3210000000000008,0.02033956952405447
1.322000000000001,0.02035167852864106
1.3230000000000008,0.0203642064832934
1.3240000000000007,0.02037716903011244
1.3250000000000008,0.02039058242891656
1.326000000000001,0.020404463582760712
1.3270000000000008,0.020418830064542703
1.3280000000000007,0.02043370014475343
1.3290000000000008,0.020449092820463477
1.330000000000001,0.020465027845542494
1.3310000000000008,0.020480020104194807
1.3320000000000007,0.020495492609153843
1.3330000000000009,0.020511461819214816
1.334000000000001,0.020527944786412178
1.3350000000000009,0.020544959178341315
1.3360000000000007,0.020558998992960653
1.3370000000000009,0.0205733977015079
1.338000000000001,0.02058816499796734
1.3390000000000009,0.02060331084899758
1.3400000000000007,0.020618845501910954
1.3410000000000009,0.020630790954019318
1.342000000000001,0.02064296230870255
1.3430000000000009,0.02065536399440404
1.3440000000000007,0.02066800052848805
1.3450000000000009,0.02068087651907291
1.346000000000001,0.020691809045228382
1.3470000000000009,0.020702911655533285
1.3480000000000008,0.020714187049829746
1.3490000000000009,0.020725637971224842
1.350000000000001,0.0207372672068189
1.3510000000000009,0.02075382981708529
1.3520000000000008,0.020770764466835345
1.3530000000000009,0.020788079892117395
1.354000000000001,0.020805785041314806
1.3550000000000009,0.020823889080517688
1.3560000000000008,0.02084240139907223
1.3570000000000009,0.020861331615201095
1.358000000000001,0.02088068958186895
1.3590000000000009,0.020900485392726154
1.3600000000000008,0.02092072938826206
1.3610000000000009,0.020938434818006613
1.362000000000001,0.02095647984927851
1.3630000000000009,0.020974871212288804
1.3640000000000008,0.020993615774298036
1.3650000000000009,0.021012720542564978
1.366000000000001,0.021028895386244528
1.3670000000000009,0.021045324642010144
1.3680000000000008,0.021062012382063955
1.3690000000000009,0.02107896274475607
1.370000000000001,0.021096179935675252
1.3710000000000009,0.021110102451537216
1.3720000000000008,0.02112419533814247
1.3730000000000009,0.02113846066653835
1.374000000000001,0.02115290053274066
1.3750000000000009,0.021167517058056973
1.3760000000000008,0.021178522420967738
1.377000000000001,0.02118962378712652
1.378000000000001,0.02120082195116524
1.379000000000001,0.0212121177139295
1.3800000000000008,0.021223511882528356
1.381000000000001,0.021231046664478725
1.3820000000000008,0.021238620668750485
1.383000000000001,0.02124623406643167
1.3840000000000008,0.0212538870291894
1.385000000000001,0.02126157972928766
1.3860000000000008,0.021265249269209363
1.387000000000001,0.021268925051884935
1.3880000000000008,0.021272607078554273
1.389000000000001,0.02127629535045017
1.3900000000000008,0.021279989868787652
1.391000000000001,0.021279592467244868
1.3920000000000008,0.021279195770006254
1.393000000000001,0.0212787997752244
1.3940000000000008,0.02127840448104834
1.395000000000001,0.021278009885641325
1.3960000000000008,0.02127355339238335
1.397000000000001,0.021269120065877445
1.3980000000000008,0.021264709751303457
1.399000000000001,0.021260322295105993
1.4000000000000008,0.021255957544948245
1.4010000000000007,0.021251615349726194
1.4020000000000008,0.021247295559554402
1.403000000000001,0.021242998025741144
1.4040000000000008,0.021238722600788407
1.4050000000000007,0.021234469138374124
1.4060000000000008,0.021238021439778265
1.407000000000001,0.021241579733185745
1.4080000000000008,0.021245144019847118
1.4090000000000007,0.02124871430101649
1.4100000000000008,0.021252290577923105
1.411000000000001,0.021259831795219952
1.4120000000000008,0.021267411415042403
1.4130000000000007,0.02127502960120964
1.4140000000000008,0.02128268651809151
1.415000000000001,0.021290382330615643
1.4160000000000008,0.02131870160175353
1.4170000000000007,0.021347654177212405
1.4180000000000008,0.02137725483100894
1.419000000000001,0.02140751869678681
1.4200000000000008,0.021438461277117682
1.4210000000000007,0.02147009845305803
1.4220000000000008,0.02150244649398303
1.423000000000001,0.02153552206768694
1.4240000000000008,0.02156934225078544
1.4250000000000007,0.021603924539416397
1.4260000000000008,0.02163494476226191
1.427000000000001,0.02166703535481318
1.4280000000000008,0.0217002258338006
1.4290000000000007,0.02173454657670959
1.4300000000000008,0.021770028848720813
1.431000000000001,0.021810268993203152
1.4320000000000008,0.021851423419807503
1.4330000000000007,0.02189351383971072
1.4340000000000008,0.02193656250687681
1.435000000000001,0.02198059223268345
1.4360000000000008,0.022018937213569956
1.4370000000000007,0.022058019585781352
1.4380000000000008,0.02209785404261666
1.439000000000001,0.022138455584148176
1.4400000000000008,0.02217983952412439
1.4410000000000007,0.022214663167904547
1.4420000000000008,0.022250032953419208
1.443000000000001,0.022285957640313825
1.4440000000000008,0.022322446134158014
1.4450000000000007,0.022359507489067454
1.4460000000000008,0.022397150910371977
1.447000000000001,0.022435385757340498
1.4480000000000008,0.02247422154596279
1.4490000000000007,0.022513667951781002
1.4500000000000008,0.022553734812781556
1.451000000000001,0.02259443213235457
1.4520000000000008,0.02263577008229234
1.4530000000000007,0.02267775900588731
1.4540000000000008,0.022720409421047805
1.455000000000001,0.02276373202351678
1.4560000000000008,0.022798375485212574
1.4570000000000007,0.022833438852817523
1.4580000000000009,0.022868927235442982
1.459000000000001,0.022904845806198892
1.4600000000000009,0.02294119980306064
1.4610000000000007,0.02297799452973237
1.4620000000000009,0.023015235356567132
1.463000000000001,0.02305292772145151
1.4640000000000009,0.02309107713073999
1.4650000000000007,0.02312968916019642
1.4660000000000009,0.023158173974636043
1.467000000000001,0.023186899967182484
1.4680000000000009,0.023215869103491826
1.4690000000000007,0.02324508336516473
1.4700000000000009,0.023274544749924075
1.471000000000001,0.02331534433142579
1.4720000000000009,0.023356638455577894
1.4730000000000008,0.02339843316762824
1.4740000000000009,0.023440734589616596
1.475000000000001,0.023483548921440445
1.4760000000000009,0.02351506467850939
1.4770000000000008,0.02354684666346074
1.4780000000000009,0.02357889704887839
1.479000000000001,0.023611218025138214
1.4800000000000009,0.02364381180059638
1.4810000000000008,0.02368904744712097
1.4820000000000009,0.02373483146407196
1.483000000000001,0.02378117057802953
1.4840000000000009,0.023828071601858625
1.4850000000000008,0.023875541435948833
1.4860000000000009,0.02392358706944364
1.487000000000001,0.023972215581519407
1.4880000000000009,0.024021434142650122
1.4890000000000008,0.024071250015918366
1.4900000000000009,0.02412167055835468
1.491000000000001,0.02412139827512405
1.4920000000000009,0.02412114003812249
1.4930000000000008,0.024120895844948365
1.4940000000000009,0.024120665693171617
1.495000000000001,0.024120449580369296
1.4960000000000009,0.024115532524767502
1.4970000000000008,0.024110628345884066
1.4980000000000009,0.024105736996361316
1.499000000000001,0.024100858429072503
1.5000000000000009,0.024095992597096938
1.5010000000000008,0.02406352573308368
1.5020000000000011,0.024031378463007513
1.503000000000001,0.023999547000340016
1.504000000000001,0.023968027611001474
1.5050000000000008,0.02393681661256508
1.5060000000000011,0.023905910373404282
1.5070000000000008,0.02387530531190407
1.508000000000001,0.023844997895665188
1.5090000000000008,0.023814984640726067
1.5100000000000011,0.0237852621107848
1.5110000000000008,0.023743293050223713
1.512000000000001,0.02370187750453212
1.5130000000000008,0.023661006878295865
1.5140000000000011,0.023620672730093162
1.5150000000000008,0.02358086676937532
1.516000000000001,0.023553352960931306
1.5170000000000008,0.023526101257022702
1.5180000000000011,0.0234991086524019
1.5190000000000008,0.02347237218206999
1.520000000000001,0.023445888920655023
1.5210000000000008,0.023430957547226683
1.5220000000000011,0.02341611482622241
1.5230000000000008,0.023401360095739676
1.524000000000001,0.02338669269979121
1.5250000000000008,0.023372111988255284
1.5260000000000011,0.023379748444650517
1.5270000000000008,0.02338739334756923
1.528000000000001,0.023395046693323707
1.5290000000000008,0.023402708478219125
1.5300000000000011,0.02341037869855711
1.5310000000000008,0.02342927935536565
1.532000000000001,0.023448267176757298
1.5330000000000008,0.023467342502904387
1.5340000000000011,0.02348650567513033
1.5350000000000008,0.023505757035913177
1.536000000000001,0.023513576721697405
1.5370000000000008,0.02352140486938481
1.5380000000000011,0.023529241475102936
1.5390000000000008,0.023537086534982876
1.540000000000001,0.023544940045130858
1.5410000000000008,0.02355280200166021
1.5420000000000011,0.023560672400666505
1.5430000000000008,0.02356855123825241
1.544000000000001,0.023576438510495734
1.5450000000000008,0.023584334213481384
1.5460000000000012,0.023571200109955726
1.5470000000000008,0.023558077125304777
1.548000000000001,0.023544965231451442
1.5490000000000008,0.02353186440042876
1.5500000000000012,0.02351877460440477
1.5510000000000008,0.02350350081775332
1.552000000000001,0.02348831659587347
1.5530000000000008,0.023473221278614176
1.5540000000000012,0.023458214211640183
1.5550000000000008,0.023443294746389398
1.556000000000001,0.02342846223999473
1.5570000000000008,0.023413716055245004
1.5580000000000012,0.023399055560510362
1.5590000000000008,0.02338448012969252
1.560000000000001,0.023369989142178582
1.5610000000000008,0.023355581982762885
1.5620000000000012,0.023341258041607915
1.5630000000000008,0.023327016714191018
1.564000000000001,0.023312857401244003
1.5650000000000008,0.0232987795086963
1.5660000000000012,0.023274138973597758
1.5670000000000008,0.023249723147209522
1.568000000000001,0.023225529562793668
1.5690000000000008,0.023201555785224315
1.5700000000000012,0.02317779941052578
1.5710000000000008,0.023164459524359415
1.572000000000001,0.0231511953068555
1.5730000000000008,0.023138006217788387
1.5740000000000012,0.02312489172154386
1.5750000000000008,0.023111851287080043
1.576000000000001,0.023088936304585417
1.5770000000000008,0.023066226983811333
1.5780000000000012,0.023043721102521175
1.5790000000000008,0.02302141646650213
1.580000000000001,0.022999310909156634
1.5810000000000008,0.02299651760507615
1.5820000000000012,0.02299373055099707
1.5830000000000009,0.022990949727013543
1.584000000000001,0.022988175113301423
1.5850000000000009,0.02298540669012894
1.5860000000000012,0.022982775436304337
1.5870000000000009,0.02298015573589751
1.588000000000001,0.022977547588634906
1.5890000000000009,0.02297495099424296
1.5900000000000012,0.0229723659524268
1.5910000000000009,0.022988822278389165
1.592000000000001,0.02300535172880913
1.5930000000000009,0.02302195457766132
1.5940000000000012,0.02303863109979787
1.5950000000000009,0.023055381570951994
1.596000000000001,0.02307220626774864
1.5970000000000009,0.023089105467693827
1.5980000000000012,0.0231060794491853
1.5990000000000009,0.023123128491523204
1.600000000000001,0.023140252874892298
1.6010000000000009,0.023147304830324344
1.6020000000000012,0.023154364345135292
1.6030000000000009,0.02316143141636573
1.604000000000001,0.023168506041052694
1.6050000000000009,0.023175588216219012
1.6060000000000012,0.02317247772941755
1.6070000000000009,0.023169374263336096
1.608000000000001,0.023166277795493073
1.6090000000000009,0.023163188303499282
1.6100000000000012,0.023160105765061445
1.6110000000000009,0.0231375815608601
1.612000000000001,0.023115130495607872
1.6130000000000009,0.023092752085680956
1.6140000000000012,0.023070445851459453
1.6150000000000009,0.02304821131728474
1.616000000000001,0.023055124866250054
1.6170000000000009,0.023062045798670994
1.6180000000000012,0.023068974111744467
1.6190000000000009,0.023075909802660277
1.620000000000001,0.023082852868604675
1.6210000000000009,0.023119878885918155
1.6220000000000012,0.023157312049086443
1.6230000000000009,0.023195156871256728
1.624000000000001,0.02323341791756306
1.6250000000000009,0.023272099805737412
1.6260000000000012,0.023332625867670487
1.6270000000000011,0.023394224037314615
1.628000000000001,0.023456914205493007
1.629000000000001,0.023520716658598673
1.6300000000000012,0.02358565208736607
1.6310000000000011,0.02361898275973573
1.6320000000000008,0.023652794974083236
1.633000000000001,0.02368709414642467
1.6340000000000012,0.02372188575668588
1.6350000000000011,0.023757175349555126
1.6360000000000008,0.02377752591147697
1.637000000000001,0.02379796422838254
1.6380000000000012,0.023818490622225852
1.6390000000000011,0.023839105416016082
1.6400000000000008,0.023859808933810456
1.641000000000001,0.023868004861412828
1.6420000000000012,0.023876208621445016
1.6430000000000011,0.023884420209903112
1.6440000000000008,0.02389263962277255
1.645000000000001,0.02390086685603876
1.6460000000000012,0.023896448835380113
1.6470000000000011,0.023892041304620193
1.6480000000000008,0.023887644228771876
1.649000000000001,0.0238832575729937
1.6500000000000012,0.023878881302593413
1.6510000000000011,0.023862015051605567
1.6520000000000008,0.02384524427330703
1.653000000000001,0.023828568289420815
1.6540000000000012,0.02381198642743243
1.6550000000000011,0.023795498020533046
1.6560000000000008,0.023791290870804005
1.657000000000001,0.02378709356456099
1.6580000000000013,0.02378290606941036
1.6590000000000011,0.023778728353100576
1.6600000000000008,0.023774560383508003
1.661000000000001,0.023770402128651114
1.6620000000000013,0.023766253556676276
1.6630000000000011,0.023762114635868414
1.6640000000000008,0.023757985334640352
1.665000000000001,0.02375386562154347
1.6660000000000013,0.023740486711137265
1.6670000000000011,0.023727119227121563
1.6680000000000008,0.02371376314171414
1.669000000000001,0.02370041842725712
1.6700000000000013,0.023687085056192103
1.6710000000000012,0.023683020185572445
1.6720000000000008,0.023678964691583815
1.673000000000001,0.023674918543775902
1.6740000000000013,0.02367088171184406
1.6750000000000012,0.023666854165593776
1.6760000000000008,0.02368651597767979
1.677000000000001,0.023706260560615533
1.6780000000000013,0.023726088210683116
1.6790000000000012,0.023745999225116776
1.6800000000000008,0.023765993902085114
1.681000000000001,0.023798258866662536
1.6820000000000013,0.023830764795970794
1.6830000000000012,0.02386351343758264
1.6840000000000008,0.023896506551935204
1.685000000000001,0.023929745912440126
1.6860000000000013,0.023975960273943997
1.6870000000000012,0.02402267146999293
1.6880000000000008,0.024069884930217
1.689000000000001,0.024117606146841553
1.6900000000000013,0.024165840675482997
1.6910000000000012,0.024187706060363467
1.6920000000000008,0.024209662629701256
1.693000000000001,0.02423171070868335
1.6940000000000013,0.024253850623512818
1.6950000000000012,0.02427608270146564
1.6960000000000008,0.024234676153291446
1.697000000000001,0.02419355133757861
1.6980000000000013,0.024152705305802158
1.6990000000000012,0.0241121351460869
1.7000000000000008,0.02407183798267809
1.701000000000001,0.024015095181219692
1.7020000000000013,0.023959213531423273
1.7030000000000012,0.023904177830210926
1.7040000000000008,0.02384997318255344
1.705000000000001,0.023796584994347114
1.7060000000000013,0.02376809108598721
1.7070000000000012,0.023739844020614242
1.7080000000000009,0.02371184122452874
1.709000000000001,0.023684080155401688
1.7100000000000013,0.023656558301862418
1.7110000000000012,0.023687770055769164
1.7120000000000009,0.023719210653336376
1.713000000000001,0.02375088172274431
1.7140000000000013,0.023782784903925602
1.7150000000000012,0.023814921848650528
1.7160000000000009,0.023871906988407687
1.717000000000001,0.02392967788627587
1.7180000000000013,0.02398824579615777
1.7190000000000012,0.024047622144589553
1.7200000000000009,0.02410781853369315
1.721000000000001,0.024195453105789966
1.7220000000000013,0.02428487328187856
1.7230000000000012,0.02437611780571558
1.7240000000000009,0.024469226339363104
1.725000000000001,0.024564239487752104
1.7260000000000013,0.024646412863553735
1.7270000000000012,0.024729999617861154
1.7280000000000009,0.02481502549604997
1.729000000000001,0.024901516755299724
1.730000000000001,0.024989500176115342
1.7310000000000012,0.025037756818552026
1.7320000000000009,0.02508663936296074
1.733000000000001,0.025136154704689773
1.734000000000001,0.025186309820419694
1.7350000000000012,0.025237111769239817
1.7360000000000009,0.02526383143715094
1.737000000000001,0.02529065972210276
1.738000000000001,0.0253175970067403
1.7390000000000012,0.025344643674969802
1.7400000000000009,0.02537180011195872
1.741000000000001,0.02541632948735284
1.742000000000001,0.02546118619918758
1.7430000000000012,0.025506372623478768
1.7440000000000009,0.025551891154275808
1.745000000000001,0.02559774420384997
1.746000000000001,0.025590236915910225
1.7470000000000012,0.02558274857290499
1.7480000000000009,0.025575279108643656
1.749000000000001,0.025567828457234043
1.750000000000001,0.025560396553061082
1.7510000000000012,0.025588375765423166
1.7520000000000011,0.025616467795618547
1.753000000000001,0.025644673039369792
1.7540000000000011,0.025672991893721075
1.7550000000000012,0.025701424757023972
1.7560000000000011,0.025711835460857202
1.7570000000000008,0.025722253897189518
1.7580000000000011,0.025732680060567503
1.7590000000000012,0.0257431139455484
1.7600000000000011,0.025753555546678797
1.7610000000000008,0.025828387990522117
1.7620000000000011,0.02590440719771081
1.7630000000000012,0.025981630692051283
1.7640000000000011,0.026060076280728595
1.7650000000000008,0.026139762059511185
1.7660000000000011,0.02626948724244471
1.7670000000000012,0.026401894537428916
1.7680000000000011,0.026537043906362356
1.7690000000000008,0.02667499680771357
1.7700000000000014,0.0268158162395693
1.7710000000000012,0.026981815937777043
1.7720000000000011,0.027151843392122288
1.7730000000000008,0.0273260054172475
1.7740000000000014,0.027504412021347235
1.7750000000000012,0.027687176516991485
1.7760000000000011,0.027849246082855217
1.7770000000000008,0.028014732099549633
1.7780000000000014,0.028183713251245024
1.7790000000000012,0.028356270272006157
1.7800000000000011,0.028532486008106872
1.7810000000000008,0.02865667179798237
1.7820000000000014,0.028782636938515793
1.7830000000000013,0.028910408885106875
1.7840000000000011,0.029040015570256372
1.7850000000000008,0.029171485413279186
1.7860000000000014,0.029177324766930468
1.7870000000000013,0.029183177931386695
1.7880000000000011,0.029189044899812444
1.7890000000000008,0.029194925665361637
1.7900000000000014,0.029200820221177537
1.7910000000000013,0.02918567516326931
1.7920000000000011,0.029170573445000514
1.7930000000000008,0.02915551489723356
1.7940000000000014,0.029140499351658633
1.7950000000000013,0.029125526640786603
1.7960000000000012,0.02913991009694783
1.7970000000000008,0.02915430158098431
1.7980000000000014,0.029168701085055204
1.7990000000000013,0.02918310860132678
1.8000000000000012,0.029197524121968854
1.8010000000000008,0.029241525205037533
1.8020000000000012,0.02928570088521809
1.8030000000000013,0.029330051790918077
1.8040000000000007,0.029374578552854302
1.8050000000000008,0.029419281804095476
1.8060000000000012,0.0294945177548378
1.8070000000000013,0.02957030988202547
1.8080000000000007,0.02964666239452285
1.8090000000000008,0.029723579536312883
1.8100000000000012,0.029801065586848807
1.8110000000000013,0.02996600502421387
1.8120000000000007,0.030134076263777843
1.8130000000000008,0.030305340848460816
1.8140000000000012,0.03047986170117767
1.8150000000000013,0.030657703161242722
1.8160000000000007,0.030812353356292732
1.8170000000000008,0.030969238203464755
1.8180000000000012,0.03112839296462866
1.8190000000000013,0.031289853538593704
1.8200000000000007,0.031453656474747405
1.8210000000000008,0.03165753541045824
1.8220000000000012,0.03186510580353108
1.8230000000000013,0.032076441793387644
1.8240000000000007,0.03229161924176083
1.8250000000000008,0.03251071578032061
1.8260000000000012,0.03269244539470506
1.8270000000000013,0.03287684370164179
1.8280000000000007,0.033063953963420545
1.8290000000000008,0.03325382025468038
1.8300000000000012,0.033446487480640386
1.8310000000000013,0.03358942905735951
1.8320000000000007,0.033734094759143574
1.8330000000000009,0.03388050571794743
1.8340000000000012,0.034028683363837686
1.8350000000000013,0.03417864943001803
1.8360000000000007,0.034291429005744334
1.8370000000000009,0.03440506621516448
1.8380000000000012,0.03451956796970457
1.8390000000000013,0.03463494124472888
1.8400000000000007,0.034751193080257536
1.8410000000000009,0.03491728334468469
1.8420000000000012,0.03508524522516154
1.8430000000000013,0.03525510190611314
1.8440000000000007,0.03542687690675628
1.8450000000000009,0.035600594086938386
1.8460000000000012,0.03577627765310254
1.8470000000000013,0.03595395216437325
1.8480000000000008,0.036133642538773714
1.8490000000000009,0.0363153740595763
1.8500000000000012,0.036499172381788014
1.8510000000000013,0.036622219687073354
1.8520000000000008,0.03674630473874885
1.8530000000000009,0.0368714361767406
1.8540000000000012,0.0369976227241029
1.855000000000001,0.037124873187986296
1.8560000000000008,0.037491866188563705
1.8570000000000009,0.03786719799120419
1.8580000000000012,0.03825108638290864
1.859000000000001,0.038643755945830804
1.8600000000000008,0.03904543831491836
1.8610000000000009,0.039456372447320476
1.8620000000000012,0.0398768049042495
1.863000000000001,0.040306990145920096
1.8640000000000008,0.04074719084032097
1.8650000000000009,0.04119767818657394
1.8660000000000012,0.04165873225371719
1.867000000000001,0.042130642335751034
1.8680000000000008,0.042613707323901906
1.8690000000000009,0.04310823609708514
1.8700000000000012,0.04361454793162878
1.871000000000001,0.04404329901158732
1.8720000000000008,0.04448086198736867
1.8730000000000009,0.04492744398027604
1.8740000000000012,0.0453832580376865
1.875000000000001,0.045848523341822656
1.8760000000000008,0.04633014681502523
1.877000000000001,0.04682157310553414
1.8780000000000012,0.04732303826358297
1.8790000000000011,0.04783478532799457
1.8800000000000008,0.04835706458240274
1.881000000000001,0.04889013382289242
1.8820000000000012,0.049434258637720774
1.8830000000000011,0.04998971269968777
1.8840000000000008,0.0505567780719165
1.885000000000001,0.051135745527714604
1.8860000000000012,0.051614146177714204
1.8870000000000011,0.05210063509369611
1.8880000000000008,0.052595375774426856
1.889000000000001,0.05309853583328561
1.8900000000000012,0.05361028712753857
1.8910000000000011,0.05400240457905703
1.8920000000000008,0.054399733682473084
1.893000000000001,0.054802354516017004
1.8940000000000012,0.05521034868942998
1.8950000000000011,0.05562379938063877
1.8960000000000008,0.05578794959308553
1.897000000000001,0.05595281934995455
1.8980000000000012,0.05611841211796076
1.8990000000000011,0.05628473138487422
1.9000000000000008,0.0564517806596907
1.9010000000000007,0.05668609117673462
1.9020000000000012,0.05692193782189747
1.9030000000000011,0.0571593322132351
1.9040000000000008,0.057398286079338945
1.9050000000000007,0.057638811260664724
1.9060000000000012,0.05772948512204579
1.9070000000000011,0.05782032296689721
1.9080000000000013,0.057911325051003715
1.9090000000000007,0.058002491630709585
1.9100000000000013,0.05809382296293286
1.9110000000000011,0.05786731802339773
1.9120000000000013,0.05764264549446452
1.9130000000000007,0.05741978605736975
1.9140000000000013,0.05719872064956988
1.9150000000000011,0.05697943046057752
1.9160000000000013,0.056484932938321464
1.9170000000000007,0.05599874466818022
1.9180000000000013,0.055520688918504035
1.9190000000000011,0.055050593646964074
1.9200000000000013,0.05458829134845189
1.9210000000000007,0.054012808663829404
1.9220000000000013,0.0534491248046578
1.9230000000000012,0.05289693675674556
1.9240000000000013,0.05235595115895464
1.9250000000000007,0.051825883928440675
1.9260000000000013,0.051525604837475925
1.9270000000000012,0.05122893104562287
1.9280000000000013,0.05093580771341877
1.9290000000000007,0.05064618103734375
1.9300000000000013,0.05035999822602122
1.9310000000000012,0.050175043108236395
1.9320000000000013,0.049991455967610676
1.9330000000000007,0.04980922303900215
1.9340000000000013,0.04962833073090245
1.9350000000000012,0.049448765622768676
1.9360000000000013,0.04958050010540305
1.9370000000000007,0.049712779932161055
1.9380000000000013,0.049845607503835154
1.9390000000000012,0.049978985234247375
1.9400000000000013,0.05011291555032038
1.9410000000000007,0.04973149569644164
1.9420000000000013,0.04935604242258229
1.9430000000000012,0.04898643900959598
1.9440000000000013,0.048622571557993766
1.9450000000000007,0.04826432890525112
1.9460000000000013,0.047436003794288695
1.9470000000000012,0.0466356473037326
1.9480000000000013,0.04586209317932344
1.9490000000000007,0.04511423452155938
1.9500000000000013,0.04439102014302243
1.9510000000000012,0.04369837173262958
1.9520000000000013,0.04302855945550377
1.9530000000000007,0.042380673264673874
1.9540000000000013,0.04175384699540885
1.9550000000000012,0.04114725582730827
1.9560000000000013,0.04069419959959575
1.9570000000000007,0.04025239782187562
1.9580000000000013,0.0398215130328623
1.9590000000000012,0.03940121997467294
1.9600000000000013,0.038991205064869305
1.9610000000000007,0.03889174120443073
1.9620000000000013,0.0387929540104075
1.9630000000000012,0.03869483764622217
1.9640000000000013,0.03859738633700438
1.9650000000000007,0.0385005943688288
1.9660000000000013,0.0385149446123112
1.9670000000000012,0.03852930793890863
1.9680000000000013,0.038543684337716044
1.9690000000000007,0.03855807379782128
1.9700000000000013,0.0385724763083104
1.9710000000000012,0.03865390419100123
1.9720000000000013,0.038735642735717946
1.9730000000000008,0.03881769311546002
1.9740000000000013,0.038900056508339276
1.9750000000000012,0.038982734097615435
1.9760000000000013,0.03900486747740928
1.9770000000000008,0.039027006935457464
1.978000000000001,0.03904915246265617
1.9790000000000012,0.039071304049906885
1.980000000000001,0.039093461688118225
1.9810000000000008,0.039176722266489605
1.982000000000001,0.039260299843453694
1.9830000000000012,0.03934419561822189
1.984000000000001,0.039428410795261826
1.9850000000000008,0.03951294658434179
1.986000000000001,0.03971598963974188
1.9870000000000012,0.03992138234615261
1.988000000000001,0.0401291537834485
1.9890000000000008,0.04033933345897367
1.990000000000001,0.04055195131521039
1.9910000000000012,0.04097547162331239
1.992000000000001,0.04140828854995959
1.9930000000000008,0.04185064013737083
1.994000000000001,0.04230277180890418
1.9950000000000012,0.04276493664958103
1.996000000000001,0.043464940677550246
1.9970000000000008,0.04418852566544196
1.9980000000000016,0.04493663695840944
1.9990000000000012,0.04571026642013187
2.0000000000000013,0.04651045526066966
2.001000000000001,0.04724148122341276
2.0020000000000016,0.0479954296052032
2.003000000000001,0.04877315157478179
2.0040000000000013,0.049575537400597725
2.005000000000001,0.050403518681173765
2.0060000000000016,0.05105402453118657
2.007000000000001,0.051720001098946256
2.0080000000000013,0.05240189294886122
2.009000000000001,0.05310016058461642
2.0100000000000016,0.05381528116238421
2.011000000000001,0.054195340548368165
2.0120000000000013,0.054580012389907395
2.013000000000001,0.05496936344630576
2.0140000000000016,0.05536346168544526
2.015000000000001,0.05576237631121472
2.0160000000000013,0.056541588474519955
2.017000000000001,0.057340042878950115
2.0180000000000016,0.05815832311402147
2.019000000000001,0.058997035136256315
2.0200000000000014,0.059856808346847146
2.021000000000001,0.06131439963540508
2.0220000000000016,0.06283444655136972
2.023000000000001,0.06442031762977418
2.0240000000000014,0.06607561485110747
2.025000000000001,0.06780419421786466
2.0260000000000016,0.07005018342659497
2.027000000000001,0.07242277086180415
2.0280000000000014,0.07493123210874231
2.029000000000001,0.07758573522412782
2.0300000000000016,0.08039745163982293
2.031000000000001,0.08241037456722378
2.0320000000000014,0.084506027615868
2.0330000000000013,0.08668888469903724
2.0340000000000016,0.08896374073349023
2.035000000000001,0.0913357414653424
2.0360000000000014,0.09264259314671186
2.0370000000000013,0.09397891792210267
2.0380000000000016,0.0953455959465721
2.039000000000001,0.09674354243031758
2.0400000000000014,0.09817370944469328
2.0410000000000013,0.09886313620905973
2.0420000000000016,0.09955977146036865
2.043000000000001,0.10026371431559777
2.0440000000000014,0.10097506572215753
2.0450000000000013,0.10169392850173686
2.0460000000000016,0.10303141208700506
2.047000000000001,0.10439654918910168
2.0480000000000014,0.10579010050940152
2.0490000000000013,0.10721285492315147
2.0500000000000016,0.10866563083678304
2.051000000000001,0.11064582700008341
2.0520000000000014,0.11268290481463783
2.0530000000000013,0.11477910360084387
2.0540000000000016,0.11693678270891361
2.055000000000001,0.11915842994241821
2.0560000000000014,0.12131365756421886
2.0570000000000013,0.12353025562978148
2.0580000000000016,0.1258106570774853
2.059000000000001,0.12815742741217262
2.0600000000000014,0.13057327420897158
2.0610000000000013,0.13058609843757152
2.0620000000000016,0.1305989133147385
2.063000000000001,0.1306117188434759
2.0640000000000014,0.1306245150267662
2.0650000000000013,0.1306373018675715
2.0660000000000016,0.13084826107307235
2.067000000000001,0.1310595657129987
2.0680000000000014,0.1312712164929879
2.0690000000000013,0.1314832141210207
2.0700000000000016,0.13169555930742538
2.071000000000001,0.12918498533645417
2.0720000000000014,0.12675304683340638
2.0730000000000013,0.12439633521902005
2.0740000000000016,0.12211163807508552
2.075000000000001,0.11989592485875633
2.0760000000000014,0.1192677819199961
2.0770000000000013,0.11864542589335425
2.0780000000000016,0.11802878077606316
2.079000000000001,0.11741777189101921
2.0800000000000014,0.11681232585748713
2.0810000000000013,0.11637605148338448
2.0820000000000016,0.11594274006125538
2.083000000000001,0.11551236258931663
2.0840000000000014,0.11508489044203252
2.0850000000000013,0.11466029536394462
2.0860000000000016,0.11415922832463377
2.087000000000001,0.11366206847447646
2.0880000000000014,0.11316877227268662
2.0890000000000013,0.1126792968208612
2.0900000000000016,0.11219359985100841
2.091000000000001,0.1112167598343019
2.0920000000000014,0.1102542854115498
2.0930000000000013,0.10930588260348895
2.0940000000000016,0.10837126537432162
2.095000000000001,0.10745015536041702
2.0960000000000014,0.09341505628943292
2.0970000000000013,0.0821406415427619
2.0980000000000016,0.0729518973176253
2.099000000000001,0.06537376685730667
2.1000000000000014,0.0590618297481047
2.1010000000000013,0.059095403234865174
2.1020000000000016,0.0591289786865179
2.103000000000001,0.05916255609464649
2.104000000000001,0.05919613545083635
2.1050000000000013,0.05922971674669242
2.1060000000000016,0.05926329997382851
2.107000000000001,0.05929688512387621
2.108000000000001,0.05933047218847598
2.1090000000000013,0.05936406115928605
2.1100000000000017,0.05939765202797531
2.111000000000001,0.059431244786221527
2.112000000000001,0.05946483942572378
2.1130000000000013,0.05949843593818649
2.1140000000000017,0.05953203431533538
2.115000000000001,0.05956563454889796
2.116000000000001,0.05959923663062838
2.1170000000000013,0.05963284055228257
2.1180000000000017,0.05966644630563245
2.119000000000001,0.059700053882467685
2.120000000000001,0.05973366327458329
2.1210000000000013,0.05976727447379382
2.1220000000000017,0.05980088747192269
2.1230000000000016,0.059834502260807554
2.124000000000001,0.05986811883229848
2.1250000000000013,0.05990173717825975
2.1260000000000017,0.05993535729056454
2.1270000000000016,0.05996897916110555
2.128000000000001,0.06000260278178082
2.1290000000000013,0.060036228144506154
2.1300000000000017,0.060069855241208
2.1310000000000016,0.06010348406382704
2.132000000000001,0.060137114604312814
2.1330000000000013,0.060170746854634416
2.1340000000000017,0.06020438080676627
2.1350000000000016,0.06023801645270055
2.136000000000001,0.06027165378443833
2.1370000000000013,0.06030529279399488
2.1380000000000017,0.06033893347339969
2.1390000000000016,0.06037257581469291
2.140000000000001,0.060406219809928885
2.1410000000000013,0.06043986545117086
2.1420000000000017,0.06047351273049806
2.1430000000000016,0.06050716164000036
2.144000000000001,0.06054081217178009
2.1450000000000014,0.060574464317955545
2.1460000000000017,0.06060811807065214
2.1470000000000016,0.06064177342200949
2.148000000000001,0.060675430364183214
2.1490000000000014,0.06070908888933424
2.1500000000000017,0.06074274898964305
2.1510000000000016,0.060776410657298996
2.152000000000001,0.0608100738845021
2.1530000000000014,0.060843738663466596
2.1540000000000017,0.06087740498642091
2.1550000000000016,0.060911072845602376
2.156000000000001,0.06094474223326074
2.1570000000000014,0.06097841314166175
2.1580000000000017,0.061012085563078244
2.1590000000000016,0.06104575948979907
2.160000000000001,0.06107943491412371
2.1610000000000014,0.06111311182836232
2.1620000000000017,0.06114679022484104
2.1630000000000016,0.061180470095893114
2.164000000000001,0.06121415143386777
2.1650000000000014,0.0612478342311249
2.1660000000000017,0.06128151848003682
2.1670000000000016,0.061315204172986526
2.168000000000001,0.0613488913023712
2.1690000000000014,0.061382579860598696
2.1700000000000017,0.06141626984008752
2.1710000000000016,0.06144996123327218
2.172000000000001,0.06148365403259426
2.1730000000000014,0.06151734823050958
2.1740000000000017,0.061551043819486395
2.1750000000000016,0.0615847407920036
2.176000000000001,0.061618439140554315
2.1770000000000014,0.06165213885764054
2.1780000000000017,0.06168583993577492
2.1790000000000016,0.06171954236748611
2.180000000000001,0.06175324614531341
2.1810000000000014,0.06178695126180678
2.1820000000000017,0.06182065770952683
2.1830000000000016,0.06185436548104839
2.184000000000001,0.06188807456895695
2.1850000000000014,0.06192178496584866
2.1860000000000017,0.061955496664333864
2.1870000000000016,0.06198920965703003
2.188000000000001,0.06202292393657238
2.1890000000000014,0.06205663949560147
2.1900000000000017,0.06209035632677562
2.1910000000000016,0.062124074422760245
2.192000000000001,0.062157793776233206
2.1930000000000014,0.062191514379884794
2.1940000000000017,0.06222523622641596
2.1950000000000016,0.062258959308540085
2.196000000000001,0.0622926836189821
2.1970000000000014,0.062326409150476714
2.1980000000000017,0.06236013589577105
2.1990000000000016,0.062393863847625575
2.200000000000001,0.062427592998808734
2.2010000000000014,0.06246132334210319
2.2020000000000017,0.06249505487030138
2.2030000000000016,0.06252878757620639
2.204000000000001,0.06256252145263641
2.2050000000000014,0.06259625649241585
2.2060000000000017,0.0626299926883851
2.2070000000000016,0.06266373003339165
2.208000000000001,0.06269746852029723
2.2090000000000014,0.06273120814197508
2.2100000000000017,0.06276494889130557
2.2110000000000016,0.06279869076118683
2.212000000000001,0.06283243374452141
2.2130000000000014,0.06286617783422788
2.2140000000000017,0.06289992302323455
2.2150000000000016,0.06293366930447952
2.216000000000001,0.06296741667091332
2.2170000000000014,0.06300116511549891
2.2180000000000017,0.06303491463120725
2.2190000000000016,0.06306866521102261
2.220000000000001,0.06310241684793905
2.2210000000000014,0.06313616953496304
2.2220000000000018,0.06316992326511173
2.2230000000000016,0.06320367803141203
2.224000000000001,0.06323743382690328
2.2250000000000014,0.06327119064463549
2.2260000000000018,0.06330494847766843
2.2270000000000016,0.06333870731907432
2.228000000000001,0.06337246716193601
2.229000000000001,0.06340622799934703
2.2300000000000018,0.06343998982441157
2.2310000000000016,0.06347375263024535
2.232000000000001,0.06350751640997387
2.233000000000001,0.06354128115673419
2.2340000000000018,0.06357504686367488
2.2350000000000017,0.06360881352395431
2.236000000000001,0.06364258113074062
2.237000000000001,0.06367634967721614
2.2380000000000018,0.06371011915657121
2.2390000000000017,0.06374388956200683
2.240000000000001,0.06377766088673464
2.241000000000001,0.06381143312398052
2.2420000000000018,0.06384520626697565
2.2430000000000017,0.06387898030896633
2.244000000000001,0.06391275524320683
2.245000000000001,0.06394653106296389
2.2460000000000018,0.0639803077615122
2.2470000000000017,0.0640140853321407
2.2480000000000016,0.06404786376814631
2.249000000000001,0.06408164306283748
2.2500000000000018,0.06411542320953245
2.2510000000000017,0.064149204201561
2.2520000000000016,0.06418298603226269
2.253000000000001,0.0642167686949886
2.2540000000000022,0.06425055218309961
2.2550000000000017,0.06428433648996634
2.2560000000000016,0.06431812160897099
2.257000000000001,0.0643519075335055
2.2580000000000022,0.06438569425697338
2.2590000000000017,0.064419481772787
2.2600000000000016,0.06445327007437118
2.261000000000001,0.06448705915515784
2.2620000000000022,0.06452084900859312
2.2630000000000017,0.06455463962813113
2.2640000000000016,0.06458843100723577
2.265000000000001,0.06462222313938337
2.2660000000000022,0.06465601601805915
2.2670000000000017,0.06468980963675985
2.2680000000000016,0.06472360398899113
2.269000000000001,0.06475739906826838
2.2700000000000022,0.06479119486811946
2.2710000000000017,0.06482499138208109
2.2720000000000016,0.06485878860369976
2.273000000000001,0.06489258652653351
2.2740000000000022,0.06492638514414928
2.2750000000000017,0.06496018445012552
2.2760000000000016,0.06499398443804871
2.277000000000001,0.06502778510151774
2.2780000000000022,0.06506158643414128
2.2790000000000017,0.0650953884295351
2.2800000000000016,0.0651291910813292
2.281000000000001,0.06516299438316153
2.2820000000000022,0.06519679832867986
2.2830000000000017,0.06523060291154348
2.2840000000000016,0.06526440812542056
2.285000000000001,0.06529821396398816
2.2860000000000023,0.06533202042093667
2.2870000000000017,0.06536582748996267
2.2880000000000016,0.0653996351647761
2.289000000000001,0.06543344343909396
2.2900000000000023,0.06546725230664485
2.2910000000000017,0.06550106176116621
2.2920000000000016,0.06553487179640793
2.293000000000001,0.06556868240612523
2.2940000000000023,0.06560249358408754
2.2950000000000017,0.06563630532407227
2.2960000000000016,0.06567011761986752
2.297000000000001,0.06570393046526846
2.2980000000000023,0.06573774385408448
2.2990000000000017,0.06577155778013122
2.3000000000000016,0.06580537223723493
2.301000000000001,0.06583918721923254
2.3020000000000023,0.06587300271997076
2.3030000000000017,0.06590681873330428
2.3040000000000016,0.06594063525309934
2.305000000000001,0.06597445227323107
2.3060000000000023,0.06600826978758434
2.3070000000000017,0.06604208779005472
2.3080000000000016,0.06607590627454485
2.309000000000001,0.06610972523496983
2.3100000000000023,0.06614354466525363
2.3110000000000017,0.06617736455932732
2.3120000000000016,0.0662111849111362
2.313000000000001,0.06624500571463177
2.3140000000000023,0.0662788269637744
2.3150000000000017,0.06631264865253783
2.3160000000000016,0.06634647077490197
2.317000000000001,0.06638029332485651
2.3180000000000023,0.06641411629640359
2.3190000000000017,0.06644793968355067
2.3200000000000016,0.06648176348031853
2.321000000000001,0.06651558768073418
2.3220000000000023,0.06654941227883615
2.3230000000000017,0.06658323726867277
2.3240000000000016,0.06661706264429856
2.325000000000001,0.06665088839978228
2.3260000000000023,0.066684714529198
2.3270000000000017,0.06671854102663044
2.3280000000000016,0.06675236788617411
2.329000000000001,0.06678619510193329
2.3300000000000023,0.06682002266802112
2.3310000000000017,0.06685385057855875
2.3320000000000016,0.06688767882767976
2.333000000000001,0.06692150740952307
2.3340000000000023,0.06695533631823913
2.3350000000000017,0.06698916554798817
2.3360000000000016,0.0670229950929393
2.337000000000001,0.06705682494726961
2.3380000000000023,0.06709065510516687
2.3390000000000017,0.06712448556082595
2.3400000000000016,0.06715831630845415
2.341000000000001,0.06719214734226497
2.3420000000000023,0.0672259786564835
2.3430000000000017,0.06725981024534189
2.3440000000000016,0.06729364210308209
2.345000000000001,0.06732747422395668
2.3460000000000023,0.06736130660222539
2.3470000000000018,0.06739513923215679
2.3480000000000016,0.067428972108031
2.349000000000001,0.06746280522413439
2.350000000000002,0.06749663857476484
2.3510000000000018,0.06753047215422647
2.3520000000000016,0.06756430595683582
2.353000000000001,0.06759813997691477
2.354000000000002,0.06763197420879852
2.3550000000000018,0.0676658086468267
2.3560000000000016,0.0676996432853505
2.357000000000001,0.06773347811872998
2.358000000000002,0.06776731314133322
2.3590000000000018,0.06780114834753803
2.3600000000000017,0.06783498373173114
2.361000000000001,0.06786881928830724
2.362000000000002,0.0679026550116717
2.3630000000000018,0.0679364908962361
2.3640000000000017,0.06797032693642358
2.365000000000001,0.06800416312666346
2.366000000000002,0.06803799946139755
2.3670000000000018,0.06807183593507293
2.3680000000000017,0.06810567254214561
2.369000000000001,0.0681395092770849
2.370000000000002,0.06817334613436188
2.3710000000000018,0.06820718310846274
2.3720000000000017,0.06824102019387901
2.3730000000000016,0.06827485738511196
2.374000000000002,0.06830869467667089
2.3750000000000018,0.06834253206307395
2.3760000000000017,0.06837636953884907
2.3770000000000016,0.06841020709853218
2.378000000000002,0.06844404473666721
2.3790000000000022,0.06847788244780784
2.3800000000000017,0.06851172022651486
2.3810000000000016,0.06854555806736062
2.382000000000002,0.0685793959649228
2.3830000000000022,0.06861323391378882
2.3840000000000017,0.06864707190855679
2.3850000000000016,0.06868090994382836
2.386000000000002,0.06871474801422028
2.3870000000000022,0.06874858611435286
2.3880000000000017,0.06878242423885617
2.3890000000000016,0.06881626238237004
2.390000000000002,0.06885010053954144
2.3910000000000022,0.06888393870502707
2.3920000000000017,0.06891777687349077
2.3930000000000016,0.06895161503960523
2.394000000000002,0.06898545319805294
2.3950000000000022,0.06901929134352258
2.3960000000000017,0.0690531294707144
2.3970000000000016,0.06908696757433308
2.398000000000002,0.06912080564909484
2.3990000000000022,0.06915464368972124
2.4000000000000017,0.06918848169094716
2.4010000000000016,0.06922231964751102
2.402000000000001,0.06925615755416281
2.4030000000000022,0.06928999540565695
2.4040000000000017,0.06932383319676116
2.4050000000000016,0.06935767092224854
2.406000000000002,0.06939150857690013
2.4070000000000022,0.06942534615550766
2.4080000000000017,0.0694591836528673
2.4090000000000016,0.06949302106378763
2.410000000000001,0.06952685838308348
2.4110000000000023,0.06956069560557765
2.4120000000000017,0.06959453272610094
2.4130000000000016,0.06962836973949393
2.414000000000002,0.0696622066406043
2.4150000000000023,0.06969604342428859
2.4160000000000017,0.06972988008541048
2.4170000000000016,0.0697637166188434
2.418000000000001,0.06979755301946611
2.4190000000000023,0.06983138928216803
2.4200000000000017,0.06986522540184659
2.4210000000000016,0.0698990613734054
2.422000000000002,0.06993289719175966
2.4230000000000023,0.06996673285182897
2.4240000000000017,0.07000056834854185
2.4250000000000016,0.07003440367683744
2.426000000000001,0.07006823883166025
2.4270000000000023,0.07010207380796274
2.4280000000000017,0.07013590860070806
2.4290000000000016,0.0701697432048638
2.430000000000002,0.07020357761540907
2.4310000000000023,0.07023741182732834
2.4320000000000017,0.07027124583561495
2.4330000000000016,0.07030507963527022
2.434000000000001,0.07033891322130348
2.4350000000000023,0.07037274658873294
2.4360000000000017,0.07040657973258213
2.4370000000000016,0.07044041264788525
2.438000000000002,0.0704742453296836
2.4390000000000023,0.0705080777730247
2.4400000000000017,0.07054190997296583
2.4410000000000016,0.07057574192457228
2.442000000000001,0.07060957362291642
2.4430000000000023,0.07064340506307865
2.4440000000000017,0.07067723624014643
2.4450000000000016,0.07071106714921616
2.446000000000002,0.07074489778539128
2.4470000000000023,0.07077872814378416
2.4480000000000017,0.07081255821951427
2.4490000000000016,0.07084638800770815
2.450000000000001,0.07088021750350038
2.4510000000000023,0.07091404670203438
2.4520000000000017,0.07094787559845983
2.4530000000000016,0.07098170418793615
2.454000000000002,0.07101553246562808
2.4550000000000023,0.07104936042670928
2.4560000000000017,0.07108318806636049
2.4570000000000016,0.07111701537977222
2.458000000000001,0.07115084236214031
2.4590000000000023,0.0711846690086686
2.4600000000000017,0.07121849531456892
2.4610000000000016,0.07125232127506198
2.462000000000002,0.07128614688537294
2.4630000000000023,0.07131997214073849
2.4640000000000017,0.07135379703639977
2.4650000000000016,0.0713876215676077
2.466000000000001,0.0714214457296185
2.4670000000000023,0.0714552695176982
2.4680000000000017,0.07148909292711814
2.4690000000000016,0.0715229159531603
2.470000000000002,0.071556738591112
2.4710000000000023,0.07159056083626769
2.4720000000000018,0.07162438268392979
2.4730000000000016,0.0716582041294096
2.474000000000001,0.07169202516802464
2.475000000000002,0.07172584579509866
2.4760000000000018,0.07175966600596517
2.4770000000000016,0.07179348579596567
2.478000000000002,0.07182730516044522
2.479000000000002,0.07186112409475953
2.4800000000000018,0.07189494259427232
2.4810000000000016,0.07192876065435172
2.482000000000001,0.07196257827037567
2.483000000000002,0.07199639543772829
2.4840000000000018,0.07203021215180083
2.4850000000000017,0.07206402840799431
2.486000000000002,0.07209784420171328
2.487000000000002,0.07213165952837297
2.4880000000000018,0.07216547438339393
2.4890000000000017,0.0721992887622056
2.490000000000001,0.07223310266024274
2.491000000000002,0.072266916072949
2.4920000000000018,0.07230072899577511
2.4930000000000017,0.07233454142417806
2.494000000000002,0.07236835335362368
2.495000000000002,0.07240216477958317
2.4960000000000018,0.07243597569753568
2.4970000000000017,0.07246978610296928
2.4980000000000016,0.07250359599137735
2.499000000000002,0.07253740535826037
2.5000000000000018,0.07257121419912682
2.5010000000000017,0.0726050225094923
2.502000000000002,0.0726388302848795
2.503000000000002,0.07267263752081732
2.5040000000000022,0.07270644421284445
2.5050000000000017,0.07274025035650311
2.5060000000000016,0.07277405594734443
2.507000000000002,0.0728078609809284
2.5080000000000022,0.07284166545281945
2.5090000000000017,0.07287546935858913
2.510000000000002,0.07290927269381786
2.511000000000002,0.07294307545409229
2.5120000000000022,0.07297687763500704
2.5130000000000017,0.0730106792321612
2.5140000000000016,0.07304448024116272
2.515000000000002,0.07307828065762756
2.5160000000000022,0.0731120804771761
2.5170000000000017,0.07314587969543851
2.518000000000002,0.07317967830804939
2.519000000000002,0.07321347631065311
2.5200000000000022,0.07324727369889761
2.5210000000000017,0.07328107046844057
2.5220000000000016,0.0733148666149459
2.523000000000002,0.07334866213408286
2.5240000000000022,0.07338245702153134
2.5250000000000017,0.07341625127297391
2.526000000000002,0.0734500448841029
2.527000000000002,0.07348383785061685
2.5280000000000022,0.07351763016821966
2.5290000000000017,0.07355142183262409
2.5300000000000016,0.07358521283954911
2.531000000000002,0.07361900318472081
2.5320000000000022,0.0736527928638715
2.5330000000000017,0.07368658187274146
2.534000000000002,0.07372037020707545
2.535000000000002,0.07375415786262796
2.5360000000000023,0.07378794483515794
2.5370000000000017,0.07382173112043233
2.5380000000000016,0.07385551671422519
2.539000000000002,0.07388930161231677
2.5400000000000023,0.07392308581049356
2.5410000000000017,0.07395686930455003
2.542000000000002,0.07399065209028599
2.543000000000002,0.07402443416350923
2.5440000000000023,0.07405821552003378
2.5450000000000017,0.07409199615567985
2.5460000000000016,0.07412577606627568
2.547000000000002,0.07415955524765483
2.5480000000000023,0.07419333369565884
2.5490000000000017,0.0742271114061337
2.550000000000002,0.07426088837493428
2.551000000000002,0.07429466459792256
2.5520000000000023,0.07432844007096406
2.5530000000000017,0.0743622147899341
2.5540000000000016,0.07439598875071418
2.555000000000002,0.07442976194918938
2.5560000000000023,0.07446353438125453
2.5570000000000017,0.07449730604281068
2.558000000000002,0.07453107692976513
2.559000000000002,0.07456484703803046
2.5600000000000023,0.07459861636352727
2.5610000000000017,0.07463238490218327
2.5620000000000016,0.0746661526499297
2.563000000000002,0.0746999196027085
2.5640000000000023,0.0747336857564651
2.5650000000000017,0.074767451107153
2.566000000000002,0.07480121565073095
2.567000000000002,0.07483497938316486
2.5680000000000023,0.07486874230042773
2.5690000000000017,0.07490250439849788
2.5700000000000016,0.07493626567335987
2.571000000000002,0.07497002612100712
2.5720000000000023,0.0750037857374366
2.5730000000000017,0.0750375445186533
2.574000000000002,0.0750713024606684
2.575000000000002,0.0751050595595002
2.5760000000000023,0.07513881581117055
2.5770000000000017,0.07517257121171106
2.5780000000000016,0.07520632575715869
2.579000000000002,0.07524007944355571
2.5800000000000023,0.07527383226695239
2.5810000000000017,0.07530758422340345
2.582000000000002,0.07534133530897158
2.583000000000002,0.07537508551972572
2.5840000000000023,0.07540883485173921
2.5850000000000017,0.07544258330109432
2.5860000000000016,0.07547633086387862
2.587000000000002,0.0755100775361841
2.5880000000000023,0.07554382331411347
2.5890000000000017,0.07557756819377115
2.590000000000002,0.0756113121712696
2.591000000000002,0.07564505524272924
2.5920000000000023,0.07567879740427319
2.5930000000000017,0.07571253865203342
2.5940000000000016,0.07574627898214814
2.595000000000002,0.07578001839075998
2.5960000000000023,0.07581375687402048
2.5970000000000018,0.0758474944280847
2.598000000000002,0.07588123104911482
2.599000000000002,0.07591496673328013
