wave,Trimethylbenzene
0.4,0.7787722631326374
0.401,0.781563251257275
0.402,0.7846889787427251
0.40299999999999997,0.7869595900000002
0.40399999999999997,0.7889439301565984
0.405,0.79176801
0.406,0.7944216924484511
0.407,0.796666537551549
0.408,0.7986076108641829
0.409,0.8006940291358173
0.41,0.8028076900000001
0.411,0.8050582174947251
0.412,0.80751967
0.413,0.8101424261864383
0.414,0.8127610700000001
0.415,0.8152592449786005
0.416,0.8177571050213998
0.417,0.82066154
0.418,0.8234975016403838
0.419,0.8260999900000001
0.42,0.8288123925420747
0.421,0.8320665999999999
0.422,0.8351086061003781
0.423,0.8377186438996221
0.424,0.8406622668191638
0.425,0.8433441831808366
0.4260000000000001,0.8461905700000002
0.4270000000000001,0.8493419539476607
0.4280000000000001,0.8517367200000001
0.4290000000000001,0.8541639160663789
0.4300000000000001,0.8567705539336214
0.4310000000000001,0.8591921519966602
0.4320000000000001,0.8613918180033401
0.4330000000000001,0.8635711100000001
0.4340000000000001,0.8658190017542826
0.4350000000000001,0.8679944300000001
0.4360000000000001,0.8702023802109958
0.4370000000000001,0.8722234797890044
0.4380000000000001,0.8740749623601529
0.4390000000000001,0.8763109776398474
0.4400000000000001,0.8783649200000001
0.4410000000000001,0.8801695519536805
0.4420000000000001,0.8820820500000001
0.4430000000000001,0.8842389798217036
0.4440000000000001,0.8862211501782965
0.4450000000000001,0.8879791109946802
0.4460000000000001,0.8900785790053201
0.4470000000000001,0.8923122300000002
0.4480000000000001,0.8943705394169059
0.4490000000000001,0.8961616800000001
0.4500000000000001,0.8982286102078959
0.4510000000000001,0.9002493997921043
0.4520000000000001,0.9021825999183016
0.4530000000000001,0.9041744300816984
0.4540000000000001,0.9062011200000002
0.4550000000000001,0.9081384906262938
0.4560000000000001,0.90993756
0.4570000000000001,0.911762790201598
0.4580000000000001,0.9137829500000002
0.4590000000000001,0.91580976850333
0.4600000000000001,0.91766010149667
0.4610000000000001,0.91955161
0.4620000000000001,0.9214488710273898
0.4630000000000001,0.9233109400000002
0.4640000000000001,0.9251130985202152
0.4650000000000001,0.92696512
0.4660000000000001,0.9288637788681228
0.4670000000000001,0.9307505911318776
0.4680000000000001,0.9325266666615668
0.4690000000000001,0.9341928233384332
0.4700000000000001,0.9358602200000002
0.4710000000000001,0.9376356178001222
0.4720000000000001,0.93941563
0.4730000000000001,0.9411203459456812
0.4740000000000001,0.9427149140543191
0.4750000000000001,0.9442642464344716
0.4760000000000001,0.9459076935655288
0.4770000000000001,0.94755411
0.4780000000000001,0.9490657532595675
0.4790000000000001,0.95039171
0.4800000000000001,0.951688003303534
0.4810000000000001,0.9530183566964664
0.4820000000000001,0.954322821153077
0.4830000000000001,0.9554381288469233
0.4840000000000001,0.95656377
0.4850000000000001,0.9577228884088158
0.4860000000000001,0.95880246
0.4870000000000001,0.9599444402755946
0.4880000000000001,0.9609719997244056
0.4890000000000001,0.9617995083361334
0.4900000000000001,0.9626331216638668
0.4910000000000001,0.96359277
0.4920000000000001,0.964571940208298
0.4930000000000001,0.9653877600000002
0.4940000000000001,0.9661628080877191
0.4950000000000001,0.9669715800000002
0.4960000000000001,0.9678174976446472
0.4970000000000001,0.9685819623553531
0.4980000000000001,0.96920568
0.4990000000000001,0.9698123239335608
0.5000000000000001,0.97049266
0.5010000000000001,0.9711396162538252
0.5020000000000001,0.9717649983329836
0.5030000000000001,0.9723760977780112
0.5040000000000001,0.9729521242397424
0.5050000000000001,0.97341353
0.5060000000000001,0.9738272483371831
0.5070000000000001,0.9742441074942254
0.5080000000000001,0.9746426820285204
0.5090000000000001,0.97499448
0.5100000000000001,0.9753851944089442
0.5110000000000001,0.9758260854917804
0.5120000000000001,0.9761006745082198
0.5130000000000001,0.976342137585376
0.5140000000000001,0.97664928
0.5150000000000001,0.9770271227734556
0.5160000000000001,0.9773044666854658
0.5170000000000001,0.9775273155430227
0.5180000000000001,0.9777462478106782
0.5190000000000001,0.9779605922620228
0.5200000000000001,0.9781867944055798
0.5210000000000001,0.9784070733916304
0.5220000000000001,0.978602468046061
0.5230000000000001,0.97879165
0.5240000000000001,0.9789524110526104
0.5250000000000001,0.9790576712803488
0.5260000000000001,0.9791216887196512
0.5270000000000001,0.9792845183716836
0.5280000000000001,0.97951609
0.5290000000000001,0.979652697694577
0.5300000000000001,0.979537431283636
0.5310000000000001,0.9795802191442428
0.5320000000000001,0.9797689281128812
0.5330000000000001,0.9798751507701078
0.5340000000000001,0.9799521607855608
0.5350000000000001,0.9799914388216591
0.5360000000000001,0.97994083050611
0.5370000000000001,0.97974509
0.5380000000000001,0.9796231993639872
0.5390000000000001,0.979559597280336
0.5400000000000001,0.9794689418131092
0.5410000000000001,0.9793610010794108
0.5420000000000001,0.97937292
0.5430000000000001,0.9794727006209688
0.5440000000000002,0.9795037490685464
0.5450000000000002,0.9795210996529964
0.5460000000000002,0.97955465
0.5470000000000002,0.9796261812690128
0.5480000000000002,0.979753086204552
0.5490000000000002,0.9800633137954482
0.5500000000000002,0.9804691659414596
0.5510000000000002,0.98083436
0.5520000000000002,0.9812645948155964
0.5530000000000002,0.9817461547316636
0.5540000000000002,0.9822372101788912
0.5550000000000002,0.9826662457096572
0.5560000000000002,0.9830185221034212
0.5570000000000002,0.9832288613089344
0.5580000000000002,0.9832943080365982
0.5590000000000002,0.9833268493491936
0.5600000000000002,0.98326504
0.5610000000000002,0.9833193438892388
0.5620000000000002,0.9837082649280028
0.5630000000000002,0.9839546650719972
0.5640000000000002,0.9840750687959879
0.5650000000000002,0.9840474099999998
0.5660000000000002,0.9837196360034598
0.5670000000000002,0.9830198002111892
0.5680000000000002,0.9820268398592068
0.5690000000000002,0.9809311709567096
0.5700000000000002,0.9798641087238872
0.5710000000000002,0.978736497176141
0.5720000000000002,0.977595304235788
0.5730000000000002,0.9766818391345824
0.5740000000000002,0.97621477
0.5750000000000002,0.9762482643726438
0.5760000000000002,0.9766855308405664
0.5770000000000002,0.9772275591594338
0.5780000000000002,0.9775574767008671
0.5790000000000002,0.97759545
0.5800000000000002,0.977434452400324
0.5810000000000002,0.9770544625537722
0.5820000000000002,0.9764729216308184
0.5830000000000002,0.97580391
0.5840000000000002,0.9753368500054
0.5850000000000002,0.9753373982297886
0.5860000000000002,0.9757488876553172
0.5870000000000002,0.9762968945198908
0.5880000000000002,0.97669727
0.5890000000000002,0.976969841105122
0.5900000000000002,0.9770803471084446
0.5910000000000002,0.9769839619277036
0.5920000000000002,0.9768523613160132
0.5930000000000002,0.9767457193061932
0.5940000000000002,0.9766763377043148
0.5950000000000002,0.9765615534435278
0.5960000000000002,0.976301375203652
0.5970000000000002,0.97592115
0.5980000000000002,0.9755617382332824
0.5990000000000002,0.9753850699058038
0.6000000000000002,0.9753803600941962
0.6010000000000002,0.9755630481730816
0.6020000000000002,0.97594225
0.6030000000000002,0.9762764624706496
0.6040000000000002,0.9765235248366582
0.6050000000000002,0.9766847467755612
0.6060000000000002,0.9767596092513924
0.6070000000000002,0.976843420187102
0.6080000000000002,0.9768621264037798
0.6090000000000002,0.9766823153943304
0.6100000000000002,0.9765214316088322
0.6110000000000002,0.97647792
0.6120000000000002,0.9765378799165992
0.6130000000000002,0.9765295389914403
0.6140000000000002,0.9764791110085596
0.6150000000000002,0.9764682101090012
0.6160000000000002,0.97652763
0.6170000000000002,0.9764602777503776
0.6180000000000002,0.9763477980689966
0.6190000000000002,0.9762834312873356
0.6200000000000002,0.97630793
0.6210000000000002,0.9762692991083912
0.6220000000000002,0.9761801379877004
0.6230000000000002,0.9760795230184491
0.6240000000000002,0.9759897008982178
0.6250000000000002,0.97594917
0.6260000000000002,0.9759091689145782
0.6270000000000002,0.9758006274987249
0.6280000000000002,0.9757172516675164
0.6290000000000002,0.9756890502820028
0.6300000000000002,0.97565454
0.6310000000000002,0.9755073186434676
0.6320000000000002,0.9754394920347982
0.6330000000000002,0.9754366900560004
0.6340000000000002,0.97536874
0.6350000000000002,0.9751236987596876
0.6360000000000002,0.9749996699534018
0.6370000000000002,0.9749973400465982
0.6380000000000002,0.9749015009584096
0.6390000000000002,0.97482425
0.6400000000000002,0.9747610694545892
0.6410000000000002,0.9747065279079046
0.6420000000000002,0.9746367913947304
0.6430000000000002,0.9744989913780135
0.6440000000000002,0.9744052308303084
0.6450000000000002,0.9744882620322984
0.6460000000000002,0.9745898769515524
0.6470000000000002,0.9745866700321006
0.6480000000000002,0.97445625
0.6490000000000002,0.9743564705687058
0.6500000000000002,0.9744133413349466
0.6510000000000002,0.9744800886650534
0.6520000000000002,0.9744421803791038
0.6530000000000002,0.9744193
0.6540000000000002,0.9742957375047748
0.6550000000000002,0.9741709793850308
0.6560000000000002,0.9741504804099796
0.6570000000000003,0.973988001624816
0.6580000000000003,0.9738605000328002
0.6590000000000003,0.9738637808297584
0.6600000000000003,0.9739052687553624
0.6610000000000003,0.9739362596900938
0.6620000000000003,0.97391945
0.6630000000000003,0.973819668195164
0.6640000000000003,0.9736391872143392
0.6650000000000003,0.9735463318571072
0.6660000000000003,0.9735254602087021
0.6670000000000003,0.97342396
0.6680000000000003,0.9732823969149544
0.6690000000000003,0.9731281446275686
0.6700000000000003,0.9730158422460224
0.6710000000000003,0.97296244
0.6720000000000003,0.972837628098581
0.6730000000000003,0.9726474868399264
0.6740000000000003,0.9724894831600736
0.6750000000000003,0.9724518703761036
0.6760000000000003,0.97240269
0.6770000000000003,0.9723560802331046
0.6780000000000003,0.9723793837327132
0.6790000000000003,0.972170474178191
0.6800000000000003,0.9718807928968288
0.6810000000000003,0.9717239102188022
0.6820000000000003,0.9717457899154044
0.6830000000000003,0.9717415601268936
0.6840000000000003,0.9716891110490103
0.6850000000000003,0.97166508
0.6860000000000003,0.9716662796404965
0.6870000000000003,0.9716303286614536
0.6880000000000003,0.9715634013385464
0.6890000000000003,0.9715461701723016
0.6900000000000003,0.97153223
0.6910000000000003,0.971483407786178
0.6920000000000003,0.9713727166653666
0.6930000000000003,0.9712615622230888
0.6940000000000003,0.9712534500811008
0.6950000000000003,0.9712831991249912
0.6960000000000003,0.9711956963653816
0.6970000000000003,0.9710139654519272
0.6980000000000003,0.9708268618710372
0.6990000000000003,0.97074616
0.7000000000000003,0.9707902091243912
0.7010000000000003,0.9707026455035798
0.7020000000000003,0.97047782449642
0.7030000000000003,0.9701739530387302
0.7040000000000003,0.96988916
0.7050000000000003,0.9698335497925981
0.7060000000000003,0.9698231704481776
0.7070000000000003,0.9695047763678816
0.7080000000000003,0.9690276999999998
0.7090000000000003,0.9685121154365542
0.7100000000000003,0.9680557721731912
0.7110000000000003,0.9676644317402128
0.7120000000000003,0.967323723407068
0.7130000000000003,0.96699262
0.7140000000000003,0.9666557274411488
0.7150000000000003,0.966399847436028
0.7160000000000003,0.9663143817093144
0.7170000000000003,0.966394189201892
0.7180000000000003,0.966482639206692
0.7190000000000003,0.9664033121120944
0.7200000000000003,0.9665089168318584
0.7210000000000003,0.9669306815645158
0.7220000000000003,0.96737695
0.7230000000000003,0.9676453498872988
0.7240000000000003,0.9676340763917444
0.7250000000000003,0.9674536636082556
0.7260000000000003,0.9674040104965048
0.7270000000000003,0.96730381
0.7280000000000003,0.9671434782624652
0.7290000000000003,0.9669697220590968
0.7300000000000003,0.9667050252939352
0.7310000000000003,0.9663932331179312
0.7320000000000003,0.966055566398664
0.7330000000000003,0.9656954333747312
0.7340000000000003,0.9653641699379032
0.7350000000000003,0.9650313933277666
0.7360000000000003,0.96464741
0.7370000000000003,0.964223616721767
0.7380000000000003,0.963895797599096
0.7390000000000003,0.963775752400904
0.7400000000000003,0.9638512692447924
0.7410000000000003,0.9638246299999998
0.7420000000000003,0.963602592811728
0.7430000000000003,0.9632431806716664
0.7440000000000003,0.9629322362188888
0.7450000000000003,0.96263325
0.7460000000000003,0.9623393374327742
0.7470000000000003,0.9620826173597321
0.7480000000000003,0.961950603960402
0.7490000000000003,0.961855170954319
0.7500000000000003,0.96179879
0.7510000000000003,0.9618094008326168
0.7520000000000003,0.961892666278086
0.7530000000000003,0.9621019358146092
0.7540000000000003,0.9622926680926809
0.7550000000000003,0.96227223
0.7560000000000003,0.96232706219929
0.7570000000000003,0.962437026701065
0.7580000000000003,0.9625640474595748
0.7590000000000003,0.96269155
0.7600000000000003,0.962819340586506
0.7610000000000003,0.9628779896698132
0.7620000000000003,0.9628614803301868
0.7630000000000003,0.96296298898489
0.7640000000000003,0.96321678
0.7650000000000003,0.9634145488895778
0.7660000000000003,0.9633035058926054
0.7670000000000003,0.9631665927382632
0.7680000000000003,0.9630957207087072
0.7690000000000003,0.963174101592716
0.7700000000000004,0.9633333676683166
0.7710000000000004,0.963216783497525
0.7720000000000004,0.9629738924289484
0.7730000000000004,0.96277809
0.7740000000000004,0.9626032692376923
0.7750000000000004,0.9625270397186112
0.7760000000000004,0.9625129702813888
0.7770000000000004,0.962443350696207
0.7780000000000004,0.96223247
0.7790000000000004,0.962039407409574
0.7800000000000004,0.961909886039598
0.7810000000000004,0.961777872640268
0.7820000000000004,0.9616197915808156
0.7830000000000004,0.9613982374453744
0.7840000000000004,0.9611427761245936
0.7850000000000004,0.9609490058131092
0.7860000000000004,0.9607952215378306
0.7870000000000004,0.96066421
0.7880000000000004,0.9604871271389428
0.7890000000000004,0.9602010233841308
0.7900000000000004,0.9599804944105792
0.7910000000000004,0.9598241415635156
0.7920000000000004,0.9596929
0.7930000000000004,0.9596603485754712
0.7940000000000004,0.9595891221367931
0.7950000000000004,0.9593912439576396
0.7960000000000004,0.95907223
0.7970000000000004,0.9587856489318892
0.7980000000000004,0.9586788403325868
0.7990000000000004,0.9586954696674131
0.8000000000000004,0.9585300716540164
0.8010000000000004,0.95820421
0.8020000000000004,0.9578952184806696
0.8030000000000004,0.9577432862522872
0.8040000000000004,0.957618362498475
0.8050000000000004,0.9574636815468156
0.8060000000000004,0.9573249191422916
0.8070000000000004,0.9572391471033448
0.8080000000000004,0.9570943143449828
0.8090000000000004,0.95699346201702
0.8100000000000004,0.95694816
0.8110000000000004,0.9568884988727888
0.8120000000000004,0.9567757782334706
0.8130000000000004,0.9566874517665293
0.8140000000000004,0.956669210182402
0.8150000000000004,0.95667142
0.8160000000000004,0.956615750594806
0.8170000000000004,0.9566454932239388
0.8180000000000004,0.9567529578507076
0.8190000000000004,0.9566994905347052
0.8200000000000004,0.9566888206050059
0.8210000000000004,0.9567493218643068
0.8220000000000004,0.9568425372035398
0.8230000000000004,0.9568842095832916
0.8240000000000004,0.95688486
0.8250000000000004,0.9569090010353104
0.8260000000000004,0.9570125319001239
0.8270000000000004,0.957107538099876
0.8280000000000004,0.9571303097722976
0.8290000000000004,0.95703894
0.8300000000000004,0.9568999403802038
0.8310000000000004,0.9569189517345134
0.8320000000000004,0.956976768843658
0.8330000000000004,0.9570359
0.8340000000000004,0.9571244695207952
0.8350000000000004,0.9570765493956302
0.8360000000000004,0.9570463309065546
0.8370000000000004,0.9570984194790896
0.8380000000000004,0.95710605
0.8390000000000004,0.9571324003815076
0.8400000000000004,0.9571705505075746
0.8410000000000004,0.9571874696616168
0.8420000000000004,0.9571656602181022
0.8430000000000004,0.9572121506217064
0.8440000000000004,0.9572743197758112
0.8450000000000004,0.9572631103362832
0.8460000000000004,0.9572050011622116
0.8470000000000004,0.95712435
0.8480000000000004,0.9570626596447964
0.8490000000000004,0.9570271380854766
0.8500000000000004,0.9569314119145236
0.8510000000000004,0.9567589217249172
0.8520000000000004,0.95657331
0.8530000000000004,0.9563987262269243
0.8540000000000004,0.956021417514024
0.8550000000000004,0.9556052183239836
0.8560000000000004,0.9552319037331372
0.8570000000000004,0.9548132340406402
0.8580000000000004,0.9542172964430776
0.8590000000000004,0.9535394503353828
0.8600000000000004,0.952828297111542
0.8610000000000004,0.9520108099999997
0.8620000000000004,0.951067258854388
0.8630000000000004,0.9499526936784524
0.8640000000000004,0.9486366163215464
0.8650000000000004,0.9470564858013576
0.8660000000000004,0.945043559999999
0.8670000000000004,0.9427499316411152
0.8680000000000004,0.9403319833460316
0.8690000000000004,0.9377768511026436
0.8700000000000004,0.9352481999999988
0.8710000000000004,0.9326829042141408
0.8720000000000004,0.9301043256922144
0.8730000000000004,0.9278889364616759
0.8740000000000004,0.9261842570466402
0.8750000000000004,0.9251005099999998
0.8760000000000004,0.9246266504279086
0.8770000000000004,0.9246694599547024
0.8780000000000004,0.9253346166968656
0.8790000000000004,0.9265495378506792
0.8800000000000004,0.9281091100000008
0.8810000000000004,0.9298063243020857
0.8820000000000005,0.9315214285468734
0.8830000000000005,0.9331669470896716
0.8840000000000005,0.9346731900000006
0.8850000000000005,0.9359749110174108
0.8860000000000005,0.937076646055558
0.8870000000000005,0.9378794239444426
0.8880000000000005,0.9382989958043584
0.8890000000000005,0.93848181
0.8900000000000005,0.9382587042551848
0.8910000000000005,0.9376842194570268
0.8920000000000005,0.9369994536953148
0.8930000000000005,0.9362276277182768
0.8940000000000005,0.9353073092954924
0.8950000000000005,0.9342368562655864
0.8960000000000005,0.9330501356016192
0.8970000000000005,0.9316692538088754
0.8980000000000005,0.9302838999999994
0.8990000000000005,0.928949105668456
0.9000000000000005,0.9275159484668608
0.9010000000000004,0.925939291533138
0.9020000000000004,0.9244677547153464
0.9030000000000004,0.9232156299999996
0.9040000000000004,0.9221290739698392
0.9050000000000004,0.9213275707016646
0.9060000000000004,0.9206842928655564
0.9070000000000004,0.9201064157787576
0.9080000000000004,0.9195201318978188
0.9090000000000004,0.9187099103565818
0.9100000000000004,0.9177277394651262
0.9110000000000004,0.9164961723157456
0.9120000000000004,0.9148831399999994
0.9130000000000004,0.9133110464564284
0.9140000000000004,0.9119567027607616
0.9150000000000004,0.9110487281594916
0.9160000000000004,0.910827222214922
0.9170000000000004,0.9113329100000006
0.9180000000000004,0.9125632958874064
0.9190000000000004,0.9143576661688924
0.9200000000000004,0.9164186287805888
0.9210000000000004,0.9185769600000012
0.9220000000000004,0.9207985031709328
0.9230000000000004,0.9231155980536788
0.9240000000000004,0.9255182819463232
0.9250000000000004,0.927839736785469
0.9260000000000004,0.9301183800000012
0.9270000000000004,0.9322107574192492
0.9280000000000004,0.9339526834465284
0.9290000000000004,0.9357342343689824
0.9300000000000004,0.9373332740096408
0.9310000000000004,0.9387269142570434
0.9320000000000004,0.9401526182891864
0.9330000000000004,0.9415670775662224
0.9340000000000004,0.9426666880079806
0.9350000000000004,0.9435157800000004
0.9360000000000004,0.9444605786248867
0.9370000000000004,0.9453230652843893
0.9380000000000004,0.9460872847156117
0.9390000000000004,0.9468056528163286
0.9400000000000004,0.9476231900000004
0.9410000000000004,0.9485392148845492
0.9420000000000004,0.949283439645418
0.9430000000000004,0.9499382869030552
0.9440000000000004,0.9506926424564248
0.9450000000000004,0.9512246839745401
0.9460000000000004,0.9516221373060348
0.9470000000000004,0.951987439040948
0.9480000000000004,0.9523875059993202
0.9490000000000004,0.95272696
0.9500000000000004,0.9529761132401326
0.9510000000000004,0.9533001278602856
0.9520000000000004,0.9536931421397148
0.9530000000000004,0.9537689692417926
0.9540000000000004,0.95392096
0.9550000000000004,0.9538803052793526
0.9560000000000004,0.9536442861577922
0.9570000000000004,0.9538495458948054
0.9580000000000004,0.95375389
0.9590000000000004,0.9535937303624036
0.9600000000000004,0.9536299695148244
0.9610000000000004,0.9536057107277636
0.9620000000000004,0.9533898821583432
0.9630000000000004,0.95324332
0.9640000000000004,0.9532096976717532
0.9650000000000004,0.952976873838308
0.9660000000000004,0.9527714841077946
0.9670000000000004,0.9524800829140291
0.9680000000000004,0.952200528303083
0.9690000000000004,0.9520308308916552
0.9700000000000004,0.9515754136625167
0.9710000000000004,0.9513568343714436
0.9720000000000004,0.9512512099999996
0.9730000000000004,0.9507492148876484
0.9740000000000004,0.9502379833828644
0.9750000000000004,0.9499071266171352
0.9760000000000004,0.9494434646366462
0.9770000000000004,0.9486030899999996
0.9780000000000004,0.9479749132377644
0.9790000000000004,0.9472986913094342
0.9800000000000004,0.9466756724603766
0.9810000000000004,0.9462649841068408
0.9820000000000004,0.9459195031126308
0.9830000000000004,0.9452307641053944
0.9840000000000004,0.9444360338419074
0.9850000000000004,0.9437561067992356
0.9860000000000004,0.9430763699999996
0.9870000000000004,0.9423308893508929
0.9880000000000004,0.9412659779102828
0.9890000000000004,0.940161492089716
0.9900000000000004,0.9394347772670724
0.9910000000000004,0.9383673099999994
0.9920000000000004,0.9372755097783972
0.9930000000000004,0.9362644292866351
0.9940000000000004,0.9352406504755756
0.9950000000000006,0.9341332899999994
0.9960000000000006,0.9330606402229016
0.9970000000000006,0.93208293279066
0.9980000000000006,0.9312224658140088
0.9990000000000006,0.9303486387382744
1.0000000000000004,0.9299437999999994
1.0010000000000006,0.9287058699999996
1.002000000000001,0.9280222699999996
1.0030000000000006,0.92755497
1.0040000000000004,0.9275236778692127
1.0050000000000006,0.9270023699999996
1.006000000000001,0.9265876399999996
1.0070000000000006,0.9259105899999994
1.0080000000000005,0.9247842399999996
1.0090000000000006,0.923967823766623
1.010000000000001,0.9232054899999996
1.0110000000000006,0.9224780199999996
1.0120000000000005,0.9218714799999996
1.0130000000000006,0.9211664199999996
1.014000000000001,0.920265880053994
1.0150000000000006,0.9196590199999995
1.0160000000000005,0.9189861399999998
1.0170000000000006,0.91859877
1.018000000000001,0.9185037000000004
1.0190000000000006,0.9188328070892912
1.0200000000000005,0.91895628
1.0210000000000006,0.91926968
1.022000000000001,0.91945922
1.0230000000000006,0.9194826500000002
1.0240000000000005,0.9197427
1.0250000000000006,0.9201573700000002
1.0260000000000007,0.9204962800000002
1.0270000000000006,0.9208859200000002
1.0280000000000005,0.9213072700000002
1.0290000000000006,0.9217197300000002
1.0300000000000007,0.9221391100000004
1.0310000000000006,0.9226322800000004
1.0320000000000005,0.9230551045925408
1.0330000000000006,0.9236010300000004
1.0340000000000007,0.9240920500000004
1.0350000000000006,0.9247704100000006
1.0360000000000005,0.9256641300000004
1.0370000000000006,0.9264156309529052
1.0380000000000007,0.9271251600000006
1.0390000000000006,0.9279696300000004
1.0400000000000005,0.9290165300000004
1.0410000000000006,0.9297480600000004
1.0420000000000007,0.9305485299530052
1.0430000000000006,0.93109214
1.0440000000000005,0.93117553
1.0450000000000006,0.9314290900000002
1.0460000000000007,0.93175519
1.0470000000000006,0.9319312423947608
1.0480000000000005,0.9320873
1.0490000000000006,0.93231219
1.0500000000000007,0.93232983
1.0510000000000006,0.93210465
1.0520000000000005,0.93205863
1.0530000000000006,0.9320350899999998
1.0540000000000007,0.93192708
1.0550000000000006,0.9318747973712628
1.0560000000000005,0.93174851
1.0570000000000006,0.93145424
1.0580000000000007,0.9312435399999998
1.0590000000000006,0.93092114
1.0600000000000005,0.9308438487321268
1.0610000000000006,0.93103117
1.0620000000000007,0.93108463
1.0630000000000006,0.9312622500000002
1.0640000000000005,0.93157482
1.0650000000000006,0.9317866988121188
1.0660000000000007,0.9318227200000004
1.0670000000000006,0.9321895200000004
1.0680000000000005,0.9326733400000002
1.0690000000000006,0.9331682300000004
1.0700000000000007,0.9338774590770929
1.0710000000000006,0.9344606400000004
1.0720000000000005,0.9349906400000002
1.0730000000000006,0.9356132700000004
1.0740000000000007,0.9363045100000004
1.0750000000000006,0.9369230300000004
1.0760000000000003,0.9375164500000004
1.0770000000000006,0.9380694000000004
1.0780000000000007,0.9387005548785124
1.0790000000000006,0.9392493400000004
1.0800000000000003,0.9398196300000004
1.0810000000000006,0.9404572200000004
1.0820000000000007,0.9410633400000004
1.0830000000000006,0.9417201163733632
1.0840000000000003,0.9421838500000004
1.0850000000000006,0.9425908900000002
1.0860000000000007,0.94290757
1.0870000000000006,0.9429781999999999
1.0880000000000003,0.9431504427757226
1.0890000000000006,0.9433558600000002
1.0900000000000007,0.94359791
1.0910000000000006,0.94364619
1.0920000000000003,0.9436931
1.0930000000000006,0.9436038789221076
1.0940000000000007,0.94333261
1.0950000000000006,0.9430920499999998
1.0960000000000003,0.94289809
1.0970000000000006,0.94272059
1.0980000000000008,0.9426282599999998
1.0990000000000006,0.9423665999999996
1.1000000000000003,0.9420806199999998
1.1010000000000006,0.9416862699999996
1.1020000000000008,0.9411781399999996
1.1030000000000006,0.9406247099999996
1.1040000000000003,0.9400123999999996
1.1050000000000006,0.9394233199999994
1.1060000000000008,0.9386501556254369
1.1070000000000009,0.9377064099999992
1.1080000000000003,0.9367859399999994
1.1090000000000009,0.9357944099999992
1.1100000000000008,0.9348068799999992
1.1110000000000009,0.9338022497590232
1.1120000000000003,0.9325998399999994
1.1130000000000009,0.9312566499999989
1.1140000000000008,0.9297909099999989
1.1150000000000009,0.9282904299999988
1.1160000000000003,0.9264006089821006
1.1170000000000009,0.9244634499999984
1.1180000000000008,0.9220045199999976
1.1190000000000009,0.9192135299999978
1.1200000000000006,0.9160202099999984
1.1210000000000009,0.9123541166093369
1.1220000000000008,0.9083019499999968
1.1230000000000009,0.9037098299999966
1.1240000000000006,0.8984948999999975
1.1250000000000009,0.8927447199999959
1.1260000000000008,0.8864996399999943
1.127000000000001,0.8800157299999954
1.1280000000000006,0.8731948099999952
1.129000000000001,0.8660563185281419
1.1300000000000008,0.8588415999999931
1.131000000000001,0.8511853199999947
1.1320000000000006,0.8432262499999962
1.133000000000001,0.8347589999999941
1.1340000000000008,0.8258795502249708
1.135000000000001,0.8166817999999936
1.1360000000000006,0.8069771499999935
1.137000000000001,0.7971523399999932
1.1380000000000008,0.7870529899999912
1.139000000000001,0.7772123540635876
1.1400000000000006,0.7679479699999944
1.141000000000001,0.7594410799999953
1.1420000000000008,0.7523761399999963
1.143000000000001,0.7468768399999973
1.1440000000000006,0.7428946882151759
1.145000000000001,0.7406062499999996
1.1460000000000008,0.7399417200000006
1.147000000000001,0.7405957000000009
1.1480000000000006,0.7419366800000019
1.149000000000001,0.7446932200000019
1.1500000000000008,0.7475434500000031
1.1510000000000007,0.7510537500000024
1.1520000000000006,0.7547896500000018
1.1530000000000007,0.7588175500000026
1.1540000000000008,0.7627792400000025
1.1550000000000007,0.7666404200000025
1.1560000000000006,0.7704181100000023
1.1570000000000007,0.7737985949005122
1.1580000000000008,0.7768476000000023
1.1590000000000007,0.7795162200000013
1.1600000000000006,0.781501110000001
1.1610000000000007,0.7829657800000005
1.1620000000000008,0.7838131972652735
1.1630000000000007,0.7839858499999999
1.1640000000000006,0.7837827199999998
1.1650000000000007,0.7833014099999993
1.1660000000000008,0.7823438599999991
1.1670000000000007,0.7812835460313963
1.1680000000000006,0.779984589999999
1.1690000000000007,0.7784998399999989
1.1700000000000008,0.7768991599999985
1.1710000000000007,0.7751997099999988
1.1720000000000006,0.7734131186591331
1.1730000000000007,0.7714018199999985
1.1740000000000008,0.7691014399999984
1.1750000000000007,0.7665622199999981
1.1760000000000006,0.7637300499999979
1.1770000000000007,0.7607213899999979
1.1780000000000008,0.7576809499999975
1.1790000000000007,0.7547666399999983
1.1800000000000006,0.752052262248774
1.1810000000000007,0.7497747499999988
1.1820000000000008,0.7479730799999986
1.1830000000000007,0.746418299999999
1.1840000000000006,0.7446798699999994
1.1850000000000007,0.7432001670732913
1.1860000000000008,0.7412708999999976
1.1870000000000007,0.7386889499999978
1.1880000000000006,0.7352970799999972
1.1890000000000007,0.7309329499999966
1.1900000000000008,0.7258170615888369
1.1910000000000007,0.7202752199999949
1.1920000000000006,0.7146699999999967
1.1930000000000007,0.7097216199999975
1.1940000000000008,0.7058913099999978
1.1950000000000007,0.7034204670842895
1.1960000000000006,0.7027544400000008
1.1970000000000007,0.7039138700000019
1.1980000000000008,0.7067862200000039
1.1990000000000007,0.7111445100000038
1.2000000000000006,0.7168101700000044
1.2010000000000007,0.7233521900000058
1.2020000000000008,0.7299982900000066
1.2030000000000007,0.7373234786001452
1.2040000000000006,0.7446094800000047
1.2050000000000007,0.7516439600000046
1.2060000000000008,0.7584510400000057
1.2070000000000007,0.7649921200000043
1.2080000000000006,0.7713892347625284
1.2090000000000007,0.7778368600000043
1.2100000000000009,0.7843778100000061
1.2110000000000007,0.7912070800000063
1.2120000000000006,0.7983822800000049
1.2130000000000007,0.8057477834496611
1.2140000000000009,0.8132671100000065
1.2150000000000007,0.8206115400000047
1.2160000000000006,0.8276503100000046
1.2170000000000007,0.8344339100000042
1.2180000000000009,0.8407780755834471
1.2190000000000007,0.8467114600000036
1.2200000000000006,0.8522116500000033
1.2210000000000008,0.8571354200000039
1.2220000000000009,0.8615721500000034
1.2230000000000008,0.8654297600000029
1.2240000000000006,0.8686265300000018
1.2250000000000008,0.8713210800000014
1.2260000000000009,0.8734661300000013
1.2270000000000008,0.8749609000000006
1.2280000000000006,0.8758282100000002
1.2290000000000008,0.87620044
1.2300000000000009,0.8761618099999998
1.2310000000000008,0.8758573101879809
1.2320000000000009,0.8754591899999998
1.2330000000000008,0.8750533499999997
1.2340000000000009,0.8747785099999998
1.2350000000000008,0.8746935700000003
1.2360000000000009,0.8749826172092796
1.2370000000000008,0.8757547100000008
1.2380000000000009,0.8769788700000014
1.2390000000000008,0.8786191300000012
1.2400000000000009,0.8804249800000016
1.2410000000000008,0.8827665458434176
1.2420000000000009,0.8848607500000021
1.2430000000000008,0.8870872300000018
1.2440000000000009,0.8891464500000013
1.2450000000000008,0.8910122500000011
1.2460000000000009,0.8926406671582856
1.2470000000000008,0.8938805500000007
1.2480000000000009,0.8948642600000004
1.2490000000000008,0.8956014500000004
1.2500000000000009,0.8961383700000003
1.2510000000000008,0.8965426100000004
1.252000000000001,0.8968715700000002
1.2530000000000008,0.8972106000000003
1.2540000000000011,0.8975724449195085
1.2550000000000008,0.8980216400000005
1.256000000000001,0.8986505300000005
1.2570000000000008,0.8994819500000006
1.2580000000000011,0.900448020000001
1.2590000000000008,0.9015532888771132
1.260000000000001,0.9029420600000008
1.2610000000000008,0.9042594400000014
1.2620000000000011,0.9057027700000012
1.2630000000000008,0.9070465600000012
1.264000000000001,0.9084015345025506
1.2650000000000008,0.9097043300000011
1.2660000000000011,0.9108812800000008
1.2670000000000008,0.9119181600000006
1.268000000000001,0.9128164600000006
1.2690000000000008,0.9135942322227784
1.2700000000000011,0.9143426400000004
1.2710000000000008,0.9149566900000003
1.272000000000001,0.9154786500000004
1.2730000000000008,0.9159095300000002
1.2740000000000011,0.9161450300000002
1.2750000000000008,0.91637349
1.2760000000000007,0.91652489
1.2770000000000008,0.91652298
1.2780000000000011,0.91646183
1.2790000000000008,0.9163161499999998
1.2800000000000007,0.9160564499999998
1.2810000000000008,0.9157044299999996
1.2820000000000011,0.9152417805859407
1.2830000000000008,0.9146476399999997
1.2840000000000007,0.9139673099999994
1.2850000000000008,0.9131413699999992
1.2860000000000011,0.9123405799999992
1.2870000000000008,0.911449638903109
1.2880000000000007,0.9105386699999992
1.2890000000000008,0.9096119399999996
1.2900000000000011,0.9087185899999992
1.2910000000000008,0.9079266799999992
1.2920000000000007,0.9070815645115484
1.2930000000000008,0.9063956099999996
1.2940000000000011,0.9058111299999996
1.2950000000000008,0.9051933899999997
1.2960000000000007,0.9048062599999998
1.2970000000000008,0.9044111195140484
1.2980000000000012,0.9040030799999998
1.2990000000000008,0.90384173
1.3000000000000007,0.90366441
1.3010000000000008,0.90347183
1.302000000000001,0.9034197899999996
1.3030000000000008,0.9032371599999998
1.3040000000000007,0.90289474
1.3050000000000008,0.902653544378562
1.306000000000001,0.9023973299999998
1.3070000000000008,0.9022065399999998
1.3080000000000007,0.90201163
1.3090000000000008,0.90198869
1.310000000000001,0.9020513421577844
1.3110000000000008,0.9021729200000004
1.3120000000000007,0.9023785000000002
1.3130000000000008,0.9026067300000002
1.314000000000001,0.9028704200000002
1.3150000000000008,0.9031232347185284
1.3160000000000007,0.9034287300000002
1.3170000000000008,0.90372896
1.318000000000001,0.90388429
1.3190000000000008,0.90402508
1.3200000000000007,0.9041275897490252
1.3210000000000008,0.90412974
1.322000000000001,0.9040196499999998
1.3230000000000008,0.9038812499999996
1.3240000000000007,0.9035250499999996
1.3250000000000008,0.9030122799999994
1.326000000000001,0.9023926899999992
1.3270000000000008,0.9016516199999992
1.3280000000000007,0.9007825445715422
1.3290000000000008,0.8998282599999989
1.330000000000001,0.8986608999999988
1.3310000000000008,0.8973082299999988
1.3320000000000007,0.8958786099999987
1.3330000000000009,0.8943486378202166
1.334000000000001,0.8927268399999985
1.3350000000000009,0.8910332299999985
1.3360000000000007,0.8892779399999984
1.3370000000000009,0.8873991399999982
1.338000000000001,0.8854180181121867
1.3390000000000009,0.8833223599999979
1.3400000000000007,0.8809227899999983
1.3410000000000009,0.8783777399999976
1.342000000000001,0.8756737099999967
1.3430000000000009,0.8726806093100665
1.3440000000000007,0.8695476699999977
1.3450000000000009,0.8661132499999965
1.346000000000001,0.8623003999999954
1.3470000000000009,0.858116329999996
1.3480000000000008,0.8536187399999968
1.3490000000000009,0.8487107199999954
1.350000000000001,0.8434308199999949
1.3510000000000009,0.8377603299999946
1.3520000000000008,0.8316085299999945
1.3530000000000009,0.8253193499999956
1.354000000000001,0.8185921899999941
1.3550000000000009,0.8118419099999941
1.3560000000000008,0.8049490563123636
1.3570000000000009,0.7979121799999935
1.358000000000001,0.7906836299999935
1.3590000000000009,0.7834622299999935
1.3600000000000008,0.7761217999999953
1.3610000000000009,0.7688789008669067
1.362000000000001,0.7619875699999928
1.3630000000000009,0.7556139199999964
1.3640000000000008,0.750085469999997
1.3650000000000009,0.7456026099999972
1.366000000000001,0.7423439858624102
1.3670000000000009,0.7400539499999989
1.3680000000000008,0.7387423499999995
1.3690000000000009,0.7381359299999998
1.370000000000001,0.7379336999999999
1.3710000000000009,0.7379332200479951
1.3720000000000008,0.7375733899999999
1.3730000000000009,0.7374614499999993
1.374000000000001,0.7365317299999989
1.3750000000000009,0.7353166899999983
1.3760000000000008,0.7334719299999978
1.377000000000001,0.730990649999997
1.378000000000001,0.7282441299999969
1.379000000000001,0.7247119884411529
1.3800000000000008,0.7214963999999966
1.381000000000001,0.7176061899999975
1.3820000000000008,0.7147422999999968
1.383000000000001,0.7118164299999986
1.3840000000000008,0.7102237093810614
1.385000000000001,0.7094175200000002
1.3860000000000008,0.7096396100000014
1.387000000000001,0.7109846500000023
1.3880000000000008,0.7130755200000017
1.389000000000001,0.7157867788741148
1.3900000000000008,0.7187266900000032
1.391000000000001,0.7216435100000025
1.3920000000000008,0.7243716100000022
1.393000000000001,0.7267793400000019
1.3940000000000008,0.7288614817858237
1.395000000000001,0.7304810900000012
1.3960000000000008,0.7317354100000006
1.397000000000001,0.7325271400000004
1.3980000000000008,0.73292357
1.399000000000001,0.7329472299999997
1.4000000000000008,0.7326731699999994
1.4010000000000007,0.7320672299999992
1.4020000000000008,0.7309646599999989
1.403000000000001,0.7299354099999986
1.4040000000000008,0.7284281299999993
1.4050000000000007,0.7274183599999993
1.4060000000000008,0.7262181599999995
1.407000000000001,0.7258650560473952
1.4080000000000008,0.7257255300000005
1.4090000000000007,0.726480070000001
1.4100000000000008,0.7280240100000023
1.411000000000001,0.7300207600000026
1.4120000000000008,0.7328819031716849
1.4130000000000007,0.7358136200000022
1.4140000000000008,0.7392059600000032
1.415000000000001,0.7427411700000032
1.4160000000000008,0.7463365200000032
1.4170000000000007,0.7499752561263895
1.4180000000000008,0.7536116200000033
1.419000000000001,0.7571982100000032
1.4200000000000008,0.7608636600000033
1.4210000000000007,0.7645440100000025
1.4220000000000008,0.7681679076102428
1.423000000000001,0.771772150000003
1.4240000000000008,0.7752049000000021
1.4250000000000007,0.7784208100000021
1.4260000000000008,0.7813590200000027
1.427000000000001,0.7837686500000018
1.4280000000000008,0.7854775200000008
1.4290000000000007,0.7865720400000001
1.4300000000000008,0.7868154772442751
1.431000000000001,0.7863879199999994
1.4320000000000008,0.7856287999999986
1.4330000000000007,0.7839775099999993
1.4340000000000008,0.7827541199999986
1.435000000000001,0.7810723429557035
1.4360000000000008,0.7801018999999993
1.4370000000000007,0.7793000299999998
1.4380000000000008,0.7790232300000002
1.439000000000001,0.7792803000000004
1.4400000000000008,0.7796694810818922
1.4410000000000007,0.7806274900000006
1.4420000000000008,0.7813383300000011
1.443000000000001,0.7823093500000006
1.4440000000000008,0.7829119000000005
1.4450000000000007,0.7833597252174787
1.4460000000000008,0.7836483699999999
1.447000000000001,0.7835656400000001
1.4480000000000008,0.78364223
1.4490000000000007,0.78360206
1.4500000000000008,0.7836756100000003
1.451000000000001,0.7840175000000007
1.4520000000000008,0.7845724800000008
1.4530000000000007,0.7855072583031706
1.4540000000000008,0.7866902900000016
1.455000000000001,0.7880924900000014
1.4560000000000008,0.7896184900000013
1.4570000000000007,0.7911052700000011
1.4580000000000009,0.7924103489581054
1.459000000000001,0.7933999300000005
1.4600000000000009,0.7939856100000001
1.4610000000000007,0.7940795999999997
1.4620000000000009,0.7937946299999991
1.463000000000001,0.7929694325197472
1.4640000000000009,0.7917284999999985
1.4650000000000007,0.7901468299999987
1.4660000000000009,0.7882839999999978
1.467000000000001,0.7863140699999978
1.4680000000000009,0.7843086905379446
1.4690000000000007,0.7823740199999987
1.4700000000000009,0.7803845999999979
1.471000000000001,0.7785457999999982
1.4720000000000009,0.7768021799999985
1.4730000000000008,0.7750744799999989
1.4740000000000009,0.7734035299999982
1.475000000000001,0.7718107099999985
1.4760000000000009,0.7700805099999989
1.4770000000000008,0.7688158199999989
1.4780000000000009,0.7676470299999995
1.479000000000001,0.7669890499999997
1.4800000000000009,0.7667676800000001
1.4810000000000008,0.7668663920237981
1.4820000000000009,0.7674866300000006
1.483000000000001,0.768134650000001
1.4840000000000009,0.7692614200000008
1.4850000000000008,0.7701170400000007
1.4860000000000009,0.7710987992120796
1.487000000000001,0.7717909200000006
1.4880000000000009,0.7723091800000003
1.4890000000000008,0.7726667500000001
1.4900000000000009,0.7728379400000001
1.491000000000001,0.7729579679972004
1.4920000000000009,0.7730504900000003
1.4930000000000008,0.7732828300000003
1.4940000000000009,0.7737407100000008
1.495000000000001,0.774441240000001
1.4960000000000009,0.7755054935746434
1.4970000000000008,0.7768420600000014
1.4980000000000009,0.7784573400000017
1.499000000000001,0.780365590000002
1.5000000000000009,0.7825543900000022
1.5010000000000008,0.7848953600000023
1.5020000000000011,0.7873336100000032
1.503000000000001,0.7897904500000021
1.504000000000001,0.7922030682341789
1.5050000000000008,0.794585410000002
1.5060000000000011,0.7968584300000024
1.5070000000000008,0.7990421100000024
1.508000000000001,0.8011018000000016
1.5090000000000008,0.8029293817868225
1.5100000000000011,0.8045472500000017
1.5110000000000008,0.8060079800000013
1.512000000000001,0.8072423900000012
1.5130000000000008,0.8083768500000007
1.5140000000000011,0.8093847792070803
1.5150000000000008,0.8102394300000009
1.516000000000001,0.8110516700000007
1.5170000000000008,0.8118048300000006
1.5180000000000011,0.8123833500000004
1.5190000000000008,0.8128126470702934
1.520000000000001,0.8132354000000003
1.5210000000000008,0.8134912800000003
1.5220000000000011,0.8137933600000005
1.5230000000000008,0.8141226200000002
1.524000000000001,0.8143976900000002
1.5250000000000008,0.8146687200000001
1.5260000000000011,0.8148155800000001
1.5270000000000008,0.81492281
1.528000000000001,0.8149127399999999
1.5290000000000008,0.8147852399999999
1.5300000000000011,0.8145773399999997
1.5310000000000008,0.8142632799999996
1.532000000000001,0.8139035218798116
1.5330000000000008,0.8134223199999997
1.5340000000000011,0.8129357699999993
1.5350000000000008,0.8123753099999994
1.536000000000001,0.8118628299999996
1.5370000000000008,0.8113007019338063
1.5380000000000011,0.8108200399999995
1.5390000000000008,0.8103842099999997
1.540000000000001,0.8100207999999998
1.5410000000000008,0.8096103099999997
1.5420000000000011,0.8092941316178379
1.5430000000000008,0.8090562199999998
1.544000000000001,0.8088011699999998
1.5450000000000008,0.8086515099999999
1.5460000000000012,0.8085539299999999
1.5470000000000008,0.8084724581471852
1.548000000000001,0.8083749399999999
1.5490000000000008,0.8082334999999999
1.5500000000000012,0.8081147699999998
1.5510000000000008,0.8079486499999998
1.552000000000001,0.8077128499999998
1.5530000000000008,0.8075328499999999
1.5540000000000012,0.8073601099999997
1.5550000000000008,0.8071609548025196
1.556000000000001,0.8070089799999999
1.5570000000000008,0.8068690299999999
1.5580000000000012,0.8067309899999999
1.5590000000000008,0.8065920499999999
1.560000000000001,0.8064561384611538
1.5610000000000008,0.8063407499999999
1.5620000000000012,0.8061745799999998
1.5630000000000008,0.8060044599999999
1.564000000000001,0.8058199299999997
1.5650000000000008,0.8055507769153082
1.5660000000000012,0.8052933799999996
1.5670000000000008,0.8050729599999997
1.568000000000001,0.8049081
1.5690000000000008,0.8048752500000002
1.5700000000000012,0.8050372438006201
1.5710000000000008,0.8053041700000003
1.572000000000001,0.8056036800000005
1.5730000000000008,0.8059971300000002
1.5740000000000012,0.8063892700000005
1.5750000000000008,0.8067780700000005
1.576000000000001,0.8072121100000005
1.5770000000000008,0.8076224300000003
1.5780000000000012,0.8079887328927111
1.5790000000000008,0.8083176600000004
1.580000000000001,0.8085706200000002
1.5810000000000008,0.8088008200000002
1.5820000000000012,0.8089933400000001
1.5830000000000009,0.8091022508529148
1.584000000000001,0.80921078
1.5850000000000009,0.8091946199999999
1.5860000000000012,0.8090666499999998
1.5870000000000009,0.8089067299999997
1.588000000000001,0.808608259847015
1.5890000000000009,0.8082054899999995
1.5900000000000012,0.8077285299999993
1.5910000000000009,0.8071520299999994
1.592000000000001,0.8065848399999993
1.5930000000000009,0.8059656619178076
1.5940000000000012,0.8053136499999993
1.5950000000000009,0.8047305899999994
1.596000000000001,0.8041620899999996
1.5970000000000009,0.8037412199999998
1.5980000000000012,0.8034583299999998
1.5990000000000009,0.8032526399999999
1.600000000000001,0.8031160799999999
1.6010000000000009,0.8030247699999999
1.6020000000000012,0.8029398899999999
1.6030000000000009,0.8028633599999999
1.604000000000001,0.8027388499999998
1.6050000000000009,0.8024867799999996
1.6060000000000012,0.8021290992750718
1.6070000000000009,0.8016218499999992
1.608000000000001,0.8009482599999992
1.6090000000000009,0.800038869999999
1.6100000000000012,0.7989201499999986
1.6110000000000009,0.7976095944765506
1.612000000000001,0.796054359999998
1.6130000000000009,0.7942865499999987
1.6140000000000012,0.7923188199999974
1.6150000000000009,0.7900417399999972
1.616000000000001,0.7874759665773396
1.6170000000000009,0.7846649899999972
1.6180000000000012,0.7815236999999962
1.6190000000000009,0.778096679999996
1.620000000000001,0.7744768899999965
1.6210000000000009,0.7706441532736694
1.6220000000000012,0.7666890599999946
1.6230000000000009,0.7626429799999963
1.624000000000001,0.7585408699999965
1.6250000000000009,0.7545050399999964
1.6260000000000012,0.7504838099999946
1.6270000000000011,0.7465239199999947
1.628000000000001,0.7425052499999962
1.629000000000001,0.7382594584861472
1.6300000000000012,0.7337443199999933
1.6310000000000011,0.7287785399999941
1.6320000000000008,0.7234507199999937
1.633000000000001,0.7177309399999945
1.6340000000000012,0.7114776383781545
1.6350000000000011,0.7049614199999925
1.6360000000000008,0.6982468399999923
1.637000000000001,0.6912092599999923
1.6380000000000012,0.6842278199999924
1.6390000000000011,0.677353237458247
1.6400000000000008,0.6706317099999931
1.641000000000001,0.664450469999995
1.6420000000000012,0.6588215199999936
1.6430000000000011,0.6539766799999955
1.6440000000000008,0.65000609705829
1.645000000000001,0.6470237399999983
1.6460000000000012,0.6451590099999989
1.6470000000000011,0.6443499900000002
1.6480000000000008,0.6444187800000007
1.649000000000001,0.6453561200000013
1.6500000000000012,0.6468868900000023
1.6510000000000011,0.6486117800000021
1.6520000000000008,0.6503659500000016
1.653000000000001,0.6518260200000007
1.6540000000000012,0.65260565
1.6550000000000011,0.6526251399999993
1.6560000000000008,0.6518914699999981
1.657000000000001,0.6501444827877186
1.6580000000000013,0.647372359999996
1.6590000000000011,0.643757579999995
1.6600000000000008,0.639278109999994
1.661000000000001,0.6338733999999946
1.6620000000000013,0.627727827559236
1.6630000000000011,0.6208034199999916
1.6640000000000008,0.6132321399999927
1.665000000000001,0.6050015099999919
1.6660000000000013,0.5958998799999871
1.6670000000000011,0.5860565043375561
1.6680000000000008,0.5754549499999898
1.669000000000001,0.5639395099999892
1.6700000000000013,0.5518572899999833
1.6710000000000012,0.5393227299999857
1.6720000000000008,0.5264503072422623
1.673000000000001,0.5136503599999888
1.6740000000000013,0.5010616199999867
1.6750000000000012,0.4890663899999877
1.6760000000000008,0.4779882999999888
1.677000000000001,0.4678716099999901
1.6780000000000013,0.4589703099999915
1.6790000000000012,0.4513185599999927
1.6800000000000008,0.4447716416038345
1.681000000000001,0.4393876799999961
1.6820000000000013,0.43503188999999537
1.6830000000000012,0.4315705299999968
1.6840000000000008,0.42873829999999774
1.685000000000001,0.4262211067573221
1.6860000000000013,0.42388867999999696
1.6870000000000012,0.4215902699999968
1.6880000000000008,0.419199589999998
1.689000000000001,0.41692110999999815
1.6900000000000013,0.4148572063903584
1.6910000000000012,0.4132296099999988
1.6920000000000008,0.4123193
1.693000000000001,0.4122722700000008
1.6940000000000013,0.4132252600000023
1.6950000000000012,0.41491438108789336
1.6960000000000008,0.4171597100000026
1.697000000000001,0.4195070900000023
1.6980000000000013,0.4215120100000017
1.6990000000000012,0.4229875500000006
1.7000000000000008,0.4235361799999995
1.701000000000001,0.4231148099999986
1.7020000000000013,0.4218627499999978
1.7030000000000012,0.4201976054394542
1.7040000000000008,0.41865199999999897
1.705000000000001,0.41771284000000014
1.7060000000000013,0.417898600000002
1.7070000000000012,0.4193731800000038
1.7080000000000009,0.42222092651235377
1.709000000000001,0.42648605000000495
1.7100000000000013,0.4320179800000085
1.7110000000000012,0.43836153000000894
1.7120000000000009,0.4451127100000076
1.713000000000001,0.4519660146695403
1.7140000000000013,0.4586563700000084
1.7150000000000012,0.4649666000000065
1.7160000000000009,0.4707451800000058
1.717000000000001,0.4760639700000052
1.7180000000000013,0.4806890074962562
1.7190000000000012,0.4844902200000037
1.7200000000000009,0.4877164100000026
1.721000000000001,0.4900375000000015
1.7220000000000013,0.4913571500000008
1.7230000000000012,0.4919073599999997
1.7240000000000009,0.4915990199999988
1.725000000000001,0.4904775899999982
1.7260000000000013,0.4884758599999972
1.7270000000000012,0.48634081999999607
1.7280000000000009,0.4833407699999977
1.729000000000001,0.4807506199999974
1.730000000000001,0.4777837099999971
1.7310000000000012,0.4756164064533524
1.7320000000000009,0.4736809399999987
1.733000000000001,0.4725121299999997
1.734000000000001,0.4721639799999998
1.7350000000000012,0.4720231600000007
1.7360000000000009,0.4726220171232881
1.737000000000001,0.4729932500000009
1.738000000000001,0.4738442900000001
1.7390000000000012,0.47393766
1.7400000000000009,0.4739242499999992
1.741000000000001,0.4732055518698123
1.742000000000001,0.4716949199999981
1.7430000000000012,0.4702407399999977
1.7440000000000009,0.4681550599999984
1.745000000000001,0.4666423499999986
1.746000000000001,0.4650187923557623
1.7470000000000012,0.4641301899999995
1.7480000000000009,0.4637747400000003
1.749000000000001,0.4641177100000009
1.750000000000001,0.4650883400000021
1.7510000000000012,0.4666352900000029
1.7520000000000011,0.4688022100000036
1.753000000000001,0.4715310900000029
1.7540000000000011,0.4748086271702882
1.7550000000000012,0.4785803300000056
1.7560000000000011,0.4827950900000051
1.7570000000000008,0.4874033000000054
1.7580000000000011,0.4923688800000069
1.7590000000000012,0.4975116539366122
1.7600000000000011,0.5025510200000055
1.7610000000000008,0.5075280100000048
1.7620000000000011,0.5117842600000053
1.7630000000000012,0.5151854800000029
1.7640000000000011,0.5178062079272101
1.7650000000000008,0.51905107
1.7660000000000011,0.5190720599999984
1.7670000000000012,0.5179162599999972
1.7680000000000011,0.515798269999996
1.7690000000000008,0.5122469051364826
1.7700000000000014,0.5094465599999951
1.7710000000000012,0.5058200999999971
1.7720000000000011,0.5036421399999976
1.7730000000000008,0.5018719399999998
1.7740000000000014,0.5016712000000014
1.7750000000000012,0.5026462100000031
1.7760000000000011,0.5049852100000044
1.7770000000000008,0.5090251000000052
1.7780000000000014,0.5137184300000083
1.7790000000000012,0.519954320000007
1.7800000000000011,0.526279150000008
1.7810000000000008,0.533455730000008
1.7820000000000014,0.5406355655444561
1.7830000000000013,0.5481910100000086
1.7840000000000011,0.5558753000000091
1.7850000000000008,0.5638684600000089
1.7860000000000014,0.5718430900000108
1.7870000000000013,0.5799533682901806
1.7880000000000011,0.5882362700000094
1.7890000000000008,0.5967230200000073
1.7900000000000014,0.6050087200000114
1.7910000000000013,0.6135422600000107
1.7920000000000011,0.6215226419618123
1.7930000000000008,0.6293624600000062
1.7940000000000014,0.6364156600000086
1.7950000000000013,0.6428408600000072
1.7960000000000012,0.6482775800000052
1.7970000000000008,0.6529713306249425
1.7980000000000014,0.6571308400000048
1.7990000000000013,0.6606898900000033
1.8000000000000012,0.6636591600000031
1.8010000000000008,0.6664432300000025
1.8020000000000012,0.6686310200000035
1.8030000000000013,0.6709385500000022
1.8040000000000007,0.6729879400000024
1.8050000000000008,0.6751885818268195
1.8060000000000012,0.6774068500000031
1.8070000000000013,0.6797616500000034
1.8080000000000007,0.6823692900000027
1.8090000000000008,0.6847350600000022
1.8100000000000012,0.6872161350744955
1.8110000000000013,0.6893668800000026
1.8120000000000007,0.6913003300000022
1.8130000000000008,0.6929661000000014
1.8140000000000012,0.6944095500000016
1.8150000000000013,0.6956092700279988
1.8160000000000007,0.696451900000001
1.8170000000000008,0.6972209200000007
1.8180000000000012,0.6977812100000007
1.8190000000000013,0.6982572700000005
1.8200000000000007,0.6986202836986306
1.8210000000000008,0.6987414999999999
1.8220000000000012,0.6986564399999998
1.8230000000000013,0.6985191699999996
1.8240000000000007,0.6982113699999994
1.8250000000000008,0.6976979999999993
1.8260000000000012,0.6970921199999986
1.8270000000000013,0.6962468599999986
1.8280000000000007,0.6951723653134673
1.8290000000000008,0.6939254999999984
1.8300000000000012,0.6924954099999959
1.8310000000000013,0.6895301899999979
1.8320000000000007,0.6879429799999972
1.8330000000000009,0.6858391118318139
1.8340000000000012,0.6834574299999966
1.8350000000000013,0.6808385799999968
1.8360000000000007,0.6784157199999971
1.8370000000000009,0.6761909099999978
1.8380000000000012,0.6741899500959875
1.8390000000000013,0.6721557399999974
1.8400000000000007,0.6702312199999981
1.8410000000000009,0.6685774299999979
1.8420000000000012,0.6667551399999978
1.8430000000000013,0.6653367518388144
1.8440000000000007,0.6643868099999993
1.8450000000000009,0.6637794399999996
1.8460000000000012,0.6634284900000003
1.8470000000000013,0.6635885200000006
1.8480000000000008,0.6640412800000004
1.8490000000000009,0.6644334800000006
1.8500000000000012,0.6649093600000004
1.8510000000000013,0.6652269400000002
1.8520000000000008,0.66529614
1.8530000000000009,0.6652563799999998
1.8540000000000012,0.6650122999999993
1.855000000000001,0.6645194299999991
1.8560000000000008,0.6638201332786713
1.8570000000000009,0.663052919999999
1.8580000000000012,0.6621108699999986
1.859000000000001,0.6609986399999981
1.8600000000000008,0.6595448899999979
1.8610000000000009,0.6577669973142657
1.8620000000000012,0.6553401399999963
1.863000000000001,0.6529815199999971
1.8640000000000008,0.6504065999999972
1.8650000000000009,0.6479234699999975
1.8660000000000012,0.6457217701699797
1.867000000000001,0.6434704099999969
1.8680000000000008,0.6411770599999973
1.8690000000000009,0.6387392899999975
1.8700000000000012,0.6365125199999978
1.871000000000001,0.6348851727347244
1.8720000000000008,0.6334036599999987
1.8730000000000009,0.6323896599999991
1.8740000000000012,0.6314122099999984
1.875000000000001,0.6301872699999987
1.8760000000000008,0.6292335399999988
1.877000000000001,0.6283544299999991
1.8780000000000012,0.6277263199999996
1.8790000000000011,0.6274859404179584
1.8800000000000008,0.6275901200000009
1.881000000000001,0.6282504200000013
1.8820000000000012,0.6294868600000029
1.8830000000000011,0.6313423500000036
1.8840000000000008,0.6340322592580778
1.885000000000001,0.6371248400000044
1.8860000000000012,0.6410745400000063
1.8870000000000011,0.6451124500000067
1.8880000000000008,0.6494417200000051
1.889000000000001,0.6540360005719477
1.8900000000000012,0.658311370000006
1.8910000000000011,0.6621781600000044
1.8920000000000008,0.6655312200000034
1.893000000000001,0.6681064400000024
1.8940000000000012,0.6703559850454989
1.8950000000000011,0.6721839900000021
1.8960000000000008,0.6736977700000017
1.897000000000001,0.6750136000000012
1.8980000000000012,0.6759696000000007
1.8990000000000011,0.6765123600000003
1.9000000000000008,0.6766635199999997
1.9010000000000007,0.6765063399999997
1.9020000000000012,0.6762548699999996
1.9030000000000011,0.6760275399999995
1.9040000000000008,0.6757271299999997
1.9050000000000007,0.67552036
1.9060000000000012,0.6755121899999998
1.9070000000000011,0.6754193849935005
1.9080000000000013,0.6753693199999999
1.9090000000000007,0.6753160399999997
1.9100000000000013,0.6750343999999996
1.9110000000000011,0.6747295300000004
1.9120000000000013,0.6749707182491754
1.9130000000000007,0.6752532100000004
1.9140000000000013,0.6755330000000007
1.9150000000000011,0.6761566400000009
1.9160000000000013,0.6768069900000006
1.9170000000000007,0.6772626144375568
1.9180000000000013,0.6778490500000013
1.9190000000000011,0.6788523200000011
1.9200000000000013,0.6797136100000011
1.9210000000000007,0.6804246900000008
1.9220000000000013,0.6811332591430868
1.9230000000000012,0.6816989800000007
1.9240000000000013,0.6822544900000008
1.9250000000000007,0.6829428700000006
1.9260000000000013,0.6835575700000005
1.9270000000000012,0.6839404100000007
1.9280000000000013,0.6843742700000005
1.9290000000000007,0.6848375800000004
1.9300000000000013,0.6851922015808424
1.9310000000000012,0.6855080100000005
1.9320000000000013,0.6859569500000005
1.9330000000000007,0.6862827500000002
1.9340000000000013,0.6863457600000001
1.9350000000000012,0.6864549586361365
1.9360000000000013,0.68654132
1.9370000000000007,0.68652588
1.9380000000000013,0.6865552699999999
1.9390000000000012,0.6864498299999997
1.9400000000000013,0.6862094640365961
1.9410000000000007,0.6856360399999996
1.9420000000000013,0.6852661399999995
1.9430000000000012,0.6849471299999996
1.9440000000000013,0.6847092500000002
1.9450000000000007,0.6848236785571444
1.9460000000000013,0.6849537499999999
1.9470000000000012,0.6849093400000001
1.9480000000000013,0.6850029800000005
1.9490000000000007,0.6854083500000008
1.9500000000000013,0.6861037000000008
1.9510000000000012,0.686600450000001
1.9520000000000013,0.6872422100000005
1.9530000000000007,0.6876452585931407
1.9540000000000013,0.6876311899999996
1.9550000000000012,0.68744445
1.9560000000000013,0.6874363399999994
1.9570000000000007,0.6870217299999984
1.9580000000000013,0.6858903864403539
1.9590000000000012,0.6847547899999982
1.9600000000000013,0.6834009899999978
1.9610000000000007,0.6817713999999981
1.9620000000000013,0.6803637099999982
1.9630000000000012,0.6792127450964887
1.9640000000000013,0.6779300599999986
1.9650000000000007,0.6768317199999985
1.9660000000000013,0.6754262399999972
1.9670000000000012,0.6736352399999971
1.9680000000000013,0.6717757059534023
1.9690000000000007,0.6697804899999974
1.9700000000000013,0.6674798099999963
1.9710000000000012,0.665136219999996
1.9720000000000013,0.6625514599999957
1.9730000000000008,0.6592733299999963
1.9740000000000013,0.6559784399999948
1.9750000000000012,0.6526007099999952
1.9760000000000013,0.6489838399999959
1.9770000000000008,0.6459072799999965
1.978000000000001,0.6433200799999966
1.9790000000000012,0.6408503699999971
1.980000000000001,0.6385683399999976
1.9810000000000008,0.6367840308709108
1.982000000000001,0.6350927399999979
1.9830000000000012,0.6337936499999994
1.984000000000001,0.6333394099999998
1.9850000000000008,0.6331352000000001
1.986000000000001,0.6332006824987507
1.9870000000000012,0.6335256700000009
1.988000000000001,0.6341530100000009
1.9890000000000008,0.6349090900000005
1.990000000000001,0.6353703700000006
1.9910000000000012,0.6358030567313274
1.992000000000001,0.6359315499999999
1.9930000000000008,0.6358544799999994
1.994000000000001,0.6353850399999987
1.9950000000000012,0.6345846099999986
1.996000000000001,0.6334789305679418
1.9970000000000008,0.6319184299999975
1.9980000000000016,0.629988429999997
1.9990000000000012,0.6277767999999966
2.0000000000000013,0.6252197599999961
2.001000000000001,0.6223209756908579
2.0020000000000016,0.6189778843091331
2.003000000000001,0.6154413799999948
2.0040000000000013,0.6115581041131728
2.005000000000001,0.6075992358868184
2.0060000000000016,0.6035293299999924
2.007000000000001,0.5992641999999921
2.0080000000000013,0.5948446708078332
2.009000000000001,0.5903527491921569
2.0100000000000016,0.5853982599999916
2.011000000000001,0.5806877156358653
2.0120000000000013,0.5760440743641203
2.013000000000001,0.571641979999994
2.0140000000000016,0.567148526282737
2.015000000000001,0.5632113537172507
2.0160000000000013,0.559788639999996
2.017000000000001,0.5567994099999969
2.0180000000000016,0.5544781287062562
2.019000000000001,0.5528651912937388
2.0200000000000014,0.5518882899999994
2.021000000000001,0.5514391915956811
2.0220000000000016,0.5516551484043194
2.023000000000001,0.5526715500000021
2.0240000000000014,0.5542179991811665
2.025000000000001,0.5566098108188388
2.0260000000000016,0.5592311000000056
2.027000000000001,0.562445760000006
2.0280000000000014,0.5658158829877062
2.029000000000001,0.5694087100000049
2.0300000000000016,0.5730869200000062
2.031000000000001,0.576527038212363
2.0320000000000014,0.5799091617876476
2.0330000000000013,0.5830705800000038
2.0340000000000016,0.5859220852659511
2.035000000000001,0.5885747447340571
2.0360000000000014,0.5912630000000031
2.0370000000000013,0.5935891255298961
2.0380000000000016,0.5953444244701086
2.039000000000001,0.5969854600000016
2.0400000000000014,0.5982191000000016
2.0410000000000013,0.5993698805978818
2.0420000000000016,0.6005758594021214
2.043000000000001,0.6017286200000013
2.0440000000000014,0.6026742919986015
2.0450000000000013,0.6036942780014007
2.0460000000000016,0.6046863800000017
2.047000000000001,0.6057086501029811
2.0480000000000014,0.6068096798970223
2.0490000000000013,0.6080476000000015
2.0500000000000016,0.6092503700000025
2.051000000000001,0.6106052845085511
2.0520000000000014,0.6118052600000011
2.0530000000000013,0.6126582000000013
2.0540000000000016,0.6136641165047004
2.055000000000001,0.6145291634953023
2.0560000000000014,0.6154499700000018
2.0570000000000013,0.6167473297450524
2.0580000000000016,0.6180447802549509
2.059000000000001,0.6194470500000018
2.0600000000000014,0.62078464705759
2.0610000000000013,0.6220552229424134
2.0620000000000016,0.6232661000000022
2.063000000000001,0.6244227900000014
2.0640000000000014,0.6255433333873236
2.0650000000000013,0.6264772066126789
2.0660000000000016,0.6276010300000012
2.067000000000001,0.6282950638382324
2.0680000000000014,0.6283334461617677
2.0690000000000013,0.6283416699999996
2.0700000000000016,0.6281175188872219
2.071000000000001,0.6277063911127768
2.0720000000000014,0.6272039399999992
2.0730000000000013,0.6266519999999993
2.0740000000000016,0.6260738775742413
2.075000000000001,0.6252496199999986
2.0760000000000014,0.6242724099999986
2.0770000000000013,0.6231852701889606
2.0780000000000016,0.6218871598110358
2.079000000000001,0.6202734099999978
2.0800000000000014,0.618645823783241
2.0810000000000013,0.6171836562167545
2.0820000000000016,0.6154463899999965
2.083000000000001,0.6134326681303705
2.0840000000000014,0.6113139718696229
2.0850000000000013,0.6090223799999968
2.0860000000000016,0.606617209999995
2.087000000000001,0.6037930597830392
2.0880000000000014,0.6011908902169527
2.0890000000000013,0.5983490299999966
2.0900000000000016,0.5958465855608848
2.091000000000001,0.5940021944391094
2.0920000000000014,0.5923446999999981
2.0930000000000013,0.5909154480193948
2.0940000000000016,0.5897956419806022
2.095000000000001,0.5889558799999991
2.0960000000000014,0.5882770399999996
2.0970000000000013,0.5879327178072193
2.0980000000000016,0.5880107900000004
2.099000000000001,0.5883374200000008
2.1000000000000014,0.5889166257298555
2.1010000000000013,0.5897739242701472
2.1020000000000016,0.5911257300000023
2.103000000000001,0.5924482884323162
2.104000000000001,0.5941326115676889
2.1050000000000013,0.5956034700000019
2.1060000000000016,0.5970276493411336
2.107000000000001,0.5981210606588698
2.108000000000001,0.5991337900000007
2.1090000000000013,0.5996490099999995
2.1100000000000017,0.5992412125044984
2.111000000000001,0.5987662574955002
2.112000000000001,0.5975847199999984
2.1130000000000013,0.5964508962787433
2.1140000000000017,0.5956136837212544
2.115000000000001,0.5946381699999991
2.116000000000001,0.5939779613897216
2.1170000000000013,0.5936918586102775
2.1180000000000017,0.5934851800000002
2.119000000000001,0.5936236999999999
2.120000000000001,0.5937439039552097
2.1210000000000013,0.5941834560447917
2.1220000000000017,0.5941966800000001
2.1230000000000016,0.5942803090901811
2.124000000000001,0.5937712109098172
2.1250000000000013,0.5927445899999977
2.1260000000000017,0.5910030636552651
2.1270000000000016,0.5886396163447276
2.128000000000001,0.5855090599999948
2.1290000000000013,0.5815731278704203
2.1300000000000017,0.5767518321295668
2.1310000000000016,0.5710595799999885
2.132000000000001,0.5645424699999868
2.1330000000000013,0.5571001750759751
2.1340000000000017,0.5487509349240027
2.1350000000000016,0.5399127599999823
2.136000000000001,0.52997776312036
2.1370000000000013,0.5201089668796094
2.1380000000000017,0.5095659499999823
2.1390000000000016,0.49958740558486703
2.140000000000001,0.4896432544151021
2.1410000000000013,0.4806077799999894
2.1420000000000017,0.4726649799999869
2.1430000000000016,0.4652695806018698
2.144000000000001,0.4591755993981113
2.1450000000000014,0.4532538099999928
2.1460000000000017,0.4478587533463221
2.1470000000000016,0.4424922166536612
2.148000000000001,0.437397899999993
2.1490000000000014,0.4321369645270881
2.1500000000000017,0.4265822354728971
2.1510000000000016,0.4209784299999891
2.152000000000001,0.4148192099999894
2.1530000000000014,0.4088571962013709
2.1540000000000017,0.4025381199999896
2.1550000000000016,0.3967071499999911
2.156000000000001,0.3916924986432632
2.1570000000000014,0.3866789313567212
2.1580000000000017,0.3828104699999954
2.1590000000000016,0.3802104757808407
2.160000000000001,0.3782682842191533
2.1610000000000014,0.3774748399999996
2.1620000000000017,0.3771749072845435
2.1630000000000016,0.3774477527154573
2.164000000000001,0.3781482600000022
2.1650000000000014,0.3797541600000021
2.1660000000000017,0.381330639792044
2.1670000000000016,0.3828285602079607
2.168000000000001,0.3846421200000024
2.1690000000000014,0.3864390471175788
2.1700000000000017,0.3884102228824264
2.1710000000000016,0.3909430200000045
2.172000000000001,0.39348615441812096
2.1730000000000014,0.3963303355818879
2.1740000000000017,0.3989705400000042
2.1750000000000016,0.40134898000000413
2.176000000000001,0.4037151633816654
2.1770000000000014,0.4057972400000026
2.1780000000000017,0.4077448500000035
2.1790000000000016,0.4097342621935639
2.180000000000001,0.4113561978064411
2.1810000000000014,0.4136559100000031
2.1820000000000017,0.4159532040391972
2.1830000000000016,0.4190935959608125
2.184000000000001,0.4235195500000064
2.1850000000000014,0.4282992213417387
2.1860000000000017,0.43431263865828
2.1870000000000016,0.4399710000000109
2.188000000000001,0.4461066400000073
2.1890000000000014,0.4515566561957664
2.1900000000000017,0.4563186138042484
2.1910000000000016,0.4603280700000054
2.192000000000001,0.4634029666806678
2.1930000000000014,0.4658697733193398
2.1940000000000017,0.4670432500000018
2.1950000000000016,0.4680150163037397
2.196000000000001,0.4682780536962611
2.1970000000000014,0.4685044000000008
2.1980000000000017,0.4691401400000006
2.1990000000000016,0.4694955224287573
2.200000000000001,0.4696198100000002
2.2010000000000014,0.4697240899999997
2.2020000000000017,0.4695083182043586
2.2030000000000016,0.4691903617956404
2.204000000000001,0.4688531799999997
2.2050000000000014,0.4686451477724448
2.2060000000000017,0.4682228722275537
2.2070000000000016,0.4675093599999986
2.208000000000001,0.4667308347290528
2.2090000000000014,0.4658781252709445
2.2100000000000017,0.4648281299999977
2.2110000000000016,0.4635422799999976
2.212000000000001,0.4621944053779219
2.2130000000000014,0.4606481846220733
2.2140000000000017,0.4590633499999971
2.2150000000000016,0.4574312532293516
2.216000000000001,0.4558635467706435
2.2170000000000014,0.454216449999998
2.2180000000000017,0.4527170595560863
2.2190000000000016,0.4512126204439089
2.220000000000001,0.4499894699999991
2.2210000000000014,0.449270899999999
2.2220000000000018,0.4485398820257965
2.2230000000000016,0.4479601399999994
2.224000000000001,0.4474819299999999
2.2250000000000014,0.4474169762587476
2.2260000000000018,0.4469795637412509
2.2270000000000016,0.4462565499999985
2.228000000000001,0.4454529919466088
2.229000000000001,0.4442724580533876
2.2300000000000018,0.44269981999999736
2.2310000000000016,0.44120719598380026
2.232000000000001,0.439367034016194
2.233000000000001,0.4368679199999961
2.2340000000000018,0.4339683899999944
2.2350000000000017,0.4308004898080329
2.236000000000001,0.4273985701919565
2.237000000000001,0.4235272999999944
2.2380000000000018,0.4193643646700583
2.2390000000000017,0.4146110653299269
2.240000000000001,0.4090505499999924
2.241000000000001,0.4032821921135672
2.2420000000000018,0.3970033278864105
2.2430000000000017,0.3904955699999911
2.244000000000001,0.38379793999999096
2.245000000000001,0.3769942163427193
2.2460000000000018,0.3694576436572539
2.2470000000000017,0.3624264899999877
2.2480000000000016,0.3555048008078281
2.249000000000001,0.34911287919215195
2.2500000000000018,0.3436755799999908
2.2510000000000017,0.33849832617275777
2.2520000000000016,0.33376005382722745
2.253000000000001,0.3294019399999947
2.2540000000000022,0.3253905786632612
2.2550000000000017,0.3215772113367269
2.2560000000000016,0.31862139999999434
2.257000000000001,0.315406649999994
2.2580000000000022,0.31200755007197994
2.2590000000000017,0.3085082699280092
2.2600000000000016,0.3045568799999928
2.261000000000001,0.3004940674135105
2.2620000000000022,0.2962682025864745
2.2630000000000017,0.29205613999999197
2.2640000000000016,0.28756518410917115
2.265000000000001,0.2832062758908153
2.2660000000000022,0.27893423999999284
2.2670000000000017,0.2748888999999929
2.2680000000000016,0.27092275021195183
2.269000000000001,0.26732486978803705
2.2700000000000022,0.2642616899999949
2.2710000000000017,0.2614155324545051
2.2720000000000016,0.2589400775454872
2.273000000000001,0.2569616399999979
2.2740000000000022,0.2553576325574868
2.2750000000000017,0.25428320744250993
2.2760000000000016,0.2532416899999989
2.277000000000001,0.25260880999999874
2.2780000000000022,0.25190101077992066
2.2790000000000017,0.2510059499999984
2.2800000000000016,0.25010525999999833
2.281000000000001,0.2491693493801225
2.2820000000000022,0.2482631506198743
2.2830000000000017,0.24730672999999834
2.2840000000000016,0.2463710185222939
2.285000000000001,0.2453562414777029
2.2860000000000023,0.2445306199999988
2.2870000000000017,0.24382502872125475
2.2880000000000016,0.2432122412787433
2.289000000000001,0.24306758999999964
2.2900000000000023,0.24278948999999944
2.2910000000000017,0.2424826921605671
2.2920000000000016,0.2420042978394314
2.293000000000001,0.2415042399999989
2.2940000000000023,0.2406912378854205
2.2950000000000017,0.2391700921145748
2.2960000000000016,0.2378444699999966
2.297000000000001,0.23592577066386494
2.2980000000000023,0.2345324093361301
2.2990000000000017,0.23378677999999936
2.3000000000000016,0.23343378000000076
2.301000000000001,0.2338375896190387
2.3020000000000023,0.2345496300000021
2.3030000000000017,0.2357265900000024
2.3040000000000016,0.237056537146575
2.305000000000001,0.2397280028534333
2.3060000000000023,0.2414997200000025
2.3070000000000017,0.2429105821925625
2.3080000000000016,0.24353250780743946
2.309000000000001,0.24258782999999765
2.3100000000000023,0.2408153916346684
2.3110000000000017,0.2379317383653213
2.3120000000000016,0.23455075999999125
2.313000000000001,0.22963270999999355
2.3140000000000023,0.2247936651459624
2.3150000000000017,0.21954512485401897
2.3160000000000016,0.2147914199999918
2.317000000000001,0.21016369171165172
2.3180000000000023,0.2064808082883352
2.3190000000000017,0.203721839999997
2.3200000000000016,0.20203573830433866
2.321000000000001,0.2017187816956604
2.3220000000000023,0.2025105700000047
2.3230000000000017,0.20515545000000585
2.3240000000000016,0.20845741274373245
2.325000000000001,0.2126848500000069
2.3260000000000023,0.21784936000000896
2.3270000000000017,0.22291290204159972
2.3280000000000016,0.22793331795841584
2.329000000000001,0.2328299600000057
2.3300000000000023,0.23715183225655675
2.3310000000000017,0.2410743977434589
2.3320000000000016,0.2446595900000051
2.333000000000001,0.2475398265376963
2.3340000000000023,0.2499052034623121
2.3350000000000017,0.2516190700000012
2.3360000000000016,0.25231522000000084
2.337000000000001,0.2527748492361521
2.3380000000000023,0.25236721076384644
2.3390000000000017,0.25231859
2.3400000000000016,0.25231481490601937
2.341000000000001,0.2526638750939817
2.3420000000000023,0.25365579000000216
2.3430000000000017,0.254866443386325
2.3440000000000016,0.2563003066136794
2.345000000000001,0.2580957700000029
2.3460000000000023,0.26028833000000423
2.3470000000000018,0.26266284657334776
2.3480000000000016,0.2658285800000035
2.349000000000001,0.26845053000000346
2.350000000000002,0.2710418569486143
2.3510000000000018,0.2730113430513935
2.3520000000000016,0.2739306700000011
2.353000000000001,0.2745561739882031
2.354000000000002,0.27499605601179844
2.3550000000000018,0.27466102999999736
2.3560000000000016,0.27320378053789035
2.357000000000001,0.27190915946210564
2.358000000000002,0.2697905899999969
2.3590000000000018,0.2680741499999988
2.3600000000000017,0.2673790493451297
2.361000000000001,0.2665725006548678
2.362000000000002,0.2652719899999991
2.3630000000000018,0.2647626657338527
2.3640000000000017,0.26442000426614626
2.365000000000001,0.26493511000000314
2.366000000000002,0.26732154529294605
2.3670000000000018,0.269574474707063
2.3680000000000017,0.2720034400000036
2.369000000000001,0.2747206700000035
2.370000000000002,0.2773450692961465
2.3710000000000018,0.2801380307038647
2.3720000000000017,0.2837186800000058
2.3730000000000016,0.28697787630574395
2.374000000000002,0.2901409336942673
2.3750000000000018,0.29281843000000346
2.3760000000000017,0.2947574343821266
2.3770000000000016,0.2966012556178792
2.378000000000002,0.2979060700000024
2.3790000000000022,0.29924519827734625
2.3800000000000017,0.3003279717226571
2.3810000000000016,0.3018391100000029
2.382000000000002,0.3034565700000048
2.3830000000000022,0.3056089438402365
2.3840000000000017,0.30844734615977226
2.3850000000000016,0.31184903000000785
2.386000000000002,0.3162419954439202
2.3870000000000022,0.3205964345560972
2.3880000000000017,0.3256918800000084
2.3890000000000016,0.3304514039282212
2.390000000000002,0.33469068607179386
2.3910000000000022,0.3386431300000074
2.3920000000000017,0.3428115800000055
2.3930000000000016,0.34589880732153955
2.394000000000002,0.3482720226784689
2.3950000000000022,0.3496457899999993
2.3960000000000017,0.3492275454079169
2.3970000000000016,0.3482816245920802
2.398000000000002,0.3464428799999961
2.3990000000000022,0.3442260549160114
2.4000000000000017,0.34087521508397817
2.4010000000000016,0.3380483699999951
2.402000000000001,0.3352999099999958
2.4030000000000022,0.3329463853524602
2.4040000000000017,0.3316027199999981
2.4050000000000016,0.3305381199999983
2.406000000000002,0.3296154352579477
2.4070000000000022,0.3292680147420509
2.4080000000000017,0.32949075000000105
2.4090000000000016,0.3300649437272564
2.410000000000001,0.33120221627274715
2.4110000000000023,0.3326884800000038
2.4120000000000017,0.33480735308838594
2.4130000000000016,0.337038236911621
2.414000000000002,0.33887333000000497
2.4150000000000023,0.3416852700000069
2.4160000000000017,0.34555191683163955
2.4170000000000016,0.3492202331683718
2.418000000000001,0.3545299500000049
2.4190000000000023,0.358251504289146
2.4200000000000017,0.3605943957108614
2.4210000000000016,0.36478689000000736
2.422000000000002,0.36893711253150174
2.4230000000000023,0.3728624274685139
2.4240000000000017,0.37713274000000185
2.4250000000000016,0.37816494999999933
2.426000000000001,0.3778518113138682
2.4270000000000023,0.3784678599999992
2.4280000000000017,0.3779931399999987
2.4290000000000016,0.37725170022895305
2.430000000000002,0.3765539897710444
2.4310000000000023,0.3745356199999971
2.4320000000000017,0.3729082131923613
2.4330000000000016,0.37274013680763823
2.434000000000001,0.373319210000002
2.4350000000000023,0.37482702375825067
2.4360000000000017,0.3762646062417544
2.4370000000000016,0.3772956400000019
2.438000000000002,0.3783750800000024
2.4390000000000023,0.3797430621395749
2.4400000000000017,0.3814644578604313
2.4410000000000016,0.3832035400000026
2.442000000000001,0.3846702320026021
2.4430000000000023,0.3861902579974035
2.4440000000000017,0.3868457699999973
2.4450000000000016,0.38530951862926976
2.446000000000002,0.38259581137072063
2.4470000000000023,0.3783091599999903
2.4480000000000017,0.3728356399999899
2.4490000000000016,0.3671364299989888
2.450000000000001,0.3601364199999869
2.4510000000000023,0.35027116999998137
2.4520000000000017,0.33978137837230576
2.4530000000000016,0.3275651016276562
2.454000000000002,0.31587084999997705
2.4550000000000023,0.3029663532183329
2.4560000000000017,0.2915985367816216
2.4570000000000016,0.2817931499999856
2.458000000000001,0.2736541831793558
2.4590000000000023,0.26848597682062586
2.4600000000000017,0.26544841999999624
2.4610000000000016,0.26332152000000186
2.462000000000002,0.26438046075686283
2.4630000000000023,0.27128802924316475
2.4640000000000017,0.2782948900000207
2.4650000000000016,0.28991908539093963
2.466000000000001,0.3009729946090948
2.4670000000000023,0.3095198300000141
2.4680000000000017,0.3174747040012114
2.4690000000000016,0.3247147159988111
2.470000000000002,0.3309444200000083
2.4710000000000023,0.3356104800000072
2.4720000000000018,0.33965918821418145
2.4730000000000016,0.3414413300000022
2.474000000000001,0.343090770000002
2.475000000000002,0.34460501608278626
2.4760000000000018,0.3459658439172192
2.4770000000000016,0.3482998600000025
2.478000000000002,0.3496976721795652
2.479000000000002,0.3502194678204369
2.4800000000000018,0.3526522800000039
2.4810000000000016,0.35491062889021985
2.482000000000001,0.3535995311097761
2.483000000000002,0.3504676499999939
2.4840000000000018,0.3470243199999958
2.4850000000000017,0.3446466117946474
2.486000000000002,0.3485645582053665
2.487000000000002,0.35675815000000793
2.4880000000000018,0.3612247389382143
2.4890000000000017,0.36241412106178944
2.490000000000001,0.3653081399999992
2.491000000000002,0.3646713498330278
2.4920000000000018,0.36196968016696135
2.4930000000000017,0.36301475999999694
2.494000000000002,0.3607164899999939
2.495000000000002,0.3572896098690281
2.4960000000000018,0.3581883001309756
2.4970000000000017,0.35964832000000074
2.4980000000000016,0.3600528349750057
2.499000000000002,0.3605025850249959
2.5000000000000018,0.36050239
2.5010000000000017,0.36050239
2.502000000000002,0.36050239
2.503000000000002,0.36050239
2.5040000000000022,0.36050239
2.5050000000000017,0.36050239
2.5060000000000016,0.36050239
2.507000000000002,0.36050239
2.5080000000000022,0.36050239
2.5090000000000017,0.36050239
2.510000000000002,0.36050239
2.511000000000002,0.36050239
2.5120000000000022,0.36050239
2.5130000000000017,0.36050239
2.5140000000000016,0.36050239
2.515000000000002,0.36050239
2.5160000000000022,0.36050239
2.5170000000000017,0.36050239
2.518000000000002,0.36050239
2.519000000000002,0.36050239
2.5200000000000022,0.36050239
2.5210000000000017,0.36050239
2.5220000000000016,0.36050239
2.523000000000002,0.36050239
2.5240000000000022,0.36050239
2.5250000000000017,0.36050239
2.526000000000002,0.36050239
2.527000000000002,0.36050239
2.5280000000000022,0.36050239
2.5290000000000017,0.36050239
2.5300000000000016,0.36050239
2.531000000000002,0.36050239
2.5320000000000022,0.36050239
2.5330000000000017,0.36050239
2.534000000000002,0.36050239
2.535000000000002,0.36050239
2.5360000000000023,0.36050239
2.5370000000000017,0.36050239
2.5380000000000016,0.36050239
2.539000000000002,0.36050239
2.5400000000000023,0.36050239
2.5410000000000017,0.36050239
2.542000000000002,0.36050239
2.543000000000002,0.36050239
2.5440000000000023,0.36050239
2.5450000000000017,0.36050239
2.5460000000000016,0.36050239
2.547000000000002,0.36050239
2.5480000000000023,0.36050239
2.5490000000000017,0.36050239
2.550000000000002,0.36050239
2.551000000000002,0.36050239
2.5520000000000023,0.36050239
2.5530000000000017,0.36050239
2.5540000000000016,0.36050239
2.555000000000002,0.36050239
2.5560000000000023,0.36050239
2.5570000000000017,0.36050239
2.558000000000002,0.36050239
2.559000000000002,0.36050239
2.5600000000000023,0.36050239
2.5610000000000017,0.36050239
2.5620000000000016,0.36050239
2.563000000000002,0.36050239
2.5640000000000023,0.36050239
2.5650000000000017,0.36050239
2.566000000000002,0.36050239
2.567000000000002,0.36050239
2.5680000000000023,0.36050239
2.5690000000000017,0.36050239
2.5700000000000016,0.36050239
2.571000000000002,0.36050239
2.5720000000000023,0.36050239
2.5730000000000017,0.36050239
2.574000000000002,0.36050239
2.575000000000002,0.36050239
2.5760000000000023,0.36050239
2.5770000000000017,0.36050239
2.5780000000000016,0.36050239
2.579000000000002,0.36050239
2.5800000000000023,0.36050239
2.5810000000000017,0.36050239
2.582000000000002,0.36050239
2.583000000000002,0.36050239
2.5840000000000023,0.36050239
2.5850000000000017,0.36050239
2.5860000000000016,0.36050239
2.587000000000002,0.36050239
2.5880000000000023,0.36050239
2.5890000000000017,0.36050239
2.590000000000002,0.36050239
2.591000000000002,0.36050239
2.5920000000000023,0.36050239
2.5930000000000017,0.36050239
2.5940000000000016,0.36050239
2.595000000000002,0.36050239
2.5960000000000023,0.36050239
2.5970000000000018,0.36050239
2.598000000000002,0.36050239
2.599000000000002,0.36050239
