wave,Water Ice
0.4,1.66631
0.401,1.66631
0.402,1.66631
0.40299999999999997,1.66631
0.40399999999999997,1.66631
0.405,1.66631
0.406,1.66631
0.407,1.66631
0.408,1.66631
0.409,1.66631
0.41,1.66631
0.411,1.66631
0.412,1.66631
0.413,1.66631
0.414,1.66631
0.415,1.66631
0.416,1.66631
0.417,1.66631
0.418,1.66631
0.419,1.66631
0.42,1.66631
0.421,1.66631
0.422,1.66631
0.423,1.66631
0.424,1.66631
0.425,1.66631
0.4260000000000001,1.66631
0.4270000000000001,1.66631
0.4280000000000001,1.66631
0.4290000000000001,1.66631
0.4300000000000001,1.66631
0.4310000000000001,1.66631
0.4320000000000001,1.66631
0.4330000000000001,1.66631
0.4340000000000001,1.66631
0.4350000000000001,1.66631
0.4360000000000001,1.66631
0.4370000000000001,1.6638673076923076
0.4380000000000001,1.661059615384615
0.4390000000000001,1.6582519230769228
0.4400000000000001,1.6554442307692303
0.4410000000000001,1.6526365384615382
0.4420000000000001,1.6498288461538462
0.4430000000000001,1.645824086021505
0.4440000000000001,1.639781075268817
0.4450000000000001,1.6337380645161286
0.4460000000000001,1.6276950537634405
0.4470000000000001,1.6216520430107524
0.4480000000000001,1.6156090322580638
0.4490000000000001,1.6095660215053762
0.4500000000000001,1.6053051384615382
0.4510000000000001,1.6013343692307689
0.4520000000000001,1.5973635999999998
0.4530000000000001,1.5933928307692304
0.4540000000000001,1.589422061538461
0.4550000000000001,1.5854512923076918
0.4560000000000001,1.582154055299539
0.4570000000000001,1.58005420890937
0.4580000000000001,1.5779543625192012
0.4590000000000001,1.575854516129032
0.4600000000000001,1.5737546697388631
0.4610000000000001,1.5716548233486942
0.4620000000000001,1.5695549769585249
0.4630000000000001,1.5670823076923075
0.4640000000000001,1.5645438461538461
0.4650000000000001,1.5620053846153843
0.4660000000000001,1.5594669230769231
0.4670000000000001,1.556928461538461
0.4680000000000001,1.5543899999999995
0.4690000000000001,1.551850752688172
0.4700000000000001,1.5493100460829492
0.4710000000000001,1.5467693394777264
0.4720000000000001,1.5442286328725037
0.4730000000000001,1.541687926267281
0.4740000000000001,1.539147219662058
0.4750000000000001,1.5366065130568356
0.4760000000000001,1.5338554838709677
0.4770000000000001,1.5310643932411672
0.4780000000000001,1.5282733026113668
0.4790000000000001,1.5254822119815663
0.4800000000000001,1.5226911213517662
0.4810000000000001,1.519900030721966
0.4820000000000001,1.5173177076923074
0.4830000000000001,1.5151592461538461
0.4840000000000001,1.5130007846153843
0.4850000000000001,1.5108423230769228
0.4860000000000001,1.5086838615384612
0.4870000000000001,1.5065253999999997
0.4880000000000001,1.504366938461538
0.4890000000000001,1.5020671582181258
0.4900000000000001,1.4997384331797232
0.4910000000000001,1.497409708141321
0.4920000000000001,1.4950809831029184
0.4930000000000001,1.4927522580645158
0.4940000000000001,1.4904235330261133
0.4950000000000001,1.4879684792626724
0.4960000000000001,1.485244976958525
0.4970000000000001,1.4825214746543776
0.4980000000000001,1.47979797235023
0.4990000000000001,1.4770744700460825
0.5000000000000001,1.4743509677419349
0.5010000000000001,1.4716274654377877
0.5020000000000001,1.468423686635944
0.5030000000000001,1.465107250384024
0.5040000000000001,1.4617908141321039
0.5050000000000001,1.458474377880184
0.5060000000000001,1.4551579416282643
0.5070000000000001,1.4518415053763438
0.5080000000000001,1.4489697695852537
0.5090000000000001,1.447135668202765
0.5100000000000001,1.4453015668202764
0.5110000000000001,1.4434674654377881
0.5120000000000001,1.4416333640552994
0.5130000000000001,1.4397992626728109
0.5140000000000001,1.4379651612903224
0.5150000000000001,1.4351517511520733
0.5160000000000001,1.4320780184331794
0.5170000000000001,1.4290042857142853
0.5180000000000001,1.4259305529953912
0.5190000000000001,1.4228568202764973
0.5200000000000001,1.4197830875576032
0.5210000000000001,1.4168349462365586
0.5220000000000001,1.41420975422427
0.5230000000000001,1.4115845622119811
0.5240000000000001,1.4089593701996923
0.5250000000000001,1.4063341781874037
0.5260000000000001,1.4037089861751146
0.5270000000000001,1.401083794162826
0.5280000000000001,1.398930537634408
0.5290000000000001,1.396918248847926
0.5300000000000001,1.3949059600614435
0.5310000000000001,1.3928936712749609
0.5320000000000001,1.390881382488479
0.5330000000000001,1.3888690937019963
0.5340000000000001,1.3865736405529947
0.5350000000000001,1.3834722580645156
0.5360000000000001,1.3803708755760362
0.5370000000000001,1.3772694930875573
0.5380000000000001,1.3741681105990775
0.5390000000000001,1.3710667281105986
0.5400000000000001,1.3679653456221192
0.5410000000000001,1.3649238709677414
0.5420000000000001,1.361902365591397
0.5430000000000001,1.3588808602150533
0.5440000000000002,1.3558593548387092
0.5450000000000002,1.3528378494623652
0.5460000000000002,1.3498163440860211
0.5470000000000002,1.346821382488479
0.5480000000000002,1.343910476190476
0.5490000000000002,1.3409995698924726
0.5500000000000002,1.3380886635944695
0.5510000000000002,1.3351777572964665
0.5520000000000002,1.3322668509984634
0.5530000000000002,1.32935594470046
0.5540000000000002,1.3257654992319499
0.5550000000000002,1.32192371735791
0.5560000000000002,1.3180819354838704
0.5570000000000002,1.3142401536098305
0.5580000000000002,1.3103983717357903
0.5590000000000002,1.3065565898617508
0.5600000000000002,1.3028253149001532
0.5610000000000002,1.299485837173579
0.5620000000000002,1.2961463594470042
0.5630000000000002,1.2928068817204297
0.5640000000000002,1.2894674039938552
0.5650000000000002,1.286127926267281
0.5660000000000002,1.2827884485407062
0.5670000000000002,1.2801593404907972
0.5680000000000002,1.2778203834355826
0.5690000000000002,1.2754814263803678
0.5700000000000002,1.2731424693251532
0.5710000000000002,1.2708035122699384
0.5720000000000002,1.2684645552147236
0.5730000000000002,1.266042319508448
0.5740000000000002,1.2632650537634404
0.5750000000000002,1.2604877880184326
0.5760000000000002,1.2577105222734248
0.5770000000000002,1.2549332565284173
0.5780000000000002,1.2521559907834094
0.5790000000000002,1.2493787250384016
0.5800000000000002,1.2469304915514587
0.5810000000000002,1.2446370967741929
0.5820000000000002,1.2423437019969272
0.5830000000000002,1.2400503072196616
0.5840000000000002,1.237756912442396
0.5850000000000002,1.2354635176651303
0.5860000000000002,1.2332786656441717
0.5870000000000002,1.2316237576687117
0.5880000000000002,1.2299688496932513
0.5890000000000002,1.2283139417177913
0.5900000000000002,1.226659033742331
0.5910000000000002,1.2250041257668711
0.5920000000000002,1.223349217791411
0.5930000000000002,1.2217276036866358
0.5940000000000002,1.220123917050691
0.5950000000000002,1.2185202304147464
0.5960000000000002,1.2169165437788017
0.5970000000000002,1.2153128571428569
0.5980000000000002,1.213709170506912
0.5990000000000002,1.2120933742331286
0.6000000000000002,1.2104031901840488
0.6010000000000002,1.2087130061349691
0.6020000000000002,1.2070228220858894
0.6030000000000002,1.2053326380368097
0.6040000000000002,1.2036424539877295
0.6050000000000002,1.2019522699386498
0.6060000000000002,1.2006766666666666
0.6070000000000002,1.1996551612903226
0.6080000000000002,1.1986336559139783
0.6090000000000002,1.1976121505376345
0.6100000000000002,1.1965906451612902
0.6110000000000002,1.195569139784946
0.6120000000000002,1.1945462883435578
0.6130000000000002,1.1935125460122695
0.6140000000000002,1.1924788036809817
0.6150000000000002,1.191445061349693
0.6160000000000002,1.1904113190184047
0.6170000000000002,1.1893775766871164
0.6180000000000002,1.188343834355828
0.6190000000000002,1.1869339477726573
0.6200000000000002,1.1852626728110596
0.6210000000000002,1.1835913978494619
0.6220000000000002,1.1819201228878644
0.6230000000000002,1.1802488479262672
0.6240000000000002,1.1785775729646693
0.6250000000000002,1.1769688343558278
0.6260000000000002,1.1760792638036808
0.6270000000000002,1.1751896932515336
0.6280000000000002,1.1743001226993863
0.6290000000000002,1.173410552147239
0.6300000000000002,1.172520981595092
0.6310000000000002,1.1716314110429449
0.6320000000000002,1.1709985071574642
0.6330000000000002,1.1705672699386502
0.6340000000000002,1.1701360327198365
0.6350000000000002,1.1697047955010225
0.6360000000000002,1.1692735582822085
0.6370000000000002,1.1688423210633947
0.6380000000000002,1.1684110838445807
0.6390000000000002,1.1679798466257671
0.6400000000000002,1.167548609406953
0.6410000000000002,1.1671173721881392
0.6420000000000002,1.1666861349693252
0.6430000000000002,1.1662548977505112
0.6440000000000002,1.1658236605316972
0.6450000000000002,1.1653924233128834
0.6460000000000002,1.1649611860940694
0.6470000000000002,1.1645299488752556
0.6480000000000002,1.1640987116564416
0.6490000000000002,1.1636674744376276
0.6500000000000002,1.163236237218814
0.6510000000000002,1.162805
0.6520000000000002,1.162373762781186
0.6530000000000002,1.161942525562372
0.6540000000000002,1.1615112883435579
0.6550000000000002,1.1610800511247443
0.6560000000000002,1.1606488139059303
0.6570000000000003,1.1602175766871166
0.6580000000000003,1.1597863394683026
0.6590000000000003,1.1593551022494886
0.6600000000000003,1.1589238650306748
0.6610000000000003,1.1584926278118608
0.6620000000000003,1.1580613905930472
0.6630000000000003,1.157630153374233
0.6640000000000003,1.1571989161554188
0.6650000000000003,1.1567676789366053
0.6660000000000003,1.1563364417177913
0.6670000000000003,1.1559052044989775
0.6680000000000003,1.1554739672801635
0.6690000000000003,1.1550427300613495
0.6700000000000003,1.1546114928425355
0.6710000000000003,1.1541802556237215
0.6720000000000003,1.153749018404908
0.6730000000000003,1.153317781186094
0.6740000000000003,1.1528865439672802
0.6750000000000003,1.1524553067484662
0.6760000000000003,1.1520240695296522
0.6770000000000003,1.1515928323108384
0.6780000000000003,1.1511615950920244
0.6790000000000003,1.1507303578732104
0.6800000000000003,1.1502991206543969
0.6810000000000003,1.1498678834355829
0.6820000000000003,1.1494366462167689
0.6830000000000003,1.1490054089979551
0.6840000000000003,1.148574171779141
0.6850000000000003,1.1481429345603271
0.6860000000000003,1.1477116973415131
0.6870000000000003,1.1472804601226994
0.6880000000000003,1.1468492229038854
0.6890000000000003,1.1464179856850714
0.6900000000000003,1.1459867484662576
0.6910000000000003,1.1455555112474436
0.6920000000000003,1.1451242740286296
0.6930000000000003,1.1446930368098158
0.6940000000000003,1.1442617995910018
0.6950000000000003,1.143830562372188
0.6960000000000003,1.143399325153374
0.6970000000000003,1.14296808793456
0.6980000000000003,1.1425368507157465
0.6990000000000003,1.1421056134969323
0.7000000000000003,1.1416743762781183
0.7010000000000003,1.1412431390593043
0.7020000000000003,1.1408119018404903
0.7030000000000003,1.1403806646216768
0.7040000000000003,1.1399494274028628
0.7050000000000003,1.139518190184049
0.7060000000000003,1.1390869529652352
0.7070000000000003,1.138655715746421
0.7080000000000003,1.1382244785276072
0.7090000000000003,1.1377932413087932
0.7100000000000003,1.1374862576687117
0.7110000000000003,1.1374433128834356
0.7120000000000003,1.1374003680981597
0.7130000000000003,1.1373574233128834
0.7140000000000003,1.1373144785276077
0.7150000000000003,1.1372715337423314
0.7160000000000003,1.1372285889570553
0.7170000000000003,1.136855582822086
0.7180000000000003,1.1364000613496932
0.7190000000000003,1.1359445398773005
0.7200000000000003,1.1354890184049078
0.7210000000000003,1.135033496932515
0.7220000000000003,1.1345779754601226
0.7230000000000003,1.134186539050536
0.7240000000000003,1.13395989280245
0.7250000000000003,1.1337332465543644
0.7260000000000003,1.1335066003062786
0.7270000000000003,1.1332799540581928
0.7280000000000003,1.1330533078101073
0.7290000000000003,1.1328266615620215
0.7300000000000003,1.132700981595092
0.7310000000000003,1.1326089570552147
0.7320000000000003,1.1325169325153377
0.7330000000000003,1.1324249079754602
0.7340000000000003,1.1323328834355828
0.7350000000000003,1.1322408588957056
0.7360000000000003,1.1320326339969369
0.7370000000000003,1.1314353905053598
0.7380000000000003,1.1308381470137825
0.7390000000000003,1.1302409035222052
0.7400000000000003,1.129643660030628
0.7410000000000003,1.1290464165390504
0.7420000000000003,1.1284491730474728
0.7430000000000003,1.1280166257668711
0.7440000000000003,1.127654662576687
0.7450000000000003,1.127292699386503
0.7460000000000003,1.1269307361963192
0.7470000000000003,1.1265687730061351
0.7480000000000003,1.1262068098159508
0.7490000000000003,1.1259124808575804
0.7500000000000003,1.1259262633996936
0.7510000000000003,1.1259400459418072
0.7520000000000003,1.1259538284839203
0.7530000000000003,1.1259676110260337
0.7540000000000003,1.1259813935681469
0.7550000000000003,1.1259951761102602
0.7560000000000003,1.1261116564417175
0.7570000000000003,1.1262834355828222
0.7580000000000003,1.1264552147239264
0.7590000000000003,1.1266269938650308
0.7600000000000003,1.126798773006135
0.7610000000000003,1.1269705521472395
0.7620000000000003,1.1270871516079632
0.7630000000000003,1.126834471669219
0.7640000000000003,1.1265817917304748
0.7650000000000003,1.1263291117917305
0.7660000000000003,1.126076431852986
0.7670000000000003,1.1258237519142418
0.7680000000000003,1.1255710719754977
0.7690000000000003,1.1254893251533742
0.7700000000000004,1.1255215337423312
0.7710000000000004,1.1255537423312882
0.7720000000000004,1.1255859509202455
0.7730000000000004,1.1256181595092023
0.7740000000000004,1.1256503680981595
0.7750000000000004,1.1256708116385912
0.7760000000000004,1.12555595712098
0.7770000000000004,1.1254411026033693
0.7780000000000004,1.125326248085758
0.7790000000000004,1.125211393568147
0.7800000000000004,1.125096539050536
0.7810000000000004,1.1249816845329248
0.7820000000000004,1.1249460030627871
0.7830000000000004,1.124975099540582
0.7840000000000004,1.1250041960183768
0.7850000000000004,1.1250332924961717
0.7860000000000004,1.1250623889739664
0.7870000000000004,1.1250914854517613
0.7880000000000004,1.1251208575803984
0.7890000000000004,1.1251637366003064
0.7900000000000004,1.1252066156202143
0.7910000000000004,1.1252494946401226
0.7920000000000004,1.1252923736600309
0.7930000000000004,1.1253352526799387
0.7940000000000004,1.1253781316998468
0.7950000000000004,1.1253429709035219
0.7960000000000004,1.1252265849923428
0.7970000000000004,1.1251101990811638
0.7980000000000004,1.1249938131699846
0.7990000000000004,1.1248774272588054
0.8000000000000004,1.124761041347626
0.8010000000000004,1.1246446554364469
0.8020000000000004,1.124803435582822
0.8030000000000004,1.1249736809815951
0.8040000000000004,1.1251439263803682
0.8050000000000004,1.1253141717791408
0.8060000000000004,1.125484417177914
0.8070000000000004,1.1256546625766872
0.8080000000000004,1.1258099693721286
0.8090000000000004,1.1259462633996935
0.8100000000000004,1.1260825574272588
0.8110000000000004,1.126218851454824
0.8120000000000004,1.1263551454823892
0.8130000000000004,1.1264914395099541
0.8140000000000004,1.126627733537519
0.8150000000000004,1.1266065543644717
0.8160000000000004,1.126569800918836
0.8170000000000004,1.1265330474732005
0.8180000000000004,1.1264962940275651
0.8190000000000004,1.1264595405819295
0.8200000000000004,1.126422787136294
0.8210000000000004,1.1266048392036756
0.8220000000000004,1.1271438897396633
0.8230000000000004,1.127682940275651
0.8240000000000004,1.1282219908116389
0.8250000000000004,1.1287610413476266
0.8260000000000004,1.1293000918836142
0.8270000000000004,1.129839142419602
0.8280000000000004,1.1300905206738132
0.8290000000000004,1.1302911332312404
0.8300000000000004,1.1304917457886678
0.8310000000000004,1.1306923583460948
0.8320000000000004,1.1308929709035225
0.8330000000000004,1.1310935834609497
0.8340000000000004,1.1312666972477063
0.8350000000000004,1.131381376146789
0.8360000000000004,1.1314960550458717
0.8370000000000004,1.1316107339449542
0.8380000000000004,1.1317254128440368
0.8390000000000004,1.1318400917431193
0.8400000000000004,1.1319547706422022
0.8410000000000004,1.1322165084226647
0.8420000000000004,1.1325197243491578
0.8430000000000004,1.132822940275651
0.8440000000000004,1.1331261562021442
0.8450000000000004,1.1334293721286373
0.8460000000000004,1.1337325880551303
0.8470000000000004,1.1340174272588055
0.8480000000000004,1.1342471362940278
0.8490000000000004,1.1344768453292498
0.8500000000000004,1.134706554364472
0.8510000000000004,1.1349362633996942
0.8520000000000004,1.1351659724349161
0.8530000000000004,1.135395681470138
0.8540000000000004,1.1354059724349161
0.8550000000000004,1.1353309341500766
0.8560000000000004,1.1352558958652377
0.8570000000000004,1.135180857580398
0.8580000000000004,1.135105819295559
0.8590000000000004,1.13503078101072
0.8600000000000004,1.1350022970903524
0.8610000000000004,1.1351722817764167
0.8620000000000004,1.135342266462481
0.8630000000000004,1.1355122511485451
0.8640000000000004,1.1356822358346097
0.8650000000000004,1.1358522205206738
0.8660000000000004,1.136022205206738
0.8670000000000004,1.136219266055046
0.8680000000000004,1.136430275229358
0.8690000000000004,1.13664128440367
0.8700000000000004,1.136852293577982
0.8710000000000004,1.1370633027522938
0.8720000000000004,1.1372743119266058
0.8730000000000004,1.1374471362940275
0.8740000000000004,1.137339938744257
0.8750000000000004,1.1372327411944871
0.8760000000000004,1.1371255436447167
0.8770000000000004,1.1370183460949463
0.8780000000000004,1.1369111485451762
0.8790000000000004,1.1368039509954058
0.8800000000000004,1.1368150305810398
0.8810000000000004,1.1369083027522937
0.8820000000000005,1.1370015749235474
0.8830000000000005,1.1370948470948012
0.8840000000000005,1.1371881192660551
0.8850000000000005,1.137281391437309
0.8860000000000005,1.137376891271057
0.8870000000000005,1.13751471669219
0.8880000000000005,1.1376525421133232
0.8890000000000005,1.1377903675344565
0.8900000000000005,1.1379281929555898
0.8910000000000005,1.1380660183767228
0.8920000000000005,1.1382038437978563
0.8930000000000005,1.1382914678899083
0.8940000000000005,1.138332752293578
0.8950000000000005,1.1383740366972477
0.8960000000000005,1.1384153211009174
0.8970000000000005,1.1384566055045868
0.8980000000000005,1.1384978899082567
0.8990000000000005,1.1385391743119264
0.9000000000000005,1.1386195405819295
0.9010000000000004,1.138700704441041
0.9020000000000004,1.1387818683001532
0.9030000000000004,1.1388630321592648
0.9040000000000004,1.1389441960183768
0.9050000000000004,1.1390253598774889
0.9060000000000004,1.1389502752293577
0.9070000000000004,1.138684220183486
0.9080000000000004,1.1384181651376146
0.9090000000000004,1.1381521100917429
0.9100000000000004,1.1378860550458714
0.9110000000000004,1.13762
0.9120000000000004,1.1373539449541283
0.9130000000000004,1.1373425421133232
0.9140000000000004,1.1373563246554363
0.9150000000000004,1.1373701071975495
0.9160000000000004,1.137383889739663
0.9170000000000004,1.1373976722817765
0.9180000000000004,1.1374114548238898
0.9190000000000004,1.1374287155963303
0.9200000000000004,1.1374516513761468
0.9210000000000004,1.1374745871559633
0.9220000000000004,1.1374975229357798
0.9230000000000004,1.1375204587155965
0.9240000000000004,1.1375433944954128
0.9250000000000004,1.1375663302752292
0.9260000000000004,1.1377909174311926
0.9270000000000004,1.1380539143730888
0.9280000000000004,1.1383169113149847
0.9290000000000004,1.1385799082568808
0.9300000000000004,1.1388429051987767
0.9310000000000004,1.1391059021406729
0.9320000000000004,1.1392950458715596
0.9330000000000004,1.139311865443425
0.9340000000000004,1.1393286850152904
0.9350000000000004,1.139345504587156
0.9360000000000004,1.1393623241590214
0.9370000000000004,1.1393791437308871
0.9380000000000004,1.1393959633027522
0.9390000000000004,1.1394267687595712
0.9400000000000004,1.1394619908116386
0.9410000000000004,1.139497212863706
0.9420000000000004,1.1395324349157734
0.9430000000000004,1.1395676569678408
0.9440000000000004,1.139602879019908
0.9450000000000004,1.1396672782874615
0.9460000000000004,1.139829357798165
0.9470000000000004,1.1399914373088684
0.9480000000000004,1.140153516819572
0.9490000000000004,1.1403155963302751
0.9500000000000004,1.1404776758409787
0.9510000000000004,1.140639755351682
0.9520000000000004,1.140598211009174
0.9530000000000004,1.1404651834862385
0.9540000000000004,1.1403321559633026
0.9550000000000004,1.140199128440367
0.9560000000000004,1.1400661009174309
0.9570000000000004,1.1399330733944957
0.9580000000000004,1.139791100917431
0.9590000000000004,1.1395984403669723
0.9600000000000004,1.1394057798165138
0.9610000000000004,1.1392131192660548
0.9620000000000004,1.1390204587155963
0.9630000000000004,1.1388277981651376
0.9640000000000004,1.1386351376146788
0.9650000000000004,1.1385926452599389
0.9660000000000004,1.1386461620795107
0.9670000000000004,1.1386996788990826
0.9680000000000004,1.1387531957186543
0.9690000000000004,1.1388067125382264
0.9700000000000004,1.1388602293577983
0.9710000000000004,1.13885873088685
0.9720000000000004,1.1381263149847092
0.9730000000000004,1.1373938990825685
0.9740000000000004,1.1366614831804278
0.9750000000000004,1.1359290672782871
0.9760000000000004,1.1351966513761464
0.9770000000000004,1.1344642354740058
0.9780000000000004,1.1338096177370027
0.9790000000000004,1.1332239908256878
0.9800000000000004,1.1326383639143731
0.9810000000000004,1.1320527370030578
0.9820000000000004,1.1314671100917428
0.9830000000000004,1.130881483180428
0.9840000000000004,1.1302958562691128
0.9850000000000004,1.1300553669724769
0.9860000000000004,1.1298183639143728
0.9870000000000004,1.129581360856269
0.9880000000000004,1.129344357798165
0.9890000000000004,1.129107354740061
0.9900000000000004,1.1288703516819572
0.9910000000000004,1.1281106870228998
0.9920000000000004,1.1267122137404573
0.9930000000000004,1.1253137404580145
0.9940000000000004,1.1239152671755717
0.9950000000000006,1.122516793893129
0.9960000000000006,1.1211183206106865
0.9970000000000006,1.1197198473282437
0.9980000000000006,1.1194465137614678
0.9990000000000006,1.1192981957186543
1.0000000000000004,1.1191498776758408
1.0010000000000006,1.1190015596330274
1.002000000000001,1.1188532415902142
1.0030000000000006,1.1187049235474007
1.0040000000000004,1.117848715596329
1.0050000000000006,1.1157340366972464
1.006000000000001,1.1136193577981637
1.0070000000000006,1.111504678899081
1.0080000000000005,1.1093899999999988
1.0090000000000006,1.107275321100916
1.010000000000001,1.105160642201833
1.0110000000000006,1.104660610480821
1.0120000000000005,1.1045150135062127
1.0130000000000006,1.1043694165316045
1.014000000000001,1.1042238195569958
1.0150000000000006,1.1040782225823875
1.0160000000000005,1.1039326256077793
1.0170000000000006,1.1037870286331708
1.018000000000001,1.1036414316585628
1.0190000000000006,1.1034958346839543
1.0200000000000005,1.103350237709346
1.0210000000000006,1.1032046407347378
1.022000000000001,1.1030590437601293
1.0230000000000006,1.102913446785521
1.0240000000000005,1.1027678498109128
1.0250000000000006,1.1026222528363046
1.0260000000000007,1.102476655861696
1.0270000000000006,1.1023310588870878
1.0280000000000005,1.1021854619124796
1.0290000000000006,1.1020398649378709
1.0300000000000007,1.1018942679632628
1.0310000000000006,1.1017486709886546
1.0320000000000005,1.1016030740140463
1.0330000000000006,1.101457477039438
1.0340000000000007,1.1013118800648296
1.0350000000000006,1.1011662830902214
1.0360000000000005,1.1010206861156129
1.0370000000000006,1.1008750891410046
1.0380000000000007,1.1007294921663964
1.0390000000000006,1.1005838951917881
1.0400000000000005,1.1004382982171796
1.0410000000000006,1.1002927012425714
1.0420000000000007,1.100147104267963
1.0430000000000006,1.1000015072933549
1.0440000000000005,1.0998559103187464
1.0450000000000006,1.0997103133441382
1.0460000000000007,1.0995647163695297
1.0470000000000006,1.0994191193949214
1.0480000000000005,1.0996220610687024
1.0490000000000006,1.0999121374045802
1.0500000000000007,1.100202213740458
1.0510000000000006,1.100492290076336
1.0520000000000005,1.1007823664122138
1.0530000000000006,1.1010724427480916
1.0540000000000007,1.101422442748092
1.0550000000000006,1.1019522137404585
1.0560000000000005,1.1024819847328249
1.0570000000000006,1.1030117557251908
1.0580000000000007,1.1035415267175577
1.0590000000000006,1.1040712977099238
1.0600000000000005,1.1046010687022902
1.0610000000000006,1.1051447328244275
1.0620000000000007,1.1056943511450386
1.0630000000000006,1.1062439694656492
1.0640000000000005,1.1067935877862598
1.0650000000000006,1.1073432061068704
1.0660000000000007,1.1078928244274813
1.0670000000000006,1.1083746341463416
1.0680000000000005,1.1084721951219512
1.0690000000000006,1.1085697560975611
1.0700000000000007,1.108667317073171
1.0710000000000006,1.1087648780487804
1.0720000000000005,1.1088624390243902
1.0730000000000006,1.10896
1.0740000000000007,1.1091918625954198
1.0750000000000006,1.1095170534351146
1.0760000000000003,1.1098422442748093
1.0770000000000006,1.110167435114504
1.0780000000000007,1.1104926259541987
1.0790000000000006,1.1108178167938934
1.0800000000000003,1.1111338473282444
1.0810000000000006,1.1112300305343512
1.0820000000000007,1.111326213740458
1.0830000000000006,1.1114223969465649
1.0840000000000003,1.1115185801526721
1.0850000000000006,1.1116147633587787
1.0860000000000007,1.1117109465648856
1.0870000000000006,1.1117144359756097
1.0880000000000003,1.1116214481707318
1.0890000000000006,1.1115284603658535
1.0900000000000007,1.1114354725609756
1.0910000000000006,1.1113424847560975
1.0920000000000003,1.1112494969512194
1.0930000000000006,1.1111565091463416
1.0940000000000007,1.1110179541984733
1.0950000000000006,1.1108759694656491
1.0960000000000003,1.1107339847328244
1.0970000000000006,1.110592
1.0980000000000008,1.1104500152671757
1.0990000000000006,1.1103080305343511
1.1000000000000003,1.1101416793893129
1.1010000000000006,1.1099355725190838
1.1020000000000008,1.1097294656488548
1.1030000000000006,1.1095233587786255
1.1040000000000003,1.109317251908397
1.1050000000000006,1.109111145038168
1.1060000000000008,1.1089050381679388
1.1070000000000009,1.1086182164634144
1.1080000000000003,1.1083148628048778
1.1090000000000009,1.1080115091463412
1.1100000000000008,1.1077081554878043
1.1110000000000009,1.1074048018292681
1.1120000000000003,1.1071014481707315
1.1130000000000009,1.1067740610687018
1.1140000000000008,1.1063816946564882
1.1150000000000009,1.1059893282442743
1.1160000000000003,1.105596961832061
1.1170000000000009,1.1052045954198468
1.1180000000000008,1.1048122290076332
1.1190000000000009,1.1044198625954196
1.1200000000000006,1.1041574390243902
1.1210000000000009,1.1039455487804877
1.1220000000000008,1.1037336585365851
1.1230000000000009,1.1035217682926828
1.1240000000000006,1.1033098780487804
1.1250000000000009,1.1030979878048779
1.1260000000000008,1.1028694351145036
1.127000000000001,1.1025534045801526
1.1280000000000006,1.1022373740458014
1.129000000000001,1.1019213435114503
1.1300000000000008,1.101605312977099
1.131000000000001,1.101289282442748
1.1320000000000006,1.1009732519083968
1.133000000000001,1.1005840548780486
1.1340000000000008,1.1001480792682925
1.135000000000001,1.0997121036585364
1.1360000000000006,1.0992761280487804
1.137000000000001,1.098840152439024
1.1380000000000008,1.0984041768292678
1.139000000000001,1.0979819207317072
1.1400000000000006,1.0978203353658536
1.141000000000001,1.09765875
1.1420000000000008,1.0974971646341465
1.143000000000001,1.0973355792682926
1.1440000000000006,1.097173993902439
1.145000000000001,1.097012408536585
1.1460000000000008,1.0965933587786254
1.147000000000001,1.0959063358778622
1.1480000000000006,1.0952193129770988
1.149000000000001,1.0945322900763357
1.1500000000000008,1.093845267175572
1.1510000000000007,1.093158244274809
1.1520000000000006,1.0924712213740455
1.1530000000000007,1.0919055487804874
1.1540000000000008,1.091347621951219
1.1550000000000007,1.090789695121951
1.1560000000000006,1.0902317682926823
1.1570000000000007,1.0896738414634142
1.1580000000000008,1.0891159146341458
1.1590000000000007,1.088346554878048
1.1600000000000006,1.0872322256097555
1.1610000000000007,1.0861178963414626
1.1620000000000008,1.0850035670731697
1.1630000000000007,1.0838892378048772
1.1640000000000006,1.0827749085365848
1.1650000000000007,1.0816605792682918
1.1660000000000008,1.0806575267175564
1.1670000000000007,1.0796789007633578
1.1680000000000006,1.0787002748091596
1.1690000000000007,1.077721648854961
1.1700000000000008,1.0767430229007626
1.1710000000000007,1.0757643969465642
1.1720000000000006,1.074710853658536
1.1730000000000007,1.07345475609756
1.1740000000000008,1.0721986585365844
1.1750000000000007,1.070942560975609
1.1760000000000006,1.0696864634146337
1.1770000000000007,1.0684303658536578
1.1780000000000008,1.067174268292682
1.1790000000000007,1.0658121036585355
1.1800000000000006,1.0644066158536578
1.1810000000000007,1.0630011280487794
1.1820000000000008,1.0615956402439013
1.1830000000000007,1.0601901524390234
1.1840000000000006,1.0587846646341454
1.1850000000000007,1.0573805487804868
1.1860000000000008,1.055984207317072
1.1870000000000007,1.0545878658536576
1.1880000000000006,1.053191524390243
1.1890000000000007,1.0517951829268284
1.1900000000000008,1.0503988414634136
1.1910000000000007,1.0490024999999992
1.1920000000000006,1.0473273475609746
1.1930000000000007,1.04545844512195
1.1940000000000008,1.0435895426829254
1.1950000000000007,1.0417206402439012
1.1960000000000006,1.0398517378048768
1.1970000000000007,1.0379828353658522
1.1980000000000008,1.036134786585365
1.1990000000000007,1.03496100609756
1.2000000000000006,1.0337872256097551
1.2010000000000007,1.0326134451219502
1.2020000000000008,1.0314396646341453
1.2030000000000007,1.0302658841463406
1.2040000000000006,1.0290921036585357
1.2050000000000007,1.02789969512195
1.2060000000000008,1.0266862804878036
1.2070000000000007,1.0254728658536576
1.2080000000000006,1.0242594512195111
1.2090000000000007,1.0230460365853649
1.2100000000000009,1.0218326219512184
1.2110000000000007,1.0206192073170723
1.2120000000000006,1.0193128506097553
1.2130000000000007,1.0179973018292672
1.2140000000000009,1.0166817530487793
1.2150000000000007,1.0153662042682916
1.2160000000000006,1.0140506554878042
1.2170000000000007,1.0127351067073158
1.2180000000000009,1.011529999999999
1.2190000000000007,1.010529999999999
1.2200000000000006,1.0095299999999992
1.2210000000000008,1.0085299999999993
1.2220000000000009,1.0075299999999991
1.2230000000000008,1.0065299999999993
1.2240000000000006,1.0055299999999994
1.2250000000000008,1.0044613567073162
1.2260000000000009,1.0033744664634137
1.2270000000000008,1.0022875762195114
1.2280000000000006,1.001200685975609
1.2290000000000008,1.0001137957317066
1.2300000000000009,0.9990269054878042
1.2310000000000008,0.998076402439024
1.2320000000000009,0.9975824999999996
1.2330000000000008,0.9970885975609752
1.2340000000000009,0.9965946951219508
1.2350000000000008,0.9961007926829264
1.2360000000000009,0.9956068902439019
1.2370000000000008,0.9951129878048776
1.2380000000000009,0.9945526981707312
1.2390000000000008,0.9939597103658532
1.2400000000000009,0.9933667225609752
1.2410000000000008,0.9927737347560972
1.2420000000000009,0.9921807469512188
1.2430000000000008,0.9915877591463409
1.2440000000000009,0.9909939329268288
1.2450000000000008,0.9903933231707313
1.2460000000000009,0.9897927134146336
1.2470000000000008,0.9891921036585362
1.2480000000000009,0.9885914939024388
1.2490000000000008,0.9879908841463412
1.2500000000000009,0.9873902743902436
1.2510000000000008,0.9870017835365852
1.252000000000001,0.9867868445121952
1.2530000000000008,0.9865719054878048
1.2540000000000011,0.9863569664634144
1.2550000000000008,0.9861420274390243
1.256000000000001,0.985927088414634
1.2570000000000008,0.9857121493902438
1.2580000000000011,0.9854006249999998
1.2590000000000008,0.985088125
1.260000000000001,0.984775625
1.2610000000000008,0.984463125
1.2620000000000011,0.9841506249999998
1.2630000000000008,0.983838125
1.264000000000001,0.9836914155251144
1.2650000000000008,0.9837644748858448
1.2660000000000011,0.9838375342465756
1.2670000000000008,0.9839105936073059
1.268000000000001,0.9839836529680366
1.2690000000000008,0.9840567123287672
1.2700000000000011,0.9841297716894978
1.2710000000000008,0.9841793292682928
1.272000000000001,0.9842250609756098
1.2730000000000008,0.9842707926829268
1.2740000000000011,0.9843165243902441
1.2750000000000008,0.984362256097561
1.2760000000000007,0.9844079878048779
1.2770000000000008,0.984445487804878
1.2780000000000011,0.9844637804878048
1.2790000000000008,0.9844820731707316
1.2800000000000007,0.9845003658536584
1.2810000000000008,0.9845186585365854
1.2820000000000011,0.9845369512195122
1.2830000000000008,0.984555243902439
1.2840000000000007,0.9846174429223744
1.2850000000000008,0.9846950684931508
1.2860000000000011,0.9847726940639272
1.2870000000000008,0.9848503196347032
1.2880000000000007,0.9849279452054795
1.2890000000000008,0.9850055707762558
1.2900000000000011,0.9850723323170733
1.2910000000000008,0.9850860518292684
1.2920000000000007,0.9850997713414636
1.2930000000000008,0.9851134908536586
1.2940000000000011,0.9851272103658536
1.2950000000000008,0.9851409298780488
1.2960000000000007,0.985154649390244
1.2970000000000008,0.9851348932926828
1.2980000000000012,0.9850937347560976
1.2990000000000008,0.985052576219512
1.3000000000000007,0.9850114176829268
1.3010000000000008,0.9849702591463414
1.302000000000001,0.9849291006097559
1.3030000000000008,0.9848989041095892
1.3040000000000007,0.98507698630137
1.3050000000000008,0.9852550684931508
1.306000000000001,0.9854331506849316
1.3070000000000008,0.9856112328767124
1.3080000000000007,0.9857893150684932
1.3090000000000008,0.9859673972602742
1.310000000000001,0.9861412195121954
1.3110000000000008,0.9863104268292684
1.3120000000000007,0.9864796341463417
1.3130000000000008,0.9866488414634148
1.314000000000001,0.986818048780488
1.3150000000000008,0.9869872560975612
1.3160000000000007,0.9871564634146344
1.3170000000000008,0.9872428158295284
1.318000000000001,0.9873219634703198
1.3190000000000008,0.9874011111111112
1.3200000000000007,0.9874802587519028
1.3210000000000008,0.987559406392694
1.322000000000001,0.9876385540334855
1.3230000000000008,0.9877534908536586
1.3240000000000007,0.9879348932926829
1.3250000000000008,0.9881162957317076
1.326000000000001,0.988297698170732
1.3270000000000008,0.9884791006097562
1.3280000000000007,0.9886605030487806
1.3290000000000008,0.988841905487805
1.330000000000001,0.9889256925418568
1.3310000000000008,0.9889835312024352
1.3320000000000007,0.9890413698630136
1.3330000000000009,0.989099208523592
1.334000000000001,0.9891570471841704
1.3350000000000009,0.9892148858447488
1.3360000000000007,0.989261006097561
1.3370000000000009,0.9892655792682928
1.338000000000001,0.9892701524390244
1.3390000000000009,0.9892747256097562
1.3400000000000007,0.9892792987804878
1.3410000000000009,0.9892838719512196
1.342000000000001,0.9892884451219512
1.3430000000000009,0.9892739269406392
1.3440000000000007,0.9892495738203956
1.3450000000000009,0.9892252207001522
1.346000000000001,0.9892008675799088
1.3470000000000009,0.9891765144596651
1.3480000000000008,0.9891521613394216
1.3490000000000009,0.989122602739726
1.350000000000001,0.989040410958904
1.3510000000000009,0.988958219178082
1.3520000000000008,0.9888760273972602
1.3530000000000009,0.9887938356164384
1.354000000000001,0.9887116438356164
1.3550000000000009,0.9886294520547944
1.3560000000000008,0.9884285388127853
1.3570000000000009,0.98811803652968
1.358000000000001,0.9878075342465752
1.3590000000000009,0.9874970319634699
1.3600000000000008,0.987186529680365
1.3610000000000009,0.9868760273972601
1.362000000000001,0.986565525114155
1.3630000000000009,0.9863342225609756
1.3640000000000008,0.986107088414634
1.3650000000000009,0.9858799542682926
1.366000000000001,0.9856528201219512
1.3670000000000009,0.9854256859756096
1.3680000000000008,0.9851985518292682
1.3690000000000009,0.9849715525114154
1.370000000000001,0.9847447640791476
1.3710000000000009,0.9845179756468796
1.3720000000000008,0.9842911872146116
1.3730000000000009,0.984064398782344
1.374000000000001,0.983837610350076
1.3750000000000009,0.983610821917808
1.3760000000000008,0.9833178843226786
1.377000000000001,0.9830104261796039
1.378000000000001,0.9827029680365292
1.379000000000001,0.9823955098934548
1.3800000000000008,0.9820880517503804
1.381000000000001,0.9817805936073056
1.3820000000000008,0.9813228310502274
1.383000000000001,0.9804141552511408
1.3840000000000008,0.979505479452054
1.385000000000001,0.9785968036529672
1.3860000000000008,0.9776881278538804
1.387000000000001,0.9767794520547936
1.3880000000000008,0.975870776255707
1.389000000000001,0.9750542161339414
1.3900000000000008,0.9742810045662093
1.391000000000001,0.9735077929984772
1.3920000000000008,0.9727345814307452
1.393000000000001,0.9719613698630128
1.3940000000000008,0.9711881582952808
1.395000000000001,0.9703856402439016
1.3960000000000008,0.9693460060975602
1.397000000000001,0.9683063719512186
1.3980000000000008,0.967266737804877
1.399000000000001,0.9662271036585356
1.4000000000000008,0.9651874695121944
1.4010000000000007,0.964147835365853
1.4020000000000008,0.9629198782343976
1.403000000000001,0.9615378386605772
1.4040000000000008,0.9601557990867572
1.4050000000000007,0.9587737595129368
1.4060000000000008,0.957391719939116
1.407000000000001,0.9560096803652957
1.4080000000000008,0.9546276407914752
1.4090000000000007,0.9528607610350064
1.4100000000000008,0.9510860273972586
1.411000000000001,0.9493112937595114
1.4120000000000008,0.9475365601217642
1.4130000000000007,0.9457618264840172
1.4140000000000008,0.9439870928462692
1.415000000000001,0.941879741248095
1.4160000000000008,0.9392937442922352
1.4170000000000007,0.9367077473363756
1.4180000000000008,0.9341217503805148
1.419000000000001,0.9315357534246552
1.4200000000000008,0.9289497564687954
1.4210000000000007,0.9263637595129358
1.4220000000000008,0.9238621461187188
1.423000000000001,0.9213766057838636
1.4240000000000008,0.9188910654490086
1.4250000000000007,0.9164055251141534
1.4260000000000008,0.9139199847792971
1.427000000000001,0.911434444444442
1.4280000000000008,0.9088506231003016
1.4290000000000007,0.9060010790273536
1.4300000000000008,0.9031515349544044
1.431000000000001,0.9003019908814562
1.4320000000000008,0.8974524468085082
1.4330000000000007,0.8946029027355602
1.4340000000000008,0.891753358662611
1.435000000000001,0.8890037442922348
1.4360000000000008,0.8862990258751879
1.4370000000000007,0.883594307458141
1.4380000000000008,0.8808895890410929
1.439000000000001,0.8781848706240459
1.4400000000000008,0.8754801522069992
1.4410000000000007,0.8727831050228292
1.4420000000000008,0.8701423135464201
1.443000000000001,0.8675015220700125
1.4440000000000008,0.8648607305936049
1.4450000000000007,0.8622199391171973
1.4460000000000008,0.8595791476407885
1.447000000000001,0.8569383561643809
1.4480000000000008,0.854773059360729
1.4490000000000007,0.8529968036529666
1.4500000000000008,0.8512205479452035
1.451000000000001,0.8494442922374412
1.4520000000000008,0.8476680365296789
1.4530000000000007,0.8458917808219165
1.4540000000000008,0.8441155251141534
1.455000000000001,0.8426286453576851
1.4560000000000008,0.8411476712328756
1.4570000000000007,0.839666697108066
1.4580000000000009,0.8381857229832558
1.459000000000001,0.8367047488584461
1.4600000000000009,0.8352237747336366
1.4610000000000007,0.8339843074581424
1.4620000000000009,0.8330923744292228
1.463000000000001,0.8322004414003036
1.4640000000000009,0.8313085083713844
1.4650000000000007,0.8304165753424649
1.4660000000000009,0.8295246423135455
1.467000000000001,0.8286327092846262
1.4680000000000009,0.82782744680851
1.4690000000000007,0.8270386930091179
1.4700000000000009,0.8262499392097256
1.471000000000001,0.8254611854103336
1.4720000000000009,0.8246724316109416
1.4730000000000008,0.8238836778115496
1.4740000000000009,0.8231781126331806
1.475000000000001,0.8227093150684928
1.4760000000000009,0.8222405175038048
1.4770000000000008,0.8217717199391169
1.4780000000000009,0.8213029223744288
1.479000000000001,0.8208341248097408
1.4800000000000009,0.8203653272450531
1.4810000000000008,0.8199332876712326
1.4820000000000009,0.8195177625570772
1.483000000000001,0.819102237442922
1.4840000000000009,0.8186867123287668
1.4850000000000008,0.8182711872146116
1.4860000000000009,0.8178556621004561
1.487000000000001,0.8174637386018234
1.4880000000000009,0.817244893617021
1.4890000000000008,0.8170260486322186
1.4900000000000009,0.8168072036474162
1.491000000000001,0.8165883586626138
1.4920000000000009,0.8163695136778114
1.4930000000000008,0.816150668693009
1.4940000000000009,0.8161067123287673
1.495000000000001,0.8162117351598175
1.4960000000000009,0.8163167579908677
1.4970000000000008,0.8164217808219179
1.4980000000000009,0.8165268036529681
1.499000000000001,0.8166318264840183
1.5000000000000009,0.8167368493150685
1.5010000000000008,0.8166382826747719
1.5020000000000011,0.8165334194528874
1.503000000000001,0.8164285562310029
1.504000000000001,0.8163236930091184
1.5050000000000008,0.8162188297872339
1.5060000000000011,0.8161139665653495
1.5070000000000008,0.8160363470319635
1.508000000000001,0.8160013394216133
1.5090000000000008,0.8159663318112633
1.5100000000000011,0.8159313242009132
1.5110000000000008,0.8158963165905632
1.512000000000001,0.8158613089802129
1.5130000000000008,0.8158263013698629
1.5140000000000011,0.8156779331306989
1.5150000000000008,0.8155046808510636
1.516000000000001,0.8153314285714285
1.5170000000000008,0.8151581762917932
1.5180000000000011,0.8149849240121579
1.5190000000000008,0.8148116717325227
1.520000000000001,0.8146639269406393
1.5210000000000008,0.8145969558599696
1.5220000000000011,0.8145299847792998
1.5230000000000008,0.8144630136986301
1.524000000000001,0.8143960426179604
1.5250000000000008,0.8143290715372906
1.5260000000000011,0.8142621004566208
1.5270000000000008,0.8143031306990882
1.528000000000001,0.8143973556231003
1.5290000000000008,0.8144915805471126
1.5300000000000011,0.8145858054711247
1.5310000000000008,0.8146800303951369
1.532000000000001,0.814774255319149
1.5330000000000008,0.8148545205479452
1.5340000000000011,0.8147936377473364
1.5350000000000008,0.8147327549467275
1.536000000000001,0.8146718721461187
1.5370000000000008,0.8146109893455099
1.5380000000000011,0.8145501065449008
1.5390000000000008,0.8144892237442922
1.540000000000001,0.8144679027355624
1.5410000000000008,0.8144831003039514
1.5420000000000011,0.8144982978723405
1.5430000000000008,0.8145134954407296
1.544000000000001,0.8145286930091187
1.5450000000000008,0.8145438905775076
1.5460000000000012,0.8145590881458967
1.5470000000000008,0.8147414285714288
1.548000000000001,0.8149344376899699
1.5490000000000008,0.8151274468085109
1.5500000000000012,0.8153204559270519
1.5510000000000008,0.8155134650455931
1.552000000000001,0.815706474164134
1.5530000000000008,0.8158217808219178
1.5540000000000012,0.8157989497716895
1.5550000000000008,0.8157761187214613
1.556000000000001,0.8157532876712329
1.5570000000000008,0.8157304566210046
1.5580000000000012,0.8157076255707763
1.5590000000000008,0.815684794520548
1.560000000000001,0.8158084650455929
1.5610000000000008,0.8159710790273558
1.5620000000000012,0.8161336930091188
1.5630000000000008,0.8162963069908816
1.564000000000001,0.8164589209726445
1.5650000000000008,0.8166215349544074
1.5660000000000012,0.8168234042553195
1.5670000000000008,0.8171729483282678
1.568000000000001,0.8175224924012161
1.5690000000000008,0.8178720364741644
1.5700000000000012,0.8182215805471128
1.5710000000000008,0.8185711246200611
1.572000000000001,0.8189206686930094
1.5730000000000008,0.8190634042553191
1.5740000000000012,0.8190846808510638
1.5750000000000008,0.8191059574468085
1.576000000000001,0.8191272340425532
1.5770000000000008,0.8191485106382979
1.5780000000000012,0.8191697872340425
1.5790000000000008,0.8191939573820396
1.580000000000001,0.8192731050228311
1.5810000000000008,0.8193522526636225
1.5820000000000012,0.8194314003044141
1.5830000000000009,0.8195105479452056
1.584000000000001,0.8195896955859971
1.5850000000000009,0.8196688432267886
1.5860000000000012,0.8198259878419456
1.5870000000000009,0.8200676291793316
1.588000000000001,0.8203092705167175
1.5890000000000009,0.8205509118541036
1.5900000000000012,0.8207925531914897
1.5910000000000009,0.8210341945288756
1.592000000000001,0.8212758358662616
1.5930000000000009,0.8213382978723405
1.5940000000000012,0.8213808510638299
1.5950000000000009,0.8214234042553192
1.596000000000001,0.8214659574468085
1.5970000000000009,0.8215085106382979
1.5980000000000012,0.8215510638297873
1.5990000000000009,0.8215979939209727
1.600000000000001,0.8216542249240122
1.6010000000000009,0.8217104559270517
1.6020000000000012,0.8217666869300913
1.6030000000000009,0.8218229179331307
1.604000000000001,0.8218791489361702
1.6050000000000009,0.8219353799392097
1.6060000000000012,0.822052340425532
1.6070000000000009,0.8221906382978724
1.608000000000001,0.8223289361702129
1.6090000000000009,0.8224672340425533
1.6100000000000012,0.8226055319148938
1.6110000000000009,0.8227438297872343
1.612000000000001,0.8228794528875382
1.6130000000000009,0.8230010334346506
1.6140000000000012,0.8231226139817631
1.6150000000000009,0.8232441945288755
1.616000000000001,0.8233657750759881
1.6170000000000009,0.8234873556231005
1.6180000000000012,0.823608936170213
1.6190000000000009,0.8236529483282675
1.620000000000001,0.8236407902735563
1.6210000000000009,0.8236286322188451
1.6220000000000012,0.8236164741641337
1.6230000000000009,0.8236043161094225
1.624000000000001,0.8235921580547112
1.6250000000000009,0.8235799999999998
1.6260000000000012,0.8233170820668689
1.6270000000000011,0.8230541641337383
1.628000000000001,0.8227912462006076
1.629000000000001,0.8225283282674769
1.6300000000000012,0.8222654103343462
1.6310000000000011,0.8220024924012155
1.6320000000000008,0.8217951063829786
1.633000000000001,0.8216644072948327
1.6340000000000012,0.8215337082066868
1.6350000000000011,0.8214030091185409
1.6360000000000008,0.8212723100303951
1.637000000000001,0.8211416109422491
1.6380000000000012,0.8210109118541031
1.6390000000000011,0.8213882978723409
1.6400000000000008,0.8218624620060795
1.641000000000001,0.8223366261398181
1.6420000000000012,0.8228107902735567
1.6430000000000011,0.8232849544072953
1.6440000000000008,0.8237591185410339
1.645000000000001,0.8241814925939994
1.6460000000000012,0.8244564641093812
1.6470000000000011,0.8247314356247629
1.6480000000000008,0.8250064071401446
1.649000000000001,0.8252813786555263
1.6500000000000012,0.825556350170908
1.6510000000000011,0.8258313216862897
1.6520000000000008,0.8261062932016714
1.653000000000001,0.8263812647170531
1.6540000000000012,0.8266562362324348
1.6550000000000011,0.8269312077478165
1.6560000000000008,0.8272061792631982
1.657000000000001,0.8274811507785799
1.6580000000000013,0.8277561222939616
1.6590000000000011,0.8280310938093433
1.6600000000000008,0.828306065324725
1.661000000000001,0.8285810368401066
1.6620000000000013,0.8288560083554883
1.6630000000000011,0.8291309798708699
1.6640000000000008,0.8294059513862517
1.665000000000001,0.8296809229016334
1.6660000000000013,0.8299558944170151
1.6670000000000011,0.8302308659323968
1.6680000000000008,0.8305058374477785
1.669000000000001,0.8307808089631602
1.6700000000000013,0.831055780478542
1.6710000000000012,0.8313307519939236
1.6720000000000008,0.8313429438543247
1.673000000000001,0.8313353566009105
1.6740000000000013,0.8313277693474962
1.6750000000000012,0.8313201820940821
1.6760000000000008,0.8313125948406677
1.677000000000001,0.8313050075872535
1.6780000000000013,0.8313387537993923
1.6790000000000012,0.8314527355623101
1.6800000000000008,0.8315667173252281
1.681000000000001,0.8316806990881459
1.6820000000000013,0.8317946808510639
1.6830000000000012,0.8319086626139819
1.6840000000000008,0.8320226443768998
1.685000000000001,0.8321828267477205
1.6860000000000013,0.8323575987841947
1.6870000000000012,0.8325323708206689
1.6880000000000008,0.8327071428571431
1.689000000000001,0.8328819148936172
1.6900000000000013,0.8330566869300915
1.6910000000000012,0.8331989074355084
1.6920000000000008,0.833192837632777
1.693000000000001,0.8331867678300455
1.6940000000000013,0.8331806980273141
1.6950000000000012,0.8331746282245828
1.6960000000000008,0.8331685584218513
1.697000000000001,0.8331624886191199
1.6980000000000013,0.8334361702127666
1.6990000000000012,0.8339042553191496
1.7000000000000008,0.8343723404255324
1.701000000000001,0.8348404255319153
1.7020000000000013,0.8353085106382985
1.7030000000000012,0.8357765957446813
1.7040000000000008,0.8362433687405162
1.705000000000001,0.8365802427921095
1.7060000000000013,0.836917116843703
1.7070000000000012,0.8372539908952963
1.7080000000000009,0.8375908649468896
1.709000000000001,0.8379277389984828
1.7100000000000013,0.8382646130500763
1.7110000000000012,0.8386010638297876
1.7120000000000009,0.8389369300911858
1.713000000000001,0.8392727963525839
1.7140000000000013,0.8396086626139823
1.7150000000000012,0.8399445288753804
1.7160000000000009,0.8402803951367785
1.717000000000001,0.8406162613981767
1.7180000000000013,0.8411072078907443
1.7190000000000012,0.8416276934749628
1.7200000000000009,0.8421481790591813
1.721000000000001,0.8426686646433996
1.7220000000000013,0.8431891502276183
1.7230000000000012,0.8437096358118368
1.7240000000000009,0.8441778875379943
1.725000000000001,0.8444894376899699
1.7260000000000013,0.8448009878419457
1.7270000000000012,0.8451125379939214
1.7280000000000009,0.845424088145897
1.729000000000001,0.8457356382978727
1.730000000000001,0.8460471884498484
1.7310000000000012,0.8463685887708653
1.7320000000000009,0.8466948406676786
1.733000000000001,0.8470210925644921
1.734000000000001,0.8473473444613054
1.7350000000000012,0.8476735963581188
1.7360000000000009,0.8479998482549321
1.737000000000001,0.8483224582701065
1.738000000000001,0.8486031866464344
1.7390000000000012,0.8488839150227622
1.7400000000000009,0.8491646433990898
1.741000000000001,0.8494453717754176
1.742000000000001,0.8497261001517454
1.7430000000000012,0.8500068285280732
1.7440000000000009,0.8502728723404258
1.745000000000001,0.8505236322188452
1.746000000000001,0.8507743920972648
1.7470000000000012,0.8510251519756842
1.7480000000000009,0.8512759118541036
1.749000000000001,0.8515266717325229
1.750000000000001,0.8517774316109425
1.7510000000000012,0.8520651289833083
1.7520000000000011,0.8523564795144161
1.753000000000001,0.8526478300455238
1.7540000000000011,0.8529391805766317
1.7550000000000012,0.8532305311077394
1.7560000000000011,0.8535218816388471
1.7570000000000008,0.8536335660091044
1.7580000000000011,0.8533634597875566
1.7590000000000012,0.8530933535660088
1.7600000000000011,0.8528232473444609
1.7610000000000008,0.8525531411229132
1.7620000000000011,0.8522830349013653
1.7630000000000012,0.8520129286798175
1.7640000000000011,0.8523271884498484
1.7650000000000008,0.8528575835866266
1.7660000000000011,0.8533879787234049
1.7670000000000012,0.8539183738601829
1.7680000000000011,0.854448768996961
1.7690000000000008,0.8549791641337391
1.7700000000000014,0.8554548103186648
1.7710000000000012,0.8556202124430957
1.7720000000000011,0.8557856145675267
1.7730000000000008,0.8559510166919576
1.7740000000000014,0.8561164188163887
1.7750000000000012,0.8562818209408196
1.7760000000000011,0.8564472230652506
1.7770000000000008,0.8567120485584222
1.7780000000000014,0.8570549924127472
1.7790000000000012,0.8573979362670717
1.7800000000000011,0.8577408801213964
1.7810000000000008,0.858083823975721
1.7820000000000014,0.8584267678300459
1.7830000000000013,0.8587697116843706
1.7840000000000011,0.8590228679817908
1.7850000000000008,0.8592732473444614
1.7860000000000014,0.8595236267071322
1.7870000000000013,0.8597740060698029
1.7880000000000011,0.8600243854324736
1.7890000000000008,0.8602747647951443
1.7900000000000014,0.8605349468892264
1.7910000000000013,0.8608111229135056
1.7920000000000011,0.8610872989377848
1.7930000000000008,0.861363474962064
1.7940000000000014,0.8616396509863433
1.7950000000000013,0.8619158270106225
1.7960000000000012,0.8621920030349017
1.7970000000000008,0.8623566919575115
1.7980000000000014,0.8624917450682854
1.7990000000000013,0.8626267981790593
1.8000000000000012,0.8627618512898333
1.8010000000000008,0.8628969044006072
1.8020000000000012,0.8630319575113811
1.8030000000000013,0.863200394537178
1.8040000000000007,0.8635023672230656
1.8050000000000008,0.8638043399089532
1.8060000000000012,0.8641063125948409
1.8070000000000013,0.8644082852807288
1.8080000000000007,0.8647102579666164
1.8090000000000008,0.8650122306525041
1.8100000000000012,0.8651910925644918
1.8110000000000013,0.8652912443095601
1.8120000000000007,0.8653913960546283
1.8130000000000008,0.8654915477996966
1.8140000000000012,0.8655916995447649
1.8150000000000013,0.8656918512898332
1.8160000000000007,0.8657930955993932
1.8170000000000008,0.8659478755690442
1.8180000000000012,0.8661026555386953
1.8190000000000013,0.8662574355083462
1.8200000000000007,0.8664122154779972
1.8210000000000008,0.8665669954476481
1.8220000000000012,0.8667217754172992
1.8230000000000013,0.8668700303490139
1.8240000000000007,0.8670096358118363
1.8250000000000008,0.8671492412746588
1.8260000000000012,0.8672888467374812
1.8270000000000013,0.8674284522003036
1.8280000000000007,0.8675680576631261
1.8290000000000008,0.8677076631259485
1.8300000000000012,0.8677172534142639
1.8310000000000013,0.8677020789074353
1.8320000000000007,0.8676869044006068
1.8330000000000009,0.8676717298937784
1.8340000000000012,0.8676565553869497
1.8350000000000013,0.8676413808801213
1.8360000000000007,0.8676906980273144
1.8370000000000009,0.8679334901365707
1.8380000000000012,0.8681762822458272
1.8390000000000013,0.8684190743550837
1.8400000000000007,0.8686618664643401
1.8410000000000009,0.8689046585735966
1.8420000000000012,0.869147450682853
1.8430000000000013,0.868934552352048
1.8440000000000007,0.8684869044006064
1.8450000000000009,0.8680392564491649
1.8460000000000012,0.8675916084977231
1.8470000000000013,0.8671439605462816
1.8480000000000008,0.8666963125948399
1.8490000000000009,0.8662641729893775
1.8500000000000012,0.8660380728376323
1.8510000000000013,0.8658119726858874
1.8520000000000008,0.8655858725341423
1.8530000000000009,0.8653597723823973
1.8540000000000012,0.8651336722306522
1.855000000000001,0.8649075720789071
1.8560000000000008,0.8645863636363631
1.8570000000000009,0.8641621212121207
1.8580000000000012,0.8637378787878781
1.859000000000001,0.8633136363636358
1.8600000000000008,0.8628893939393933
1.8610000000000009,0.8624651515151508
1.8620000000000012,0.8620409090909084
1.863000000000001,0.861119347496205
1.8640000000000008,0.8601299696509851
1.8650000000000009,0.8591405918057652
1.8660000000000012,0.8581512139605448
1.867000000000001,0.8571618361153249
1.8680000000000008,0.8561724582701049
1.8690000000000009,0.8552028831562963
1.8700000000000012,0.8542817905918044
1.871000000000001,0.8533606980273128
1.8720000000000008,0.8524396054628213
1.8730000000000009,0.8515185128983298
1.8740000000000012,0.8505974203338378
1.875000000000001,0.8496763277693463
1.8760000000000008,0.8486140909090896
1.877000000000001,0.8474913636363623
1.8780000000000012,0.8463686363636347
1.8790000000000011,0.8452459090909076
1.8800000000000008,0.8441231818181804
1.881000000000001,0.8430004545454532
1.8820000000000012,0.8419129135053102
1.8830000000000011,0.8411420485584208
1.8840000000000008,0.8403711836115317
1.885000000000001,0.8396003186646426
1.8860000000000012,0.8388294537177532
1.8870000000000011,0.838058588770864
1.8880000000000008,0.837287723823975
1.889000000000001,0.8363829742033375
1.8900000000000012,0.8353495902883143
1.8910000000000011,0.8343162063732916
1.8920000000000008,0.8332828224582689
1.893000000000001,0.8322494385432462
1.8940000000000012,0.831216054628223
1.8950000000000011,0.8301826707132003
1.8960000000000008,0.829384909090908
1.897000000000001,0.8286076363636354
1.8980000000000012,0.8278303636363624
1.8990000000000011,0.8270530909090898
1.9000000000000008,0.8262758181818173
1.9010000000000007,0.8254985454545447
1.9020000000000012,0.8247660546282237
1.9030000000000011,0.8241287253414257
1.9040000000000008,0.8234913960546276
1.9050000000000007,0.8228540667678295
1.9060000000000012,0.8222167374810311
1.9070000000000011,0.8215794081942329
1.9080000000000013,0.8209420789074349
1.9090000000000007,0.8203176212121207
1.9100000000000013,0.8196979242424235
1.9110000000000011,0.8190782272727266
1.9120000000000013,0.8184585303030297
1.9130000000000007,0.8178388333333327
1.9140000000000013,0.8172191363636355
1.9150000000000011,0.8166162822458265
1.9160000000000013,0.8161261456752651
1.9170000000000007,0.8156360091047036
1.9180000000000013,0.8151458725341422
1.9190000000000011,0.8146557359635805
1.9200000000000013,0.8141655993930191
1.9210000000000007,0.8136754628224577
1.9220000000000013,0.8132994545454542
1.9230000000000012,0.8130206666666663
1.9240000000000013,0.8127418787878784
1.9250000000000007,0.8124630909090906
1.9260000000000013,0.8121843030303026
1.9270000000000012,0.8119055151515148
1.9280000000000013,0.8116267272727269
1.9290000000000007,0.8116827465857361
1.9300000000000013,0.8117601365705616
1.9310000000000012,0.8118375265553871
1.9320000000000013,0.8119149165402125
1.9330000000000007,0.8119923065250381
1.9340000000000013,0.8120696965098635
1.9350000000000012,0.8119773484848478
1.9360000000000013,0.8115697727272722
1.9370000000000007,0.8111621969696965
1.9380000000000013,0.8107546212121205
1.9390000000000012,0.8103470454545448
1.9400000000000013,0.8099394696969692
1.9410000000000007,0.8095318939393934
1.9420000000000013,0.8092606818181814
1.9430000000000012,0.8090349242424241
1.9440000000000013,0.8088091666666664
1.9450000000000007,0.8085834090909089
1.9460000000000013,0.8083576515151512
1.9470000000000012,0.8081318939393937
1.9480000000000013,0.8079217905918056
1.9490000000000007,0.8078003945371774
1.9500000000000013,0.8076789984825491
1.9510000000000012,0.8075576024279209
1.9520000000000013,0.8074362063732927
1.9530000000000007,0.8073148103186645
1.9540000000000013,0.8071934142640362
1.9550000000000012,0.8070118787878785
1.9560000000000013,0.8067830909090906
1.9570000000000007,0.8065543030303028
1.9580000000000013,0.8063255151515148
1.9590000000000012,0.8060967272727271
1.9600000000000013,0.8058679393939392
1.9610000000000007,0.8056391515151513
1.9620000000000013,0.8057870909090912
1.9630000000000012,0.8059507272727275
1.9640000000000013,0.8061143636363639
1.9650000000000007,0.8062780000000003
1.9660000000000013,0.8064416363636366
1.9670000000000012,0.806605272727273
1.9680000000000013,0.8066085454545452
1.9690000000000007,0.806326727272727
1.9700000000000013,0.8060449090909086
1.9710000000000012,0.8057630909090906
1.9720000000000013,0.8054812727272724
1.9730000000000008,0.8051994545454543
1.9740000000000013,0.804917636363636
1.9750000000000012,0.8046507878787875
1.9760000000000013,0.8043886666666663
1.9770000000000008,0.8041265454545451
1.978000000000001,0.8038644242424239
1.9790000000000012,0.8036023030303027
1.980000000000001,0.8033401818181815
1.9810000000000008,0.803074840667678
1.982000000000001,0.8027925948406672
1.9830000000000012,0.8025103490136567
1.984000000000001,0.8022281031866461
1.9850000000000008,0.8019458573596355
1.986000000000001,0.8016636115326248
1.9870000000000012,0.8013813657056142
1.988000000000001,0.8012720909090909
1.9890000000000008,0.8012933030303031
1.990000000000001,0.8013145151515152
1.9910000000000012,0.8013357272727274
1.992000000000001,0.8013569393939395
1.9930000000000008,0.8013781515151516
1.994000000000001,0.8013993636363637
1.9950000000000012,0.8017453787878793
1.996000000000001,0.8021014393939399
1.9970000000000008,0.8024575000000004
1.9980000000000016,0.8028135606060611
1.9990000000000012,0.8031696212121217
2.0000000000000013,0.8035256818181822
2.001000000000001,0.8037735454545455
2.0020000000000016,0.8038371818181819
2.003000000000001,0.8039008181818182
2.0040000000000013,0.8039644545454546
2.005000000000001,0.8040280909090909
2.0060000000000016,0.8040917272727274
2.007000000000001,0.8041553636363636
2.0080000000000013,0.8038608333333327
2.009000000000001,0.8034593181818176
2.0100000000000016,0.8030578030303024
2.011000000000001,0.8026562878787873
2.0120000000000013,0.8022547727272722
2.013000000000001,0.8018532575757571
2.0140000000000016,0.8015645606060611
2.015000000000001,0.8018266818181822
2.0160000000000013,0.8020888030303034
2.017000000000001,0.8023509242424246
2.0180000000000016,0.8026130454545459
2.019000000000001,0.8028751666666671
2.0200000000000014,0.8031372878787884
2.021000000000001,0.8032258181818182
2.0220000000000016,0.8031833939393939
2.023000000000001,0.8031409696969696
2.0240000000000014,0.8030985454545454
2.025000000000001,0.8030561212121211
2.0260000000000016,0.8030136969696968
2.027000000000001,0.8029712727272726
2.0280000000000014,0.8028142121212118
2.029000000000001,0.8026536060606059
2.0300000000000016,0.8024929999999997
2.031000000000001,0.8023323939393937
2.0320000000000014,0.8021717878787876
2.0330000000000013,0.8020111818181817
2.0340000000000016,0.8018484266263235
2.035000000000001,0.8016820121028743
2.0360000000000014,0.8015155975794249
2.0370000000000013,0.8013491830559756
2.0380000000000016,0.8011827685325262
2.039000000000001,0.801016354009077
2.0400000000000014,0.8008499394856277
2.0410000000000013,0.8005209696969693
2.0420000000000016,0.8001406666666662
2.043000000000001,0.7997603636363632
2.0440000000000014,0.7993800606060601
2.0450000000000013,0.7989997575757571
2.0460000000000016,0.7986194545454539
2.047000000000001,0.7984127272727284
2.0480000000000014,0.7991172727272737
2.0490000000000013,0.7998218181818191
2.0500000000000016,0.8005263636363648
2.051000000000001,0.8012309090909101
2.0520000000000014,0.8019354545454555
2.0530000000000013,0.8026400000000008
2.0540000000000016,0.8029618787878788
2.055000000000001,0.8029830909090909
2.0560000000000014,0.8030043030303031
2.0570000000000013,0.8030255151515152
2.0580000000000016,0.8030467272727273
2.059000000000001,0.8030679393939394
2.0600000000000014,0.8030891515151515
2.0610000000000013,0.8030943636363637
2.0620000000000016,0.8030989090909091
2.063000000000001,0.8031034545454545
2.0640000000000014,0.8031079999999999
2.0650000000000013,0.8031125454545454
2.0660000000000016,0.8031170909090909
2.067000000000001,0.803188078668684
2.0680000000000014,0.8033771860816946
2.0690000000000013,0.8035662934947052
2.0700000000000016,0.8037554009077159
2.071000000000001,0.8039445083207265
2.0720000000000014,0.8041336157337371
2.0730000000000013,0.8043227231467477
2.0740000000000016,0.8045336363636367
2.075000000000001,0.8047518181818186
2.0760000000000014,0.8049700000000004
2.0770000000000013,0.8051881818181822
2.0780000000000016,0.8054063636363641
2.079000000000001,0.8056245454545459
2.0800000000000014,0.8058197727272729
2.0810000000000013,0.8058849242424243
2.0820000000000016,0.8059500757575758
2.083000000000001,0.8060152272727273
2.0840000000000014,0.8060803787878789
2.0850000000000013,0.8061455303030304
2.0860000000000016,0.8062106818181819
2.087000000000001,0.8063423449319216
2.0880000000000014,0.8065284266263241
2.0890000000000013,0.8067145083207263
2.0900000000000016,0.8069005900151289
2.091000000000001,0.8070866717095313
2.0920000000000014,0.8072727534039337
2.0930000000000013,0.8074588350983362
2.0940000000000016,0.8076295151515155
2.095000000000001,0.8077992121212124
2.0960000000000014,0.8079689090909093
2.0970000000000013,0.8081386060606063
2.0980000000000016,0.8083083030303033
2.099000000000001,0.8084780000000003
2.1000000000000014,0.8086131467473525
2.1010000000000013,0.8086812254160364
2.1020000000000016,0.8087493040847202
2.103000000000001,0.8088173827534041
2.104000000000001,0.8088854614220878
2.1050000000000013,0.8089535400907716
2.1060000000000016,0.8090216187594554
2.107000000000001,0.8091472878787881
2.108000000000001,0.8092942575757578
2.1090000000000013,0.8094412272727275
2.1100000000000017,0.8095881969696972
2.111000000000001,0.8097351666666669
2.112000000000001,0.8098821363636366
2.1130000000000013,0.8100304538577915
2.1140000000000017,0.8101877912254163
2.115000000000001,0.8103451285930411
2.116000000000001,0.8105024659606659
2.1170000000000013,0.8106598033282907
2.1180000000000017,0.8108171406959156
2.119000000000001,0.8109744780635404
2.120000000000001,0.8111673939393943
2.1210000000000013,0.8113931515151519
2.1220000000000017,0.8116189090909095
2.1230000000000016,0.811844666666667
2.124000000000001,0.8120704242424246
2.1250000000000013,0.8122961818181821
2.1260000000000017,0.8125219393939397
2.1270000000000016,0.8128698638426631
2.128000000000001,0.8132284114977312
2.1290000000000013,0.8135869591527992
2.1300000000000017,0.8139455068078674
2.1310000000000016,0.8143040544629354
2.132000000000001,0.8146626021180035
2.1330000000000013,0.8151154160363094
2.1340000000000017,0.8157780484114987
2.1350000000000016,0.8164406807866877
2.136000000000001,0.8171033131618768
2.1370000000000013,0.8177659455370659
2.1380000000000017,0.8184285779122552
2.1390000000000016,0.8190912102874442
2.140000000000001,0.8192687878787878
2.1410000000000013,0.8192384848484848
2.1420000000000017,0.8192081818181818
2.1430000000000016,0.8191778787878787
2.144000000000001,0.8191475757575757
2.1450000000000014,0.8191172727272726
2.1460000000000017,0.8191285779122548
2.1470000000000016,0.8195143570347964
2.148000000000001,0.8199001361573379
2.1490000000000014,0.8202859152798795
2.1500000000000017,0.8206716944024212
2.1510000000000016,0.8210574735249627
2.152000000000001,0.8214432526475043
2.1530000000000014,0.8218053101361578
2.1540000000000017,0.8221426777609687
2.1550000000000016,0.8224800453857797
2.156000000000001,0.8228174130105905
2.1570000000000014,0.8231547806354014
2.1580000000000017,0.8234921482602124
2.1590000000000016,0.8238295158850233
2.160000000000001,0.8241486666666672
2.1610000000000014,0.8244653333333338
2.1620000000000017,0.8247820000000006
2.1630000000000016,0.8250986666666672
2.164000000000001,0.8254153333333338
2.1650000000000014,0.8257320000000005
2.1660000000000017,0.8260599697428146
2.1670000000000016,0.8264170045385786
2.168000000000001,0.8267740393343425
2.1690000000000014,0.8271310741301064
2.1700000000000017,0.8274881089258705
2.1710000000000016,0.8278451437216345
2.172000000000001,0.8282021785173984
2.1730000000000014,0.8285531316187601
2.1740000000000017,0.8289010892586995
2.1750000000000016,0.8292490468986391
2.176000000000001,0.8295970045385784
2.1770000000000014,0.8299449621785179
2.1780000000000017,0.8302929198184574
2.1790000000000016,0.8306544931921339
2.180000000000001,0.8312293797276861
2.1810000000000014,0.8318042662632382
2.1820000000000017,0.8323791527987906
2.1830000000000016,0.8329540393343428
2.184000000000001,0.8335289258698949
2.1850000000000014,0.8341038124054471
2.1860000000000017,0.8344526777609684
2.1870000000000016,0.8345252950075644
2.188000000000001,0.8345979122541605
2.1890000000000014,0.8346705295007566
2.1900000000000017,0.8347431467473526
2.1910000000000016,0.8348157639939486
2.192000000000001,0.8348883812405448
2.1930000000000014,0.8353714674735258
2.1940000000000017,0.8359327382753414
2.1950000000000016,0.8364940090771568
2.196000000000001,0.8370552798789721
2.1970000000000014,0.8376165506807874
2.1980000000000017,0.8381778214826031
2.1990000000000016,0.8387488350983369
2.200000000000001,0.8393524659606666
2.2010000000000014,0.8399560968229963
2.2020000000000017,0.8405597276853264
2.2030000000000016,0.8411633585476561
2.204000000000001,0.8417669894099858
2.2050000000000014,0.8423706202723156
2.2060000000000017,0.8426797276853255
2.2070000000000016,0.8428083207261727
2.208000000000001,0.8429369137670198
2.2090000000000014,0.8430655068078671
2.2100000000000017,0.8431940998487143
2.2110000000000016,0.8433226928895615
2.212000000000001,0.8434538729198191
2.2130000000000014,0.8438411649016647
2.2140000000000017,0.8442284568835106
2.2150000000000016,0.8446157488653562
2.216000000000001,0.8450030408472018
2.2170000000000014,0.8453903328290475
2.2180000000000017,0.8457776248108934
2.2190000000000016,0.8461703630862337
2.220000000000001,0.8465712708018162
2.2210000000000014,0.8469721785173986
2.2220000000000018,0.8473730862329811
2.2230000000000016,0.8477739939485636
2.224000000000001,0.848174901664146
2.2250000000000014,0.8485758093797284
2.2260000000000018,0.8487018305597581
2.2270000000000016,0.8487547806354011
2.228000000000001,0.8488077307110441
2.229000000000001,0.848860680786687
2.2300000000000018,0.8489136308623298
2.2310000000000016,0.848966580937973
2.232000000000001,0.8490620121028749
2.233000000000001,0.8493509682299551
2.2340000000000018,0.8496399243570354
2.2350000000000017,0.8499288804841155
2.236000000000001,0.8502178366111957
2.237000000000001,0.8505067927382758
2.2380000000000018,0.8507957488653561
2.2390000000000017,0.8509044780635402
2.240000000000001,0.8508772465960666
2.241000000000001,0.850850015128593
2.2420000000000018,0.8508227836611195
2.2430000000000017,0.8507955521936459
2.244000000000001,0.8507683207261724
2.245000000000001,0.8507410892586988
2.2460000000000018,0.8505962178517394
2.2470000000000017,0.8504464447806351
2.2480000000000016,0.8502966717095307
2.249000000000001,0.8501468986384264
2.2500000000000018,0.8499971255673221
2.2510000000000017,0.8498473524962176
2.2520000000000016,0.8497288519637461
2.253000000000001,0.8496684290030211
2.2540000000000022,0.8496080060422958
2.2550000000000017,0.8495475830815709
2.2560000000000016,0.8494871601208459
2.257000000000001,0.8494267371601208
2.2580000000000022,0.8493663141993957
2.2590000000000017,0.8491611497730707
2.2600000000000016,0.8489024508320723
2.261000000000001,0.8486437518910738
2.2620000000000022,0.8483850529500752
2.2630000000000017,0.8481263540090767
2.2640000000000016,0.8478676550680782
2.265000000000001,0.8476098638426621
2.2660000000000022,0.847358729198184
2.2670000000000017,0.8471075945537059
2.2680000000000016,0.8468564599092281
2.269000000000001,0.84660532526475
2.2700000000000022,0.8463541906202718
2.2710000000000017,0.8461030559757938
2.2720000000000016,0.8456374281391821
2.273000000000001,0.8449657186081684
2.2740000000000022,0.8442940090771546
2.2750000000000017,0.843622299546141
2.2760000000000016,0.8429505900151274
2.277000000000001,0.8422788804841138
2.2780000000000022,0.8416071709531
2.2790000000000017,0.8412708157099692
2.2800000000000016,0.8409717220543802
2.281000000000001,0.8406726283987911
2.2820000000000022,0.8403735347432019
2.2830000000000017,0.8400744410876129
2.2840000000000016,0.8397753474320238
2.285000000000001,0.8393672617246587
2.2860000000000023,0.8386789107413
2.2870000000000017,0.8379905597579415
2.2880000000000016,0.8373022087745831
2.289000000000001,0.8366138577912244
2.2900000000000023,0.8359255068078656
2.2910000000000017,0.8352371558245071
2.2920000000000016,0.8347984743202412
2.293000000000001,0.8344827643504528
2.2940000000000023,0.8341670543806642
2.2950000000000017,0.8338513444108757
2.2960000000000016,0.8335356344410872
2.297000000000001,0.8332199244712988
2.2980000000000023,0.8328977609682293
2.2990000000000017,0.8324529803328284
2.3000000000000016,0.8320081996974276
2.301000000000001,0.8315634190620266
2.3020000000000023,0.8311186384266255
2.3030000000000017,0.8306738577912246
2.3040000000000016,0.8302290771558237
2.305000000000001,0.8297141389728087
2.3060000000000023,0.8291099093655577
2.3070000000000017,0.828505679758307
2.3080000000000016,0.8279014501510563
2.309000000000001,0.8272972205438056
2.3100000000000023,0.8266929909365546
2.3110000000000017,0.8260887613293039
2.3120000000000016,0.8258869591527985
2.313000000000001,0.8257734947049922
2.3140000000000023,0.8256600302571858
2.3150000000000017,0.8255465658093795
2.3160000000000016,0.8254331013615731
2.317000000000001,0.8253196369137668
2.3180000000000023,0.8251164350453162
2.3190000000000017,0.8245756495468268
2.3200000000000016,0.8240348640483374
2.321000000000001,0.823494078549848
2.3220000000000023,0.8229532930513584
2.3230000000000017,0.8224125075528691
2.3240000000000016,0.8218717220543797
2.325000000000001,0.8214491679273822
2.3260000000000023,0.821108774583963
2.3270000000000017,0.8207683812405441
2.3280000000000016,0.820427987897125
2.329000000000001,0.8200875945537061
2.3300000000000023,0.8197472012102869
2.3310000000000017,0.8194068078668678
2.3320000000000016,0.8192430815709968
2.333000000000001,0.8190829607250752
2.3340000000000023,0.8189228398791538
2.3350000000000017,0.8187627190332323
2.3360000000000016,0.8186025981873108
2.337000000000001,0.8184424773413894
2.3380000000000023,0.8182083987915401
2.3390000000000017,0.8178428398791534
2.3400000000000016,0.8174772809667668
2.341000000000001,0.81711172205438
2.3420000000000023,0.8167461631419932
2.3430000000000017,0.8163806042296066
2.3440000000000016,0.8160150453172198
2.345000000000001,0.8158237216338878
2.3460000000000023,0.8156936157337364
2.3470000000000018,0.8155635098335853
2.3480000000000016,0.815433403933434
2.349000000000001,0.8153032980332827
2.350000000000002,0.8151731921331313
2.3510000000000018,0.8150319184290027
2.3520000000000016,0.8148159063444106
2.353000000000001,0.8145998942598184
2.354000000000002,0.8143838821752262
2.3550000000000018,0.8141678700906341
2.3560000000000016,0.813951858006042
2.357000000000001,0.8137358459214499
2.358000000000002,0.8135799244712989
2.3590000000000018,0.8134817371601206
2.3600000000000017,0.8133835498489425
2.361000000000001,0.8132853625377642
2.362000000000002,0.8131871752265859
2.3630000000000018,0.8130889879154077
2.3640000000000017,0.8129908006042295
2.365000000000001,0.8127847655068074
2.366000000000002,0.8125654009077151
2.3670000000000018,0.8123460363086229
2.3680000000000017,0.8121266717095306
2.369000000000001,0.8119073071104383
2.370000000000002,0.8116879425113459
2.3710000000000018,0.8115469184290031
2.3720000000000017,0.8116073413897282
2.3730000000000016,0.8116677643504533
2.374000000000002,0.8117281873111784
2.3750000000000018,0.8117886102719034
2.3760000000000017,0.8118490332326285
2.3770000000000016,0.8119094561933536
2.378000000000002,0.8116957099697879
2.3790000000000022,0.8113407250755281
2.3800000000000017,0.8109857401812683
2.3810000000000016,0.8106307552870085
2.382000000000002,0.8102757703927485
2.3830000000000022,0.8099207854984887
2.3840000000000017,0.8095801208459215
2.3850000000000016,0.8095831419939576
2.386000000000002,0.8095861631419939
2.3870000000000022,0.8095891842900302
2.3880000000000017,0.8095922054380664
2.3890000000000016,0.8095952265861027
2.390000000000002,0.8095982477341389
2.3910000000000022,0.8095841389728096
2.3920000000000017,0.8095463746223565
2.3930000000000016,0.8095086102719032
2.394000000000002,0.8094708459214501
2.3950000000000022,0.8094330815709969
2.3960000000000017,0.8093953172205438
2.3970000000000016,0.8093575528700906
2.398000000000002,0.8093463746223565
2.3990000000000022,0.8093418429003021
2.4000000000000017,0.8093373111782477
2.4010000000000016,0.8093327794561933
2.402000000000001,0.8093282477341389
2.4030000000000022,0.8093237160120845
2.4040000000000017,0.8093229909365558
2.4050000000000016,0.8093396072507553
2.406000000000002,0.8093562235649546
2.4070000000000022,0.8093728398791541
2.4080000000000017,0.8093894561933535
2.4090000000000016,0.8094060725075528
2.410000000000001,0.8094226888217523
2.4110000000000023,0.809440996978852
2.4120000000000017,0.8094606344410876
2.4130000000000016,0.8094802719033233
2.414000000000002,0.8094999093655589
2.4150000000000023,0.8095195468277946
2.4160000000000017,0.8095391842900302
2.4170000000000016,0.8095588217522659
2.418000000000001,0.8096423564954685
2.4190000000000023,0.8097299697885199
2.4200000000000017,0.8098175830815711
2.4210000000000016,0.8099051963746225
2.422000000000002,0.8099928096676738
2.4230000000000023,0.8100804229607252
2.4240000000000017,0.8100621752265856
2.4250000000000016,0.8098189728096673
2.426000000000001,0.8095757703927489
2.4270000000000023,0.8093325679758303
2.4280000000000017,0.809089365558912
2.4290000000000016,0.8088461631419935
2.430000000000002,0.808602960725075
2.4310000000000023,0.808444350453172
2.4320000000000017,0.8083219939577037
2.4330000000000016,0.8081996374622354
2.434000000000001,0.8080772809667672
2.4350000000000023,0.8079549244712989
2.4360000000000017,0.8078325679758306
2.4370000000000016,0.8077207250755287
2.438000000000002,0.8077297885196375
2.4390000000000023,0.8077388519637463
2.4400000000000017,0.8077479154078551
2.4410000000000016,0.8077569788519637
2.442000000000001,0.8077660422960725
2.4430000000000023,0.8077751057401813
2.4440000000000017,0.8077647360482655
2.4450000000000016,0.8077315535444948
2.446000000000002,0.8076983710407241
2.4470000000000023,0.8076651885369532
2.4480000000000017,0.8076320060331825
2.4490000000000016,0.8075988235294118
2.450000000000001,0.807565641025641
2.4510000000000023,0.8075549848942598
2.4520000000000017,0.8075489425981873
2.4530000000000016,0.8075429003021148
2.454000000000002,0.8075368580060424
2.4550000000000023,0.8075308157099698
2.4560000000000017,0.8075247734138973
2.4570000000000016,0.8074920845921448
2.458000000000001,0.8073591540785496
2.4590000000000023,0.8072262235649544
2.4600000000000017,0.8070932930513592
2.4610000000000016,0.806960362537764
2.462000000000002,0.8068274320241688
2.4630000000000023,0.8066945015105736
2.4640000000000017,0.806707734138973
2.4650000000000016,0.8068225377643506
2.466000000000001,0.8069373413897283
2.4670000000000023,0.8070521450151059
2.4680000000000017,0.8071669486404836
2.4690000000000016,0.8072817522658612
2.470000000000002,0.8073965558912389
2.4710000000000023,0.8073356259426846
2.4720000000000018,0.8072692609351432
2.4730000000000016,0.8072028959276017
2.474000000000001,0.8071365309200602
2.475000000000002,0.8070701659125187
2.4760000000000018,0.8070038009049773
2.4770000000000016,0.806950755287009
2.478000000000002,0.8069235649546828
2.479000000000002,0.8068963746223564
2.4800000000000018,0.8068691842900302
2.4810000000000016,0.8068419939577042
2.482000000000001,0.8068148036253776
2.483000000000002,0.8067876132930514
2.4840000000000018,0.8067419335347431
2.4850000000000017,0.8066890634441087
2.486000000000002,0.8066361933534743
2.487000000000002,0.8065833232628398
2.4880000000000018,0.8065304531722053
2.4890000000000017,0.8064775830815709
2.490000000000001,0.8064174811463045
2.491000000000002,0.8062922926093512
2.4920000000000018,0.806167104072398
2.4930000000000017,0.8060419155354447
2.494000000000002,0.8059167269984915
2.495000000000002,0.8057915384615382
2.4960000000000018,0.805666349924585
2.4970000000000017,0.8055764643399088
2.4980000000000016,0.8055263884673747
2.499000000000002,0.8054763125948405
2.5000000000000018,0.8054262367223064
2.5010000000000017,0.8053761608497723
2.502000000000002,0.8053260849772381
2.503000000000002,0.8052760091047041
2.5040000000000022,0.8050699999999995
2.5050000000000017,0.8048427272727269
2.5060000000000016,0.8046154545454541
2.507000000000002,0.8043881818181814
2.5080000000000022,0.8041609090909086
2.5090000000000017,0.8039336363636359
2.510000000000002,0.8037929090909093
2.511000000000002,0.8038747272727275
2.5120000000000022,0.8039565454545456
2.5130000000000017,0.8040383636363638
2.5140000000000016,0.804120181818182
2.515000000000002,0.8042020000000002
2.5160000000000022,0.8042838181818184
2.5170000000000017,0.8041915151515149
2.518000000000002,0.8040172727272724
2.519000000000002,0.8038430303030301
2.5200000000000022,0.8036687878787876
2.5210000000000017,0.8034945454545451
2.5220000000000016,0.8033203030303028
2.523000000000002,0.8031658270106222
2.5240000000000022,0.8032386646433992
2.5250000000000017,0.8033115022761761
2.526000000000002,0.8033843399089531
2.527000000000002,0.80345717754173
2.5280000000000022,0.8035300151745071
2.5290000000000017,0.8036028528072838
2.5300000000000016,0.8036318333333332
2.531000000000002,0.8036151666666665
2.5320000000000022,0.8035984999999999
2.5330000000000017,0.8035818333333332
2.534000000000002,0.8035651666666666
2.535000000000002,0.8035484999999999
2.5360000000000023,0.8035318333333332
2.5370000000000017,0.8036486666666669
2.5380000000000016,0.8037820000000002
2.539000000000002,0.8039153333333336
2.5400000000000023,0.804048666666667
2.5410000000000017,0.8041820000000003
2.542000000000002,0.8043153333333337
2.543000000000002,0.8043981363636363
2.5440000000000023,0.8043572272727273
2.5450000000000017,0.8043163181818181
2.5460000000000016,0.8042754090909091
2.547000000000002,0.8042345000000001
2.5480000000000023,0.8041935909090908
2.5490000000000017,0.8041526818181817
2.550000000000002,0.8042340909090911
2.551000000000002,0.8043704545454549
2.5520000000000023,0.8045068181818185
2.5530000000000017,0.8046431818181821
2.5540000000000016,0.8047795454545457
2.555000000000002,0.8049159090909094
2.5560000000000023,0.8050387727272726
2.5570000000000017,0.8050251363636364
2.558000000000002,0.8050115
2.559000000000002,0.8049978636363636
2.5600000000000023,0.8049842272727272
2.5610000000000017,0.804970590909091
2.5620000000000016,0.8049569545454546
2.563000000000002,0.8050442878787883
2.5640000000000023,0.8052367121212125
2.5650000000000017,0.8054291363636367
2.566000000000002,0.8056215606060609
2.567000000000002,0.8058139848484852
2.5680000000000023,0.8060064090909095
2.5690000000000017,0.8061988333333336
2.5700000000000016,0.8060312121212116
2.571000000000002,0.8058190909090904
2.5720000000000023,0.8056069696969692
2.5730000000000017,0.8053948484848481
2.574000000000002,0.8051827272727268
2.575000000000002,0.8049706060606056
2.5760000000000023,0.8048626212121215
2.5770000000000017,0.8050095909090912
2.5780000000000016,0.8051565606060609
2.579000000000002,0.8053035303030306
2.5800000000000023,0.8054505000000003
2.5810000000000017,0.80559746969697
2.582000000000002,0.8057444393939398
2.583000000000002,0.8057732727272727
2.5840000000000023,0.8057490303030302
2.5850000000000017,0.8057247878787879
2.5860000000000016,0.8057005454545455
2.587000000000002,0.805676303030303
2.5880000000000023,0.8056520606060606
2.5890000000000017,0.8056294545454546
2.590000000000002,0.8056233939393941
2.591000000000002,0.8056173333333333
2.5920000000000023,0.8056112727272727
2.5930000000000017,0.805605212121212
2.5940000000000016,0.8055991515151515
2.595000000000002,0.8055930909090908
2.5960000000000023,0.8056174281391831
2.5970000000000018,0.8056734039334342
2.598000000000002,0.8057293797276854
2.599000000000002,0.8057853555219365
