wave_nm,Band1,Band2,Band3,Band4,Band5,Band6,Band7,Band8,Band9
400,9.17E-05,9.36E-05,4.09E-14,4.34E-68,1.10E-99,6.67E-111,2.41E-77,1.51E-97,1.92E-68
401,6.01E-05,0.000117145,6.30E-14,2.23E-67,8.06E-99,3.85E-110,6.36E-77,4.51E-97,3.43E-68
402,3.88E-05,0.000145905,9.66E-14,1.14E-66,5.85E-98,2.21E-109,1.67E-76,1.34E-96,6.10E-68
403,2.48E-05,0.000180906,1.48E-13,5.73E-66,4.21E-97,1.26E-108,4.40E-76,3.99E-96,1.08E-67
404,1.56E-05,0.000223289,2.25E-13,2.87E-65,3.01E-96,7.13E-108,1.15E-75,1.18E-95,1.92E-67
405,9.64E-06,0.000274357,3.42E-13,1.42E-64,2.13E-95,4.01E-107,3.00E-75,3.49E-95,3.41E-67
406,5.90E-06,0.000335582,5.17E-13,7.00E-64,1.49E-94,2.25E-106,7.82E-75,1.03E-94,6.03E-67
407,3.55E-06,0.000408616,7.80E-13,3.41E-63,1.04E-93,1.25E-105,2.03E-74,3.02E-94,1.07E-66
408,2.11E-06,0.000495298,1.17E-12,1.65E-62,7.14E-93,6.91E-105,5.26E-74,8.85E-94,1.89E-66
409,1.24E-06,0.000597657,1.75E-12,7.89E-62,4.87E-92,3.79E-104,1.36E-73,2.59E-93,3.33E-66
410,7.17E-07,0.000717913,2.62E-12,3.74E-61,3.30E-91,2.07E-103,3.50E-73,7.53E-93,5.87E-66
411,4.09E-07,0.00085847,3.89E-12,1.76E-60,2.21E-90,1.12E-102,8.99E-73,2.19E-92,1.03E-65
412,2.30E-07,0.00102191,5.77E-12,8.20E-60,1.47E-89,6.06E-102,2.30E-72,6.34E-92,1.82E-65
413,1.28E-07,0.001210972,8.52E-12,3.79E-59,9.69E-89,3.25E-101,5.88E-72,1.83E-91,3.20E-65
414,6.98E-08,0.001428532,1.25E-11,1.74E-58,6.33E-88,1.73E-100,1.50E-71,5.28E-91,5.61E-65
415,3.77E-08,0.001677567,1.84E-11,7.88E-58,4.09E-87,9.16E-100,3.81E-71,1.52E-90,9.83E-65
416,2.00E-08,0.001961118,2.69E-11,3.54E-57,2.63E-86,4.82E-99,9.65E-71,4.35E-90,1.72E-64
417,1.05E-08,0.002282242,3.92E-11,1.58E-56,1.67E-85,2.52E-98,2.44E-70,1.24E-89,3.01E-64
418,5.45E-09,0.002643953,5.68E-11,6.99E-56,1.05E-84,1.31E-97,6.14E-70,3.54E-89,5.27E-64
419,2.78E-09,0.003049158,8.22E-11,3.06E-55,6.58E-84,6.77E-97,1.54E-69,1.01E-88,9.19E-64
420,1.40E-09,0.003500581,1.18E-10,1.33E-54,4.07E-83,3.47E-96,3.87E-69,2.85E-88,1.60E-63
421,6.95E-10,0.004000686,1.70E-10,5.72E-54,2.50E-82,1.77E-95,9.67E-69,8.07E-88,2.79E-63
422,3.40E-10,0.004551588,2.44E-10,2.44E-53,1.52E-81,8.99E-95,2.41E-68,2.27E-87,4.86E-63
423,1.64E-10,0.005154962,3.48E-10,1.03E-52,9.17E-81,4.53E-94,5.99E-68,6.40E-87,8.44E-63
424,7.83E-11,0.005811953,4.94E-10,4.32E-52,5.48E-80,2.27E-93,1.48E-67,1.79E-86,1.47E-62
425,3.68E-11,0.006523082,7.00E-10,1.80E-51,3.25E-79,1.13E-92,3.67E-67,5.01E-86,2.54E-62
426,1.70E-11,0.007288155,9.88E-10,7.39E-51,1.91E-78,5.59E-92,9.05E-67,1.40E-85,4.40E-62
427,7.79E-12,0.008106185,1.39E-09,3.02E-50,1.11E-77,2.75E-91,2.22E-66,3.89E-85,7.62E-62
428,3.51E-12,0.008975311,1.95E-09,1.22E-49,6.39E-77,1.34E-90,5.45E-66,1.08E-84,1.32E-61
429,1.56E-12,0.009892739,2.72E-09,4.89E-49,3.66E-76,6.52E-90,1.33E-65,2.98E-84,2.27E-61
430,6.84E-13,0.010854697,3.79E-09,1.94E-48,2.07E-75,3.15E-89,3.25E-65,8.23E-84,3.92E-61
431,2.95E-13,0.011856403,5.26E-09,7.65E-48,1.16E-74,1.51E-88,7.91E-65,2.26E-83,6.76E-61
432,1.26E-13,0.012892059,7.27E-09,2.99E-47,6.48E-74,7.20E-88,1.92E-64,6.21E-83,1.16E-60
433,5.30E-14,0.013954868,1.00E-08,1.16E-46,3.57E-73,3.41E-87,4.64E-64,1.70E-82,2.00E-60
434,2.20E-14,0.015037071,1.38E-08,4.43E-46,1.95E-72,1.61E-86,1.12E-63,4.63E-82,3.43E-60
435,8.98E-15,0.016130018,1.88E-08,1.69E-45,1.06E-71,7.52E-86,2.69E-63,1.26E-81,5.89E-60
436,3.62E-15,0.017224259,2.57E-08,6.35E-45,5.69E-71,3.50E-85,6.45E-63,3.42E-81,1.01E-59
437,1.44E-15,0.018309662,3.49E-08,2.37E-44,3.03E-70,1.62E-84,1.54E-62,9.25E-81,1.73E-59
438,5.65E-16,0.019375558,4.73E-08,8.77E-44,1.60E-69,7.43E-84,3.68E-62,2.50E-80,2.95E-59
439,2.19E-16,0.020410901,6.38E-08,3.22E-43,8.37E-69,3.39E-83,8.76E-62,6.72E-80,5.04E-59
440,8.34E-17,0.021404458,8.58E-08,1.17E-42,4.34E-68,1.54E-82,2.08E-61,1.80E-79,8.60E-59
441,3.14E-17,0.022345001,1.15E-07,4.22E-42,2.23E-67,6.95E-82,4.92E-61,4.83E-79,1.47E-58
442,1.17E-17,0.023221519,1.54E-07,1.51E-41,1.14E-66,3.11E-81,1.16E-60,1.29E-78,2.49E-58
443,4.27E-18,0.024023426,2.04E-07,5.33E-41,5.73E-66,1.39E-80,2.73E-60,3.43E-78,4.24E-58
444,1.54E-18,0.024740779,2.71E-07,1.87E-40,2.87E-65,6.15E-80,6.41E-60,9.10E-78,7.20E-58
445,5.48E-19,0.025364474,3.58E-07,6.51E-40,1.42E-64,2.70E-79,1.50E-59,2.41E-77,1.22E-57
446,1.92E-19,0.025886448,4.72E-07,2.25E-39,7.00E-64,1.18E-78,3.50E-59,6.36E-77,2.07E-57
447,6.66E-20,0.026299843,6.20E-07,7.67E-39,3.41E-63,5.14E-78,8.15E-59,1.67E-76,3.51E-57
448,2.28E-20,0.02659916,8.11E-07,2.60E-38,1.65E-62,2.22E-77,1.89E-58,4.40E-76,5.93E-57
449,7.67E-21,0.026780383,1.06E-06,8.72E-38,7.89E-62,9.54E-77,4.38E-58,1.15E-75,1.00E-56
450,2.55E-21,0.026841065,1.37E-06,2.90E-37,3.74E-61,4.07E-76,1.01E-57,3.00E-75,1.69E-56
451,8.34E-22,0.026780383,1.78E-06,9.57E-37,1.76E-60,1.73E-75,2.33E-57,7.82E-75,2.85E-56
452,2.70E-22,0.02659916,2.29E-06,3.13E-36,8.20E-60,7.28E-75,5.34E-57,2.03E-74,4.79E-56
453,8.59E-23,0.026299843,2.95E-06,1.01E-35,3.79E-59,3.05E-74,1.22E-56,5.26E-74,8.06E-56
454,2.70E-23,0.025886448,3.78E-06,3.26E-35,1.74E-58,1.27E-73,2.79E-56,1.36E-73,1.35E-55
455,8.36E-24,0.025364474,4.82E-06,1.04E-34,7.88E-58,5.25E-73,6.36E-56,3.50E-73,2.27E-55
456,2.56E-24,0.024740779,6.13E-06,3.27E-34,3.54E-57,2.16E-72,1.44E-55,8.99E-73,3.81E-55
457,7.71E-25,0.024023426,7.78E-06,1.02E-33,1.58E-56,8.83E-72,3.27E-55,2.30E-72,6.37E-55
458,2.29E-25,0.023221519,9.83E-06,3.17E-33,6.99E-56,3.59E-71,7.38E-55,5.88E-72,1.07E-54
459,6.72E-26,0.022345001,1.24E-05,9.74E-33,3.06E-55,1.45E-70,1.66E-54,1.50E-71,1.78E-54
460,1.94E-26,0.021404458,1.55E-05,2.96E-32,1.33E-54,5.81E-70,3.73E-54,3.81E-71,2.97E-54
461,5.54E-27,0.020410901,1.94E-05,8.95E-32,5.72E-54,2.32E-69,8.36E-54,9.65E-71,4.95E-54
462,1.56E-27,0.019375558,2.42E-05,2.68E-31,2.44E-53,9.18E-69,1.87E-53,2.44E-70,8.25E-54
463,4.32E-28,0.018309662,3.01E-05,7.93E-31,1.03E-52,3.62E-68,4.16E-53,6.14E-70,1.37E-53
464,1.18E-28,0.017224259,3.72E-05,2.33E-30,4.32E-52,1.42E-67,9.25E-53,1.54E-69,2.28E-53
465,3.19E-29,0.016130018,4.59E-05,6.79E-30,1.80E-51,5.51E-67,2.05E-52,3.87E-69,3.78E-53
466,8.49E-30,0.015037071,5.64E-05,1.96E-29,7.39E-51,2.13E-66,4.53E-52,9.67E-69,6.27E-53
467,2.23E-30,0.013954868,6.90E-05,5.61E-29,3.02E-50,8.18E-66,9.97E-52,2.41E-68,1.04E-52
468,5.77E-31,0.012892059,8.43E-05,1.59E-28,1.22E-49,3.13E-65,2.19E-51,5.99E-68,1.72E-52
469,1.47E-31,0.011856403,0.000102502,4.47E-28,4.89E-49,1.19E-64,4.80E-51,1.48E-67,2.84E-52
470,3.71E-32,0.010854697,0.000124242,1.25E-27,1.94E-48,4.48E-64,1.05E-50,3.67E-67,4.68E-52
471,9.20E-33,0.009892739,0.000150072,3.44E-27,7.65E-48,1.68E-63,2.29E-50,9.05E-67,7.72E-52
472,2.25E-33,0.008975311,0.000180644,9.42E-27,2.99E-47,6.25E-63,4.97E-50,2.22E-66,1.27E-51
473,5.44E-34,0.008106185,0.000216693,2.56E-26,1.16E-46,2.32E-62,1.08E-49,5.45E-66,2.09E-51
474,1.30E-34,0.007288155,0.000259036,6.88E-26,4.43E-46,8.52E-62,2.33E-49,1.33E-65,3.44E-51
475,3.04E-35,0.006523082,0.000308582,1.83E-25,1.69E-45,3.12E-61,5.02E-49,3.25E-65,5.64E-51
476,7.05E-36,0.005811953,0.000366332,4.84E-25,6.35E-45,1.13E-60,1.08E-48,7.91E-65,9.25E-51
477,1.61E-36,0.005154962,0.000433386,1.27E-24,2.37E-44,4.10E-60,2.31E-48,1.92E-64,1.51E-50
478,3.63E-37,0.004551588,0.00051094,3.29E-24,8.77E-44,1.47E-59,4.95E-48,4.64E-64,2.48E-50
479,8.06E-38,0.004000686,0.000600287,8.47E-24,3.22E-43,5.25E-59,1.06E-47,1.12E-63,4.05E-50
480,1.77E-38,0.003500581,0.000702819,2.16E-23,1.17E-42,1.86E-58,2.24E-47,2.69E-63,6.61E-50
481,3.82E-39,0.003049158,0.000820017,5.46E-23,4.22E-42,6.57E-58,4.76E-47,6.45E-63,1.08E-49
482,8.14E-40,0.002643953,0.000953447,1.37E-22,1.51E-41,2.30E-57,1.01E-46,1.54E-62,1.76E-49
483,1.71E-40,0.002282242,0.001104754,3.39E-22,5.33E-41,8.01E-57,2.12E-46,3.68E-62,2.86E-49
484,3.55E-41,0.001961118,0.001275643,8.35E-22,1.87E-40,2.77E-56,4.46E-46,8.76E-62,4.64E-49
485,7.25E-42,0.001677567,0.001467871,2.04E-21,6.51E-40,9.53E-56,9.36E-46,2.08E-61,7.54E-49
486,1.46E-42,0.001428532,0.001683221,4.92E-21,2.25E-39,3.26E-55,1.96E-45,4.92E-61,1.22E-48
487,2.91E-43,0.001210972,0.001923488,1.18E-20,7.67E-39,1.11E-54,4.08E-45,1.16E-60,1.98E-48
488,5.71E-44,0.00102191,0.002190446,2.80E-20,2.60E-38,3.74E-54,8.50E-45,2.73E-60,3.20E-48
489,1.10E-44,0.00085847,0.002485825,6.60E-20,8.72E-38,1.25E-53,1.76E-44,6.41E-60,5.18E-48
490,2.11E-45,0.000717913,0.002811276,1.54E-19,2.90E-37,4.18E-53,3.65E-44,1.50E-59,8.36E-48
491,3.96E-46,0.000597657,0.003168335,3.56E-19,9.57E-37,1.39E-52,7.53E-44,3.50E-59,1.35E-47
492,7.35E-47,0.000495298,0.003558391,8.16E-19,3.13E-36,4.57E-52,1.55E-43,8.15E-59,2.17E-47
493,1.35E-47,0.000408616,0.00398264,1.85E-18,1.01E-35,1.50E-51,3.18E-43,1.89E-58,3.50E-47
494,2.43E-48,0.000335582,0.004442048,4.18E-18,3.26E-35,4.87E-51,6.50E-43,4.38E-58,5.62E-47
495,4.32E-49,0.000274357,0.004937309,9.32E-18,1.04E-34,1.57E-50,1.33E-42,1.01E-57,9.02E-47
496,7.59E-50,0.000223289,0.005468802,2.06E-17,3.27E-34,5.06E-50,2.70E-42,2.33E-57,1.45E-46
497,1.31E-50,0.000180906,0.006036553,4.52E-17,1.02E-33,1.62E-49,5.48E-42,5.34E-57,2.32E-46
498,2.24E-51,0.000145905,0.006640192,9.83E-17,3.17E-33,5.13E-49,1.11E-41,1.22E-56,3.71E-46
499,3.78E-52,0.000117145,0.007278923,2.12E-16,9.74E-33,1.62E-48,2.24E-41,2.79E-56,5.93E-46
500,6.28E-53,9.36E-05,0.007951488,4.52E-16,2.96E-32,5.08E-48,4.51E-41,6.36E-56,9.47E-46
501,1.03E-53,7.45E-05,0.008656147,9.57E-16,8.95E-32,1.58E-47,9.05E-41,1.44E-55,1.51E-45
502,1.66E-54,5.90E-05,0.009390649,2.01E-15,2.68E-31,4.90E-47,1.81E-40,3.27E-55,2.41E-45
503,2.65E-55,4.65E-05,0.010152231,4.17E-15,7.93E-31,1.51E-46,3.62E-40,7.38E-55,3.83E-45
504,4.16E-56,3.65E-05,0.010937605,8.60E-15,2.33E-30,4.62E-46,7.20E-40,1.66E-54,6.09E-45
505,6.44E-57,2.85E-05,0.011742966,1.76E-14,6.79E-30,1.40E-45,1.43E-39,3.73E-54,9.68E-45
506,9.85E-58,2.22E-05,0.012564009,3.56E-14,1.96E-29,4.24E-45,2.83E-39,8.36E-54,1.54E-44
507,1.48E-58,1.72E-05,0.01339595,7.14E-14,5.61E-29,1.27E-44,5.59E-39,1.87E-53,2.43E-44
508,2.21E-59,1.32E-05,0.014233563,1.42E-13,1.59E-28,3.80E-44,1.10E-38,4.16E-53,3.85E-44
509,3.23E-60,1.02E-05,0.015071227,2.80E-13,4.47E-28,1.13E-43,2.16E-38,9.25E-53,6.09E-44
510,4.68E-61,7.77E-06,0.015902977,5.47E-13,1.25E-27,3.33E-43,4.24E-38,2.05E-52,9.62E-44
511,6.67E-62,5.91E-06,0.016722573,1.06E-12,3.44E-27,9.75E-43,8.28E-38,4.53E-52,1.52E-43
512,9.38E-63,4.47E-06,0.017523572,2.03E-12,9.42E-27,2.84E-42,1.61E-37,9.97E-52,2.39E-43
513,1.30E-63,3.37E-06,0.018299406,3.87E-12,2.56E-26,8.22E-42,3.13E-37,2.19E-51,3.76E-43
514,1.78E-64,2.53E-06,0.019043476,7.29E-12,6.88E-26,2.37E-41,6.07E-37,4.80E-51,5.92E-43
515,2.40E-65,1.89E-06,0.019749236,1.36E-11,1.83E-25,6.76E-41,1.17E-36,1.05E-50,9.30E-43
516,3.19E-66,1.40E-06,0.020410292,2.53E-11,4.84E-25,1.92E-40,2.26E-36,2.29E-50,1.46E-42
517,4.19E-67,1.04E-06,0.021020498,4.64E-11,1.27E-24,5.43E-40,4.34E-36,4.97E-50,2.29E-42
518,5.42E-68,7.65E-07,0.021574047,8.44E-11,3.29E-24,1.52E-39,8.32E-36,1.08E-49,3.58E-42
519,6.92E-69,5.61E-07,0.022065567,1.52E-10,8.47E-24,4.25E-39,1.59E-35,2.33E-49,5.60E-42
520,8.71E-70,4.10E-07,0.022490206,2.72E-10,2.16E-23,1.18E-38,3.03E-35,5.02E-49,8.74E-42
521,1.08E-70,2.98E-07,0.022843708,4.83E-10,5.46E-23,3.25E-38,5.76E-35,1.08E-48,1.36E-41
522,1.32E-71,2.15E-07,0.023122491,8.48E-10,1.37E-22,8.89E-38,1.09E-34,2.31E-48,2.13E-41
523,1.60E-72,1.55E-07,0.023323703,1.48E-09,3.39E-22,2.42E-37,2.06E-34,4.95E-48,3.31E-41
524,1.90E-73,1.11E-07,0.023445269,2.55E-09,8.35E-22,6.54E-37,3.89E-34,1.06E-47,5.15E-41
525,2.24E-74,7.94E-08,0.023485932,4.36E-09,2.04E-21,1.76E-36,7.31E-34,2.24E-47,8.00E-41
526,2.59E-75,5.64E-08,0.023445269,7.39E-09,4.92E-21,4.70E-36,1.37E-33,4.76E-47,1.24E-40
527,2.96E-76,3.99E-08,0.023323703,1.24E-08,1.18E-20,1.25E-35,2.56E-33,1.01E-46,1.92E-40
528,3.33E-77,2.81E-08,0.023122491,2.07E-08,2.80E-20,3.29E-35,4.78E-33,2.12E-46,2.98E-40
529,3.70E-78,1.97E-08,0.022843708,3.41E-08,6.60E-20,8.64E-35,8.88E-33,4.46E-46,4.61E-40
530,4.06E-79,1.37E-08,0.022490206,5.58E-08,1.54E-19,2.25E-34,1.65E-32,9.36E-46,7.12E-40
531,4.38E-80,9.54E-09,0.022065567,9.06E-08,3.56E-19,5.83E-34,3.05E-32,1.96E-45,1.10E-39
532,4.67E-81,6.60E-09,0.021574047,1.46E-07,8.16E-19,1.50E-33,5.62E-32,4.08E-45,1.69E-39
533,4.91E-82,4.54E-09,0.021020498,2.32E-07,1.85E-18,3.84E-33,1.03E-31,8.50E-45,2.61E-39
534,5.09E-83,3.11E-09,0.020410292,3.66E-07,4.18E-18,9.77E-33,1.89E-31,1.76E-44,4.01E-39
535,5.21E-84,2.12E-09,0.019749236,5.73E-07,9.32E-18,2.47E-32,3.46E-31,3.65E-44,6.17E-39
536,5.25E-85,1.44E-09,0.019043476,8.90E-07,2.06E-17,6.21E-32,6.32E-31,7.53E-44,9.47E-39
537,5.22E-86,9.75E-10,0.018299406,1.37E-06,4.52E-17,1.55E-31,1.15E-30,1.55E-43,1.45E-38
538,5.12E-87,6.56E-10,0.017523572,2.08E-06,9.83E-17,3.84E-31,2.09E-30,3.18E-43,2.22E-38
539,4.95E-88,4.39E-10,0.016722573,3.15E-06,2.12E-16,9.48E-31,3.77E-30,6.50E-43,3.40E-38
540,4.72E-89,2.93E-10,0.015902977,4.72E-06,4.52E-16,2.32E-30,6.81E-30,1.33E-42,5.20E-38
541,4.44E-90,1.95E-10,0.015071227,7.00E-06,9.57E-16,5.66E-30,1.22E-29,2.70E-42,7.93E-38
542,4.12E-91,1.29E-10,0.014233563,1.03E-05,2.01E-15,1.37E-29,2.20E-29,5.48E-42,1.21E-37
543,3.77E-92,8.46E-11,0.01339595,1.50E-05,4.17E-15,3.30E-29,3.93E-29,1.11E-41,1.84E-37
544,3.40E-93,5.54E-11,0.012564009,2.17E-05,8.60E-15,7.88E-29,7.02E-29,2.24E-41,2.80E-37
545,3.03E-94,3.61E-11,0.011742966,3.11E-05,1.76E-14,1.87E-28,1.25E-28,4.51E-41,4.26E-37
546,2.66E-95,2.34E-11,0.010937605,4.41E-05,3.56E-14,4.43E-28,2.22E-28,9.05E-41,6.47E-37
547,2.30E-96,1.51E-11,0.010152231,6.21E-05,7.14E-14,1.04E-27,3.92E-28,1.81E-40,9.81E-37
548,1.97E-97,9.74E-12,0.009390649,8.66E-05,1.42E-13,2.42E-27,6.93E-28,3.62E-40,1.49E-36
549,1.66E-98,6.24E-12,0.008656147,0.000119692,2.80E-13,5.62E-27,1.22E-27,7.20E-40,2.25E-36
550,1.37E-99,3.97E-12,0.007951488,0.000164003,5.47E-13,1.30E-26,2.14E-27,1.43E-39,3.40E-36
551,1.13E-100,2.52E-12,0.007278923,0.000222734,1.06E-12,2.97E-26,3.75E-27,2.83E-39,5.13E-36
552,9.09E-102,1.59E-12,0.006640192,0.000299826,2.03E-12,6.75E-26,6.54E-27,5.59E-39,7.74E-36
553,7.24E-103,1.00E-12,0.006036553,0.000400035,3.87E-12,1.53E-25,1.14E-26,1.10E-38,1.17E-35
554,5.69E-104,6.27E-13,0.005468802,0.000529021,7.29E-12,3.43E-25,1.98E-26,2.16E-38,1.75E-35
555,4.41E-105,3.91E-13,0.004937309,0.000693418,1.36E-11,7.67E-25,3.42E-26,4.24E-38,2.64E-35
556,3.37E-106,2.42E-13,0.004442048,0.000900874,2.53E-11,1.70E-24,5.91E-26,8.28E-38,3.96E-35
557,2.54E-107,1.50E-13,0.00398264,0.001160058,4.64E-11,3.76E-24,1.02E-25,1.61E-37,5.94E-35
558,1.89E-108,9.20E-14,0.003558391,0.001480615,8.44E-11,8.25E-24,1.75E-25,3.13E-37,8.89E-35
559,1.38E-109,5.63E-14,0.003168335,0.00187306,1.52E-10,1.80E-23,3.00E-25,6.07E-37,1.33E-34
560,1.00E-110,3.43E-14,0.002811276,0.002348593,2.72E-10,3.90E-23,5.12E-25,1.17E-36,1.99E-34
561,7.13E-112,2.08E-14,0.002485825,0.002918843,4.83E-10,8.40E-23,8.72E-25,2.26E-36,2.97E-34
562,5.01E-113,1.25E-14,0.002190446,0.003595511,8.48E-10,1.80E-22,1.48E-24,4.34E-36,4.43E-34
563,3.48E-114,7.54E-15,0.001923488,0.004389927,1.48E-09,3.82E-22,2.51E-24,8.32E-36,6.60E-34
564,2.38E-115,4.51E-15,0.001683221,0.005312522,2.55E-09,8.08E-22,4.24E-24,1.59E-35,9.83E-34
565,1.60E-116,2.69E-15,0.001467871,0.006372223,4.36E-09,1.70E-21,7.14E-24,3.03E-35,1.46E-33
566,1.07E-117,1.59E-15,0.001275643,0.007575793,7.39E-09,3.54E-21,1.20E-23,5.76E-35,2.17E-33
567,7.00E-119,9.40E-16,0.001104754,0.008927133,1.24E-08,7.36E-21,2.01E-23,1.09E-34,3.22E-33
568,4.53E-120,5.52E-16,0.000953447,0.0104266,2.07E-08,1.52E-20,3.36E-23,2.06E-34,4.77E-33
569,2.89E-121,3.23E-16,0.000820017,0.01207036,3.41E-08,3.11E-20,5.60E-23,3.89E-34,7.06E-33
570,1.82E-122,1.88E-16,0.000702819,0.013849835,5.58E-08,6.34E-20,9.30E-23,7.31E-34,1.04E-32
571,1.13E-123,1.09E-16,0.000600287,0.015751276,9.06E-08,1.28E-19,1.54E-22,1.37E-33,1.54E-32
572,6.91E-125,6.29E-17,0.00051094,0.017755534,1.46E-07,2.58E-19,2.55E-22,2.56E-33,2.27E-32
573,4.17E-126,3.61E-17,0.000433386,0.01983803,2.32E-07,5.16E-19,4.20E-22,4.78E-33,3.35E-32
574,2.48E-127,2.06E-17,0.000366332,0.021968993,3.66E-07,1.03E-18,6.90E-22,8.88E-33,4.93E-32
575,1.46E-128,1.18E-17,0.000308582,0.024113963,5.73E-07,2.03E-18,1.13E-21,1.65E-32,7.25E-32
576,8.45E-130,6.66E-18,0.000259036,0.026234563,8.90E-07,3.98E-18,1.85E-21,3.05E-32,1.07E-31
577,4.82E-131,3.76E-18,0.000216693,0.028289541,1.37E-06,7.77E-18,3.02E-21,5.62E-32,1.56E-31
578,2.72E-132,2.11E-18,0.000180644,0.03023603,2.08E-06,1.51E-17,4.90E-21,1.03E-31,2.29E-31
579,1.51E-133,1.18E-18,0.000150072,0.032030998,3.15E-06,2.90E-17,7.95E-21,1.89E-31,3.35E-31
580,8.27E-135,6.56E-19,0.000124242,0.033632797,4.72E-06,5.56E-17,1.29E-20,3.46E-31,4.91E-31
581,4.47E-136,3.63E-19,0.000102502,0.035002762,7.00E-06,1.06E-16,2.07E-20,6.32E-31,7.17E-31
582,2.38E-137,2.00E-19,8.43E-05,0.036106755,1.03E-05,2.00E-16,3.33E-20,1.15E-30,1.05E-30
583,1.25E-138,1.10E-19,6.90E-05,0.036916576,1.50E-05,3.77E-16,5.35E-20,2.09E-30,1.52E-30
584,6.49E-140,6.01E-20,5.64E-05,0.037411161,2.17E-05,7.04E-16,8.55E-20,3.77E-30,2.22E-30
585,3.32E-141,3.27E-20,4.59E-05,0.037577491,3.11E-05,1.31E-15,1.36E-19,6.81E-30,3.23E-30
586,1.67E-142,1.77E-20,3.72E-05,0.037411161,4.41E-05,2.41E-15,2.17E-19,1.22E-29,4.69E-30
587,8.31E-144,9.54E-21,3.01E-05,0.036916576,6.21E-05,4.43E-15,3.44E-19,2.20E-29,6.80E-30
588,4.08E-145,5.12E-21,2.42E-05,0.036106755,8.66E-05,8.08E-15,5.45E-19,3.93E-29,9.86E-30
589,1.97E-146,2.74E-21,1.94E-05,0.035002762,0.000119692,1.46E-14,8.59E-19,7.02E-29,1.43E-29
590,9.40E-148,1.46E-21,1.55E-05,0.033632797,0.000164003,2.64E-14,1.35E-18,1.25E-28,2.07E-29
591,4.42E-149,7.70E-22,1.24E-05,0.032030998,0.000222734,4.72E-14,2.12E-18,2.22E-28,2.98E-29
592,2.05E-150,4.06E-22,9.83E-06,0.03023603,0.000299826,8.40E-14,3.32E-18,3.92E-28,4.31E-29
593,9.39E-152,2.13E-22,7.78E-06,0.028289541,0.000400035,1.48E-13,5.18E-18,6.93E-28,6.21E-29
594,4.24E-153,1.11E-22,6.13E-06,0.026234563,0.000529021,2.61E-13,8.06E-18,1.22E-27,8.94E-29
595,1.89E-154,5.78E-23,4.82E-06,0.024113963,0.000693418,4.56E-13,1.25E-17,2.14E-27,1.29E-28
596,8.27E-156,2.99E-23,3.78E-06,0.021968993,0.000900874,7.91E-13,1.94E-17,3.75E-27,1.85E-28
597,3.58E-157,1.54E-23,2.95E-06,0.01983803,0.001160058,1.36E-12,2.99E-17,6.54E-27,2.65E-28
598,1.53E-158,7.91E-24,2.29E-06,0.017755534,0.001480615,2.34E-12,4.60E-17,1.14E-26,3.80E-28
599,6.44E-160,4.04E-24,1.78E-06,0.015751276,0.00187306,3.99E-12,7.06E-17,1.98E-26,5.44E-28
600,2.67E-161,2.05E-24,1.37E-06,0.013849835,0.002348593,6.75E-12,1.08E-16,3.42E-26,7.79E-28
601,1.09E-162,1.04E-24,1.06E-06,0.01207036,0.002918843,1.14E-11,1.65E-16,5.91E-26,1.11E-27
602,4.42E-164,5.23E-25,8.11E-07,0.0104266,0.003595511,1.90E-11,2.51E-16,1.02E-25,1.59E-27
603,1.76E-165,2.62E-25,6.20E-07,0.008927133,0.004389927,3.16E-11,3.81E-16,1.75E-25,2.27E-27
604,6.92E-167,1.31E-25,4.72E-07,0.007575793,0.005312522,5.22E-11,5.78E-16,3.00E-25,3.23E-27
605,2.68E-168,6.51E-26,3.58E-07,0.006372223,0.006372223,8.57E-11,8.72E-16,5.12E-25,4.59E-27
606,1.02E-169,3.22E-26,2.71E-07,0.005312522,0.007575793,1.40E-10,1.31E-15,8.72E-25,6.52E-27
607,3.86E-171,1.58E-26,2.04E-07,0.004389927,0.008927133,2.27E-10,1.97E-15,1.48E-24,9.26E-27
608,1.43E-172,7.77E-27,1.54E-07,0.003595511,0.0104266,3.66E-10,2.95E-15,2.51E-24,1.31E-26
609,5.25E-174,3.79E-27,1.15E-07,0.002918843,0.01207036,5.86E-10,4.41E-15,4.24E-24,1.86E-26
610,1.90E-175,1.84E-27,8.58E-08,0.002348593,0.013849835,9.33E-10,6.57E-15,7.14E-24,2.63E-26
611,6.77E-177,8.90E-28,6.38E-08,0.00187306,0.015751276,1.48E-09,9.76E-15,1.20E-23,3.72E-26
612,2.38E-178,4.29E-28,4.73E-08,0.001480615,0.017755534,2.32E-09,1.45E-14,2.01E-23,5.25E-26
613,8.25E-180,2.05E-28,3.49E-08,0.001160058,0.01983803,3.63E-09,2.14E-14,3.36E-23,7.40E-26
614,2.82E-181,9.80E-29,2.57E-08,0.000900874,0.021968993,5.64E-09,3.15E-14,5.60E-23,1.04E-25
615,9.52E-183,4.65E-29,1.88E-08,0.000693418,0.024113963,8.71E-09,4.62E-14,9.30E-23,1.47E-25
616,3.17E-184,2.20E-29,1.38E-08,0.000529021,0.026234563,1.34E-08,6.77E-14,1.54E-22,2.06E-25
617,1.04E-185,1.04E-29,1.00E-08,0.000400035,0.028289541,2.04E-08,9.90E-14,2.55E-22,2.90E-25
618,3.36E-187,4.85E-30,7.27E-09,0.000299826,0.03023603,3.09E-08,1.44E-13,4.20E-22,4.06E-25
619,1.07E-188,2.26E-30,5.26E-09,0.000222734,0.032030998,4.65E-08,2.10E-13,6.90E-22,5.69E-25
620,3.37E-190,1.05E-30,3.79E-09,0.000164003,0.033632797,6.97E-08,3.04E-13,1.13E-21,7.96E-25
621,1.05E-191,4.86E-31,2.72E-09,0.000119692,0.035002762,1.04E-07,4.39E-13,1.85E-21,1.11E-24
622,3.20E-193,2.23E-31,1.95E-09,8.66E-05,0.036106755,1.53E-07,6.33E-13,3.02E-21,1.55E-24
623,9.67E-195,1.02E-31,1.39E-09,6.21E-05,0.036916576,2.25E-07,9.10E-13,4.90E-21,2.17E-24
624,2.88E-196,4.66E-32,9.88E-10,4.41E-05,0.037411161,3.29E-07,1.30E-12,7.95E-21,3.02E-24
625,8.45E-198,2.12E-32,7.00E-10,3.11E-05,0.037577491,4.78E-07,1.86E-12,1.29E-20,4.20E-24
626,2.45E-199,9.57E-33,4.94E-10,2.17E-05,0.037411161,6.89E-07,2.66E-12,2.07E-20,5.85E-24
627,6.99E-201,4.30E-33,3.48E-10,1.50E-05,0.036916576,9.89E-07,3.78E-12,3.33E-20,8.12E-24
628,1.97E-202,1.93E-33,2.44E-10,1.03E-05,0.036106755,1.41E-06,5.36E-12,5.35E-20,1.13E-23
629,5.47E-204,8.59E-34,1.70E-10,7.00E-06,0.035002762,2.00E-06,7.57E-12,8.55E-20,1.56E-23
630,1.50E-205,3.81E-34,1.18E-10,4.72E-06,0.033632797,2.81E-06,1.07E-11,1.36E-19,2.16E-23
631,4.05E-207,1.68E-34,8.22E-11,3.15E-06,0.032030998,3.93E-06,1.50E-11,2.17E-19,2.99E-23
632,1.08E-208,7.40E-35,5.68E-11,2.08E-06,0.03023603,5.46E-06,2.11E-11,3.44E-19,4.12E-23
633,2.83E-210,3.24E-35,3.92E-11,1.37E-06,0.028289541,7.55E-06,2.95E-11,5.45E-19,5.69E-23
634,7.34E-212,1.41E-35,2.69E-11,8.90E-07,0.026234563,1.04E-05,4.11E-11,8.59E-19,7.84E-23
635,1.88E-213,6.13E-36,1.84E-11,5.73E-07,0.024113963,1.42E-05,5.72E-11,1.35E-18,1.08E-22
636,4.73E-215,2.65E-36,1.25E-11,3.66E-07,0.021968993,1.92E-05,7.93E-11,2.12E-18,1.48E-22
637,1.18E-216,1.14E-36,8.52E-12,2.32E-07,0.01983803,2.59E-05,1.10E-10,3.32E-18,2.04E-22
638,2.88E-218,4.87E-37,5.77E-12,1.46E-07,0.017755534,3.47E-05,1.51E-10,5.18E-18,2.80E-22
639,6.97E-220,2.07E-37,3.89E-12,9.06E-08,0.015751276,4.62E-05,2.08E-10,8.06E-18,3.83E-22
640,1.66E-221,8.79E-38,2.62E-12,5.58E-08,0.013849835,6.12E-05,2.86E-10,1.25E-17,5.25E-22
641,3.91E-223,3.71E-38,1.75E-12,3.41E-08,0.01207036,8.05E-05,3.91E-10,1.94E-17,7.17E-22
642,9.07E-225,1.56E-38,1.17E-12,2.07E-08,0.0104266,0.000105184,5.33E-10,2.99E-17,9.80E-22
643,2.08E-226,6.53E-39,7.80E-13,1.24E-08,0.008927133,0.000136669,7.26E-10,4.60E-17,1.34E-21
644,4.68E-228,2.72E-39,5.17E-13,7.39E-09,0.007575793,0.000176489,9.85E-10,7.06E-17,1.82E-21
645,1.04E-229,1.13E-39,3.42E-13,4.36E-09,0.006372223,0.000226511,1.33E-09,1.08E-16,2.48E-21
646,2.29E-231,4.65E-40,2.25E-13,2.55E-09,0.005312522,0.000288924,1.80E-09,1.65E-16,3.37E-21
647,4.95E-233,1.91E-40,1.48E-13,1.48E-09,0.004389927,0.000366271,2.42E-09,2.51E-16,4.58E-21
648,1.06E-234,7.82E-41,9.66E-14,8.48E-10,0.003595511,0.000461473,3.25E-09,3.81E-16,6.22E-21
649,2.22E-236,3.18E-41,6.30E-14,4.83E-10,0.002918843,0.000577848,4.35E-09,5.78E-16,8.43E-21
650,4.62E-238,1.29E-41,4.09E-14,2.72E-10,0.002348593,0.000719127,5.81E-09,8.72E-16,1.14E-20
651,9.45E-240,5.21E-42,2.65E-14,1.52E-10,0.00187306,0.00088945,7.73E-09,1.31E-15,1.54E-20
652,1.91E-241,2.09E-42,1.71E-14,8.44E-11,0.001480615,0.001093355,1.03E-08,1.97E-15,2.09E-20
653,3.80E-243,8.36E-43,1.10E-14,4.64E-11,0.001160058,0.001335751,1.36E-08,2.95E-15,2.81E-20
654,7.47E-245,3.33E-43,7.03E-15,2.53E-11,0.000900874,0.001621862,1.79E-08,4.41E-15,3.79E-20
655,1.45E-246,1.32E-43,4.49E-15,1.36E-11,0.000693418,0.001957161,2.36E-08,6.57E-15,5.11E-20
656,2.76E-248,5.20E-44,2.86E-15,7.29E-12,0.000529021,0.002347271,3.10E-08,9.76E-15,6.87E-20
657,5.21E-250,2.04E-44,1.81E-15,3.87E-12,0.000400035,0.002797849,4.06E-08,1.45E-14,9.23E-20
658,9.67E-252,7.98E-45,1.14E-15,2.03E-12,0.000299826,0.003314434,5.31E-08,2.14E-14,1.24E-19
659,1.77E-253,3.11E-45,7.20E-16,1.06E-12,0.000222734,0.003902282,6.91E-08,3.15E-14,1.66E-19
660,3.20E-255,1.20E-45,4.52E-16,5.47E-13,0.000164003,0.00456617,8.98E-08,4.62E-14,2.22E-19
661,5.71E-257,4.64E-46,2.83E-16,2.80E-13,0.000119692,0.005310186,1.16E-07,6.77E-14,2.98E-19
662,1.00E-258,1.78E-46,1.76E-16,1.42E-13,8.66E-05,0.006137501,1.50E-07,9.90E-14,3.98E-19
663,1.74E-260,6.81E-47,1.09E-16,7.14E-14,6.21E-05,0.007050137,1.94E-07,1.44E-13,5.31E-19
664,2.98E-262,2.59E-47,6.77E-17,3.56E-14,4.41E-05,0.008048737,2.49E-07,2.10E-13,7.08E-19
665,5.02E-264,9.81E-48,4.17E-17,1.76E-14,3.11E-05,0.009132341,3.19E-07,3.04E-13,9.43E-19
666,8.34E-266,3.70E-48,2.56E-17,8.60E-15,2.17E-05,0.010298184,4.07E-07,4.39E-13,1.25E-18
667,1.37E-267,1.39E-48,1.57E-17,4.17E-15,1.50E-05,0.011541529,5.19E-07,6.33E-13,1.67E-18
668,2.21E-269,5.19E-49,9.58E-18,2.01E-15,1.03E-05,0.012855537,6.59E-07,9.10E-13,2.21E-18
669,3.53E-271,1.93E-49,5.83E-18,9.57E-16,7.00E-06,0.014231193,8.35E-07,1.30E-12,2.93E-18
670,5.56E-273,7.14E-50,3.53E-18,4.52E-16,4.72E-06,0.015657288,1.06E-06,1.86E-12,3.89E-18
671,8.62E-275,2.63E-50,2.13E-18,2.12E-16,3.15E-06,0.017120481,1.33E-06,2.66E-12,5.14E-18
672,1.32E-276,9.66E-51,1.28E-18,9.83E-17,2.08E-06,0.018605424,1.67E-06,3.78E-12,6.79E-18
673,1.99E-278,3.53E-51,7.70E-19,4.52E-17,1.37E-06,0.020094969,2.10E-06,5.36E-12,8.97E-18
674,2.96E-280,1.28E-51,4.60E-19,2.06E-17,8.90E-07,0.021570454,2.62E-06,7.57E-12,1.18E-17
675,4.35E-282,4.64E-52,2.74E-19,9.32E-18,5.73E-07,0.023012056,3.27E-06,1.07E-11,1.56E-17
676,6.30E-284,1.67E-52,1.63E-19,4.18E-18,3.66E-07,0.024399208,4.06E-06,1.50E-11,2.05E-17
677,9.00E-286,6.00E-53,9.62E-20,1.85E-18,2.32E-07,0.025711074,5.03E-06,2.11E-11,2.69E-17
678,1.27E-287,2.14E-53,5.67E-20,8.16E-19,1.46E-07,0.026927057,6.22E-06,2.95E-11,3.54E-17
679,1.76E-289,7.61E-54,3.33E-20,3.56E-19,9.06E-08,0.028027331,7.68E-06,4.11E-11,4.64E-17
680,2.41E-291,2.69E-54,1.95E-20,1.54E-19,5.58E-08,0.028993374,9.44E-06,5.72E-11,6.08E-17
681,3.26E-293,9.49E-55,1.14E-20,6.60E-20,3.41E-08,0.029808489,1.16E-05,7.93E-11,7.95E-17
682,4.34E-295,3.33E-55,6.62E-21,2.80E-20,2.07E-08,0.030458277,1.42E-05,1.10E-10,1.04E-16
683,5.70E-297,1.16E-55,3.83E-21,1.18E-20,1.24E-08,0.030931066,1.73E-05,1.51E-10,1.36E-16
684,7.38E-299,4.04E-56,2.21E-21,4.92E-21,7.39E-09,0.031218255,2.10E-05,2.08E-10,1.77E-16
685,9.44E-301,1.40E-56,1.27E-21,2.04E-21,4.36E-09,0.031314576,2.55E-05,2.86E-10,2.31E-16
686,1.19E-302,4.81E-57,7.30E-22,8.35E-22,2.55E-09,0.031218255,3.08E-05,3.91E-10,3.00E-16
687,1.48E-304,1.65E-57,4.17E-22,3.39E-22,1.48E-09,0.030931066,3.72E-05,5.33E-10,3.90E-16
688,1.81E-306,5.63E-58,2.37E-22,1.37E-22,8.48E-10,0.030458277,4.47E-05,7.26E-10,5.07E-16
689,0.00E+00,1.91E-58,1.35E-22,5.46E-23,4.83E-10,0.029808489,5.36E-05,9.85E-10,6.57E-16
690,2.61289666317484e-310,6.47E-59,7.62E-23,2.16E-23,2.72E-10,0.028993374,6.42E-05,1.33E-09,8.52E-16
691,3.072698596536e-312,2.18E-59,4.29E-23,8.47E-24,1.52E-10,0.028027331,7.66E-05,1.80E-09,1.10E-15
692,3.563666791e-314,7.29E-60,2.41E-23,3.29E-24,8.44E-11,0.026927057,9.11E-05,2.42E-09,1.43E-15
693,4.0761825e-316,2.43E-60,1.35E-23,1.27E-24,4.64E-11,0.025711074,0.000108121,3.25E-09,1.84E-15
694,4.59822e-318,8.08E-61,7.53E-24,4.84E-25,2.53E-11,0.024399208,0.000127952,4.35E-09,2.37E-15
695,5.1156e-320,2.67E-61,4.18E-24,1.83E-25,1.36E-11,0.023012056,0.000151007,5.81E-09,3.06E-15
696,5.63e-322,8.80E-62,2.32E-24,6.88E-26,7.29E-12,0.021570454,0.000177729,7.73E-09,3.94E-15
697,5e-324,2.88E-62,1.28E-24,2.56E-26,3.87E-12,0.020094969,0.000208607,1.03E-08,5.06E-15
698,0,9.40E-63,7.03E-25,9.42E-27,2.03E-12,0.018605424,0.000244181,1.36E-08,6.50E-15
699,0,3.05E-63,3.85E-25,3.44E-27,1.06E-12,0.017120481,0.000285039,1.79E-08,8.34E-15
700,0,9.87E-64,2.10E-25,1.25E-27,5.47E-13,0.015657288,0.000331824,2.36E-08,1.07E-14
701,0,3.17E-64,1.15E-25,4.47E-28,2.80E-13,0.014231193,0.000385232,3.10E-08,1.37E-14
702,0,1.02E-64,6.21E-26,1.59E-28,1.42E-13,0.012855537,0.000446013,4.06E-08,1.75E-14
703,0,3.24E-65,3.36E-26,5.61E-29,7.14E-14,0.011541529,0.000514972,5.31E-08,2.24E-14
704,0,1.03E-65,1.81E-26,1.96E-29,3.56E-14,0.010298184,0.000592966,6.91E-08,2.85E-14
705,0,3.25E-66,9.71E-27,6.79E-30,1.76E-14,0.009132341,0.000680906,8.98E-08,3.64E-14
706,0,1.02E-66,5.20E-27,2.33E-30,8.60E-15,0.008048737,0.00077975,1.16E-07,4.63E-14
707,0,3.20E-67,2.77E-27,7.93E-31,4.17E-15,0.007050137,0.000890501,1.50E-07,5.89E-14
708,0,9.99E-68,1.47E-27,2.68E-31,2.01E-15,0.006137501,0.001014201,1.94E-07,7.48E-14
709,0,3.10E-68,7.79E-28,8.95E-32,9.57E-16,0.005310186,0.001151925,2.49E-07,9.49E-14
710,0,9.57E-69,4.11E-28,2.96E-32,4.52E-16,0.00456617,0.001304774,3.19E-07,1.20E-13
711,0,2.94E-69,2.16E-28,9.74E-33,2.12E-16,0.003902282,0.001473863,4.07E-07,1.52E-13
712,0,9.01E-70,1.13E-28,3.17E-33,9.83E-17,0.003314434,0.001660312,5.19E-07,1.93E-13
713,0,2.75E-70,5.91E-29,1.02E-33,4.52E-17,0.002797849,0.001865233,6.59E-07,2.43E-13
714,0,8.33E-71,3.08E-29,3.27E-34,2.06E-17,0.002347271,0.002089715,8.35E-07,3.07E-13
715,0,2.52E-71,1.60E-29,1.04E-34,9.32E-18,0.001957161,0.002334812,1.06E-06,3.87E-13
716,0,7.57E-72,8.24E-30,3.26E-35,4.18E-18,0.001621862,0.002601521,1.33E-06,4.87E-13
717,0,2.26E-72,4.25E-30,1.01E-35,1.85E-18,0.001335751,0.002890771,1.67E-06,6.13E-13
718,0,6.75E-73,2.18E-30,3.13E-36,8.16E-19,0.001093355,0.003203397,2.10E-06,7.70E-13
719,0,2.00E-73,1.11E-30,9.57E-37,3.56E-19,0.00088945,0.003540124,2.62E-06,9.66E-13
720,0,5.91E-74,5.68E-31,2.90E-37,1.54E-19,0.000719127,0.003901549,3.27E-06,1.21E-12
721,0,1.74E-74,2.88E-31,8.72E-38,6.60E-20,0.000577848,0.004288114,4.06E-06,1.52E-12
722,0,5.08E-75,1.46E-31,2.60E-38,2.80E-20,0.000461473,0.004700091,5.03E-06,1.90E-12
723,0,1.48E-75,7.36E-32,7.67E-39,1.18E-20,0.000366271,0.005137562,6.22E-06,2.37E-12
724,0,4.29E-76,3.70E-32,2.25E-39,4.92E-21,0.000288924,0.005600394,7.68E-06,2.96E-12
725,0,1.24E-76,1.85E-32,6.51E-40,2.04E-21,0.000226511,0.006088227,9.44E-06,3.69E-12
726,0,3.56E-77,9.25E-33,1.87E-40,8.35E-22,0.000176489,0.006600454,1.16E-05,4.60E-12
727,0,1.02E-77,4.60E-33,5.33E-41,3.39E-22,0.000136669,0.007136209,1.42E-05,5.72E-12
728,0,2.90E-78,2.28E-33,1.51E-41,1.37E-22,0.000105184,0.007694353,1.73E-05,7.10E-12
729,0,8.21E-79,1.13E-33,4.22E-42,5.46E-23,8.05E-05,0.008273463,2.10E-05,8.82E-12
730,0,2.32E-79,5.54E-34,1.17E-42,2.16E-23,6.12E-05,0.008871832,2.55E-05,1.09E-11
731,0,6.51E-80,2.72E-34,3.22E-43,8.47E-24,4.62E-05,0.009487462,3.08E-05,1.35E-11
732,0,1.82E-80,1.33E-34,8.77E-44,3.29E-24,3.47E-05,0.010118066,3.72E-05,1.68E-11
733,0,5.07E-81,6.48E-35,2.37E-44,1.27E-24,2.59E-05,0.010761077,4.47E-05,2.07E-11
734,0,1.40E-81,3.14E-35,6.35E-45,4.84E-25,1.92E-05,0.011413654,5.36E-05,2.56E-11
735,0,3.88E-82,1.52E-35,1.69E-45,1.83E-25,1.42E-05,0.0120727,6.42E-05,3.15E-11
736,0,1.06E-82,7.34E-36,4.43E-46,6.88E-26,1.04E-05,0.012734881,7.66E-05,3.88E-11
737,0,2.91E-83,3.52E-36,1.16E-46,2.56E-26,7.55E-06,0.013396646,9.11E-05,4.78E-11
738,0,7.92E-84,1.69E-36,2.99E-47,9.42E-27,5.46E-06,0.014054261,0.000108121,5.87E-11
739,0,2.14E-84,8.05E-37,7.65E-48,3.44E-27,3.93E-06,0.014703839,0.000127952,7.21E-11
740,0,5.78E-85,3.83E-37,1.94E-48,1.25E-27,2.81E-06,0.015341371,0.000151007,8.84E-11
741,0,1.55E-85,1.81E-37,4.89E-49,4.47E-28,2.00E-06,0.015962774,0.000177729,1.08E-10
742,0,4.15E-86,8.57E-38,1.22E-49,1.59E-28,1.41E-06,0.016563926,0.000208607,1.33E-10
743,0,1.10E-86,4.03E-38,3.02E-50,5.61E-29,9.89E-07,0.017140716,0.000244181,1.62E-10
744,0,2.92E-87,1.89E-38,7.39E-51,1.96E-29,6.89E-07,0.017689086,0.000285039,1.98E-10
745,0,7.71E-88,8.83E-39,1.80E-51,6.79E-30,4.78E-07,0.018205079,0.000331824,2.41E-10
746,0,2.02E-88,4.11E-39,4.32E-52,2.33E-30,3.29E-07,0.018684887,0.000385232,2.94E-10
747,0,5.29E-89,1.91E-39,1.03E-52,7.93E-31,2.25E-07,0.019124898,0.000446013,3.58E-10
748,0,1.38E-89,8.83E-40,2.44E-53,2.68E-31,1.53E-07,0.019521741,0.000514972,4.35E-10
749,0,3.56E-90,4.07E-40,5.72E-54,8.95E-32,1.04E-07,0.019872326,0.000592966,5.28E-10
750,0,9.18E-91,1.87E-40,1.33E-54,2.96E-32,6.97E-08,0.020173888,0.000680906,6.40E-10
751,0,2.36E-91,8.56E-41,3.06E-55,9.74E-33,4.65E-08,0.020424021,0.00077975,7.76E-10
752,0,6.02E-92,3.90E-41,6.99E-56,3.17E-33,3.09E-08,0.020620711,0.000890501,9.39E-10
753,0,1.53E-92,1.77E-41,1.58E-56,1.02E-33,2.04E-08,0.020762362,0.001014201,1.14E-09
754,0,3.87E-93,8.04E-42,3.54E-57,3.27E-34,1.34E-08,0.02084782,0.001151925,1.37E-09
755,0,9.76E-94,3.63E-42,7.88E-58,1.04E-34,8.71E-09,0.020876384,0.001304774,1.65E-09
756,0,2.45E-94,1.63E-42,1.74E-58,3.26E-35,5.64E-09,0.02084782,0.001473863,1.99E-09
757,0,6.11E-95,7.31E-43,3.79E-59,1.01E-35,3.63E-09,0.020762362,0.001660312,2.40E-09
758,0,1.52E-95,3.27E-43,8.20E-60,3.13E-36,2.32E-09,0.020620711,0.001865233,2.88E-09
759,0,3.76E-96,1.45E-43,1.76E-60,9.57E-37,1.48E-09,0.020424021,0.002089715,3.46E-09
760,0,9.26E-97,6.45E-44,3.74E-61,2.90E-37,9.33E-10,0.020173888,0.002334812,4.15E-09
761,0,2.27E-97,2.85E-44,7.89E-62,8.72E-38,5.86E-10,0.019872326,0.002601521,4.98E-09
762,0,5.55E-98,1.26E-44,1.65E-62,2.60E-38,3.66E-10,0.019521741,0.002890771,5.96E-09
763,0,1.35E-98,5.52E-45,3.41E-63,7.67E-39,2.27E-10,0.019124898,0.003203397,7.13E-09
764,0,3.26E-99,2.42E-45,7.00E-64,2.25E-39,1.40E-10,0.018684887,0.003540124,8.51E-09
765,0,7.85E-100,1.05E-45,1.42E-64,6.51E-40,8.57E-11,0.018205079,0.003901549,1.02E-08
766,0,1.88E-100,4.58E-46,2.87E-65,1.87E-40,5.22E-11,0.017689086,0.004288114,1.21E-08
767,0,4.49E-101,1.98E-46,5.73E-66,5.33E-41,3.16E-11,0.017140716,0.004700091,1.44E-08
768,0,1.07E-101,8.55E-47,1.14E-66,1.51E-41,1.90E-11,0.016563926,0.005137562,1.71E-08
769,0,2.53E-102,3.68E-47,2.23E-67,4.22E-42,1.14E-11,0.015962774,0.005600394,2.04E-08
770,0,5.95E-103,1.58E-47,4.34E-68,1.17E-42,6.75E-12,0.015341371,0.006088227,2.41E-08
771,0,1.39E-103,6.73E-48,8.37E-69,3.22E-43,3.99E-12,0.014703839,0.006600454,2.86E-08
772,0,3.25E-104,2.86E-48,1.60E-69,8.77E-44,2.34E-12,0.014054261,0.007136209,3.39E-08
773,0,7.55E-105,1.21E-48,3.03E-70,2.37E-44,1.36E-12,0.013396646,0.007694353,4.01E-08
774,0,1.75E-105,5.13E-49,5.69E-71,6.35E-45,7.91E-13,0.012734881,0.008273463,4.73E-08
775,0,4.02E-106,2.16E-49,1.06E-71,1.69E-45,4.56E-13,0.0120727,0.008871832,5.59E-08
776,0,9.21E-107,9.07E-50,1.95E-72,4.43E-46,2.61E-13,0.011413654,0.009487462,6.59E-08
777,0,2.10E-107,3.80E-50,3.57E-73,1.16E-46,1.48E-13,0.010761077,0.010118066,7.75E-08
778,0,4.77E-108,1.58E-50,6.48E-74,2.99E-47,8.40E-14,0.010118066,0.010761077,9.12E-08
779,0,1.08E-108,6.57E-51,1.16E-74,7.65E-48,4.72E-14,0.009487462,0.011413654,1.07E-07
780,0,2.43E-109,2.72E-51,2.07E-75,1.94E-48,2.64E-14,0.008871832,0.0120727,1.26E-07
781,0,5.44E-110,1.12E-51,3.66E-76,4.89E-49,1.46E-14,0.008273463,0.012734881,1.47E-07
782,0,1.21E-110,4.61E-52,6.39E-77,1.22E-49,8.08E-15,0.007694353,0.013396646,1.73E-07
783,0,2.69E-111,1.89E-52,1.11E-77,3.02E-50,4.43E-15,0.007136209,0.014054261,2.02E-07
784,0,5.95E-112,7.71E-53,1.91E-78,7.39E-51,2.41E-15,0.006600454,0.014703839,2.36E-07
785,0,1.31E-112,3.14E-53,3.25E-79,1.80E-51,1.31E-15,0.006088227,0.015341371,2.75E-07
786,0,2.86E-113,1.27E-53,5.48E-80,4.32E-52,7.04E-16,0.005600394,0.015962774,3.21E-07
787,0,6.25E-114,5.14E-54,9.17E-81,1.03E-52,3.77E-16,0.005137562,0.016563926,3.74E-07
788,0,1.36E-114,2.07E-54,1.52E-81,2.44E-53,2.00E-16,0.004700091,0.017140716,4.35E-07
789,0,2.93E-115,8.31E-55,2.50E-82,5.72E-54,1.06E-16,0.004288114,0.017689086,5.05E-07
790,0,6.30E-116,3.32E-55,4.07E-83,1.33E-54,5.56E-17,0.003901549,0.018205079,5.87E-07
791,0,1.35E-116,1.32E-55,6.58E-84,3.06E-55,2.90E-17,0.003540124,0.018684887,6.80E-07
792,0,2.87E-117,5.25E-56,1.05E-84,6.99E-56,1.51E-17,0.003203397,0.019124898,7.88E-07
793,0,6.10E-118,2.08E-56,1.67E-85,1.58E-56,7.77E-18,0.002890771,0.019521741,9.11E-07
794,0,1.29E-118,8.20E-57,2.63E-86,3.54E-57,3.98E-18,0.002601521,0.019872326,1.05E-06
795,0,2.71E-119,3.22E-57,4.09E-87,7.88E-58,2.03E-18,0.002334812,0.020173888,1.22E-06
796,0,5.67E-120,1.26E-57,6.33E-88,1.74E-58,1.03E-18,0.002089715,0.020424021,1.40E-06
797,0,1.18E-120,4.92E-58,9.69E-89,3.79E-59,5.16E-19,0.001865233,0.020620711,1.61E-06
798,0,2.45E-121,1.91E-58,1.47E-89,8.20E-60,2.58E-19,0.001660312,0.020762362,1.86E-06
799,0,5.06E-122,7.42E-59,2.21E-90,1.76E-60,1.28E-19,0.001473863,0.02084782,2.13E-06
800,0,1.04E-122,2.87E-59,3.30E-91,3.74E-61,6.34E-20,0.001304774,0.020876384,2.45E-06
801,0,2.13E-123,1.10E-59,4.87E-92,7.89E-62,3.11E-20,0.001151925,0.02084782,2.81E-06
802,0,4.33E-124,4.23E-60,7.14E-93,1.65E-62,1.52E-20,0.001014201,0.020762362,3.22E-06
803,0,8.79E-125,1.62E-60,1.04E-93,3.41E-63,7.36E-21,0.000890501,0.020620711,3.68E-06
804,0,1.77E-125,6.16E-61,1.49E-94,7.00E-64,3.54E-21,0.00077975,0.020424021,4.21E-06
805,0,3.56E-126,2.34E-61,2.13E-95,1.42E-64,1.70E-21,0.000680906,0.020173888,4.81E-06
806,0,7.13E-127,8.85E-62,3.01E-96,2.87E-65,8.08E-22,0.000592966,0.019872326,5.48E-06
807,0,1.42E-127,3.33E-62,4.21E-97,5.73E-66,3.82E-22,0.000514972,0.019521741,6.25E-06
808,0,2.81E-128,1.25E-62,5.85E-98,1.14E-66,1.80E-22,0.000446013,0.019124898,7.11E-06
809,0,5.55E-129,4.69E-63,8.06E-99,2.23E-67,8.40E-23,0.000385232,0.018684887,8.08E-06
810,0,1.09E-129,1.75E-63,1.10E-99,4.34E-68,3.90E-23,0.000331824,0.018205079,9.18E-06
811,0,2.13E-130,6.50E-64,1.49E-100,8.37E-69,1.80E-23,0.000285039,0.017689086,1.04E-05
812,0,4.15E-131,2.41E-64,1.99E-101,1.60E-69,8.25E-24,0.000244181,0.017140716,1.18E-05
813,0,8.05E-132,8.90E-65,2.65E-102,3.03E-70,3.76E-24,0.000208607,0.016563926,1.33E-05
814,0,1.55E-132,3.27E-65,3.49E-103,5.69E-71,1.70E-24,0.000177729,0.015962774,1.51E-05
815,0,2.98E-133,1.20E-65,4.55E-104,1.06E-71,7.67E-25,0.000151007,0.015341371,1.70E-05
816,0,5.70E-134,4.39E-66,5.89E-105,1.95E-72,3.43E-25,0.000127952,0.014703839,1.92E-05
817,0,1.09E-134,1.60E-66,7.55E-106,3.57E-73,1.53E-25,0.000108121,0.014054261,2.17E-05
818,0,2.06E-135,5.79E-67,9.60E-107,6.48E-74,6.75E-26,9.11E-05,0.013396646,2.44E-05
819,0,3.88E-136,2.10E-67,1.21E-107,1.16E-74,2.97E-26,7.66E-05,0.012734881,2.74E-05
820,0,7.28E-137,7.55E-68,1.51E-108,2.07E-75,1.30E-26,6.42E-05,0.0120727,3.08E-05
821,0,1.36E-137,2.71E-68,1.87E-109,3.66E-76,5.62E-27,5.36E-05,0.011413654,3.45E-05
822,0,2.53E-138,9.70E-69,2.29E-110,6.39E-77,2.42E-27,4.47E-05,0.010761077,3.87E-05
823,0,4.69E-139,3.46E-69,2.79E-111,1.11E-77,1.04E-27,3.72E-05,0.010118066,4.33E-05
824,0,8.65E-140,1.23E-69,3.36E-112,1.91E-78,4.43E-28,3.08E-05,0.009487462,4.84E-05
825,0,1.59E-140,4.36E-70,4.01E-113,3.25E-79,1.87E-28,2.55E-05,0.008871832,5.41E-05
826,0,2.90E-141,1.54E-70,4.75E-114,5.48E-80,7.88E-29,2.10E-05,0.008273463,6.03E-05
827,0,5.28E-142,5.41E-71,5.57E-115,9.17E-81,3.30E-29,1.73E-05,0.007694353,6.72E-05
828,0,9.56E-143,1.90E-71,6.48E-116,1.52E-81,1.37E-29,1.42E-05,0.007136209,7.48E-05
829,0,1.72E-143,6.62E-72,7.47E-117,2.50E-82,5.66E-30,1.16E-05,0.006600454,8.32E-05
830,0,3.09E-144,2.30E-72,8.54E-118,4.07E-83,2.32E-30,9.44E-06,0.006088227,9.24E-05
831,0,5.52E-145,7.99E-73,9.67E-119,6.58E-84,9.48E-31,7.68E-06,0.005600394,0.000102564
832,0,9.82E-146,2.76E-73,1.09E-119,1.05E-84,3.84E-31,6.22E-06,0.005137562,0.000113675
833,0,1.74E-146,9.52E-74,1.21E-120,1.67E-85,1.55E-31,5.03E-06,0.004700091,0.00012585
834,0,3.06E-147,3.27E-74,1.33E-121,2.63E-86,6.21E-32,4.06E-06,0.004288114,0.000139176
835,0,5.37E-148,1.12E-74,1.46E-122,4.09E-87,2.47E-32,3.27E-06,0.003901549,0.000153745
836,0,9.38E-149,3.81E-75,1.58E-123,6.33E-88,9.77E-33,2.62E-06,0.003540124,0.000169651
837,0,1.63E-149,1.29E-75,1.69E-124,9.69E-89,3.84E-33,2.10E-06,0.003203397,0.000186998
838,0,2.82E-150,4.38E-76,1.80E-125,1.47E-89,1.50E-33,1.67E-06,0.002890771,0.000205891
839,0,4.86E-151,1.48E-76,1.90E-126,2.21E-90,5.83E-34,1.33E-06,0.002601521,0.000226444
840,0,8.34E-152,4.97E-77,1.99E-127,3.30E-91,2.25E-34,1.06E-06,0.002334812,0.000248776
841,0,1.42E-152,1.67E-77,2.06E-128,4.87E-92,8.64E-35,8.35E-07,0.002089715,0.000273008
842,0,2.42E-153,5.56E-78,2.12E-129,7.14E-93,3.29E-35,6.59E-07,0.001865233,0.000299272
843,0,4.10E-154,1.85E-78,2.15E-130,1.04E-93,1.25E-35,5.19E-07,0.001660312,0.000327702
844,0,6.90E-155,6.14E-79,2.17E-131,1.49E-94,4.70E-36,4.07E-07,0.001473863,0.000358438
845,0,1.16E-155,2.03E-79,2.17E-132,2.13E-95,1.76E-36,3.19E-07,0.001304774,0.000391626
846,0,1.93E-156,6.68E-80,2.16E-133,3.01E-96,6.54E-37,2.49E-07,0.001151925,0.000427416
847,0,3.21E-157,2.19E-80,2.12E-134,4.21E-97,2.42E-37,1.94E-07,0.001014201,0.000465965
848,0,5.31E-158,7.17E-81,2.06E-135,5.85E-98,8.89E-38,1.50E-07,0.000890501,0.000507431
849,0,8.74E-159,2.34E-81,1.99E-136,8.06E-99,3.25E-38,1.16E-07,0.00077975,0.00055198
850,0,1.43E-159,7.59E-82,1.91E-137,1.10E-99,1.18E-38,8.98E-08,0.000680906,0.00059978
851,0,2.34E-160,2.46E-82,1.81E-138,1.49E-100,4.25E-39,6.91E-08,0.000592966,0.000651003
852,0,3.80E-161,7.92E-83,1.70E-139,1.99E-101,1.52E-39,5.31E-08,0.000514972,0.000705824
853,0,6.14E-162,2.55E-83,1.58E-140,2.65E-102,5.43E-40,4.06E-08,0.000446013,0.000764419
854,0,9.88E-163,8.15E-84,1.46E-141,3.49E-103,1.92E-40,3.10E-08,0.000385232,0.000826969
855,0,1.58E-163,2.60E-84,1.34E-142,4.55E-104,6.76E-41,2.36E-08,0.000331824,0.000893654
856,0,2.53E-164,8.28E-85,1.21E-143,5.89E-105,2.37E-41,1.79E-08,0.000285039,0.000964654
857,0,4.01E-165,2.62E-85,1.09E-144,7.55E-106,8.22E-42,1.36E-08,0.000244181,0.001040151
858,0,6.34E-166,8.29E-86,9.73E-146,9.60E-107,2.84E-42,1.03E-08,0.000208607,0.001120323
859,0,9.98E-167,2.61E-86,8.59E-147,1.21E-107,9.75E-43,7.73E-09,0.000177729,0.001205347
860,0,1.56E-167,8.19E-87,7.52E-148,1.51E-108,3.33E-43,5.81E-09,0.000151007,0.001295399
861,0,2.44E-168,2.56E-87,6.53E-149,1.87E-109,1.13E-43,4.35E-09,0.000127952,0.001390648
862,0,3.79E-169,7.97E-88,5.62E-150,2.29E-110,3.80E-44,3.25E-09,0.000108121,0.001491259
863,0,5.85E-170,2.48E-88,4.79E-151,2.79E-111,1.27E-44,2.42E-09,9.11E-05,0.001597391
864,0,9.00E-171,7.66E-89,4.05E-152,3.36E-112,4.24E-45,1.80E-09,7.66E-05,0.001709195
865,0,1.38E-171,2.36E-89,3.39E-153,4.01E-113,1.40E-45,1.33E-09,6.42E-05,0.001826814
866,0,2.10E-172,7.25E-90,2.81E-154,4.75E-114,4.62E-46,9.85E-10,5.36E-05,0.00195038
867,0,3.19E-173,2.22E-90,2.32E-155,5.57E-115,1.51E-46,7.26E-10,4.47E-05,0.002080015
868,0,4.82E-174,6.78E-91,1.89E-156,6.48E-116,4.90E-47,5.33E-10,3.72E-05,0.002215828
869,0,7.25E-175,2.06E-91,1.53E-157,7.47E-117,1.58E-47,3.91E-10,3.08E-05,0.002357913
870,0,1.09E-175,6.25E-92,1.22E-158,8.54E-118,5.08E-48,2.86E-10,2.55E-05,0.002506351
871,0,1.62E-176,1.89E-92,9.71E-160,9.67E-119,1.62E-48,2.08E-10,2.10E-05,0.002661204
872,0,2.40E-177,5.68E-93,7.65E-161,1.09E-119,5.13E-49,1.51E-10,1.73E-05,0.002822519
873,0,3.55E-178,1.70E-93,5.97E-162,1.21E-120,1.62E-49,1.10E-10,1.42E-05,0.00299032
874,0,5.21E-179,5.09E-94,4.61E-163,1.33E-121,5.06E-50,7.93E-11,1.16E-05,0.003164614
875,0,7.63E-180,1.51E-94,3.54E-164,1.46E-122,1.57E-50,5.72E-11,9.44E-06,0.003345386
876,0,1.11E-180,4.50E-95,2.69E-165,1.58E-123,4.87E-51,4.11E-11,7.68E-06,0.003532595
877,0,1.61E-181,1.33E-95,2.02E-166,1.69E-124,1.50E-51,2.95E-11,6.22E-06,0.00372618
878,0,2.33E-182,3.92E-96,1.51E-167,1.80E-125,4.57E-52,2.11E-11,5.03E-06,0.003926051
879,0,3.35E-183,1.15E-96,1.12E-168,1.90E-126,1.39E-52,1.50E-11,4.06E-06,0.004132097
880,0,4.79E-184,3.37E-97,8.19E-170,1.99E-127,4.18E-53,1.07E-11,3.27E-06,0.004344174
881,0,6.82E-185,9.83E-98,5.95E-171,2.06E-128,1.25E-53,7.57E-12,2.62E-06,0.004562115
882,0,9.68E-186,2.86E-98,4.29E-172,2.12E-129,3.74E-54,5.36E-12,2.10E-06,0.004785722
883,0,1.37E-186,8.28E-99,3.06E-173,2.15E-130,1.11E-54,3.78E-12,1.67E-06,0.00501477
884,0,1.92E-187,2.39E-99,2.17E-174,2.17E-131,3.26E-55,2.66E-12,1.33E-06,0.005249004
885,0,2.69E-188,6.87E-100,1.52E-175,2.17E-132,9.53E-56,1.86E-12,1.06E-06,0.005488137
886,0,3.74E-189,1.97E-100,1.06E-176,2.16E-133,2.77E-56,1.30E-12,8.35E-07,0.005731857
887,0,5.19E-190,5.63E-101,7.28E-178,2.12E-134,8.01E-57,9.10E-13,6.59E-07,0.005979818
888,0,7.16E-191,1.60E-101,4.97E-179,2.06E-135,2.30E-57,6.33E-13,5.19E-07,0.006231647
889,0,9.83E-192,4.55E-102,3.37E-180,1.99E-136,6.57E-58,4.39E-13,4.07E-07,0.006486942
890,0,1.34E-192,1.29E-102,2.26E-181,1.91E-137,1.86E-58,3.04E-13,3.19E-07,0.006745272
891,0,1.83E-193,3.62E-103,1.50E-182,1.81E-138,5.25E-59,2.10E-13,2.49E-07,0.007006178
892,0,2.48E-194,1.02E-103,9.90E-184,1.70E-139,1.47E-59,1.44E-13,1.94E-07,0.007269175
893,0,3.35E-195,2.85E-104,6.47E-185,1.58E-140,4.10E-60,9.90E-14,1.50E-07,0.007533753
894,0,4.50E-196,7.93E-105,4.19E-186,1.46E-141,1.13E-60,6.77E-14,1.16E-07,0.007799377
895,0,6.01E-197,2.20E-105,2.69E-187,1.34E-142,3.12E-61,4.62E-14,8.98E-08,0.008065488
896,0,8.00E-198,6.10E-106,1.71E-188,1.21E-143,8.52E-62,3.15E-14,6.91E-08,0.00833151
897,0,1.06E-198,1.68E-106,1.08E-189,1.09E-144,2.32E-62,2.14E-14,5.31E-08,0.008596844
898,0,1.40E-199,4.63E-107,6.74E-191,9.73E-146,6.25E-63,1.45E-14,4.06E-08,0.008860876
899,0,1.84E-200,1.27E-107,4.18E-192,8.59E-147,1.68E-63,9.76E-15,3.10E-08,0.009122975
900,0,2.40E-201,3.47E-108,2.56E-193,7.52E-148,4.48E-64,6.57E-15,2.36E-08,0.009382501
901,0,3.12E-202,9.44E-109,1.56E-194,6.53E-149,1.19E-64,4.41E-15,1.79E-08,0.009638801
902,0,4.05E-203,2.56E-109,9.41E-196,5.62E-150,3.13E-65,2.95E-15,1.36E-08,0.009891216
903,0,5.22E-204,6.92E-110,5.63E-197,4.79E-151,8.18E-66,1.97E-15,1.03E-08,0.010139082
904,0,6.70E-205,1.86E-110,3.33E-198,4.05E-152,2.13E-66,1.31E-15,7.73E-09,0.010381733
905,0,8.56E-206,5.00E-111,1.96E-199,3.39E-153,5.51E-67,8.72E-16,5.81E-09,0.010618504
906,0,1.09E-206,1.34E-111,1.14E-200,2.81E-154,1.42E-67,5.78E-16,4.35E-09,0.010848734
907,0,1.38E-207,3.56E-112,6.58E-202,2.32E-155,3.62E-68,3.81E-16,3.25E-09,0.011071771
908,0,1.74E-208,9.47E-113,3.76E-203,1.89E-156,9.18E-69,2.51E-16,2.42E-09,0.01128697
909,0,2.18E-209,2.51E-113,2.13E-204,1.53E-157,2.32E-69,1.65E-16,1.80E-09,0.011493702
910,0,2.73E-210,6.61E-114,1.20E-205,1.22E-158,5.81E-70,1.08E-16,1.33E-09,0.011691352
911,0,3.39E-211,1.74E-114,6.67E-207,9.71E-160,1.45E-70,7.06E-17,9.85E-10,0.011879327
912,0,4.20E-212,4.55E-115,3.68E-208,7.65E-161,3.59E-71,4.60E-17,7.26E-10,0.012057054
913,0,5.17E-213,1.19E-115,2.02E-209,5.97E-162,8.83E-72,2.99E-17,5.33E-10,0.012223986
914,0,6.35E-214,3.09E-116,1.09E-210,4.61E-163,2.16E-72,1.94E-17,3.91E-10,0.012379604
915,0,7.75E-215,8.02E-117,5.88E-212,3.54E-164,5.25E-73,1.25E-17,2.86E-10,0.012523419
916,0,9.42E-216,2.07E-117,3.13E-213,2.69E-165,1.27E-73,8.06E-18,2.08E-10,0.012654977
917,0,1.14E-216,5.33E-118,1.65E-214,2.02E-166,3.05E-74,5.18E-18,1.51E-10,0.012773857
918,0,1.37E-217,1.37E-118,8.65E-216,1.51E-167,7.28E-75,3.32E-18,1.10E-10,0.012879679
919,0,1.65E-218,3.50E-119,4.49E-217,1.12E-168,1.73E-75,2.12E-18,7.93E-11,0.0129721
920,0,1.97E-219,8.92E-120,2.31E-218,8.19E-170,4.07E-76,1.35E-18,5.72E-11,0.01305082
921,0,2.34E-220,2.26E-120,1.18E-219,5.95E-171,9.54E-77,8.59E-19,4.11E-11,0.013115583
922,0,2.77E-221,5.73E-121,5.94E-221,4.29E-172,2.22E-77,5.45E-19,2.95E-11,0.013166176
923,0,3.26E-222,1.45E-121,2.97E-222,3.06E-173,5.14E-78,3.44E-19,2.11E-11,0.013202433
924,0,3.82E-223,3.63E-122,1.48E-223,2.17E-174,1.18E-78,2.17E-19,1.50E-11,0.013224236
925,0,4.46E-224,9.10E-123,7.26E-225,1.52E-175,2.70E-79,1.36E-19,1.07E-11,0.013231511
926,0,5.19E-225,2.27E-123,3.54E-226,1.06E-176,6.15E-80,8.55E-20,7.57E-12,0.013224236
927,0,6.00E-226,5.65E-124,1.71E-227,7.28E-178,1.39E-80,5.35E-20,5.36E-12,0.013202433
928,0,6.91E-227,1.40E-124,8.19E-229,4.97E-179,3.11E-81,3.33E-20,3.78E-12,0.013166176
929,0,7.92E-228,3.46E-125,3.89E-230,3.37E-180,6.95E-82,2.07E-20,2.66E-12,0.013115583
930,0,9.04E-229,8.51E-126,1.83E-231,2.26E-181,1.54E-82,1.29E-20,1.86E-12,0.01305082
931,0,1.03E-229,2.09E-126,8.53E-233,1.50E-182,3.39E-83,7.95E-21,1.30E-12,0.0129721
932,0,1.16E-230,5.10E-127,3.94E-234,9.90E-184,7.43E-84,4.90E-21,9.10E-13,0.012879679
933,0,1.31E-231,1.24E-127,1.81E-235,6.47E-185,1.62E-84,3.02E-21,6.33E-13,0.012773857
934,0,1.46E-232,3.02E-128,8.21E-237,4.19E-186,3.50E-85,1.85E-21,4.39E-13,0.012654977
935,0,1.63E-233,7.29E-129,3.69E-238,2.69E-187,7.52E-86,1.13E-21,3.04E-13,0.012523419
936,0,1.81E-234,1.76E-129,1.65E-239,1.71E-188,1.61E-86,6.90E-22,2.10E-13,0.012379604
937,0,2.01E-235,4.22E-130,7.29E-241,1.08E-189,3.41E-87,4.20E-22,1.44E-13,0.012223986
938,0,2.21E-236,1.01E-130,3.19E-242,6.74E-191,7.20E-88,2.55E-22,9.90E-14,0.012057054
939,0,2.42E-237,2.41E-131,1.39E-243,4.18E-192,1.51E-88,1.54E-22,6.77E-14,0.011879327
940,0,2.64E-238,5.74E-132,5.97E-245,2.56E-193,3.15E-89,9.30E-23,4.62E-14,0.011691352
941,0,2.86E-239,1.36E-132,2.55E-246,1.56E-194,6.52E-90,5.60E-23,3.15E-14,0.011493702
942,0,3.10E-240,3.21E-133,1.08E-247,9.41E-196,1.34E-90,3.36E-23,2.14E-14,0.01128697
943,0,3.33E-241,7.55E-134,4.52E-249,5.63E-197,2.75E-91,2.01E-23,1.45E-14,0.011071771
944,0,3.57E-242,1.77E-134,1.88E-250,3.33E-198,5.59E-92,1.20E-23,9.76E-15,0.010848734
945,0,3.80E-243,4.14E-135,7.74E-252,1.96E-199,1.13E-92,7.14E-24,6.57E-15,0.010618504
946,0,4.04E-244,9.63E-136,3.16E-253,1.14E-200,2.27E-93,4.24E-24,4.41E-15,0.010381733
947,0,4.27E-245,2.23E-136,1.28E-254,6.58E-202,4.53E-94,2.51E-24,2.95E-15,0.010139082
948,0,4.49E-246,5.17E-137,5.13E-256,3.76E-203,8.99E-95,1.48E-24,1.97E-15,0.009891216
949,0,4.70E-247,1.19E-137,2.04E-257,2.13E-204,1.77E-95,8.72E-25,1.31E-15,0.009638801
950,0,4.90E-248,2.73E-138,8.03E-259,1.20E-205,3.47E-96,5.12E-25,8.72E-16,0.009382501
951,0,5.08E-249,6.26E-139,3.14E-260,6.67E-207,6.77E-97,3.00E-25,5.78E-16,0.009122975
952,0,5.25E-250,1.43E-139,1.21E-261,3.68E-208,1.31E-97,1.75E-25,3.81E-16,0.008860876
953,0,5.40E-251,3.24E-140,4.66E-263,2.02E-209,2.52E-98,1.02E-25,2.51E-16,0.008596844
954,0,5.53E-252,7.35E-141,1.77E-264,1.09E-210,4.82E-99,5.91E-26,1.65E-16,0.00833151
955,0,5.63E-253,1.66E-141,6.68E-266,5.88E-212,9.16E-100,3.42E-26,1.08E-16,0.008065488
956,0,5.71E-254,3.73E-142,2.49E-267,3.13E-213,1.73E-100,1.98E-26,7.06E-17,0.007799377
957,0,5.77E-255,8.36E-143,9.23E-269,1.65E-214,3.25E-101,1.14E-26,4.60E-17,0.007533753
958,0,5.80E-256,1.87E-143,3.39E-270,8.65E-216,6.06E-102,6.54E-27,2.99E-17,0.007269175
959,0,5.81E-257,4.16E-144,1.23E-271,4.49E-217,1.12E-102,3.75E-27,1.94E-17,0.007006178
960,0,5.78E-258,9.22E-145,4.45E-273,2.31E-218,2.07E-103,2.14E-27,1.25E-17,0.006745272
961,0,5.74E-259,2.04E-145,1.59E-274,1.18E-219,3.79E-104,1.22E-27,8.06E-18,0.006486942
962,0,5.66E-260,4.49E-146,5.63E-276,5.94E-221,6.91E-105,6.93E-28,5.18E-18,0.006231647
963,0,5.57E-261,9.86E-147,1.98E-277,2.97E-222,1.25E-105,3.92E-28,3.32E-18,0.005979818
964,0,5.44E-262,2.16E-147,6.88E-279,1.48E-223,2.25E-106,2.22E-28,2.12E-18,0.005731857
965,0,5.30E-263,4.70E-148,2.37E-280,7.26E-225,4.01E-107,1.25E-28,1.35E-18,0.005488137
966,0,5.14E-264,1.02E-148,8.11E-282,3.54E-226,7.13E-108,7.02E-29,8.59E-19,0.005249004
967,0,4.96E-265,2.21E-149,2.75E-283,1.71E-227,1.26E-108,3.93E-29,5.45E-19,0.00501477
968,0,4.77E-266,4.77E-150,9.23E-285,8.19E-229,2.21E-109,2.20E-29,3.44E-19,0.004785722
969,0,4.56E-267,1.03E-150,3.07E-286,3.89E-230,3.85E-110,1.22E-29,2.17E-19,0.004562115
970,0,4.34E-268,2.20E-151,1.01E-287,1.83E-231,6.67E-111,6.81E-30,1.36E-19,0.004344174
971,0,4.12E-269,4.69E-152,3.31E-289,8.53E-233,1.15E-111,3.77E-30,8.55E-20,0.004132097
972,0,3.88E-270,9.99E-153,1.07E-290,3.94E-234,1.96E-112,2.09E-30,5.35E-20,0.003926051
973,0,3.65E-271,2.12E-153,3.45E-292,1.81E-235,3.34E-113,1.15E-30,3.33E-20,0.00372618
974,0,3.41E-272,4.48E-154,1.10E-293,8.21E-237,5.65E-114,6.32E-31,2.07E-20,0.003532595
975,0,3.18E-273,9.43E-155,3.47E-295,3.69E-238,9.49E-115,3.46E-31,1.29E-20,0.003345386
976,0,2.94E-274,1.98E-155,1.09E-296,1.65E-239,1.59E-115,1.89E-31,7.95E-21,0.003164614
977,0,2.71E-275,4.14E-156,3.37E-298,7.29E-241,2.63E-116,1.03E-31,4.90E-21,0.00299032
978,0,2.49E-276,8.62E-157,1.03E-299,3.19E-242,4.34E-117,5.62E-32,3.02E-21,0.002822519
979,0,2.28E-277,1.79E-157,3.15E-301,1.39E-243,7.11E-118,3.05E-32,1.85E-21,0.002661204
980,0,2.07E-278,3.71E-158,9.52E-303,5.97E-245,1.16E-118,1.65E-32,1.13E-21,0.002506351
981,0,1.88E-279,7.64E-159,2.85E-304,2.55E-246,1.88E-119,8.88E-33,6.90E-22,0.002357913
982,0,1.69E-280,1.57E-159,8.45E-306,1.08E-247,3.02E-120,4.78E-33,4.20E-22,0.002215828
983,0,1.52E-281,3.22E-160,2.48E-307,4.52E-249,4.83E-121,2.56E-33,2.55E-22,0.002080015
984,0,1.36E-282,6.57E-161,0.00E+00,1.88E-250,7.68E-122,1.37E-33,1.54E-22,0.00195038
985,0,1.21E-283,1.34E-161,2.0903173305375e-310,7.74E-252,1.21E-122,7.31E-34,9.30E-23,0.001826814
986,0,1.07E-284,2.71E-162,5.984282009455e-312,3.16E-253,1.90E-123,3.89E-34,5.60E-23,0.001709195
987,0,9.44E-286,5.47E-163,1.6980821539e-313,1.28E-254,2.97E-124,2.06E-34,3.36E-23,0.001597391
988,0,8.29E-287,1.10E-163,4.775866297e-315,5.13E-256,4.61E-125,1.09E-34,2.01E-23,0.001491259
989,0,7.24E-288,2.21E-164,1.3313506e-316,2.04E-257,7.10E-126,5.76E-35,1.20E-23,0.001390648
990,0,6.30E-289,4.42E-165,3.678576e-318,8.03E-259,1.09E-126,3.03E-35,7.14E-24,0.001295399
991,0,5.45E-290,8.80E-166,1.00745e-319,3.14E-260,1.66E-127,1.59E-35,4.24E-24,0.001205347
992,0,4.70E-291,1.75E-166,2.73e-321,1.21E-261,2.51E-128,8.32E-36,2.51E-24,0.001120323
993,0,4.03E-292,3.46E-167,7.4e-323,4.66E-263,3.77E-129,4.34E-36,1.48E-24,0.001040151
994,0,3.44E-293,6.82E-168,0,1.77E-264,5.63E-130,2.26E-36,8.72E-25,0.000964654
995,0,2.93E-294,1.34E-168,0,6.68E-266,8.37E-131,1.17E-36,5.12E-25,0.000893654
996,0,2.48E-295,2.62E-169,0,2.49E-267,1.23E-131,6.07E-37,3.00E-25,0.000826969
997,0,2.09E-296,5.12E-170,0,9.23E-269,1.81E-132,3.13E-37,1.75E-25,0.000764419
998,0,1.75E-297,9.95E-171,0,3.39E-270,2.64E-133,1.61E-37,1.02E-25,0.000705824
999,0,1.46E-298,1.93E-171,0,1.23E-271,3.83E-134,8.28E-38,5.91E-26,0.000651003
1000,0,1.22E-299,3.72E-172,0,4.45E-273,5.51E-135,4.24E-38,3.42E-26,0.00059978
1001,0,1.01E-300,7.17E-173,0,1.59E-274,7.89E-136,2.16E-38,1.98E-26,0.00055198
1002,0,8.29E-302,1.37E-173,0,5.63E-276,1.12E-136,1.10E-38,1.14E-26,0.000507431
1003,0,6.80E-303,2.63E-174,0,1.98E-277,1.59E-137,5.59E-39,6.54E-27,0.000465965
1004,0,5.55E-304,5.00E-175,0,6.88E-279,2.23E-138,2.83E-39,3.75E-27,0.000427416
1005,0,4.51E-305,9.50E-176,0,2.37E-280,3.12E-139,1.43E-39,2.14E-27,0.000391626
1006,0,3.65E-306,1.80E-176,0,8.11E-282,4.33E-140,7.20E-40,1.22E-27,0.000358438
1007,0,2.94E-307,3.39E-177,0,2.75E-283,5.97E-141,3.62E-40,6.93E-28,0.000327702
1008,0,2.35E-308,6.36E-178,0,9.23E-285,8.18E-142,1.81E-40,3.92E-28,0.000299272
1009,0,0.00E+00,1.19E-178,0,3.07E-286,1.11E-142,9.05E-41,2.22E-28,0.000273008
1010,0,1.4930838075273e-310,2.22E-179,0,1.01E-287,1.51E-143,4.51E-41,1.25E-28,0.000248776
1011,0,1.18084129411e-311,4.13E-180,0,3.31E-289,2.03E-144,2.24E-41,7.02E-29,0.000226444
1012,0,9.2967888725e-313,7.64E-181,0,1.07E-290,2.72E-145,1.11E-41,3.93E-29,0.000205891
1013,0,7.2863242593e-314,1.41E-181,0,3.45E-292,3.61E-146,5.48E-42,2.20E-29,0.000186998
1014,0,5.68483823e-315,2.60E-182,0,1.10E-293,4.77E-147,2.70E-42,1.22E-29,0.000169651
1015,0,4.41531626e-316,4.76E-183,0,3.47E-295,6.27E-148,1.33E-42,6.81E-30,0.000153745
1016,0,3.4138123e-317,8.70E-184,0,1.09E-296,8.18E-149,6.50E-43,3.77E-30,0.000139176
1017,0,2.627555e-318,1.58E-184,0,3.37E-298,1.06E-149,3.18E-43,2.09E-30,0.00012585
1018,0,2.01327e-319,2.87E-185,0,1.03E-299,1.37E-150,1.55E-43,1.15E-30,0.000113675
1019,0,1.5356e-320,5.19E-186,0,3.15E-301,1.75E-151,7.53E-44,6.32E-31,0.000102564
1020,0,1.166e-321,9.36E-187,0,9.52E-303,2.23E-152,3.65E-44,3.46E-31,9.24E-05
1021,0,9e-323,1.68E-187,0,2.85E-304,2.82E-153,1.76E-44,1.89E-31,8.32E-05
1022,0,5e-324,3.01E-188,0,8.45E-306,3.55E-154,8.50E-45,1.03E-31,7.48E-05
1023,0,0,5.36E-189,0,2.48E-307,4.44E-155,4.08E-45,5.62E-32,6.72E-05
1024,0,0,9.53E-190,0,0.00E+00,5.52E-156,1.96E-45,3.05E-32,6.03E-05
1025,0,0,1.69E-190,0,2.0903173305368e-310,6.81E-157,9.36E-46,1.65E-32,5.41E-05
1026,0,0,2.98E-191,0,5.98428200945e-312,8.36E-158,4.46E-46,8.88E-33,4.84E-05
1027,0,0,5.23E-192,0,1.6980821539e-313,1.02E-158,2.12E-46,4.78E-33,4.33E-05
1028,0,0,9.17E-193,0,4.775866297e-315,1.24E-159,1.01E-46,2.56E-33,3.87E-05
1029,0,0,1.60E-193,0,1.3313506e-316,1.49E-160,4.76E-47,1.37E-33,3.45E-05
1030,0,0,2.79E-194,0,3.678576e-318,1.78E-161,2.24E-47,7.31E-34,3.08E-05
1031,0,0,4.84E-195,0,1.00745e-319,2.12E-162,1.06E-47,3.89E-34,2.74E-05
1032,0,0,8.36E-196,0,2.73e-321,2.51E-163,4.95E-48,2.06E-34,2.44E-05
1033,0,0,1.44E-196,0,7.4e-323,2.95E-164,2.31E-48,1.09E-34,2.17E-05
1034,0,0,2.47E-197,0,0,3.44E-165,1.08E-48,5.76E-35,1.92E-05
1035,0,0,4.23E-198,0,0,4.00E-166,5.02E-49,3.03E-35,1.70E-05
1036,0,0,7.21E-199,0,0,4.61E-167,2.33E-49,1.59E-35,1.51E-05
1037,0,0,1.22E-199,0,0,5.29E-168,1.08E-49,8.32E-36,1.33E-05
1038,0,0,2.07E-200,0,0,6.03E-169,4.97E-50,4.34E-36,1.18E-05
1039,0,0,3.50E-201,0,0,6.82E-170,2.29E-50,2.26E-36,1.04E-05
1040,0,0,5.88E-202,0,0,7.68E-171,1.05E-50,1.17E-36,9.18E-06
1041,0,0,9.84E-203,0,0,8.60E-172,4.80E-51,6.07E-37,8.08E-06
1042,0,0,1.64E-203,0,0,9.56E-173,2.19E-51,3.13E-37,7.11E-06
1043,0,0,2.73E-204,0,0,1.06E-173,9.97E-52,1.61E-37,6.25E-06
1044,0,0,4.53E-205,0,0,1.16E-174,4.53E-52,8.28E-38,5.48E-06
1045,0,0,7.49E-206,0,0,1.27E-175,2.05E-52,4.24E-38,4.81E-06
1046,0,0,1.23E-206,0,0,1.37E-176,9.25E-53,2.16E-38,4.21E-06
1047,0,0,2.02E-207,0,0,1.48E-177,4.16E-53,1.10E-38,3.68E-06
1048,0,0,3.31E-208,0,0,1.59E-178,1.87E-53,5.59E-39,3.22E-06
1049,0,0,5.39E-209,0,0,1.69E-179,8.36E-54,2.83E-39,2.81E-06
