wave,wave_nm,100_0_0,0_100_0,0_0_100,40_20_40,20_50_30
0.4,400,0.290339201,0.027752169,0.999682844,0.240489404,0.127078517
0.401,401,0.290787766,0.027831622,0.999681233,0.240637499,0.127151096
0.402,402,0.291235348,0.02751744,0.999679639,0.240593946,0.126922663
0.403,403,0.291681951,0.027151828,0.99967806,0.240553258,0.12667638
0.404,404,0.292127579,0.026744899,0.999676496,0.240436608,0.126356491
0.405,405,0.292572235,0.026406293,0.999674947,0.240406378,0.126129484
0.406,406,0.293015923,0.025983486,0.999673413,0.240321045,0.125827726
0.407,407,0.293458646,0.025599041,0.999671894,0.240242534,0.125546685
0.408,408,0.293900409,0.025278737,0.999670388,0.240219134,0.125333022
0.409,409,0.294341214,0.024876667,0.999668897,0.24015327,0.125055162
0.41,410,0.294781065,0.024582526,0.999667419,0.240120469,0.124845408
0.411,411,0.295219967,0.024308282,0.999664906,0.240108967,0.124659793
0.412,412,0.295657922,0.024058256,0.999662423,0.240110203,0.124493668
0.413,413,0.296094933,0.023827738,0.999659971,0.240121721,0.124343299
0.414,414,0.296531005,0.023628471,0.999657547,0.240151683,0.124219476
0.415,415,0.296966141,0.023447734,0.999655152,0.240186057,0.124106593
0.416,416,0.297400345,0.023257439,0.999652784,0.240229737,0.123997116
0.417,417,0.297833619,0.023110175,0.999650443,0.240283478,0.123912565
0.418,418,0.298265967,0.022929207,0.999648129,0.240313069,0.123796745
0.419,419,0.298697393,0.02281958,0.99964584,0.240383806,0.123740392
0.42,420,0.299127901,0.022694574,0.999643577,0.240453984,0.123677703
0.421,421,0.299557492,0.022571083,0.99963837,0.240527277,0.123618075
0.422,422,0.299986172,0.022432366,0.999633261,0.24057793,0.123535699
0.423,423,0.300413942,0.022347213,0.999628245,0.240672545,0.123507723
0.424,424,0.300840807,0.022227528,0.999623319,0.240750127,0.123453455
0.425,425,0.30126677,0.022115962,0.999618479,0.240813148,0.123391812
0.426,426,0.301691834,0.022007865,0.999613721,0.240893533,0.123344689
0.427,427,0.302116003,0.021915993,0.999609043,0.240964985,0.123297631
0.428,428,0.302539279,0.021826841,0.999604441,0.241055766,0.123266231
0.429,429,0.302961666,0.021735867,0.999599912,0.241130752,0.123222578
0.43,430,0.303383167,0.021677374,0.999595455,0.241228017,0.123208678
0.431,431,0.303803785,0.021591214,0.999585654,0.241312361,0.123174304
0.432,432,0.304223524,0.021520679,0.999576123,0.241396722,0.123146409
0.433,433,0.304642386,0.021452293,0.999566844,0.241499966,0.123133558
0.434,434,0.305060376,0.021402431,0.999557799,0.241586583,0.123116026
0.435,435,0.305477495,0.021357241,0.999548976,0.241728923,0.123141777
0.436,436,0.305893748,0.021262663,0.999540361,0.241806573,0.123100038
0.437,437,0.306309137,0.021193004,0.999531942,0.241898741,0.12307923
0.438,438,0.306723665,0.021131825,0.999523709,0.241987782,0.12305971
0.439,439,0.307137336,0.02107406,0.999515652,0.242092647,0.12305343
0.44,440,0.307550152,0.021011343,0.999507762,0.242185909,0.123036781
0.441,441,0.307962117,0.020954065,0.999496804,0.242283384,0.123025537
0.442,442,0.308373233,0.02089512,0.999486127,0.242386828,0.123018202
0.443,443,0.308783505,0.020838479,0.999475714,0.242472091,0.122998586
0.444,444,0.309192933,0.020791765,0.999465548,0.242574808,0.122996
0.445,445,0.309601523,0.020748914,0.999455617,0.242681988,0.12299843
0.446,446,0.310009276,0.020699814,0.999445906,0.24278911,0.122998475
0.447,447,0.310416195,0.020654004,0.999436404,0.242906119,0.123007282
0.448,448,0.310822285,0.020605176,0.9994271,0.242993712,0.122993432
0.449,449,0.311227546,0.020574393,0.999417985,0.243112939,0.123010261
0.45,450,0.311631983,0.020521405,0.99940905,0.243204809,0.122998228
0.451,451,0.312035599,0.020483854,0.999396869,0.243313976,0.123005283
0.452,452,0.312438395,0.020447124,0.999384982,0.243435362,0.123021793
0.453,453,0.312840376,0.020405122,0.99937337,0.243538093,0.123022665
0.454,454,0.313241544,0.020367961,0.999362019,0.243632826,0.123019801
0.455,455,0.313641901,0.020329167,0.999350914,0.243741078,0.123026348
0.456,456,0.314041451,0.020296535,0.999340043,0.243861193,0.123044225
0.457,457,0.314440197,0.020260303,0.999329393,0.24396679,0.123050185
0.458,458,0.314838141,0.020227007,0.999318956,0.244071292,0.123056695
0.459,459,0.315235286,0.02019907,0.999308719,0.244205741,0.123087415
0.46,460,0.315631634,0.020167938,0.999298675,0.244309065,0.123094255
0.461,461,0.31602719,0.020127966,0.999283029,0.244408011,0.123094485
0.462,462,0.316421955,0.020107539,0.999267782,0.244537664,0.123125191
0.463,463,0.316815931,0.020072861,0.999252909,0.244655093,0.123141363
0.464,464,0.317209123,0.020043246,0.999238388,0.244765181,0.123154379
0.465,465,0.317601532,0.020016414,0.999224199,0.244884185,0.123175173
0.466,466,0.317993162,0.019992635,0.999210323,0.245002315,0.123196715
0.467,467,0.318384014,0.019976233,0.999196744,0.245150482,0.123243274
0.468,468,0.318774093,0.019939815,0.999183446,0.245244565,0.123242476
0.469,469,0.319163399,0.019918539,0.999170417,0.245377646,0.123276356
0.47,470,0.319551936,0.019888514,0.999157642,0.245481717,0.12328572
0.471,471,0.319939707,0.019860559,0.99913943,0.245590527,0.123299465
0.472,472,0.320326714,0.019843418,0.999121669,0.245716006,0.123329862
0.473,473,0.32071296,0.019819202,0.999104333,0.245833587,0.123351791
0.474,474,0.321098447,0.019800516,0.999087396,0.245953062,0.123377481
0.475,475,0.321483179,0.019781748,0.999070837,0.246080021,0.123408717
0.476,476,0.321867157,0.019761114,0.999054635,0.246219675,0.123448552
0.477,477,0.322250384,0.019744774,0.999038771,0.246351041,0.123484244
0.478,478,0.322632862,0.019726672,0.999023229,0.246483774,0.123520349
0.479,479,0.323014595,0.019705615,0.999007994,0.246591644,0.123537347
0.48,480,0.323395585,0.019697064,0.998993051,0.246744755,0.123592378
0.481,481,0.323775834,0.019678144,0.998971315,0.246869577,0.123622813
0.482,482,0.324155345,0.019661388,0.998950115,0.246996096,0.12365549
0.483,483,0.32453412,0.019646486,0.99892942,0.24712943,0.123693992
0.484,484,0.324912161,0.019634441,0.9989092,0.24726729,0.123737063
0.485,485,0.325289472,0.019630654,0.998889429,0.247422892,0.123796469
0.486,486,0.325666055,0.019617057,0.998870082,0.247556927,0.123836392
0.487,487,0.326041911,0.019602829,0.998851137,0.247685134,0.123871966
0.488,488,0.326417044,0.019587372,0.998832575,0.247812764,0.123906752
0.489,489,0.326791456,0.019583926,0.998814377,0.24796634,0.123965326
0.49,490,0.32716515,0.019575457,0.998796527,0.248114152,0.124017809
0.491,491,0.327538127,0.019574268,0.998773205,0.248272725,0.124081158
0.492,492,0.32791039,0.019566994,0.99875041,0.24841276,0.124128741
0.493,493,0.328281942,0.01956255,0.998728113,0.248559731,0.124182614
0.494,494,0.328652785,0.019558669,0.998706287,0.248700856,0.124232607
0.495,495,0.329022921,0.019559144,0.998684909,0.248868854,0.124303927
0.496,496,0.329392352,0.019561866,0.998663957,0.249043386,0.124381004
0.497,497,0.329761082,0.019564904,0.998643409,0.249205422,0.124449286
0.498,498,0.330129112,0.019566484,0.998623249,0.249363321,0.1245141
0.499,499,0.330496444,0.019566205,0.998603457,0.24951577,0.124574333
0.5,500,0.330863081,0.019572399,0.99858402,0.249687016,0.124650906
0.501,501,0.331229025,0.019572526,0.998559848,0.249838354,0.124710685
0.502,502,0.331594278,0.019590702,0.998536168,0.250035766,0.124811227
0.503,503,0.331958844,0.019594794,0.998512957,0.250195337,0.124878798
0.504,504,0.332322723,0.019614201,0.998490193,0.250389158,0.12497747
0.505,505,0.332685918,0.019624253,0.998467854,0.250562337,0.125057529
0.506,506,0.333048432,0.01964275,0.998445923,0.250753441,0.125154094
0.507,507,0.333410266,0.01965884,0.998424381,0.250941568,0.125247641
0.508,508,0.333771423,0.019676233,0.998403213,0.251122622,0.125336714
0.509,509,0.334131905,0.019702743,0.998382402,0.251326782,0.125446315
0.51,510,0.334491715,0.019725315,0.998361936,0.251518542,0.125545459
0.511,511,0.334850854,0.019743499,0.998335685,0.251699213,0.125634955
0.512,512,0.335209324,0.019768631,0.998309941,0.25189108,0.125735484
0.513,513,0.335567129,0.019810375,0.998284681,0.252116916,0.125867451
0.514,514,0.335924269,0.019843718,0.998259884,0.252326896,0.125984647
0.515,515,0.336280747,0.019865924,0.998235528,0.252505586,0.126074781
0.516,516,0.336636565,0.019911173,0.998211596,0.252734421,0.126210686
0.517,517,0.336991726,0.019947861,0.99818807,0.252940122,0.126326477
0.518,518,0.337346231,0.019986079,0.998164933,0.253148282,0.12644478
0.519,519,0.337700083,0.020041053,0.998142172,0.253389238,0.126593758
0.52,520,0.338053283,0.020073044,0.998119772,0.253578909,0.126696361
0.521,521,0.338405834,0.020134299,0.998093098,0.25382804,0.126854
0.522,522,0.338757738,0.020181547,0.998066891,0.254047383,0.126984479
0.523,523,0.339108997,0.020244286,0.998041133,0.254291784,0.127139528
0.524,524,0.339459613,0.020307873,0.998015805,0.254534957,0.127294151
0.525,525,0.339809588,0.020341943,0.997990891,0.254723528,0.127397298
0.526,526,0.340158923,0.020419262,0.997966375,0.254988097,0.127573247
0.527,527,0.340507622,0.020489221,0.997942242,0.255235298,0.127733728
0.528,528,0.340855686,0.020570954,0.997918478,0.255501812,0.127913132
0.529,529,0.341203117,0.020621143,0.99789507,0.255708126,0.128036131
0.53,530,0.341549917,0.020709163,0.997872006,0.255980329,0.128222457
0.531,531,0.341896088,0.020802635,0.997844077,0.256259202,0.128415929
0.532,532,0.342241632,0.020891961,0.997816607,0.256528707,0.128601038
0.533,533,0.342586552,0.020956784,0.997789581,0.256754022,0.12874419
0.534,534,0.342930848,0.021051213,0.99776298,0.257026044,0.12893344
0.535,535,0.343274523,0.021122885,0.997736789,0.257258723,0.129084953
0.536,536,0.343617579,0.021219309,0.997710994,0.257528309,0.12927348
0.537,537,0.343960018,0.021312657,0.997685581,0.257791061,0.129455907
0.538,538,0.344301842,0.021451185,0.997660537,0.258121008,0.129705732
0.539,539,0.344643053,0.021496395,0.99763585,0.258303738,0.129810571
0.54,540,0.344983652,0.021621648,0.997611508,0.258607965,0.130036524
0.541,541,0.345323642,0.021744249,0.997582288,0.25890331,0.130255108
0.542,542,0.345663024,0.021855838,0.997553523,0.259178878,0.130454929
0.543,543,0.346001801,0.021941339,0.997525196,0.259414439,0.130615101
0.544,544,0.346339974,0.022094524,0.997497292,0.259745829,0.130872774
0.545,545,0.346677545,0.022223511,0.997469796,0.260038585,0.131092571
0.546,546,0.347014516,0.022303084,0.997442694,0.260260221,0.131240506
0.547,547,0.347350888,0.022413246,0.997415974,0.260523056,0.131431046
0.548,548,0.347686665,0.022579136,0.997389623,0.260861086,0.131699259
0.549,549,0.348021847,0.022710007,0.997363629,0.261147164,0.131915432
0.55,550,0.348356436,0.022850592,0.997337982,0.261444575,0.132143958
0.551,551,0.348690435,0.022973772,0.997308657,0.261716258,0.132346727
0.552,552,0.349023844,0.023095248,0.997279751,0.261983776,0.132545871
0.553,553,0.349356667,0.023282324,0.997251253,0.262335398,0.132833311
0.554,554,0.349688903,0.023418156,0.997223148,0.262617744,0.13304938
0.555,555,0.350020557,0.023608989,0.997195424,0.262967828,0.133337507
0.556,556,0.350351628,0.023741605,0.997168069,0.263241365,0.133546061
0.557,557,0.35068212,0.02388542,0.997141073,0.26352744,0.133768463
0.558,558,0.351012033,0.024093169,0.997114424,0.263891347,0.134074009
0.559,559,0.35134137,0.024198055,0.997088113,0.264125307,0.13424263
0.56,560,0.351670132,0.02439859,0.997062129,0.264474684,0.134534855
0.561,561,0.351998321,0.024578173,0.997032898,0.264797672,0.13479931
0.562,562,0.352325939,0.024752495,0.997004055,0.265112962,0.135056114
0.563,563,0.352652987,0.02491226,0.996975588,0.265407883,0.135292167
0.564,564,0.352979467,0.025113082,0.996947487,0.265750097,0.135579758
0.565,565,0.353305382,0.025285897,0.996919739,0.266057441,0.135830488
0.566,566,0.353630732,0.02544662,0.996892336,0.266347888,0.136063999
0.567,567,0.353955519,0.025669584,0.996865268,0.266708741,0.136374682
0.568,568,0.354279745,0.025838355,0.996838526,0.267005659,0.136616465
0.569,569,0.354603413,0.025985909,0.996812101,0.267277178,0.136831057
0.57,570,0.354926522,0.026171135,0.996785985,0.26758898,0.137090696
0.571,571,0.355249076,0.026346512,0.996756498,0.267888891,0.137337707
0.572,572,0.355571075,0.026602218,0.996727379,0.268276587,0.137682118
0.573,573,0.355892522,0.026826502,0.996698617,0.268626169,0.137985835
0.574,574,0.356213418,0.026958085,0.996670202,0.268872983,0.138176288
0.575,575,0.356533764,0.027146584,0.996642125,0.269180605,0.13843478
0.576,576,0.356853563,0.027331248,0.996614378,0.269482955,0.138687943
0.577,577,0.357172816,0.027531031,0.996586951,0.269799611,0.138957908
0.578,578,0.357491525,0.027715361,0.996559836,0.270098271,0.139208436
0.579,579,0.35780969,0.027926627,0.996533026,0.270424431,0.139490312
0.58,580,0.358127315,0.028169396,0.996506513,0.270782343,0.139808552
0.581,581,0.3584444,0.028240225,0.996477384,0.270957587,0.139922181
0.582,582,0.358760947,0.02852422,0.996448593,0.271355669,0.140287059
0.583,583,0.359076957,0.02856436,0.996420131,0.271497256,0.140363526
0.584,584,0.359392433,0.028842928,0.99639199,0.271886172,0.140719652
0.585,585,0.359707376,0.029155595,0.996364162,0.272309228,0.141115037
0.586,586,0.360021787,0.029263245,0.996336639,0.272518583,0.141269257
0.587,587,0.360335668,0.029587568,0.996309414,0.272949726,0.141675631
0.588,588,0.36064902,0.029689351,0.99628248,0.273151631,0.141822136
0.589,589,0.360961846,0.029939845,0.996255831,0.273504265,0.142140679
0.59,590,0.361274146,0.030135594,0.996229459,0.273800174,0.142395117
0.591,591,0.361585922,0.030343912,0.996202223,0.274107183,0.142662979
0.592,592,0.361897176,0.030485906,0.996175272,0.274347162,0.142854366
0.593,593,0.362207909,0.030749326,0.9961486,0.274706843,0.143183828
0.594,594,0.362518123,0.030964811,0.9961222,0.275018069,0.143458046
0.595,595,0.362827819,0.031171743,0.996096066,0.275319456,0.143721601
0.596,596,0.363136999,0.031317637,0.996070193,0.27555981,0.14391522
0.597,597,0.363445664,0.031599534,0.996044575,0.275932486,0.14426228
0.598,598,0.363753815,0.031780242,0.996019206,0.276205345,0.144494334
0.599,599,0.364061455,0.031968833,0.995994082,0.276485121,0.144734815
0.6,600,0.364368585,0.032196694,0.995969197,0.276801724,0.145018665
0.601,601,0.364675205,0.032394709,0.995932028,0.277088741,0.145268544
0.602,602,0.364981319,0.032511224,0.995895317,0.277296644,0.145426691
0.603,603,0.365286926,0.032784895,0.995859053,0.277654111,0.145759777
0.604,604,0.365592029,0.032972611,0.995823222,0.277929143,0.145996863
0.605,605,0.365896629,0.033171829,0.995787814,0.278213645,0.146245738
0.606,606,0.366200728,0.033364586,0.995752817,0.278491552,0.146487188
0.607,607,0.366504326,0.033579409,0.995718219,0.278789003,0.146752207
0.608,608,0.366807426,0.033774107,0.995684013,0.279067352,0.146994962
0.609,609,0.367110028,0.03395341,0.995650186,0.279330131,0.147219979
0.61,610,0.367412135,0.034193043,0.99561673,0.279648786,0.147511126
0.611,611,0.367713747,0.034361204,0.995567,0.279899976,0.147723189
0.612,612,0.368014866,0.034584947,0.995517983,0.280202072,0.147995764
0.613,613,0.368315494,0.034769725,0.995469656,0.280467232,0.148225137
0.614,614,0.368615632,0.035070445,0.995421995,0.280838764,0.148580824
0.615,615,0.36891528,0.035206071,0.995374979,0.281057413,0.148755814
0.616,616,0.369214442,0.035405241,0.995328588,0.281333569,0.14899948
0.617,617,0.369513117,0.035558356,0.995282803,0.281567115,0.149192819
0.618,618,0.369811308,0.035825679,0.995237605,0.281904576,0.149509979
0.619,619,0.370109015,0.035987832,0.995192978,0.282145116,0.149712362
0.62,620,0.370406241,0.036155731,0.995148903,0.282390595,0.149920843
0.621,621,0.370702986,0.036386812,0.995101741,0.282692332,0.150196954
0.622,622,0.370999251,0.036539182,0.99505518,0.282922583,0.150387952
0.623,623,0.371295039,0.036817017,0.995009201,0.283265497,0.150713913
0.624,624,0.371590351,0.037009759,0.994963789,0.283531062,0.150947786
0.625,625,0.371885187,0.037178207,0.994918927,0.283773875,0.151154916
0.626,626,0.37217955,0.037398298,0.994874601,0.284062586,0.15141731
0.627,627,0.37247344,0.037574802,0.994830795,0.284311642,0.15163253
0.628,628,0.372766859,0.037782722,0.994787496,0.284588128,0.151881039
0.629,629,0.373059808,0.03799237,0.994744691,0.284866044,0.152131409
0.63,630,0.373352288,0.038166006,0.994702367,0.285110874,0.152342557
0.631,631,0.373644301,0.038334086,0.994661032,0.285351767,0.152548555
0.632,632,0.373935849,0.038617683,0.994620145,0.285693537,0.152876778
0.633,633,0.374226931,0.039165518,0.994579695,0.286269386,0.153487174
0.634,634,0.374517551,0.038970602,0.994539673,0.286190177,0.153307114
0.635,635,0.374807708,0.0391903,0.994500068,0.286474266,0.153566628
0.636,636,0.375097405,0.039342487,0.994460871,0.286698757,0.153754332
0.637,637,0.375386642,0.039586224,0.994422071,0.287003139,0.154038927
0.638,638,0.37567542,0.03976603,0.994383662,0.28725134,0.154255711
0.639,639,0.375963742,0.039986347,0.994345633,0.28753403,0.15451477
0.64,640,0.376251609,0.040163458,0.994307978,0.287778668,0.154727954
0.641,641,0.37653902,0.040404105,0.994263751,0.288076632,0.155006883
0.642,642,0.376825979,0.040593215,0.99422,0.288329185,0.155231047
0.643,643,0.377112486,0.040768608,0.994176714,0.28856938,0.155440486
0.644,644,0.377398542,0.040931384,0.99413388,0.288798048,0.155636262
0.645,645,0.377684148,0.041196394,0.99409149,0.289114691,0.155939366
0.646,646,0.377969306,0.041399496,0.994049532,0.289377606,0.156177273
0.647,647,0.378254018,0.041598313,0.994007997,0.289636079,0.156410192
0.648,648,0.378538283,0.041787563,0.993966876,0.289885903,0.156632839
0.649,649,0.378822104,0.042070546,0.99392616,0.29021543,0.156953214
0.65,650,0.379105482,0.042272591,0.993885839,0.290475429,0.157188829
0.651,651,0.379388417,0.042451841,0.993841699,0.290717166,0.157401575
0.652,652,0.379670912,0.04263403,0.993798008,0.290960736,0.157616956
0.653,653,0.379952966,0.042835253,0.993754757,0.291219916,0.157851813
0.654,654,0.380234583,0.043108132,0.993711936,0.291539633,0.158161139
0.655,655,0.380515762,0.043265852,0.993669535,0.291761392,0.158350498
0.656,656,0.380796504,0.043420004,0.993627546,0.291979536,0.15853577
0.657,657,0.381076812,0.043676184,0.99358596,0.292283541,0.158826797
0.658,658,0.381356686,0.043823745,0.993544769,0.292495578,0.159004972
0.659,659,0.381636127,0.044137801,0.993503964,0.292847046,0.159355185
0.66,660,0.381915137,0.044268962,0.993463537,0.293044776,0.159516139
0.661,661,0.382193717,0.044505852,0.993423481,0.293330326,0.159785832
0.662,662,0.382471867,0.044721979,0.993383789,0.293598414,0.160034108
0.663,663,0.38274959,0.044852522,0.993344454,0.293794375,0.160193692
0.664,664,0.383026885,0.045094136,0.993305468,0.294082769,0.160467667
0.665,665,0.383303755,0.045352985,0.993266826,0.294385004,0.160759089
0.666,666,0.3835802,0.045494829,0.99322852,0.294589514,0.160929877
0.667,667,0.383856222,0.045741538,0.993190544,0.294880822,0.161208339
0.668,668,0.384131822,0.045838985,0.993152893,0.295047736,0.161333067
0.669,669,0.384407,0.046065593,0.993115561,0.295321502,0.161590368
0.67,670,0.384681759,0.046344652,0.993078541,0.295638168,0.161901192
0.671,671,0.384956098,0.046477539,0.993047246,0.29583232,0.16206096
0.672,672,0.38523002,0.046710484,0.993016184,0.296108298,0.162322742
0.673,673,0.385503525,0.046884921,0.992985351,0.296335904,0.162524589
0.674,674,0.385776614,0.047085553,0.992954744,0.296584628,0.162752969
0.675,675,0.386049289,0.047266153,0.99292436,0.296816788,0.162960875
0.676,676,0.386321551,0.047470058,0.992894195,0.297067376,0.16319212
0.677,677,0.3865934,0.047742439,0.992864245,0.297373908,0.163493196
0.678,678,0.386864838,0.047879395,0.992834509,0.297568971,0.163655763
0.679,679,0.387135866,0.048081529,0.992804983,0.297817336,0.163884842
0.68,680,0.387406484,0.048315051,0.992775664,0.298090576,0.164145385
0.681,681,0.387676695,0.048600009,0.992727758,0.29840709,0.164459334
0.682,682,0.387946499,0.048652521,0.992680306,0.298533934,0.164536679
0.683,683,0.388215897,0.048855655,0.9926333,0.298783264,0.16476714
0.684,684,0.388484891,0.049055055,0.99258673,0.299028997,0.164993452
0.685,685,0.38875348,0.049283941,0.992540588,0.299298253,0.165249455
0.686,686,0.389021667,0.049452491,0.992494864,0.299518465,0.165444233
0.687,687,0.389289453,0.049639446,0.992449551,0.29975324,0.165657477
0.688,688,0.389556838,0.049805702,0.992404641,0.299970763,0.165849431
0.689,689,0.389823823,0.050003096,0.992360125,0.3002132,0.166072794
0.69,690,0.39009041,0.050151645,0.992315997,0.300415995,0.166246639
0.691,691,0.390356599,0.050743572,0.992242226,0.300974459,0.166867601
0.692,692,0.390622393,0.050989488,0.992169367,0.301255554,0.167139958
0.693,693,0.39088779,0.051068855,0.992097392,0.301402746,0.167244182
0.694,694,0.391152794,0.051012633,0.992026277,0.30143953,0.167210471
0.695,695,0.391417404,0.051165444,0.991955999,0.301644404,0.167387943
0.696,696,0.391681622,0.051361228,0.991886533,0.30188312,0.167608332
0.697,697,0.391945449,0.051563791,0.99181786,0.302127318,0.167835667
0.698,698,0.392208885,0.051760908,0.991749958,0.302366753,0.168057278
0.699,699,0.392471932,0.05198019,0.991682807,0.302623511,0.168300964
0.7,700,0.392734591,0.052082497,0.991616388,0.302786834,0.168427041
0.701,701,0.392996863,0.052318345,0.991544981,0.30305609,0.168686971
0.702,702,0.393258748,0.052542368,0.991474378,0.30331594,0.168935111
0.703,703,0.393520248,0.052733732,0.99140456,0.303549383,0.169150216
0.704,704,0.393781364,0.052922402,0.991335505,0.303780305,0.169362394
0.705,705,0.394042097,0.05313982,0.991267195,0.304033677,0.169603178
0.706,706,0.394302447,0.053281184,0.991199611,0.304226612,0.169767732
0.707,707,0.394562416,0.053483428,0.991132737,0.304467445,0.169993062
0.708,708,0.394822004,0.053701783,0.991066554,0.304720725,0.170234352
0.709,709,0.395081214,0.053923604,0.991001048,0.304976567,0.170479046
0.71,710,0.395340045,0.05405887,0.990936202,0.305163628,0.170636955
0.711,711,0.395598498,0.054288437,0.990865503,0.305424839,0.170888955
0.712,712,0.395856575,0.054499361,0.990795548,0.305670966,0.171122111
0.713,713,0.396114276,0.054756988,0.990726321,0.305953811,0.17140191
0.714,714,0.396371603,0.054868177,0.990657803,0.30612112,0.171535441
0.715,715,0.396628556,0.055025901,0.990589979,0.306324812,0.171715283
0.716,716,0.396885137,0.055161899,0.990522833,0.306510994,0.171873192
0.717,717,0.397141345,0.055425736,0.990456349,0.306797433,0.172158464
0.718,718,0.397397183,0.055587205,0.990390513,0.307003343,0.172341677
0.719,719,0.397652651,0.055778956,0.990325311,0.30723268,0.172554865
0.72,720,0.39790775,0.055964602,0.990260729,0.307456899,0.172761783
0.721,721,0.398162482,0.056170173,0.99023497,0.307694961,0.172987274
0.722,722,0.398416846,0.056255063,0.99020935,0.307838438,0.17309268
0.723,723,0.398670844,0.056455296,0.990183866,0.308071887,0.173312655
0.724,724,0.398924476,0.056678223,0.990158519,0.308322904,0.173555123
0.725,725,0.399177745,0.056859737,0.990133306,0.308541135,0.173756169
0.726,726,0.39943065,0.057040751,0.990108226,0.308758782,0.173956633
0.727,727,0.399683192,0.05720916,0.990083278,0.308966472,0.174144549
0.728,728,0.399935373,0.057322305,0.990058461,0.309130924,0.174277554
0.729,729,0.400187193,0.057513698,0.990033772,0.309355944,0.174487955
0.73,730,0.400438654,0.057676731,0.990009212,0.309558803,0.174670228
0.731,731,0.400689755,0.05793781,0.989944592,0.309838977,0.174950539
0.732,732,0.400940499,0.058001052,0.989880563,0.309965501,0.175034965
0.733,733,0.401190886,0.058156228,0.989817114,0.310163016,0.175210192
0.734,734,0.401440916,0.058170493,0.989754233,0.31025139,0.175246151
0.735,735,0.401690591,0.058453337,0.98969191,0.310547346,0.175547394
0.736,736,0.401939911,0.058620034,0.989630133,0.310753178,0.17573373
0.737,737,0.402188878,0.058793944,0.989568892,0.31096445,0.175927148
0.738,738,0.402437493,0.058879126,0.989508176,0.311106953,0.176032849
0.739,739,0.402685755,0.059057066,0.989447977,0.311320979,0.176230089
0.74,740,0.402933666,0.059180459,0.989388284,0.311492647,0.176373363
0.741,741,0.403181228,0.059308148,0.98929403,0.311668943,0.176521915
0.742,742,0.40342844,0.059508081,0.989200861,0.311900755,0.176741632
0.743,743,0.403675304,0.059602014,0.989108747,0.31205056,0.176856652
0.744,744,0.40392182,0.05975528,0.989017663,0.31224614,0.177030272
0.745,745,0.40416799,0.05989302,0.98892758,0.312429293,0.177188286
0.746,746,0.404413813,0.060066456,0.988838473,0.312640103,0.177381671
0.747,747,0.404659292,0.060175105,0.988750319,0.31280057,0.177510915
0.748,748,0.404904427,0.060302989,0.988663093,0.312975753,0.1776591
0.749,749,0.405149219,0.060484195,0.988576774,0.313191773,0.177859723
0.75,750,0.405393668,0.060682012,0.98849134,0.313420252,0.17807652
0.751,751,0.405637775,0.060719553,0.988381641,0.31352399,0.178134459
0.752,752,0.405881542,0.060870134,0.98827327,0.31371434,0.178303528
0.753,753,0.406124968,0.060999263,0.988166191,0.31388796,0.17845135
0.754,754,0.406368056,0.061130808,0.988060366,0.314063222,0.178601442
0.755,755,0.406610805,0.06125633,0.987955761,0.314233836,0.178745648
0.756,756,0.406853217,0.061413608,0.987852344,0.314428503,0.178920899
0.757,757,0.407095293,0.061513716,0.987750082,0.314579302,0.179039985
0.758,758,0.407337032,0.061648535,0.987648946,0.314756309,0.179192932
0.759,759,0.407578436,0.061788081,0.987548908,0.314936956,0.179350598
0.76,760,0.407819507,0.061945469,0.987449938,0.315131021,0.179525657
0.761,761,0.408060243,0.062007999,0.987326732,0.315252418,0.179607592
0.762,762,0.408300648,0.062199144,0.98720505,0.315471772,0.1798155
0.763,763,0.40854072,0.062254258,0.987084847,0.315587174,0.17989002
0.764,764,0.408780461,0.062438403,0.986966081,0.315800925,0.180090979
0.765,765,0.409019873,0.062571245,0.986848712,0.315975423,0.180241629
0.766,766,0.409258954,0.062685239,0.9867327,0.316135196,0.180373595
0.767,767,0.409497708,0.062794717,0.98661801,0.316291541,0.180501208
0.768,768,0.409736133,0.06290859,0.986504606,0.316450814,0.180632851
0.769,769,0.409974231,0.063163432,0.986392454,0.316717614,0.180902692
0.77,770,0.410212003,0.063199936,0.986281522,0.316817831,0.1809586
0.771,771,0.41044945,0.063387578,0.986162345,0.317032933,0.181162365
0.772,772,0.410686572,0.06355283,0.986044508,0.317230865,0.181344177
0.773,773,0.41092337,0.063563111,0.985927976,0.317310693,0.181374261
0.774,774,0.411159845,0.063750057,0.985812716,0.317524642,0.181577027
0.775,775,0.411395997,0.063906917,0.985698695,0.317715706,0.181750417
0.776,776,0.411631828,0.064077884,0.985585883,0.317917261,0.18193748
0.777,777,0.411867338,0.064165725,0.98547425,0.318055528,0.182043227
0.778,778,0.412102528,0.064301589,0.985363767,0.318230127,0.182195859
0.779,779,0.412337398,0.064514479,0.985254408,0.3184628,0.182423502
0.78,780,0.41257195,0.064601968,0.985146146,0.318600534,0.182528863
0.781,781,0.412806184,0.064742612,0.985040389,0.318778194,0.182685888
0.782,782,0.413040101,0.064872587,0.984935655,0.318947648,0.182832459
0.783,783,0.413273702,0.064995015,0.984831924,0.319111139,0.182971526
0.784,784,0.413506987,0.06517055,0.984729171,0.319314789,0.183162423
0.785,785,0.413739957,0.065326703,0.984627378,0.319503614,0.183334348
0.786,786,0.413972613,0.065479212,0.984526524,0.319689429,0.183502577
0.787,787,0.414204956,0.065671062,0.984426588,0.319904899,0.183709143
0.788,788,0.414436987,0.065778967,0.984327553,0.320056759,0.183833817
0.789,789,0.414668705,0.065937123,0.984229401,0.320246402,0.184007369
0.79,790,0.414900112,0.066068883,0.984132114,0.320416017,0.184155187
0.791,791,0.415131209,0.06621688,0.984035674,0.320597818,0.184318818
0.792,792,0.415361996,0.066302612,0.983940067,0.320732216,0.184421545
0.793,793,0.415592474,0.06643273,0.983845275,0.32090002,0.184567477
0.794,794,0.415822644,0.066585252,0.983751283,0.321084632,0.184735204
0.795,795,0.416052506,0.066756044,0.983658077,0.321282932,0.184920698
0.796,796,0.416282061,0.06691527,0.983565642,0.321472156,0.18509471
0.797,797,0.416511311,0.067045758,0.983473964,0.321639843,0.185240907
0.798,798,0.416740255,0.067095885,0.98338303,0.321746698,0.18530875
0.799,799,0.416968894,0.06733341,0.983292826,0.321994495,0.185558771
0.8,800,0.417197229,0.067419707,0.98320334,0.322128256,0.185661637
0.801,801,0.417425261,0.067550507,0.983176409,0.322295723,0.185807942
0.802,802,0.417652991,0.067676321,0.983149588,0.322459031,0.185949132
0.803,803,0.417880418,0.067809675,0.983122877,0.322627972,0.186097675
0.804,804,0.418107545,0.067939333,0.983096274,0.322794036,0.186242601
0.805,805,0.418334371,0.068132021,0.983069779,0.323007331,0.186448702
0.806,806,0.418560897,0.068221207,0.983043391,0.323142616,0.18655413
0.807,807,0.418787124,0.06832332,0.983017109,0.32328756,0.186672126
0.808,808,0.419013053,0.068423068,0.982990933,0.323430615,0.186787788
0.809,809,0.419238684,0.06847933,0.982964861,0.323540652,0.186860998
0.81,810,0.419464018,0.068710223,0.982938894,0.323781805,0.187103798
0.811,811,0.419689055,0.068882453,0.982931168,0.323980417,0.187290802
0.812,812,0.419913797,0.068902861,0.982923465,0.324065015,0.187330438
0.813,813,0.420138244,0.069043258,0.982915784,0.324239483,0.187486448
0.814,814,0.420362397,0.069152816,0.982908125,0.324390599,0.187612414
0.815,815,0.420586255,0.069229609,0.982900487,0.324517045,0.187706568
0.816,816,0.420809821,0.069458056,0.982892872,0.324756959,0.187947694
0.817,817,0.421033095,0.069501192,0.982885279,0.324857902,0.18800909
0.818,818,0.421256077,0.069644312,0.982877708,0.325033656,0.188167404
0.819,819,0.421478768,0.069846473,0.982870158,0.325253475,0.188382882
0.82,820,0.421701169,0.06989902,0.98286263,0.325361211,0.188453353
0.821,821,0.42192328,0.070006666,0.982860999,0.325508437,0.188575948
0.822,822,0.422145102,0.070088486,0.982859372,0.32563609,0.188673379
0.823,823,0.422366636,0.070332179,0.982857749,0.325884883,0.1889277
0.824,824,0.422587882,0.070384204,0.982856129,0.325990183,0.188996316
0.825,825,0.422808841,0.070465425,0.982854514,0.326117158,0.189093136
0.826,826,0.423029513,0.070624296,0.982852902,0.326301962,0.189265019
0.827,827,0.4232499,0.070730848,0.982851294,0.326447579,0.189386233
0.828,828,0.423470002,0.070853538,0.982849689,0.326605182,0.189523062
0.829,829,0.423689819,0.071023369,0.982848088,0.326797817,0.189705422
0.83,830,0.423909353,0.070987703,0.982846491,0.326836895,0.189688911
0.831,831,0.424128603,0.071180722,0.982821488,0.327046371,0.189893449
0.832,832,0.424347571,0.071282558,0.982796582,0.327187876,0.190009904
0.833,833,0.424566257,0.071462681,0.982771771,0.327387515,0.1902019
0.834,834,0.424784662,0.071551878,0.982747055,0.327519192,0.190305916
0.835,835,0.425002786,0.071758655,0.982722433,0.327738618,0.19052371
0.836,836,0.42522063,0.071788564,0.982697906,0.327826053,0.190570481
0.837,837,0.425438194,0.071876454,0.982673471,0.327956308,0.190673029
0.838,838,0.42565548,0.072030013,0.982649129,0.328135421,0.190839023
0.839,839,0.425872488,0.07221122,0.982624879,0.328335124,0.191031773
0.84,840,0.426089218,0.072292874,0.982600721,0.328460648,0.191128372
0.841,841,0.426305672,0.072404704,0.982429194,0.328608057,0.191253838
0.842,842,0.426521849,0.072504554,0.982259766,0.328746313,0.191367597
0.843,843,0.42673775,0.072729338,0.982092376,0.328977484,0.191601989
0.844,844,0.426953376,0.072759211,0.981926964,0.329063587,0.191648214
0.845,845,0.427168728,0.07290284,0.981763475,0.32923421,0.19180422
0.846,846,0.427383806,0.073009801,0.981601855,0.329377246,0.191924632
0.847,847,0.427598611,0.073212573,0.981442054,0.329591543,0.192137571
0.848,848,0.427813143,0.073296932,0.981284023,0.329717782,0.192236272
0.849,849,0.428027404,0.073386264,0.981127716,0.329847374,0.192339548
0.85,850,0.428241392,0.073493329,0.980973088,0.329990339,0.192460132
0.851,851,0.42845511,0.073639682,0.98082016,0.330163556,0.192619435
0.852,852,0.428668558,0.073746099,0.980668829,0.330307144,0.192740297
0.853,853,0.428881736,0.073897452,0.980519057,0.330484021,0.192904474
0.854,854,0.429094646,0.073969746,0.980370806,0.330601983,0.1929923
0.855,855,0.429307286,0.074108947,0.98022404,0.330769574,0.193144645
0.856,856,0.429519659,0.074267398,0.980078724,0.330951247,0.193315433
0.857,857,0.429731765,0.074325738,0.979934826,0.331058559,0.193389715
0.858,858,0.429943604,0.07456627,0.979792314,0.33130079,0.193639435
0.859,859,0.430155176,0.074750399,0.979651156,0.331501125,0.193834806
0.86,860,0.430366484,0.074815526,0.979511324,0.331613344,0.193915663
0.861,861,0.430577526,0.074966465,0.9792887,0.331786858,0.194077555
0.862,862,0.430788304,0.075140479,0.979069021,0.331977514,0.194261753
0.863,863,0.430998818,0.075229763,0.97885219,0.332105442,0.194364434
0.864,864,0.43120907,0.075352165,0.978638119,0.332257537,0.194498764
0.865,865,0.431419058,0.075537838,0.978426722,0.332456446,0.194694022
0.866,866,0.431628784,0.075692143,0.978217919,0.332631953,0.194858989
0.867,867,0.431838249,0.075832088,0.978011632,0.332796861,0.195010205
0.868,868,0.432047453,0.075892208,0.97780779,0.332902591,0.195084558
0.869,869,0.432256397,0.0761003,0.977606323,0.333117448,0.195301068
0.87,870,0.432465081,0.076184915,0.977407164,0.333240916,0.195398777
0.871,871,0.432673506,0.076425835,0.977126971,0.333479465,0.1956466
0.872,872,0.432881672,0.076537726,0.976850909,0.333622734,0.195770445
0.873,873,0.43308958,0.07666642,0.976578828,0.333778316,0.195910409
0.874,874,0.43329723,0.076872858,0.976310587,0.333990928,0.196124852
0.875,875,0.433504624,0.07696493,0.976046053,0.334119294,0.196229567
0.876,876,0.433711761,0.07719285,0.975785099,0.334347377,0.196464442
0.877,877,0.433918642,0.077304771,0.975527609,0.334490299,0.196588244
0.878,878,0.434125268,0.077416577,0.975273469,0.334632805,0.196711718
0.879,879,0.434331639,0.077568085,0.975022574,0.334804315,0.196873154
0.88,880,0.434537755,0.077745703,0.974774824,0.33499493,0.197059598
0.881,881,0.434743618,0.077872607,0.974577956,0.335148435,0.197197535
0.882,882,0.434949228,0.078014774,0.974383094,0.335312983,0.197350008
0.883,883,0.435154586,0.0781407,0.974190192,0.33546546,0.197486849
0.884,884,0.435359691,0.078252631,0.973999204,0.335607621,0.197610295
0.885,885,0.435564545,0.078447168,0.973810084,0.335810118,0.197812676
0.886,886,0.435769148,0.078584969,0.973622792,0.335971076,0.197960837
0.887,887,0.4359735,0.078694585,0.973437285,0.336111065,0.198081821
0.888,888,0.436177603,0.07884307,0.973253526,0.336279553,0.198240056
0.889,889,0.436381456,0.078995939,0.973071475,0.336451029,0.198402352
0.89,890,0.43658506,0.07927575,0.972891096,0.336715466,0.198686134
0.891,891,0.436788416,0.079400964,0.972810749,0.336868561,0.198823337
0.892,892,0.436991524,0.079464751,0.972730827,0.336976445,0.198901637
0.893,893,0.437194385,0.079688328,0.972651324,0.337201125,0.199132678
0.894,894,0.437396999,0.079773259,0.972572238,0.337324306,0.199231142
0.895,895,0.437599367,0.080014196,0.972493563,0.337561445,0.199478681
0.896,896,0.43780149,0.080077933,0.972415296,0.337669117,0.19955696
0.897,897,0.438003367,0.080285639,0.972337432,0.337881622,0.199772556
0.898,898,0.438204999,0.080373746,0.972259967,0.338006705,0.199873892
0.899,899,0.438406387,0.080540571,0.972182898,0.338189053,0.200050287
0.9,900,0.438607532,0.0807515,0.97210622,0.338403809,0.200269012
0.901,901,0.438808434,0.080912017,0.972042885,0.338579829,0.200438146
0.902,902,0.439009093,0.081050972,0.971979837,0.338740204,0.200586805
0.903,903,0.43920951,0.081201019,0.971917073,0.338908418,0.200745895
0.904,904,0.439409685,0.081376244,0.971854592,0.339094905,0.200928991
0.905,905,0.439609619,0.081500987,0.971792391,0.339244586,0.201063949
0.906,906,0.439809313,0.081598107,0.971730468,0.339373908,0.201172411
0.907,907,0.440008766,0.081765157,0.971668819,0.339554022,0.201347503
0.908,908,0.44020798,0.081951662,0.971607444,0.339748217,0.201541124
0.909,909,0.440406955,0.082152997,0.971546339,0.339953233,0.20174895
0.91,910,0.440605692,0.082306394,0.971485502,0.340123135,0.201910935
0.911,911,0.44080419,0.082445364,0.971406012,0.340282338,0.202059076
0.912,912,0.441002451,0.082624253,0.971326923,0.340470401,0.20224517
0.913,913,0.441200475,0.08275757,0.971248231,0.340625515,0.202388023
0.914,914,0.441398262,0.082956465,0.971169932,0.340827845,0.202593046
0.915,915,0.441595813,0.083064523,0.971092022,0.340964121,0.202711535
0.916,916,0.441793129,0.083291359,0.971014498,0.341186715,0.202943231
0.917,917,0.441990209,0.083405495,0.970937356,0.34132732,0.203067521
0.918,918,0.442187055,0.083597017,0.970860592,0.341523863,0.203265347
0.919,919,0.442383666,0.083767249,0.970784203,0.341704894,0.203442899
0.92,920,0.442580045,0.083892483,0.970708185,0.341853294,0.203577671
0.921,921,0.442776189,0.084098977,0.97061141,0.342061894,0.203790797
0.922,922,0.442972102,0.084264631,0.970515174,0.342240818,0.203965053
0.923,923,0.443167782,0.084355002,0.970419472,0.342365118,0.204067678
0.924,924,0.44336323,0.084626004,0.970324297,0.34262016,0.204342059
0.925,925,0.443558447,0.084766985,0.970229643,0.342780976,0.204492785
0.926,926,0.443753433,0.084481884,0.970135505,0.342633763,0.204238814
0.927,927,0.443948189,0.084631308,0.970041877,0.342799981,0.204397079
0.928,928,0.444142715,0.084831575,0.969948754,0.343003283,0.204603935
0.929,929,0.444337012,0.08512398,0.969856129,0.343273182,0.204898347
0.93,930,0.44453108,0.085339315,0.969763999,0.343487401,0.205119627
0.931,931,0.44472492,0.085590711,0.969657755,0.343726752,0.205374549
0.932,932,0.444918531,0.084512105,0.969552123,0.34300227,0.204364489
0.933,933,0.445111916,0.084720954,0.969447094,0.343209394,0.204577853
0.934,934,0.445305073,0.084904513,0.969342663,0.343398464,0.204767428
0.935,935,0.445498004,0.085067263,0.969238823,0.34357241,0.204937222
0.936,936,0.445690708,0.085363922,0.969135565,0.343843497,0.205234473
0.937,937,0.445883187,0.085270193,0.969032884,0.343833149,0.205161698
0.938,938,0.446075441,0.084569682,0.968930774,0.343379761,0.204509586
0.939,939,0.44626747,0.084765302,0.968829227,0.343576977,0.20471032
0.94,940,0.446459275,0.084989486,0.968728237,0.343795102,0.204938409
0.941,941,0.446650856,0.085180785,0.968608411,0.34398935,0.205135282
0.942,942,0.446842214,0.085480369,0.968489312,0.344262469,0.205435445
0.943,943,0.447033349,0.084407769,0.96837093,0.343539261,0.204430099
0.944,944,0.447224261,0.084548371,0.968253257,0.343695792,0.204578115
0.945,945,0.447414952,0.084824779,0.968136284,0.343951365,0.204855678
0.946,946,0.447605421,0.084946232,0.968020002,0.34409451,0.204985965
0.947,947,0.447795669,0.08524685,0.967904403,0.344367768,0.205286732
0.948,948,0.447985696,0.08496029,0.967789478,0.344215838,0.20502994
0.949,949,0.448175503,0.084428352,0.967675219,0.34388203,0.204537064
0.95,950,0.448365091,0.084630303,0.967561618,0.344082969,0.204743511
0.951,951,0.448554459,0.084842141,0.967175664,0.344291721,0.204960342
0.952,952,0.448743608,0.085040867,0.966795211,0.34449081,0.205164637
0.953,953,0.448932539,0.085272603,0.966420066,0.34471388,0.20540037
0.954,954,0.449121252,0.086284614,0.966050046,0.345503811,0.206378564
0.955,955,0.449309747,0.084364911,0.96568498,0.344162834,0.204567249
0.956,956,0.449498026,0.084490661,0.965324706,0.344307978,0.204701544
0.957,957,0.449686087,0.084642737,0.964969069,0.34447277,0.204861312
0.958,958,0.449873933,0.084159147,0.964617925,0.344174316,0.204415834
0.959,959,0.450061562,0.084330963,0.964271135,0.344352594,0.204593748
0.96,960,0.450248976,0.084508025,0.963928568,0.344535302,0.204777171
0.961,961,0.450436176,0.084699054,0.963548249,0.344726519,0.204972747
0.962,962,0.450623161,0.084892926,0.963172843,0.344919839,0.205171096
0.963,963,0.450809931,0.085116428,0.962802198,0.345134904,0.205397815
0.964,964,0.450996488,0.084610174,0.962436165,0.34481846,0.204930023
0.965,965,0.451182832,0.084370672,0.962074606,0.344693679,0.20471418
0.966,966,0.451368963,0.083929694,0.961717387,0.344423179,0.204307623
0.967,967,0.451554882,0.084957222,0.961364384,0.345223615,0.205299108
0.968,968,0.451740589,0.084944258,0.961015477,0.34526757,0.205301838
0.969,969,0.451926084,0.084546047,0.960670551,0.345028171,0.204935955
0.97,970,0.452111368,0.083656496,0.960329497,0.344426467,0.204099619
0.971,971,0.452296441,0.083647645,0.959944579,0.344471372,0.204104939
0.972,972,0.452481305,0.083793882,0.959564325,0.344630338,0.204258582
0.973,973,0.452665958,0.083890852,0.9591886,0.344753233,0.204365282
0.974,974,0.452850402,0.083998437,0.958817274,0.344883878,0.20448212
0.975,975,0.453034636,0.08411434,0.958450223,0.345020635,0.20460694
0.976,976,0.453218663,0.084224115,0.958087329,0.345153124,0.204726123
0.977,977,0.453402481,0.083807789,0.95772848,0.344900182,0.204343559
0.978,978,0.453586091,0.083504773,0.957373568,0.344727586,0.204067125
0.979,979,0.453769493,0.083600297,0.957022491,0.344848687,0.204172082
0.98,980,0.453952689,0.083723797,0.95667515,0.344990553,0.204303955
0.981,981,0.454135678,0.083836987,0.956301337,0.345123066,0.204424739
0.982,982,0.454318462,0.08394999,0.955931649,0.345255446,0.204545379
0.983,983,0.454501039,0.084102664,0.955565979,0.345417014,0.204703973
0.984,984,0.454683411,0.084214459,0.955204223,0.345548772,0.204823735
0.985,985,0.454865578,0.083353203,0.954846281,0.344964839,0.204013875
0.986,986,0.45504754,0.083474548,0.954492059,0.345102007,0.204141562
0.987,987,0.455229298,0.083584173,0.954141464,0.345231241,0.204258623
0.988,988,0.455410853,0.083702546,0.953794411,0.345367062,0.204384192
0.989,989,0.455592204,0.083795645,0.953450814,0.345484274,0.204485638
0.99,990,0.455773352,0.083904025,0.953110593,0.345612697,0.20460169
0.991,991,0.455954298,0.084050449,0.952637409,0.34576827,0.204753824
0.992,992,0.456135041,0.084138879,0.952170176,0.345881398,0.204850762
0.993,993,0.456315583,0.083219361,0.951708712,0.345251291,0.203983844
0.994,994,0.456495923,0.083297668,0.951252846,0.345355225,0.204069833
0.995,995,0.456676062,0.083364257,0.950802414,0.345451126,0.204145124
0.996,996,0.456856001,0.083463662,0.95035726,0.345571357,0.204251922
0.997,997,0.457035739,0.083543988,0.949917236,0.345677471,0.204340475
0.998,998,0.457215278,0.083674163,0.949482201,0.345820362,0.204476727
0.999,999,0.457394617,0.083783318,0.94905202,0.345947708,0.204592882
1,1000,0.457573757,0.083883962,0.948626563,0.346068757,0.204700915
1.001,1001,0.457752698,0.084014506,0.948068457,0.346212252,0.204838243
1.002,1002,0.457931441,0.084091523,0.947517853,0.346316277,0.204924431
1.003,1003,0.458109987,0.084159201,0.946974506,0.346413271,0.205001611
1.004,1004,0.458288334,0.084291708,0.946438183,0.346557989,0.205140732
1.005,1005,0.458466485,0.084362158,0.945908665,0.346656982,0.20522059
1.006,1006,0.458644438,0.084479773,0.945385743,0.346790596,0.205345441
1.007,1007,0.458822196,0.084544024,0.94486922,0.346884847,0.205419301
1.008,1008,0.458999757,0.084661333,0.944358908,0.347018072,0.205543793
1.009,1009,0.459177123,0.084733849,0.943854627,0.347118345,0.205625558
1.01,1010,0.459354293,0.084856979,0.943356207,0.347255767,0.205755602
1.011,1011,0.459531269,0.084948125,0.943040525,0.347369464,0.205854445
1.012,1012,0.45970805,0.085081968,0.942727348,0.347514648,0.205994136
1.013,1013,0.459884636,0.085143812,0.942416631,0.347606718,0.206065016
1.014,1014,0.46006103,0.085231037,0.942108331,0.347717383,0.206160094
1.015,1015,0.460237229,0.085314899,0.941802407,0.34782548,0.206251919
1.016,1016,0.460413236,0.085392884,0.941498818,0.347929189,0.206338115
1.017,1017,0.46058905,0.085463007,0.941197523,0.348026966,0.206416723
1.018,1018,0.460764672,0.08560742,0.940898485,0.348179433,0.2065663
1.019,1019,0.460940101,0.085690729,0.940601666,0.348286977,0.206657605
1.02,1020,0.461115339,0.085756524,0.940307029,0.348381325,0.206731982
1.021,1021,0.461290386,0.085888655,0.940232239,0.348526562,0.206870577
1.022,1022,0.461465243,0.08593753,0.940157693,0.348610404,0.206929623
1.023,1023,0.461639908,0.086055414,0.940083392,0.348744894,0.207054473
1.024,1024,0.461814384,0.086170766,0.940009334,0.348877499,0.207176921
1.025,1025,0.46198867,0.086265391,0.939935516,0.348994778,0.207279554
1.026,1026,0.462162766,0.086374228,0.939861939,0.34912237,0.207395673
1.027,1027,0.462336673,0.086563898,0.939788601,0.349309424,0.207588971
1.028,1028,0.462510392,0.086669146,0.939715499,0.349434383,0.20770173
1.029,1029,0.462683922,0.086749736,0.939642634,0.349541133,0.20779093
1.03,1030,0.462857265,0.086837893,0.939570004,0.349653298,0.207887265
1.031,1031,0.463030419,0.086941217,0.939598214,0.349778963,0.207999546
1.032,1032,0.463203387,0.087091653,0.939626385,0.349939223,0.208156776
1.033,1033,0.463376167,0.087200468,0.939654515,0.350068878,0.208274321
1.034,1034,0.463548761,0.087299064,0.939682606,0.350190871,0.208382029
1.035,1035,0.463721169,0.087464024,0.939710656,0.350361514,0.208552979
1.036,1036,0.463893391,0.087631978,0.939738666,0.350534356,0.208726816
1.037,1037,0.464065427,0.087748107,0.939766637,0.350669074,0.208851217
1.038,1038,0.464237279,0.087897975,0.939794567,0.350828442,0.20900772
1.039,1039,0.464408945,0.088042617,0.939822459,0.350983925,0.209159235
1.04,1040,0.464580427,0.088189028,0.93985031,0.351140619,0.209312398
1.041,1041,0.464751725,0.088314641,0.940078388,0.351282317,0.2094453
1.042,1042,0.464922839,0.088428886,0.940306985,0.351415598,0.209567339
1.043,1043,0.465093769,0.088544769,0.940536109,0.35154989,0.209690819
1.044,1044,0.465264517,0.088721435,0.940765767,0.351728661,0.209872172
1.045,1045,0.465435082,0.088888754,0.940995966,0.351900649,0.210044705
1.046,1046,0.465605464,0.088997037,0.941226715,0.352029241,0.210160937
1.047,1047,0.465775664,0.089134936,0.941458019,0.352179529,0.210305401
1.048,1048,0.465945683,0.08920738,0.941689889,0.352281759,0.21038748
1.049,1049,0.46611552,0.089320911,0.94192233,0.352413919,0.210508583
